Molecule_Name,Smiles,dog_VDss_L_kg,Source
CHEMBL633,CCCCc1oc2ccccc2c1C(=O)c1cc(I)c(OCCN(CC)CC)c(I)c1,4.6,CHEMBL 35
CHEMBL452,O=C1CN=C(c2ccccc2Cl)c2cc([N+](=O)[O-])ccc2N1,1.6,CHEMBL 35
CHEMBL634,CCC(=O)N(c1ccccc1)C1(COC)CCN(CCn2nnn(CC)c2=O)CC1,0.6,CHEMBL 35
CHEMBL267345,C[C@@H]1[C@H](O)[C@@H](C)/C=C/C=C/C=C/C=C/C=C/C=C/C=C/[C@H](O[C@@H]2O[C@H](C)[C@@H](O)[C@H](N)[C@@H]2O)C[C@@H]2O[C@](O)(C[C@@H](O)C[C@@H](O)[C@H](O)CC[C@@H](O)C[C@@H](O)CC(=O)O[C@H]1C)C[C@H](O)[C@H]2C(=O)O,0.5,CHEMBL 35
CHEMBL696,CCC1(C)CC(=O)NC1=O,0.59,CHEMBL 35
CHEMBL551786,Cc1cccc(C)c1NC(=O)NCCCNC(C)C,1.2,CHEMBL 35
CHEMBL53624,Nc1nc(/C(=N/O)C(=O)N[C@@H]2C(=O)N3C(C(=O)O)=C(/C=C4\CCN(CC(F)(F)F)C4=O)CS[C@H]23)cs1,0.24,CHEMBL 35
CHEMBL192530,CCN1c2ncc(CCOc3ccc(C(=O)O)cc3C)cc2C(=O)N(C)c2cccnc21,2.5,CHEMBL 35
CHEMBL364838,COC[C@@H](NC(=O)c1ccc(Cl)s1)C(=O)Nc1ccc(N2CCOCC2=O)c(C)c1,0.86,CHEMBL 35
CHEMBL6466,O=c1ccc2ccccc2o1,6.5,CHEMBL 35
CHEMBL275528,c1ccc(C2(N3CCCCC3)CCCCC2)cc1,17,CHEMBL 35
CHEMBL1231530,O=C(O)CCNC(=O)c1ccccc1,0.44,CHEMBL 35
CHEMBL154,COc1ccc2cc([C@H](C)C(=O)O)ccc2c1,0.12,CHEMBL 35
CHEMBL6966,COc1ccc(CCN(C)CCCC(C#N)(c2ccc(OC)c(OC)c2)C(C)C)cc1OC,4.47,CHEMBL 35
CHEMBL339323,CC(=N)N1CC[C@H](SC2=C(C(=O)O)N3C(=O)[C@H]([C@@H](C)O)[C@H]3C2)C1,0.22,CHEMBL 35
CHEMBL655,Cc1ncc2n1-c1ccc(Cl)cc1C(c1ccccc1F)=NC2,3,CHEMBL 35
CHEMBL432103,CC1CCCC(C)N1CCCC(O)(c1ccccc1)c1ccccn1,3.3,CHEMBL 35
CHEMBL1614646,Cc1cccnc1NS(=O)(=O)c1ccc(C#Cc2ccc(O)c(C(=O)O)c2)cc1,0.19,CHEMBL 35
CHEMBL35,NS(=O)(=O)c1cc(C(=O)O)c(NCc2ccco2)cc1Cl,0.23,CHEMBL 35
CHEMBL1201195,CO[C@@]1(NC(=O)CSCC#N)C(=O)N2C(C(=O)O)=C(CSc3nnnn3C)CS[C@@H]21,0.24,CHEMBL 35
CHEMBL2303613,CO/N=C(\C(=O)N[C@@H]1C(=O)N2C(C(=O)O)=C(CSc3nc(C)c(CC(=O)O)s3)CS[C@H]12)c1csc(N)n1,0.26,CHEMBL 35
CHEMBL385181,NC(=O)c1cc[n+](COC[n+]2ccccc2/C=N/O)cc1,0.26,CHEMBL 35
CHEMBL507674,CCN1CCN(C(=O)N[C@@H](C(=O)N[C@@H]2C(=O)N3C(C(=O)O)=C(CSc4nnnn4C)CS[C@H]23)c2ccc(O)cc2)C(=O)C1=O,0.28,CHEMBL 35
CHEMBL1101,OC(CCN1CCCCC1)(c1ccccc1)C1CC2C=CC1C2,9.5,CHEMBL 35
CHEMBL532,CC[C@H]1OC(=O)[C@H](C)[C@@H](O[C@H]2C[C@@](C)(OC)[C@@H](O)[C@H](C)O2)[C@H](C)[C@@H](O[C@@H]2O[C@H](C)C[C@H](N(C)C)[C@H]2O)[C@](C)(O)C[C@@H](C)C(=O)[C@H](C)[C@@H](O)[C@]1(C)O,2.7,CHEMBL 35
CHEMBL695,CN1C(=O)OC(C)(C)C1=O,0.63,CHEMBL 35
CHEMBL53463,COc1cccc2c1C(=O)c1c(O)c3c(c(O)c1C2=O)C[C@@](O)(C(=O)CO)C[C@@H]3O[C@H]1C[C@H](N)[C@H](O)[C@H](C)O1,44,CHEMBL 35
CHEMBL4640438,O=C(N[C@H]1CN(S(=O)(=O)c2ccccc2)C[C@@H]1C(=O)N[C@H]1CCCNC1)c1cc(-c2ccccc2)on1,15.6,CHEMBL 35
CHEMBL1201204,Cc1cc(O)c(C(=O)N[C@@H](C(=O)N[C@@H]2C(=O)N3C(C(=O)O)=C(CSc4nnnn4C)CS[C@H]23)c2ccc(O)cc2)cn1,0.45,CHEMBL 35
CHEMBL325166,N=C(N)N1CCC[C@@H](CNC(=O)C[C@H](NS(=O)(=O)c2ccc3ccccc3c2)C(=O)N(CC(=O)O)C2CC2)C1,0.69,CHEMBL 35
CHEMBL3037806,O=C(OC1C[C@@H]2CC3C[C@@H](C1)N2CC3O)c1c[nH]c2ccccc12,9.6,CHEMBL 35
CHEMBL631,CCCNCC(O)COc1ccccc1C(=O)CCc1ccccc1,3,CHEMBL 35
CHEMBL15413,CO[C@@]1(NC(=O)CSC(F)F)C(=O)N2C(C(=O)O)=C(CSc3nnnn3CCO)CO[C@@H]21,0.32,CHEMBL 35
CHEMBL286259,CC1=NC(=O)C(CCN(C(C)C)C(C)C)(c2ccccc2)C2CCCCN12,1.1,CHEMBL 35
CHEMBL1614669,Cn1cc(/C=C2/C(=O)N3C(C(=O)O)=CS[C@H]23)nn1,0.32,CHEMBL 35
CHEMBL553025,CCC1=C[C@@H]2CN(C1)Cc1c([nH]c3ccccc13)[C@@](C(=O)OC)(c1cc3c(cc1OC)N(C)[C@H]1[C@@](O)(C(=O)OC)[C@H](OC(C)=O)[C@]4(CC)C=CCN5CC[C@]31[C@@H]54)C2,49.6,CHEMBL 35
CHEMBL1512,CC1(C)O[C@@H]2C[C@H]3[C@@H]4C[C@H](F)C5=CC(=O)C=C[C@]5(C)[C@H]4[C@@H](O)C[C@]3(C)[C@]2(C(=O)CO)O1,3.7,CHEMBL 35
CHEMBL370805,COC(=O)[C@H]1[C@@H](OC(=O)c2ccccc2)C[C@@H]2CC[C@H]1N2C,3.8,CHEMBL 35
CHEMBL277474,Cc1cc(=O)n(-c2ccccc2)n1C,0.62,CHEMBL 35
CHEMBL1628161,C#C[C@]1(O)CC[C@H]2[C@@H]3CCc4cc(O)ccc4[C@H]3[C@@H](OC)C[C@@]21C,0.63,CHEMBL 35
CHEMBL114715,N=C(N)NCCCNC(=O)[C@@H]1CCCCN1C(=O)[C@@H](CC1CCCCC1)NCC(=O)O,0.35,CHEMBL 35
CHEMBL8,O=C(O)c1cn(C2CC2)c2cc(N3CCNCC3)c(F)cc2c1=O,3.1,CHEMBL 35
CHEMBL4865816,C[C@H]([C@H](C(=O)Nc1cc(C[C@H](C)C(=O)O)ccc1Cl)c1ccc(Cl)cc1)C(F)(F)F,2.1,CHEMBL 35
CHEMBL285347,C[C@@H](O)[C@H]1C(=O)N2C(C(=O)[O-])=C(SC3Cn4cnc[n+]4C3)[C@H](C)[C@H]12,0.28,CHEMBL 35
CHEMBL1614666,COc1cccc2c1C(=O)c1cc3c(c(O)c1C2=O)C[C@@](O)(C(=O)CO)C[C@@H]3O[C@H]1CC(N)C(I)C(C)O1,2.6,CHEMBL 35
CHEMBL70,CN1CC[C@]23c4c5ccc(O)c4O[C@H]2[C@@H](O)C=C[C@H]3[C@H]1C5,4,CHEMBL 35
CHEMBL2220442,CC(C)n1c(/C=C/C(O)CC(O)CC(=O)O)c(-c2ccc(F)cc2)c2ccccc21,0.7,CHEMBL 35
CHEMBL113,Cn1c(=O)c2c(ncn2C)n(C)c1=O,0.76,CHEMBL 35
CHEMBL4634997,Cc1cc(-c2cnc3c(NCCC(F)(F)F)cc(C4(c5cc(F)ccc5O)CC4)nn23)ccc1C(=O)NC1CC1,2.1,CHEMBL 35
CHEMBL306713,C[C@@H](O)[C@H]1C(=O)N2C(C(=O)O)=C(SCCOC(N)=O)S[C@H]12,0.22,CHEMBL 35
CHEMBL607,CCOC(=O)C1(c2ccccc2)CCN(C)CC1,2.4,CHEMBL 35
CHEMBL71,CN(C)CCCN1c2ccccc2Sc2ccc(Cl)cc21,16.3,CHEMBL 35
CHEMBL4642491,COc1cc(C(=O)N2CC(F)C2)ccc1Nc1nc2ccc(-c3ccc(NC(=O)[C@H](C)c4ccc(F)cc4)cc3)cn2n1,5.2,CHEMBL 35
CHEMBL504802,O=C(O)C[C@H](NC(=O)CP(=O)(O)O)C(=O)O,0.6,CHEMBL 35
CHEMBL108111,N=C(N)c1ccc(C(=O)N[C@@H](Cc2ccc(O)cc2)C(=O)N2CCC(OCC(=O)O)CC2)cc1,0.75,CHEMBL 35
CHEMBL17125,Cc1nc(=O)c(C#N)c(NCc2cccnc2)[nH]1,1.2,CHEMBL 35
CHEMBL13,COCCc1ccc(OCC(O)CNC(C)C)cc1,4.5,CHEMBL 35
CHEMBL528,CO/N=C(\C(=O)N[C@@H]1C(=O)N2C(C(=O)O)=CCS[C@H]12)c1csc(N)n1,0.1,CHEMBL 35
CHEMBL186,CO/N=C(\C(=O)N[C@@H]1C(=O)N2C(C(=O)[O-])=C(C[N+]3(C)CCCC3)CS[C@H]12)c1csc(N)n1,0.14,CHEMBL 35
CHEMBL4639111,O=C(N[C@H]1CN(S(=O)(=O)c2ccccc2)C[C@@H]1C(=O)N[C@H]1CCCNC1)c1cc(-c2ccccc2Cl)on1,6.6,CHEMBL 35
CHEMBL215303,C[C@H]1NCc2cc(-c3ccc4c(=O)c(C(=O)O)cn(C5CC5)c4c3OC(F)F)ccc21,1.3,CHEMBL 35
CHEMBL22242,CCN1CCC[C@H]1CNC(=O)c1c(OC)ccc(Br)c1OC,1.6,CHEMBL 35
CHEMBL1294,C=C[C@H]1CN2CC[C@H]1C[C@@H]2[C@@H](O)c1ccnc2ccc(OC)cc12,4.8,CHEMBL 35
CHEMBL6273,CN1CCN(c2c(F)cc3c(=O)c(C(=O)O)cn(CCF)c3c2F)CC1,1.3,CHEMBL 35
CHEMBL198362,O=C(NC[C@H]1CN(c2ccc(N3CCOCC3=O)cc2)C(=O)O1)c1ccc(Cl)s1,0.4,CHEMBL 35
CHEMBL494,CC#CCC(C)[C@H](O)/C=C/[C@@H]1[C@H]2C/C(=C/CCCC(=O)O)C[C@H]2C[C@H]1O,0.9,CHEMBL 35
CHEMBL159,CC[C@]1(O)C[C@@H]2CN(CCc3c([nH]c4ccccc34)[C@@](C(=O)OC)(c3cc4c(cc3OC)N(C)[C@H]3[C@@](O)(C(=O)OC)[C@H](OC(C)=O)[C@]5(CC)C=CCN6CC[C@]43[C@@H]65)C2)C1,2.3,CHEMBL 35
CHEMBL23,COc1ccc([C@@H]2Sc3ccccc3N(CCN(C)C)C(=O)[C@@H]2OC(C)=O)cc1,21.4,CHEMBL 35
CHEMBL4647791,Cc1nc2c(-c3nnc[nH]3)cc(-c3ccnc(C#N)c3)cc2n1-c1ccnc2c(F)ccc(F)c12,2.5,CHEMBL 35
CHEMBL367954,CNCc1nccn1-c1ccc(NC(=O)c2cc(C(F)(F)F)nn2-c2ccc3onc(N)c3c2)c(F)c1,4.6,CHEMBL 35
CHEMBL141,Nc1ccn([C@@H]2CS[C@H](CO)O2)c(=O)n1,0.87,CHEMBL 35
CHEMBL54,O=C(CCCN1CCC(O)(c2ccc(Cl)cc2)CC1)c1ccc(F)cc1,37,CHEMBL 35
CHEMBL3707392,O=C1c2cc(-c3ccc(OC(F)(F)F)cc3)ccc2OCCN1Cc1ncccn1,1.6,CHEMBL 35
CHEMBL88520,CNC(=O)CNC(=O)[C@@H]1Cc2ccc(cc2)OCCC[C@H](C(=O)NO)[C@@H](CC(C)C)C(=O)N1,0.7,CHEMBL 35
CHEMBL4858934,C[C@H]([C@H](C(=O)Nc1cc(CC2(C(=O)O)CC2)ccc1Cl)c1ccc(Cl)cc1)C(F)(F)F,3,CHEMBL 35
CHEMBL4641215,Cc1nc(-c2cccc(C(F)(F)F)c2)sc1C(=O)N[C@H]1CN(S(=O)(=O)c2ccccc2)C[C@@H]1C(=O)N[C@H]1CCCNC1,5.5,CHEMBL 35
CHEMBL16,O=C1NC(=O)C(c2ccccc2)(c2ccccc2)N1,1,CHEMBL 35
CHEMBL1480,CCOC(=O)C1=C(C)NC(C)=C(C(=O)OC)C1c1cccc(Cl)c1Cl,7.8,CHEMBL 35
CHEMBL88,O=P1(N(CCCl)CCCl)NCCCO1,0.7,CHEMBL 35
CHEMBL1231101,N[C@H](C(=O)O)[C@@H]1CC(Cl)=NO1,0.5,CHEMBL 35
CHEMBL34259,CN(Cc1cnc2nc(N)nc(N)c2n1)c1ccc(C(=O)N[C@@H](CCC(=O)O)C(=O)O)cc1,0.54,CHEMBL 35
CHEMBL44793,O=C(/C=C/c1c(C(=O)O)[nH]c2cc(Cl)cc(Cl)c12)Nc1ccccc1,0.2,CHEMBL 35
CHEMBL1276308,CC#C[C@]1(O)CC[C@H]2[C@@H]3CCC4=CC(=O)CCC4=C3[C@@H](c3ccc(N(C)C)cc3)C[C@@]21C,10.5,CHEMBL 35
CHEMBL127,C[C@@H](O)[C@H]1C(=O)N2C(C(=O)O)=C(S[C@@H]3CN[C@H](C(=O)N(C)C)C3)[C@H](C)[C@H]12,0.25,CHEMBL 35
CHEMBL109,CCCC(CCC)C(=O)O,0.31,CHEMBL 35
CHEMBL474579,CO[C@@]1(NC(=O)C2SC(=C(C(N)=O)C(=O)O)S2)C(=O)N2C(C(=O)O)=C(CSc3nnnn3C)CS[C@@H]21,0.25,CHEMBL 35
CHEMBL90555,CC[C@]1(O)C[C@H]2CN(CCc3c([nH]c4ccccc34)[C@@](C(=O)OC)(c3cc4c(cc3OC)N(C=O)[C@H]3[C@@](O)(C(=O)OC)[C@H](OC(C)=O)[C@]5(CC)C=CCN6CC[C@]43[C@@H]65)C2)C1,3.1,CHEMBL 35
CHEMBL15177,CN(C)C(=O)CCSC(SCCC(=O)O)c1cccc(/C=C/c2ccc3ccc(Cl)cc3n2)c1,0.23,CHEMBL 35
CHEMBL139,O=C(O)Cc1ccccc1Nc1c(Cl)cccc1Cl,0.23,CHEMBL 35
CHEMBL1350,O=P(O)(O)C(Sc1ccc(Cl)cc1)P(=O)(O)O,3,CHEMBL 35
CHEMBL428,N[C@@H]1[C@H]2CN(c3nc4c(cc3F)c(=O)c(C(=O)O)cn4-c3ccc(F)cc3F)C[C@@H]12,1.5,CHEMBL 35
CHEMBL266510,COc1ccc(Cl)cc1[C@]1(F)C(=O)Nc2cc(C(F)(F)F)ccc21,3.2,CHEMBL 35
CHEMBL517,CC(C)N(CCC(C(N)=O)(c1ccccc1)c1ccccn1)C(C)C,2.3,CHEMBL 35
CHEMBL1276663,CO/N=C(\C(=O)N[C@@H]1C(=O)N2C(C(=O)[O-])=C(C[n+]3ccn4ncccc43)CS[C@H]12)c1nsc(N)n1,0.21,CHEMBL 35
CHEMBL1614665,CO/N=C(\C(=O)N[C@@H]1C(=O)N2C(C(=O)[O-])=C(C[N+]34CCC(C(N)=O)(CC3)CC4)CS[C@H]12)c1nsc(N)n1,0.23,CHEMBL 35
CHEMBL161,CO/N=C(\C(=O)N[C@@H]1C(=O)N2C(C(=O)O)=C(CSc3nc(=O)c(O)nn3C)CS[C@H]12)c1csc(N)n1,0.24,CHEMBL 35
CHEMBL1435,Cc1nnc(SCC2=C(C(=O)O)N3C(=O)[C@@H](NC(=O)Cn4cnnn4)[C@H]3SC2)s1,0.27,CHEMBL 35
CHEMBL4470860,Cc1nc2c(-c3nnc[nH]3)cc(-c3ccnc(N)c3F)cc2n1-c1ccnc2c(F)ccc(F)c12,0.9,CHEMBL 35
CHEMBL408,Cc1c(C)c2c(c(C)c1O)CCC(C)(COc1ccc(CC3SC(=O)NC3=O)cc1)O2,0.77,CHEMBL 35
CHEMBL558198,CN(C)Cc1nccn1-c1ccc(NC(=O)c2cc(C(F)(F)F)nn2-c2ccc3onc(N)c3c2)c(F)c1.Cl,5.3,CHEMBL 35
CHEMBL32,COc1c(N2C[C@@H]3CCCN[C@@H]3C2)c(F)cc2c(=O)c(C(=O)O)cn(C3CC3)c12,2.7,CHEMBL 35
CHEMBL4303241,COc1cc(S(C)(=O)=O)ccc1Nc1nc2ccc(-c3ccc(NC(=O)[C@H](C)c4ccc(F)cc4)cc3)cn2n1,6.7,CHEMBL 35
CHEMBL1484,COC(=O)C1=C(C)NC(C)=C(C(=O)OCCN(C)Cc2ccccc2)C1c1cccc([N+](=O)[O-])c1,1.3,CHEMBL 35
CHEMBL940,NCC1(CC(=O)O)CCCCC1,0.16,CHEMBL 35
CHEMBL79,CCN(CC)CC(=O)Nc1c(C)cccc1C,2.1,CHEMBL 35
CHEMBL469,O=C(c1ccccc1)c1ccc2n1CCC2C(=O)O,0.33,CHEMBL 35
CHEMBL1460,O=c1[nH]cnc2c1ncn2[C@H]1CC[C@@H](CO)O1,0.95,CHEMBL 35
CHEMBL1560,C[C@H](CS)C(=O)N1CCC[C@H]1C(=O)O,2.5,CHEMBL 35
CHEMBL280378,CCOc1cc(Cc2cnc(N)nc2N)cc(OCC)c1-n1cccc1,8.3,CHEMBL 35
CHEMBL596,CCC(=O)N(c1ccccc1)C1CCN(CCc2ccccc2)CC1,9.5,CHEMBL 35
CHEMBL1311,O=[N+]([O-])O[C@@H]1CO[C@H]2[C@@H]1OC[C@@H]2O,0.8,CHEMBL 35
CHEMBL1009,N[C@@H](Cc1ccc(O)c(O)c1)C(=O)O,0.4,CHEMBL 35
CHEMBL4792347,CNCCOc1ccccc1C(C)(C)Nc1nccn(-c2cc(C(=O)NC3CC3)ccc2C)c1=O,6.4,CHEMBL 35
CHEMBL3,CN1CCC[C@H]1c1cccnc1,3.3,CHEMBL 35
CHEMBL4456085,COc1ccc(Oc2cc(NCCC(F)(F)F)c3ncc(-c4ccc(C(=O)NC5CC5)c(C)c4)n3n2)c(F)c1F,3.9,CHEMBL 35
CHEMBL481,CCc1c2c(nc3ccc(OC(=O)N4CCC(N5CCCCC5)CC4)cc13)-c1cc3c(c(=O)n1C2)COC(=O)[C@]3(O)CC,1,CHEMBL 35
CHEMBL13878,C#CCCCC(=O)c1cc(C(C)(C)C)c(O)c(C(C)(C)C)c1,81,CHEMBL 35
CHEMBL129,Cc1cn([C@H]2C[C@H](N=[N+]=[N-])[C@@H](CO)O2)c(=O)[nH]c1=O,1,CHEMBL 35
CHEMBL311730,CCCN1CCC[C@@H](c2cccc(S(C)(=O)=O)c2)C1,2.5,CHEMBL 35
CHEMBL1428,COCCOC(=O)C1=C(C)NC(C)=C(C(=O)OC(C)C)C1c1cccc([N+](=O)[O-])c1,3.2,CHEMBL 35
CHEMBL31601,CC(C)(C)S(=O)(=O)C[C@@H](Cc1ccccc1)C(=O)N[C@@H](Cc1c[nH]cn1)C(=O)N[C@@H](CC1CCCCC1)[C@@H](O)[C@@H](O)C1CC1,1.5,CHEMBL 35
CHEMBL6231,CNn1cc(C(=O)O)c(=O)c2cc(F)c(N3CCN(C)CC3)cc21,1,CHEMBL 35
CHEMBL184,Nc1nc2c(ncn2COCCO)c(=O)[nH]1,1.2,CHEMBL 35
CHEMBL265325,NC1(C(=O)O)CC1,0.7,CHEMBL 35
CHEMBL108358,NC(=O)c1csc([C@@H]2O[C@H](CO)[C@@H](O)[C@H]2O)n1,0.9,CHEMBL 35
CHEMBL145085,COc1ccc([C@H](CC(=O)O)N2CCN(CCCc3ccc4c(n3)NCCC4)C2=O)cn1,0.9,CHEMBL 35
CHEMBL91636,CC(C)C[C@H]1C(=O)N[C@H](C(=O)NCC(=O)N2CCOCC2)CCCCNC(=O)OCCC[C@@H]1C(=O)NO,0.33,CHEMBL 35
CHEMBL6622,O=[N+]([O-])O[C@H]1CO[C@H]2[C@@H]1OC[C@H]2O[N+](=O)[O-],3,CHEMBL 35
CHEMBL4,CC1COc2c(N3CCN(C)CC3)c(F)cc3c(=O)c(C(=O)O)cn1c23,1.15,CHEMBL 35
CHEMBL158,C[C@H]1[C@H](NC(=O)/C(=N\OC(C)(C)C(=O)O)c2csc(N)n2)C(=O)N1S(=O)(=O)O,0.66,CHEMBL 35
CHEMBL549,CN(C)CCCC1(c2ccc(F)cc2)OCc2cc(C#N)ccc21,10,CHEMBL 35
CHEMBL19019,O=C1CC[C@@]2(O)[C@H]3Cc4ccc(O)c5c4[C@@]2(CCN3CC2CC2)[C@H]1O5,11,CHEMBL 35
CHEMBL1200357,CO[C@@]1(NC(=O)C(C(=O)[O-])c2ccc(O)cc2)C(=O)N2C(C(=O)[O-])=C(CSc3nnnn3C)CO[C@@H]21.[Na+].[Na+],0.2,CHEMBL 35
CHEMBL193,COC(=O)C1=C(C)NC(C)=C(C(=O)OC)C1c1ccccc1[N+](=O)[O-],1.15,CHEMBL 35
CHEMBL20634,CN1C(C(=O)Nc2nccs2)=C(O)c2ccccc2S1(=O)=O,0.2,CHEMBL 35
CHEMBL651,CCC(=O)C(CC(C)N(C)C)(c1ccccc1)c1ccccc1,7.6,CHEMBL 35
CHEMBL3301673,CCCCCNC(=O)c1coc([C@H]2[C@@H](Cc3ccccc3CCC(=O)O)[C@@H]3CC[C@H]2O3)n1,11,CHEMBL 35
CHEMBL691,C#C[C@]1(O)CC[C@H]2[C@@H]3CCc4cc(O)ccc4[C@H]3CC[C@@]21C,17,CHEMBL 35
CHEMBL4632416,C=C(c1ccc(OC)c(F)c1)c1cc(NCCC(F)(F)F)c2ncc(-c3ccc(C(=O)NC4CC4)c(C)c3)n2n1,2.6,CHEMBL 35
CHEMBL6,COc1ccc2c(c1)c(CC(=O)O)c(C)n2C(=O)c1ccc(Cl)cc1,7.4,CHEMBL 35
CHEMBL635,C[C@]12C=CC(=O)C=C1CC[C@@H]1[C@@H]2C(=O)C[C@@]2(C)[C@H]1CC[C@]2(O)C(=O)CO,2.1,CHEMBL 35
CHEMBL276711,Cc1cc(C)c(/C=C2\C(=O)Nc3ccccc32)[nH]1,1.4,CHEMBL 35
CHEMBL1464,CC(=O)CC(c1ccccc1)c1c(O)c2ccccc2oc1=O,0.28,CHEMBL 35
CHEMBL70088,C[C@@H](O)[C@H]1C(=O)N2C(C(=O)O)=C(COC(N)=O)S[C@H]12,0.23,CHEMBL 35
CHEMBL27,CC(C)NCC(O)COc1cccc2ccccc12,1.7,CHEMBL 35
CHEMBL2031465,Cc1ccc(C(=O)NC2CC2)cc1-n1cnc2ccc(N3CCN(C)CC3)cc2c1=O,3.3,CHEMBL 35
7-Hydroxystaurosporine,O(C)[C@@H]1[C@H](NC)C[C@H]2O[C@]1(C)n1c3c4n2c2c(c4c4C(=O)N[C@H](O)c4c3c3c1cccc3)cccc2,6.09,10.1021/acs.jcim.2c00318
Acecainide,O=C(Nc1ccc(C(=O)NCCN(CC)CC)cc1)C,1.9,10.1021/acs.jcim.2c00318
Acetaminophen,O=C(Nc1ccc(O)cc1)C,0.58,10.1021/acs.jcim.2c00318
Acivicin,ClC1=NO[C@H]([C@H](N)C(=O)O)C1,0.58,10.1021/acs.jcim.2c00318
Actisomide,O=C1[C@](CCN(C(C)C)C(C)C)(c2ccccc2)[C@@H]2N(C(C)=N1)CCCC2,1.3,10.1021/acs.jcim.2c00318
Acyclovir,O(CCO)Cn1c2NC(N)=NC(=O)c2nc1,0.98,10.1021/acs.jcim.2c00318
Adefovir,P(=O)(O)(O)COCCn1c2ncnc(N)c2nc1,1.3,10.1021/acs.jcim.2c00318
Albuterol,OC(CNC(C)(C)C)c1cc(CO)c(O)cc1,3.9,10.1021/acs.jcim.2c00318
Alfentanil,O=C(N(c1ccccc1)C1(COC)CCN(CCN2C(=O)N(CC)N=N2)CC1)CC,0.6,10.1021/acs.jcim.2c00318
Allopurinol,O=C1N=CN=C2NNC=C12,0.16,10.1021/acs.jcim.2c00318
Almotriptan,S(=O)(=O)(Cc1cc2c(CCN(C)C)c[nH]c2cc1)N1CCCC1,3.98,10.1021/acs.jcim.2c00318
Amifloxacin,Fc1c(N2CCN(C)CC2)cc2N(NC)C=C(C(=O)O)C(=O)c2c1,0.91,10.1021/acs.jcim.2c00318
Amikacin,O=C(N[C@H]1[C@H](O[C@@H]2[C@H](O)[C@@H](N)[C@H](O)[C@@H](CO)O2)[C@@H](O)[C@H](O[C@@H]2[C@H](O)[C@@H](O)[C@H](O)[C@@H](CN)O2)[C@@H](N)C1)[C@@H](O)CCN,0.2,10.1021/acs.jcim.2c00318
Aminocyclopropanecarboxylic Acid,O=C(O)C1(N)CC1,0.7,10.1021/acs.jcim.2c00318
Amiodarone,Ic1c(OCCN(CC)CC)c(I)cc(C(=O)c2c(CCCC)oc3c2cccc3)c1,1.4,10.1021/acs.jcim.2c00318
Amlodipine,Clc1c(C2C(C(=O)OCC)=C(COCCN)NC(C)=C2C(=O)OC)cccc1,25,10.1021/acs.jcim.2c00318
Amoxicillin,O=C(N[C@@H]1C(=O)N2[C@@H](C(=O)O)C(C)(C)S[C@H]12)[C@H](N)c1ccc(O)cc1,0.31,10.1021/acs.jcim.2c00318
Amphotericin B,O=C(O)[C@@H]1[C@@H](O)C[C@]2(O)O[C@H]1C[C@@H](O[C@H]1[C@@H](O)[C@@H](N)[C@H](O)[C@@H](C)O1)/C=C/C=C/C=C/C=C/C=C/C=C/C=C/[C@H](C)[C@@H](O)[C@@H](C)[C@H](C)OC(=O)C[C@H](O)C[C@H](O)CC[C@@H](O)[C@H](O)C[C@H](O)C2,10,10.1021/acs.jcim.2c00318
Ampicillin,O=C(N[C@@H]1C(=O)N2[C@@H](C(=O)O)C(C)(C)S[C@H]12)[C@H](N)c1ccccc1,0.58,10.1021/acs.jcim.2c00318
Amrinone,O=C1C(N)=CC(c2ccncc2)=CN1,1.2,10.1021/acs.jcim.2c00318
Amsacrine,S(=O)(=O)(Nc1cc(OC)c(Nc2c3c(nc4c2cccc4)cccc3)cc1)C,2.8,10.1021/acs.jcim.2c00318
Amsalog,S(=O)(=O)(Nc1cc(OC)c(Nc2c3c(c(C(=O)NC)ccc3)nc3c(C)cccc23)cc1)C,1,10.1021/acs.jcim.2c00318
Anidulafungin,O=C(N[C@@H]1C(=O)N[C@@H]([C@H](O)C)C(=O)N2[C@H](C(=O)N[C@@H]([C@H](O)[C@@H](O)c3ccc(O)cc3)C(=O)N[C@@H]([C@H](O)C)C(=O)N3[C@@H]([C@@H](O)[C@@H](C)C3)C(=O)N[C@H](O)[C@H](O)C1)C[C@@H](O)C2)c1ccc(-c2ccc(-c3ccc(OCCCCC)cc3)cc2)cc1,1.8,10.1021/acs.jcim.2c00318
Antipyrine,O=C1N(N(C)C(C)=C1)c1ccccc1,0.09,10.1021/acs.jcim.2c00318
Aprepitant,FC(F)(F)c1cc([C@H](O[C@@H]2[C@@H](N(CC3=NC(=O)NN3)CCO2)c2ccc(F)cc2)C)cc(C(F)(F)F)c1,1,10.1021/acs.jcim.2c00318
Atenolol,O=C(N)Cc1ccc(OCC(O)CNC(C)C)cc1,1.4,10.1021/acs.jcim.2c00318
Atomoxetine,O([C@H](CCNC)c1ccccc1)c1c(C)cccc1,1.4,10.1021/acs.jcim.2c00318
Azelastine,Clc1ccc(CC2=NN(C(=O)c3c2cccc3)C2CCN(C)CCC2)cc1,8.1,10.1021/acs.jcim.2c00318
Azithromycin,O([C@@H]1[C@@H](C)[C@H](O[C@@H]2O[C@@H](C)[C@H](O)[C@@](OC)(C)C2)[C@@H](C)C(=O)O[C@H](CC)[C@](O)(C)[C@H](O)[C@@H](C)N(C)C[C@H](C)C[C@]1(O)C)[C@H]1[C@H](O)[C@@H](N(C)C)C[C@@H](C)O1,12,10.1021/acs.jcim.2c00318
Azlocillin,O=C(N[C@@H]1C(=O)N2[C@@H](C(=O)O)C(C)(C)SC12)C(NC(=O)N1C(=O)NCC1)c1ccccc1,0.27,10.1021/acs.jcim.2c00318
Aztreom,S(=O)(=O)(O)N1[C@@H](C)[C@H](NC(=O)/C(=N\OC(C(=O)O)(C)C)/c2nc(N)sc2)C1=O,2.1,10.1021/acs.jcim.2c00318
Betamipron,O=C(O)CCNC(=O)c1ccccc1,0.4,10.1021/acs.jcim.2c00318
Betaxolol,O(CCc1ccc(OCC(O)CNC(C)C)cc1)CC1CC1,8.2,10.1021/acs.jcim.2c00318
Bevantolol,O(CC(O)CNCCc1cc(OC)c(OC)cc1)c1cc(C)ccc1,4,10.1021/acs.jcim.2c00318
Biapenem,S(C=1[C@H](C)[C@@H]2[C@@H]([C@H](O)C)C(=O)N2C=1C(=O)[O-])C1C[n+]2n(cnc2)C1,0.21,10.1021/acs.jcim.2c00318
Biperiden,OC(CCN1CCCCC1)(c1ccccc1)C1C2C=CC(C1)C2,9.7,10.1021/acs.jcim.2c00318
Bisoprolol,O(C(C)C)CCOCc1ccc(OCC(O)CNC(C)C)cc1,3.5,10.1021/acs.jcim.2c00318
Brotizolam,Brc1sc2-n3c(C)nnc3CN=C(c3c(Cl)cccc3)c2c1,6.1,10.1021/acs.jcim.2c00318
Bupivacaine,O=C(Nc1c(C)cccc1C)C1N(CCCC)CCCC1,0.7,10.1021/acs.jcim.2c00318
Busulphan,S(=O)(=O)(OCCCCOS(=O)(=O)C)C,1,10.1021/acs.jcim.2c00318
Butorphanol,Oc1cc2c(cc1)C[C@@H]1N(CC3CCC3)CC[C@]32[C@@]1(O)CCCC3,8.4,10.1021/acs.jcim.2c00318
Captopril,SC[C@H](C(=O)N1[C@H](C(=O)O)CCC1)C,2.45,10.1021/acs.jcim.2c00318
Carmustine,ClCCN(N=O)C(=O)NCCCl,1.1,10.1021/acs.jcim.2c00318
Carumom,S(=O)(=O)(O)N1[C@H](COC(=O)N)[C@H](NC(=O)/C(=N\OCC(=O)O)/c2nc(N)sc2)C1=O,0.1,10.1021/acs.jcim.2c00318
Cefazolin,S(CC1=C(C(=O)O)N2C(=O)[C@@H](NC(=O)Cn3nnnc3)[C@H]2SC1)c1sc(C)nn1,0.27,10.1021/acs.jcim.2c00318
Cefclidin,O=C(N[C@@H]1C(=O)N2C(C(=O)O)=C(C[N+]34CCC(C([O-])=N)(CC3)CC4)CS[C@H]12)/C(=N\OC)/c1nc(N)sn1,0.23,10.1021/acs.jcim.2c00318
Cefepime,O=C(N[C@@H]1C(=O)N2C(C(=O)[O-])=C(C[N+]3(C)CCCC3)CS[C@H]12)/C(=N\OC)/c1nc(N)sc1,0.14,10.1021/acs.jcim.2c00318
Cefixime,O=C(N[C@@H]1C(=O)N2C(C(=O)O)=C(C=C)CS[C@H]12)/C(=N\OCC(=O)O)/c1nc(N)sc1,0.24,10.1021/acs.jcim.2c00318
Cefmenoxime,S(CC1=C(C(=O)O)N2C(=O)[C@@H](NC(=O)/C(=N\OC)/c3nc(N)sc3)[C@H]2SC1)c1n(C)nnn1,0.3,10.1021/acs.jcim.2c00318
Cefmetazole,S(CC#N)CC(=O)N[C@]1(OC)C(=O)N2C(C(=O)O)=C(CSc3n(C)nnn3)CS[C@H]12,0.9,10.1021/acs.jcim.2c00318
Cefodizime,S(CC1=C(C(=O)O)N2C(=O)[C@@H](NC(=O)/C(=N\OC)/c3nc(N)sc3)[C@H]2SC1)c1sc(CC(=O)O)c(C)n1,0.26,10.1021/acs.jcim.2c00318
Cefoperazone,S(CC1=C(C(=O)O)N2C(=O)[C@@H](NC(=O)[C@H](NC(=O)N3C(=O)C(=O)N(CC)CC3)c3ccc(O)cc3)[C@H]2SC1)c1n(C)nnn1,0.28,10.1021/acs.jcim.2c00318
Ceforanide,S(CC1=C(C(=O)O)N2C(=O)[C@@H](NC(=O)Cc3c(CN)cccc3)[C@H]2SC1)c1n(CC(=O)O)nnn1,0.5,10.1021/acs.jcim.2c00318
Cefoselis,O=C(N[C@@H]1C(=O)N2C(C(=O)[O-])=C(C[n+]3n(CCO)c(N)cc3)CS[C@H]12)/C(=N\OC)/c1nc(N)sc1,0.39,10.1021/acs.jcim.2c00318
Cefotaxime,O=C(N[C@@H]1C(=O)N2C(C(=O)O)=C(COC(=O)C)CS[C@H]12)/C(=N\OC)/c1nc(N)sc1,0.5,10.1021/acs.jcim.2c00318
Cefotetan,S(CC1=C(C(=O)O)N2C(=O)[C@@](OC)(NC(=O)C3SC(=C(C(=O)O)C(=O)N)S3)[C@H]2SC1)c1n(C)nnn1,0.25,10.1021/acs.jcim.2c00318
Cefoxitin,O=C(OCC1=C(C(=O)O)N2C(=O)[C@@](OC)(NC(=O)Cc3sccc3)[C@H]2SC1)N,0.6,10.1021/acs.jcim.2c00318
Cefozopran,O=C(N[C@@H]1C(=O)N2C(C(=O)[O-])=C(Cn3c4[n+](nccc4)cc3)CS[C@H]12)/C(=N\OC)/c1nc(N)sn1,0.2,10.1021/acs.jcim.2c00318
Cefpimizole,S(=O)(=O)(O)CCc1cc[n+](CC2=C(C(=O)[O-])N3C(=O)[C@@H](NC(=O)[C@H](NC(=O)c4c(C(=O)O)[nH]cn4)c4ccccc4)[C@H]3SC2)cc1,0.2,10.1021/acs.jcim.2c00318
Cefpiramide,S(CC1=C(C(=O)O)N2C(=O)[C@@H](NC(=O)[C@H](NC(=O)C=3C(=O)C=C(C)NC=3)c3ccc(O)cc3)[C@H]2SC1)c1n(C)nnn1,0.49,10.1021/acs.jcim.2c00318
Cefpirome,O=C(N[C@@H]1C(=O)N2C(C(=O)[O-])=C(C[n+]3c4c(ccc3)CCC4)CS[C@H]12)/C(=N\OC)/c1nc(N)sc1,0.22,10.1021/acs.jcim.2c00318
Ceftazidime,O(/N=C(\C(=O)N[C@@H]1C(=O)N2C(C(=O)[O-])=C(C[n+]3ccccc3)CS[C@H]12)/c1nc(N)sc1)C(C(=O)O)(C)C,0.21,10.1021/acs.jcim.2c00318
Ceftizoxime,O=C(N[C@@H]1C(=O)N2C(C(=O)O)=CCS[C@H]12)/C(=N\OC)/c1nc(N)sc1,0.27,10.1021/acs.jcim.2c00318
Ceftriaxone,S(CC1=C(C(=O)O)N2C(=O)[C@@H](NC(=O)/C(=N\OC)/c3nc(N)sc3)[C@H]2SC1)C=1N(C)NC(=O)C(=O)N=1,0.25,10.1021/acs.jcim.2c00318
Cefuroxime,O=C(OCC1=C(C(=O)O)N2C(=O)[C@@H](NC(=O)/C(=N\OC)/c3occc3)[C@H]2SC1)N,1.5,10.1021/acs.jcim.2c00318
Ciprofloxacin,Fc1c(N2CCNCC2)cc2N(C3CC3)C=C(C(=O)O)C(=O)c2c1,3.1,10.1021/acs.jcim.2c00318
Citalopram,Fc1ccc(C2(CCCN(C)C)OCc3c2ccc(C#N)c3)cc1,10,10.1021/acs.jcim.2c00318
Clazosentan,S(=O)(=O)(Nc1c(Oc2c(OC)cccc2)c(OCCO)nc(-c2cc(-c3n[nH]nn3)ncc2)n1)c1ncc(C)cc1,0.11,10.1021/acs.jcim.2c00318
Clevidipine,Clc1c(Cl)cccc1C1C(C(=O)OCOC(=O)CCC)=C(C)NC(C)=C1C(=O)OC,0.21,10.1021/acs.jcim.2c00318
Clindamycin,Cl[C@H]([C@@H](NC(=O)[C@H]1N(C)C[C@H](CCC)C1)[C@@H]1[C@H](O)[C@H](O)[C@@H](O)[C@@H](SC)O1)C,0.86,10.1021/acs.jcim.2c00318
Clomipramine,Clc1cc2N(CCCN(C)C)c3c(cccc3)CCc2cc1,3.7,10.1021/acs.jcim.2c00318
Clozepam,Clc1c(C2=NCC(=O)Nc3c2cc([N+](=O)[O-])cc3)cccc1,2.49,10.1021/acs.jcim.2c00318
Cocaethylene,O=C(OCC)[C@H]1[C@@H](OC(=O)c2ccccc2)C[C@H]2N(C)[C@@H]1CC2,2.68,10.1021/acs.jcim.2c00318
Cocaine,O=C(OC)[C@H]1[C@@H](OC(=O)c2ccccc2)C[C@H]2N(C)[C@@H]1CC2,2.6,10.1021/acs.jcim.2c00318
Cyclosporine,O=C1N(C)[C@@H]([C@H](O)[C@@H](C/C=C/C)C)C(=O)N[C@@H](CC)C(=O)N(C)CC(=O)N(C)[C@@H](CC(C)C)C(=O)N[C@@H](C(C)C)C(=O)N(C)[C@@H](CC(C)C)C(=O)N[C@@H](C)C(=O)N[C@H](C)C(=O)N(C)[C@@H](CC(C)C)C(=O)N(C)[C@@H](CC(C)C)C(=O)N(C)[C@H]1C(C)C,10.8,10.1021/acs.jcim.2c00318
Cytarabine,O=C1N([C@H]2[C@@H](O)[C@H](O)[C@@H](CO)O2)C=CC(N)=N1,0.86,10.1021/acs.jcim.2c00318
d-Amphetamine,N[C@H](Cc1ccccc1)C,2.7,10.1021/acs.jcim.2c00318
Darifecin,O=C(N)C([C@H]1CN(CCc2cc3c(OCC3)cc2)CC1)(c1ccccc1)c1ccccc1,6.8,10.1021/acs.jcim.2c00318
Decitabine,O=C1N([C@@H]2O[C@H](CO)[C@@H](O)C2)C=NC(N)=N1,0.85,10.1021/acs.jcim.2c00318
Dexamethasone,F[C@]12[C@@H](O)C[C@]3(C)[C@@](O)(C(=O)CO)[C@H](C)C[C@H]3[C@@H]1CCC=1[C@]2(C)C=CC(=O)C=1,1.04,10.1021/acs.jcim.2c00318
Dexloxiglumide,Clc1c(Cl)ccc(C(=O)N[C@@H](C(=O)N(CCCOC)CCCCC)CCC(=O)O)c1,0.34,10.1021/acs.jcim.2c00318
Dexrazoxane,O=C1NC(=O)CN([C@H](CN2CC(=O)NC(=O)C2)C)C1,0.72,10.1021/acs.jcim.2c00318
Diclofec,Clc1c(Nc2c(CC(=O)O)cccc2)c(Cl)ccc1,0.19,10.1021/acs.jcim.2c00318
Didanosine,O=C1N=CNc2n([C@@H]3O[C@H](CO)CC3)cnc12,0.96,10.1021/acs.jcim.2c00318
Diflomotecan,Fc1c(F)cc2c(nc3c(c2)CN2C(=O)C4=C([C@@](O)(CC)CC(=O)OC4)C=C32)c1,2.1,10.1021/acs.jcim.2c00318
Disopyramide,O=C(N)C(CCN(C(C)C)C(C)C)(c1ncccc1)c1ccccc1,1.27,10.1021/acs.jcim.2c00318
Dofetilide,S(=O)(=O)(Nc1ccc(OCCN(CCc2ccc(NS(=O)(=O)C)cc2)C)cc1)C,3.03,10.1021/acs.jcim.2c00318
Doripenem,S(=O)(=O)(NC[C@H]1[NH2+]C[C@@H](SC=2[C@H](C)[C@@H]3[C@@H]([C@H](O)C)C(=O)N3C=2C(=O)[O-])C1)N,0.26,10.1021/acs.jcim.2c00318
Doxazosin,O=C(N1CCN(c2nc(N)c3c(n2)cc(OC)c(OC)c3)CC1)C1Oc2c(OC1)cccc2,5,10.1021/acs.jcim.2c00318
Enprofylline,O=C1N(CCC)c2nc[nH]c2C(=O)N1,0.64,10.1021/acs.jcim.2c00318
Eritoran,P(=O)(O[C@H]1[C@H](OCC[C@H](OC)CCCCCCC)[C@@H](NC(=O)CCCCCCCCC/C=C\CCCCCC)[C@H](OC[C@@H]2[C@@H](O)[C@H](OCCCCCCCCCC)[C@@H](NC(=O)CC(=O)CCCCCCCCCCC)[C@@H](OP(=O)(O)O)O2)O[C@@H]1COC)(O)O,0.08,10.1021/acs.jcim.2c00318
Erythromycin,O([C@@H]1[C@@H](C)[C@H](O[C@@H]2O[C@@H](C)[C@H](O)[C@@](OC)(C)C2)[C@@H](C)C(=O)O[C@H](CC)[C@](O)(C)[C@H](O)[C@@H](C)C(=O)[C@H](C)C[C@]1(O)C)[C@H]1[C@H](O)[C@@H](N(C)C)C[C@@H](C)O1,2.4,10.1021/acs.jcim.2c00318
Esmolol,O=C(OC)CCc1ccc(OCC(O)CNC(C)C)cc1,3.4,10.1021/acs.jcim.2c00318
Estramustine phosphate,ClCCN(C(=O)Oc1cc2c([C@@H]3[C@H]([C@H]4[C@@](C)([C@@H](OP(=O)(O)O)CC4)CC3)CC2)cc1)CCCl,0.16,10.1021/acs.jcim.2c00318
Ethambutol,OC[C@@H](NCCN[C@H](CO)CC)CC,3.8,10.1021/acs.jcim.2c00318
Etomidate,O=C(OCC)c1n(C(C)c2ccccc2)cnc1,1.9,10.1021/acs.jcim.2c00318
Etoposide,O([C@H]1[C@H](O)[C@@H](O)[C@@H]2O[C@H](C)OC[C@H]2O1)[C@H]1[C@@H]2[C@@H]([C@H](c3cc(OC)c(O)c(OC)c3)c3c1cc1OCOc1c3)C(=O)OC2,1.4,10.1021/acs.jcim.2c00318
Famotidine,S(=O)(=O)(N=C(N)CCSCc1nc(N=C(N)N)sc1)N,0.79,10.1021/acs.jcim.2c00318
Felodipine,Clc1c(Cl)cccc1C1C(C(=O)OCC)=C(C)NC(C)=C1C(=O)OC,5.4,10.1021/acs.jcim.2c00318
Fenoximone,S(C)c1ccc(C(=O)C2=C(C)NC(=O)N2)cc1,2.1,10.1021/acs.jcim.2c00318
Fentanyl,O=C(N(c1ccccc1)C1CCN(CCc2ccccc2)CC1)CC,4.7,10.1021/acs.jcim.2c00318
Fisteride,O=C(NC(C)(C)C)[C@@H]1[C@]2(C)[C@H]([C@H]3[C@@H]([C@]4(C)[C@H](NC(=O)C=C4)CC3)CC2)CC1,0.36,10.1021/acs.jcim.2c00318
Flecainide,FC(F)(F)COc1c(C(=O)NCC2NCCCC2)cc(OCC(F)(F)F)cc1,1.1,10.1021/acs.jcim.2c00318
Fleroxacin,FCCN1c2c(F)c(N3CCN(C)CC3)c(F)cc2C(=O)C(C(=O)O)=C1,1.3,10.1021/acs.jcim.2c00318
Flucozole,Fc1c(C(O)(Cn2ncnc2)Cn2ncnc2)ccc(F)c1,0.7,10.1021/acs.jcim.2c00318
Flucytosine,FC1=C(N)NC(=O)N=C1,0.64,10.1021/acs.jcim.2c00318
Flumazenil,Fc1cc2C(=O)N(C)Cc3c(C(=O)OCC)ncn3-c2cc1,1,10.1021/acs.jcim.2c00318
Flunitrazepam,Fc1c(C2=NCC(=O)N(C)c3c2cc([N+](=O)[O-])cc3)cccc1,3.4,10.1021/acs.jcim.2c00318
Fluphezine,FC(F)(F)c1cc2N(CCCN3CCN(CCO)CC3)c3c(Sc2cc1)cccc3,5.5,10.1021/acs.jcim.2c00318
Foscarnet,P(=O)(O)(O)C(=O)O,0.65,10.1021/acs.jcim.2c00318
Fosfomycin,P(=O)(O)(O)[C@@H]1[C@H](C)O1,0.77,10.1021/acs.jcim.2c00318
Furosemide,Clc1c(S(=O)(=O)N)cc(C(=O)O)c(NCc2occc2)c1,0.69,10.1021/acs.jcim.2c00318
Galanthamine,O(C)c1c2O[C@@H]3[C@]4(c2c(cc1)CN(C)CC4)C=C[C@H](O)C3,2.78,10.1021/acs.jcim.2c00318
Garenoxacin,FC(F)Oc1c(-c2cc3c([C@@H](C)NC3)cc2)ccc2C(=O)C(C(=O)O)=CN(C3CC3)c12,1.29,10.1021/acs.jcim.2c00318
Gatifloxacin,Fc1c(N2CC(C)[NH2+]CC2)c(OC)c2N(C3CC3)C=C(C(=O)[O-])C(=O)c2c1,2.11,10.1021/acs.jcim.2c00318
Gavestinel,Clc1c2c(/C=C/C(=O)Nc3ccccc3)c(C(=O)[O-])[nH]c2cc(Cl)c1,0.2,10.1021/acs.jcim.2c00318
Gemcitabine,FC1(F)[C@H](O)[C@@H](CO)O[C@H]1N1C(=O)N=C(N)C=C1,1.41,10.1021/acs.jcim.2c00318
Gentamicin,O(C1C(O)C(OC2C(O)C(NC)C(O)(C)CO2)C(N)CC1N)C1C(N)CCC(C(NC)C)O1,0.33,10.1021/acs.jcim.2c00318
Hydromorphone,O=C1[C@@H]2Oc3c(O)ccc4c3[C@@]32[C@H]([C@H](N(C)CC3)C4)CC1,5.8,10.1021/acs.jcim.2c00318
Ibuprofen,O=C(O)C(C)c1ccc(CC(C)C)cc1,0.16,10.1021/acs.jcim.2c00318
Iloprost,O=C(O)CCC/C=C\1/C[C@@H]2[C@@H](/C=C/[C@@H](O)C(CC#CC)C)[C@H](O)C[C@@H]2C/1,0.93,10.1021/acs.jcim.2c00318
Imatinib,O=C(Nc1cc(Nc2nc(-c3cnccc3)ccn2)c(C)cc1)c1ccc(CN2CCN(C)CC2)cc1,7.95,10.1021/acs.jcim.2c00318
Imipenem,S(CC/N=C/N)C1=C(C(=O)O)N2C(=O)[C@H]([C@H](O)C)[C@H]2C1,32,10.1021/acs.jcim.2c00318
Indivir,O=C(N[C@@H]1[C@H](O)Cc2c1cccc2)[C@@H](C[C@H](O)CN1[C@H](C(=O)NC(C)(C)C)CN(Cc2cnccc2)CC1)Cc1ccccc1,0.73,10.1021/acs.jcim.2c00318
Inogatran,O=C(O)CN[C@@H](C(=O)N1[C@H](C(=O)NCCCN=C(N)N)CCCC1)CC1CCCCC1,0.31,10.1021/acs.jcim.2c00318
Iododoxorubicin,I[C@@H]1[C@H](C)O[C@@H](O[C@@H]2c3c(O)c4C(=O)c5c(OC)cccc5C(=O)c4c(O)c3C[C@@](O)(C(=O)CO)C2)C[C@@H]1N,2.6,10.1021/acs.jcim.2c00318
Iohexol,Ic1c(N(C(=O)C)CC(O)CO)c(I)c(C(=O)NCC(O)CO)c(I)c1C(=O)NCC(O)CO,0.18,10.1021/acs.jcim.2c00318
Iomeprol,Ic1c(N(C(=O)CO)C)c(I)c(C(=O)NCC(O)CO)c(I)c1C(=O)NCC(O)CO,0.25,10.1021/acs.jcim.2c00318
Iopamidol,Ic1c(NC(=O)[C@@H](O)C)c(I)c(C(=O)NC(CO)CO)c(I)c1C(=O)NC(CO)CO,0.32,10.1021/acs.jcim.2c00318
Iopromide,Ic1c(NC(=O)COC)c(I)c(C(=O)NCC(O)CO)c(I)c1C(=O)N(CC(O)CO)C,0.33,10.1021/acs.jcim.2c00318
Ipratropium,O=C(OC1CC2[N+](C(C)C)(C)C(C1)CC2)C(CO)c1ccccc1,9.8,10.1021/acs.jcim.2c00318
Irinotecan,O=C(Oc1cc2c(CC)c3c(nc2cc1)C=1N(C(=O)C2=C([C@@](O)(CC)C(=O)OC2)C=1)C3)N1CCC(N2CCCCC2)CC1,1.01,10.1021/acs.jcim.2c00318
Isosorbide-5-Mononitrate,O=[N+](O[C@H]1[C@H]2OC[C@H](O)[C@H]2OC1)[O-],0.82,10.1021/acs.jcim.2c00318
Ketamine,Clc1c(C2(NC)C(=O)CCCC2)cccc1,2.5,10.1021/acs.jcim.2c00318
Ketanserin,Fc1ccc(C(=O)C2CCN(CCN3C(=O)Nc4c(C3=O)cccc4)CC2)cc1,4.7,10.1021/acs.jcim.2c00318
Ketorolac,O=C(c1n2c(C(C(=O)O)CC2)cc1)c1ccccc1,0.33,10.1021/acs.jcim.2c00318
L-692429,O=C(N[C@H]1C(=O)N(Cc2ccc(-c3c(-c4n[nH]nn4)cccc3)cc2)c2c(cccc2)CC1)CC(N)(C)C,0.34,10.1021/acs.jcim.2c00318
L-Acetylmethadol,O([C@H](C(C[C@@H](N(C)C)C)(c1ccccc1)c1ccccc1)CC)C(=O)C,5.9,10.1021/acs.jcim.2c00318
Lamifiban,O=C(O)COC1CCN(C(=O)[C@@H](NC(=O)c2ccc(C(=N)N)cc2)Cc2ccc(O)cc2)CC1,0.75,10.1021/acs.jcim.2c00318
Levodopa,O=C(O)[C@@H](N)Cc1cc(O)c(O)cc1,0.76,10.1021/acs.jcim.2c00318
Levosimendan,O=C1NN=C([C@H](C)C1)c1ccc(NN=C(C#N)C#N)cc1,0.22,10.1021/acs.jcim.2c00318
Lubeluzole,Fc1c(F)ccc(OC[C@@H](O)CN2CCC(N(C)c3sc4c(n3)cccc4)CC2)c1,1.47,10.1021/acs.jcim.2c00318
Maraviroc,FC1(F)CCC(C(=O)N[C@@H](CCN2[C@H]3CC(n4c(C(C)C)nnc4C)C[C@@H]2CC3)c2ccccc2)CC1,2.32,10.1021/acs.jcim.2c00318
Maxipost,Clc1cc(c(OC)cc1)[C@]1(F)C(=O)Nc2c1ccc(C(F)(F)F)c2,4.06,10.1021/acs.jcim.2c00318
Melagatran,O=C(O)CN[C@@H](C(=O)N1[C@H](C(=O)NCc2ccc(C(=N)N)cc2)CC1)C1CCCCC1,0.36,10.1021/acs.jcim.2c00318
Meloxicam,O=C(Nc1sc(C)cn1)C=1N(C)S(=O)(=O)c2c(C=1O)cccc2,0.35,10.1021/acs.jcim.2c00318
MEN-10755,O=C(CO)[C@@]1(O)C[C@H](O[C@@H]2O[C@@H](C)[C@H](O[C@@H]3O[C@@H](C)[C@@H](O)[C@@H](N)C3)[C@@H](O)C2)c2c(O)c3C(=O)c4c(C(=O)c3c(O)c2C1)cccc4,12,10.1021/acs.jcim.2c00318
Meropenem,S([C@H]1C[C@@H](C(=O)N(C)C)[NH2+]C1)C=1[C@H](C)[C@@H]2[C@@H]([C@H](O)C)C(=O)N2C=1C(=O)[O-],0.22,10.1021/acs.jcim.2c00318
Metoclopramide,Clc1c(N)cc(OC)c(C(=O)NCCN(CC)CC)c1,1.1,10.1021/acs.jcim.2c00318
Metoprolol,O(CCc1ccc(OCC(O)CNC(C)C)cc1)C,3.1,10.1021/acs.jcim.2c00318
Metronidazole,O=[N+]([O-])c1n(CCO)c(C)nc1,0.1,10.1021/acs.jcim.2c00318
Mibefradil,Fc1cc2c([C@H](C(C)C)[C@@](OC(=O)COC)(CCN(CCCc3[nH]c4c(n3)cccc4)C)CC2)cc1,9.7,10.1021/acs.jcim.2c00318
Micafungin,S(=O)(=O)(Oc1c(O)ccc([C@H](O)[C@@H](O)[C@H]2C(=O)N[C@@H]([C@H](O)CC(=O)N)C(=O)N3[C@@H]([C@@H](O)[C@@H](C)C3)C(=O)N[C@H](O)[C@H](O)C[C@H](NC(=O)c3ccc(-c4noc(-c5ccc(OCCCCC)cc5)c4)cc3)C(=O)N[C@@H]([C@H](O)C)C(=O)N3[C@H](C(=O)N2)C[C@@H](O)C3)c1)O,0.25,10.1021/acs.jcim.2c00318
Midazolam,Clc1cc2C(c3c(F)cccc3)=NCc3n(c(C)nc3)-c2cc1,1.1,10.1021/acs.jcim.2c00318
Mitoxantrone,O=C1c2c(O)ccc(O)c2C(=O)c2c(NCCNCCO)ccc(NCCNCCO)c12,26.6,10.1021/acs.jcim.2c00318
Mivacurium,O=C(OCCC[N+]1(C)[C@H](Cc2cc(OC)c(OC)c(OC)c2)c2c(cc(OC)c(OC)c2)CC1)CC/C=C/CCC(=O)OCCC[N+]1(C)[C@H](Cc2cc(OC)c(OC)c(OC)c2)c2c(cc(OC)c(OC)c2)CC1,1,10.1021/acs.jcim.2c00318
Morphine,O[C@@H]1[C@@H]2Oc3c(O)ccc4c3[C@@]32[C@H]([C@H](N(C)CC3)C4)C=C1,4.1,10.1021/acs.jcim.2c00318
Moxalactam,S(CC1=C(C(=O)O)N2C(=O)[C@@](OC)(NC(=O)C(C(=O)O)c3ccc(O)cc3)[C@H]2OC1)c1n(C)nnn1,0.2,10.1021/acs.jcim.2c00318
Moxifloxacin,Fc1c(N2C[C@H]3NCCC[C@H]3C2)c(OC)c2N(C3CC3)C=C(C(=O)O)C(=O)c2c1,2.7,10.1021/acs.jcim.2c00318
Nefazodone,Clc1cc(N2CCN(CCCN3C(=O)N(CCOc4ccccc4)C(CC)=N3)CC2)ccc1,3.24,10.1021/acs.jcim.2c00318
Netilmicin,O([C@@H]1[C@@H](O)[C@H](OC2C(N)CC=C(CN)O2)[C@@H](N)C[C@H]1NCC)[C@@H]1[C@H](O)[C@@H](NC)[C@](O)(C)CO1,0.34,10.1021/acs.jcim.2c00318
Nicardipine,O=[N+]([O-])c1cc(C2C(C(=O)OCCN(Cc3ccccc3)C)=C(C)NC(C)=C2C(=O)OC)ccc1,2.39,10.1021/acs.jcim.2c00318
Nimodipine,O=[N+]([O-])c1cc(C2C(C(=O)OC(C)C)=C(C)NC(C)=C2C(=O)OCCOC)ccc1,3,10.1021/acs.jcim.2c00318
Nisoldipine,O=[N+]([O-])c1c(C2C(C(=O)OCC(C)C)=C(C)NC(C)=C2C(=O)OC)cccc1,4.1,10.1021/acs.jcim.2c00318
Ofloxacin,Fc1c(N2CC[NH+](C)CC2)c2OCC(C)N3c2c(C(=O)C(C(=O)[O-])=C3)c1,1.3,10.1021/acs.jcim.2c00318
Oleandomycin,O=C1C2(OC2)CC(C)C(OC2C(O)C(N(C)C)CC(C)O2)C(C)C(OC2OC(C)C(O)C(OC)C2)C(C)C(=O)OC(C)C(C)C(O)C1C,1.6,10.1021/acs.jcim.2c00318
Oseltamivir acid,O=C(N[C@H]1[C@H](OC(CC)CC)C=C(C(=O)[O-])C[C@@H]1[NH3+])C,0.56,10.1021/acs.jcim.2c00318
Oxytetracycline,O=C(N)C=1C(=O)[C@@H](N(C)C)[C@@H]2[C@@H](O)[C@@H]3[C@@](O)(C)c4c(c(O)ccc4)C(O)=C3C(=O)[C@]2(O)C=1O,1.01,10.1021/acs.jcim.2c00318
Panipenem,S([C@@H]1C/[N+](=C(/N)\C)/CC1)C1=C(C(=O)[O-])N2C(=O)[C@H]([C@H](O)C)[C@H]2C1,0.21,10.1021/acs.jcim.2c00318
Papaverine,O(C)c1c(OC)ccc(Cc2nccc3c2cc(OC)c(OC)c3)c1,3.01,10.1021/acs.jcim.2c00318
Pefloxacin,Fc1c(N2CCN(C)CC2)cc2N(CC)C=C(C(=O)O)C(=O)c2c1,1.07,10.1021/acs.jcim.2c00318
Pentamidine,O(CCCCCOc1ccc(C(=N)N)cc1)c1ccc(C(=N)N)cc1,6.6,10.1021/acs.jcim.2c00318
Pentobarbital,O=C1C(C(CCC)C)(CC)C(=O)NC(=O)N1,1.06,10.1021/acs.jcim.2c00318
Pentoxifylline,O=C(CCCCN1C(=O)N(C)c2ncn(C)c2C1=O)C,1.01,10.1021/acs.jcim.2c00318
Phecetin,O=C(Nc1ccc(OCC)cc1)C,0.89,10.1021/acs.jcim.2c00318
Phencyclidine,N1(C2(c3ccccc3)CCCCC2)CCCCC1,16.6,10.1021/acs.jcim.2c00318
Phenobarbital,O=C1C(CC)(c2ccccc2)C(=O)NC(=O)N1,0.79,10.1021/acs.jcim.2c00318
Pindolol,O(CC(O)CNC(C)C)c1c2c([nH]cc2)ccc1,17,10.1021/acs.jcim.2c00318
Piperacillin,O=C(N[C@@H]1C(=O)N2[C@@H](C(=O)O)C(C)(C)S[C@H]12)[C@H](NC(=O)N1C(=O)C(=O)N(CC)CC1)c1ccccc1,0.24,10.1021/acs.jcim.2c00318
Pirmenol,OC(CCCN1[C@@H](C)CCC[C@H]1C)(c1ncccc1)c1ccccc1,2.1,10.1021/acs.jcim.2c00318
Prazosin,O=C(N1CCN(c2nc(N)c3c(n2)cc(OC)c(OC)c3)CC1)c1occc1,2.17,10.1021/acs.jcim.2c00318
Prednisone,O=C(CO)[C@]1(O)[C@]2(C)[C@H]([C@H]3[C@@H]([C@]4(C)C(=CC(=O)C=C4)CC3)C(=O)C2)CC1,2.3,10.1021/acs.jcim.2c00318
Probenecid,S(=O)(=O)(N(CCC)CCC)c1ccc(C(=O)O)cc1,0.46,10.1021/acs.jcim.2c00318
Procaimide,O=C(NCCN(CC)CC)c1ccc(N)cc1,1.95,10.1021/acs.jcim.2c00318
Propafenone,O=C(CCc1ccccc1)c1c(OCC(O)CNCCC)cccc1,2.72,10.1021/acs.jcim.2c00318
Propofol,Oc1c(C(C)C)cccc1C(C)C,2.46,10.1021/acs.jcim.2c00318
Propranolol,O(CC(O)CNC(C)C)c1c2c(ccc1)cccc2,6.79,10.1021/acs.jcim.2c00318
psagatran,S(=O)(=O)(N[C@H](C(=O)N(CC(=O)O)C1CC1)CC(=O)NC[C@H]1CN(C(=N)N)CCC1)c1cc2c(cc1)cccc2,0.64,10.1021/acs.jcim.2c00318
Quinidine,O(C)c1cc2c([C@H](O)[C@@H]3N4C[C@H](C=C)[C@H](C3)CC4)ccnc2cc1,4.26,10.1021/acs.jcim.2c00318
Quinine,O(C)c1cc2c(C(O)C3N4CC(C=C)[C@H](C3)CC4)ccnc2cc1,3.74,10.1021/acs.jcim.2c00318
Rabeprazole,[SH0](=O)(Cc1c(C)c(OCCCOC)ccn1)c1[nH]c2c(n1)cccc2,2.62,10.1021/acs.jcim.2c00318
Ranitidine,S(CCN/C(/NC)=C/[N+](=O)[O-])Cc1oc(CN(C)C)cc1,1.65,10.1021/acs.jcim.2c00318
Recaim,O=C(NCCCNC(C)C)Nc1c(C)cccc1C,1.2,10.1021/acs.jcim.2c00318
Remifentanil,O=C(OC)CCN1CCC(N(C(=O)CC)c2ccccc2)(C(=O)OC)CC1,0.22,10.1021/acs.jcim.2c00318
Remikiren,S(=O)(=O)(C(C)(C)C)C[C@H](C(=O)N[C@H](C(=O)N[C@H]([C@@H](O)[C@@H](O)C1CC1)CC1CCCCC1)Cc1[nH]cnc1)Cc1ccccc1,1.52,10.1021/acs.jcim.2c00318
Remoxipride,Brc1c(OC)c(C(=O)NC[C@H]2N(CC)CCC2)c(OC)cc1,1.6,10.1021/acs.jcim.2c00318
Ritipenem,O=C(OCC1=C(C(=O)O)N2C(=O)[C@H]([C@H](O)C)[C@H]2S1)N,0.22,10.1021/acs.jcim.2c00318
Rizatriptan,N(CCc1c2c([nH]c1)ccc(Cn1ncnc1)c2)(C)C,2.5,10.1021/acs.jcim.2c00318
Ro25-6833,FC(F)(F)CN1C(=O)/C(=C/C2=C(C(=O)O)N3C(=O)[C@@H](NC(=O)/C(=N\O)/c4nc(N)sc4)[C@H]3SC2)/CC1,0.18,10.1021/acs.jcim.2c00318
Ropivacaine,O=C(Nc1c(C)cccc1C)[C@H]1N(CCC)CCCC1,1.42,10.1021/acs.jcim.2c00318
SarCNU,ClCCN(N=O)C(=O)NC(C(=O)N)C,0.81,10.1021/acs.jcim.2c00318
Sch34343,S(CCOC(=O)N)C1=C(C(=O)O)N2C(=O)[C@H]([C@H](O)C)[C@H]2S1,0.24,10.1021/acs.jcim.2c00318
Selegiline,N([C@@H](Cc1ccccc1)C)(CC#C)C,9.46,10.1021/acs.jcim.2c00318
Sematilide,S(=O)(=O)(Nc1ccc(C(=O)NCCN(CC)CC)cc1)C,1.4,10.1021/acs.jcim.2c00318
Semaxanib,O=C1/C(=C\c2c(C)cc(C)[nH]2)/c2c(N1)cccc2,1.4,10.1021/acs.jcim.2c00318
Sildefil,S(=O)(=O)(N1CCN(C)CC1)c1cc(c(OCC)cc1)C1=NC(=O)c2n(C)nc(CCC)c2N1,5.2,10.1021/acs.jcim.2c00318
Sinitrodil,O=[N+](OCCN1C(=O)c2c(OC1)cccc2)[O-],1.18,10.1021/acs.jcim.2c00318
Sitagliptin,FC(F)(F)c1n2c(nn1)CN(C(=O)C[C@H](N)Cc1c(F)cc(F)c(F)c1)CC2,3.3,10.1021/acs.jcim.2c00318
Sparfosic Acid,P(=O)(O)(O)CC(=O)N[C@H](C(=O)O)CC(=O)O,0.29,10.1021/acs.jcim.2c00318
Sulbactam,O=C(O)[C@H]1C(C)(C)S(=O)(=O)[C@H]2N1C(=O)C2,0.34,10.1021/acs.jcim.2c00318
Sulfinpyrazone,[SH0](=O)(CCC1C(=O)N(N(c2ccccc2)C1=O)c1ccccc1)c1ccccc1,0.21,10.1021/acs.jcim.2c00318
Sulfisoxazole,S(=O)(=O)(Nc1c(C)c(C)no1)c1ccc(N)cc1,0.86,10.1021/acs.jcim.2c00318
Sumatriptan,S(=O)(=O)(NC)Cc1cc2c(CCN(C)C)c[nH]c2cc1,1.74,10.1021/acs.jcim.2c00318
Susalimod,S(=O)(=O)(Nc1c(C)cccn1)c1ccc(C#Cc2cc(C(=O)O)c(O)cc2)cc1,0.19,10.1021/acs.jcim.2c00318
Tamsulosin,S(=O)(=O)(N)c1c(OC)ccc(C[C@H](NCCOc2c(OCC)cccc2)C)c1,1.74,10.1021/acs.jcim.2c00318
Tebufelone,O=C(CCCC#C)c1cc(C(C)(C)C)c(O)c(C(C)(C)C)c1,24.8,10.1021/acs.jcim.2c00318
Tenofovir,P(=O)(O)(O)CO[C@@H](Cn1c2ncnc(N)c2nc1)C,0.9,10.1021/acs.jcim.2c00318
Theophylline,O=C1N(C)C(=O)c2[nH]cnc2N1C,0.68,10.1021/acs.jcim.2c00318
Tiazofurin,O=C(N)c1nc([C@H]2[C@H](O)[C@H](O)[C@@H](CO)O2)sc1,0.99,10.1021/acs.jcim.2c00318
Ticarcillin,O=C(O)[C@@H](C(=O)N[C@@H]1C(=O)N2[C@@H](C(=O)O)C(C)(C)S[C@H]12)c1cscc1,0.28,10.1021/acs.jcim.2c00318
Tinidazole,S(=O)(=O)(CCn1c(C)ncc1[N+](=O)[O-])CC,0.89,10.1021/acs.jcim.2c00318
Tirofiban,S(=O)(=O)(N[C@H](C(=O)[O-])Cc1ccc(OCCCCC2CC[NH2+]CC2)cc1)CCCC,0.52,10.1021/acs.jcim.2c00318
Tolcapone,O=[N+]([O-])c1c(O)c(O)cc(C(=O)c2ccc(C)cc2)c1,0.16,10.1021/acs.jcim.2c00318
Tomopenem,S([C@@H]1CN(C)[C@H](C(=O)N2C[C@@H](NC(=O)CN=C(N)N)CC2)C1)C=1[C@H](C)[C@@H]2[C@@H]([C@H](O)C)C(=O)N2C=1C(=O)O,0.25,10.1021/acs.jcim.2c00318
Topotecan,O=C1[C@](O)(CC)C2=C(C(=O)N3C(c4nc5c(c(CN(C)C)c(O)cc5)cc4C3)=C2)CO1,1.7,10.1021/acs.jcim.2c00318
Torsemide,S(=O)(=O)(NC(=O)NC(C)C)c1c(Nc2cc(C)ccc2)ccnc1,0.08,10.1021/acs.jcim.2c00318
Tramadol,O(C)c1cc([C@]2(O)[C@@H](CN(C)C)CCCC2)ccc1,3.01,10.1021/acs.jcim.2c00318
Treprostinil,O=C(O)COc1c2c(ccc1)C[C@@H]1[C@@H](CC[C@@H](O)CCCCC)[C@H](O)C[C@@H]1C2,0.11,10.1021/acs.jcim.2c00318
Trimethoprim,O(C)c1c(OC)cc(Cc2c(N)nc(N)nc2)cc1OC,1.74,10.1021/acs.jcim.2c00318
Trimetrexate,O(C)c1c(OC)cc(NCc2c(C)c3c(N)nc(N)nc3cc2)cc1OC,11.7,10.1021/acs.jcim.2c00318
Trospectomycin,O=C1[C@]2(O)O[C@@H]3[C@@H](NC)[C@@H](O)[C@@H](NC)[C@H](O)[C@H]3O[C@@H]2O[C@H](CCCC)C1,49.8,10.1021/acs.jcim.2c00318
Trovafloxacin,Fc1c(N2c3nc(N4C[C@H]5C([NH3+])[C@H]5C4)c(F)cc3C(=O)C(C(=O)[O-])=C2)ccc(F)c1,1.37,10.1021/acs.jcim.2c00318
Tubocurarine,O(C)c1c(O)c2Oc3ccc(cc3)C[C@@H]3N(C)CCc4c3cc(c(OC)c4)Oc3c(O)ccc(c3)C[C@H]3[N+](C)(C)CCc(c23)c1,0.37,10.1021/acs.jcim.2c00318
UK-240 455,Clc1c(N(S(=O)(=O)C)CCO)c2NC(=O)C(=O)Nc2cc1Cl,0.8,10.1021/acs.jcim.2c00318
Valproic Acd,O=C(O)CCCCCCCCCCCCCCCCCCC,0.33,10.1021/acs.jcim.2c00318
Venlafaxine,O(C)c1ccc(C(CN(C)C)C2(O)CCCCC2)cc1,3.3,10.1021/acs.jcim.2c00318
Verapamil,O(C)c1c(OC)ccc(C(C#N)(C(C)C)CCCN(CCc2cc(OC)c(OC)cc2)C)c1,3.8,10.1021/acs.jcim.2c00318
Vildagliptin,O=C(CNC12CC3(O)CC(C1)CC(C3)C2)N1[C@H](C#N)CCC1,1.6,10.1021/acs.jcim.2c00318
Voricozole,Fc1c([C@](O)([C@@H](C)c2c(F)cncn2)Cn2ncnc2)ccc(F)c1,0.88,10.1021/acs.jcim.2c00318
Vorinostat,O=C(NO)CCCCCCC(=O)Nc1ccccc1,0.6,10.1021/acs.jcim.2c00318
Zoledronic Acid,P(=O)(O)(O)C(P(=O)(O)O)(O)Cn1cncc1,0.28,10.1021/acs.jcim.2c00318
CHEMBL109,O=C(O)C(CCC)CCC,0.31,10.1021/acs.jcim.2c00318
CHEMBL1200357,S(CC1=C(C(=O)[O-])N2C(=O)[C@@](OC)(NC(=O)C(C(=O)[O-])c3ccc(O)cc3)[C@H]2OC1)c1n(C)nnn1,0.2,10.1021/acs.jcim.2c00318
CHEMBL1276308,O=C1C=C2C(=C3[C@@H](c4ccc(N(C)C)cc4)C[C@]4(C)[C@](O)(C#CC)CC[C@H]4[C@@H]3CC2)CC1,10.5,10.1021/acs.jcim.2c00318
CHEMBL1289313,Fc1ccc(Cn2c3c(c(CN4[C@H](C(=O)N)CCC4)c2)cc(C(=O)N(O)C)nc3)cc1,2.32,10.1021/acs.jcim.2c00318
CHEMBL1350,Clc1ccc(SC(P(=O)(O)O)P(=O)(O)O)cc1,3,10.1021/acs.jcim.2c00318
CHEMBL136846,S(=O)(=O)(N)c1c(-c2ccc(NC(=O)Cc3c4c([nH]c3)ccc(C(=N)N)c4)cc2)cccc1,0.38,10.1021/acs.jcim.2c00318
CHEMBL145085,O=C(O)C[C@H](N1C(=O)N(CCCc2nc3NCCCc3cc2)CC1)c1cnc(OC)cc1,0.9,10.1021/acs.jcim.2c00318
CHEMBL1512,F[C@@H]1C=2[C@@](C)([C@H]3[C@@H](O)C[C@]4(C)[C@]5(C(=O)CO)OC(C)(C)O[C@@H]5C[C@H]4[C@@H]3C1)C=CC(=O)C=2,3.7,10.1021/acs.jcim.2c00318
CHEMBL154,O=C(O)[C@@H](C)c1cc2c(cc(OC)cc2)cc1,0.12,10.1021/acs.jcim.2c00318
CHEMBL15413,S(C(F)F)CC(=O)N[C@]1(OC)C(=O)N2C(C(=O)O)=C(CSc3n(CCO)nnn3)CO[C@H]12,0.32,10.1021/acs.jcim.2c00318
CHEMBL16,O=C1C(c2ccccc2)(c2ccccc2)NC(O)=N1,1,10.1021/acs.jcim.2c00318
CHEMBL1614666,IC1C(C)O[C@@H](O[C@@H]2c3c(c(O)c4C(=O)c5c(c(OC)ccc5)C(=O)c4c3)C[C@@](O)(C(=O)CO)C2)CC1N,2.6,10.1021/acs.jcim.2c00318
CHEMBL1614669,O=C(O)C=1N2C(=O)/C(=C/c3nnn(C)c3)/[C@H]2SC=1,0.32,10.1021/acs.jcim.2c00318
CHEMBL1628161,O(C)[C@@H]1[C@H]2[C@H]([C@H]3[C@@](C)([C@](O)(C#C)CC3)C1)CCc1c2ccc(O)c1,0.63,10.1021/acs.jcim.2c00318
CHEMBL17125,O=C1C(C#N)=C(NCc2cnccc2)NC(C)=N1,1.2,10.1021/acs.jcim.2c00318
CHEMBL1928262,S(=O)(=O)(N1CCN(CC)CC1)c1cc(c(OCC)nc1)C1=Nc2c(CC)n(CCOC)nc2C(=O)N1,2.8,10.1021/acs.jcim.2c00318
CHEMBL2220442,Fc1ccc(-c2c(/C=C/C(O)CC(O)CC(=O)O)n(C(C)C)c3c2cccc3)cc1,0.7,10.1021/acs.jcim.2c00318
CHEMBL280378,O(CC)c1c(-n2cccc2)c(OCC)cc(Cc2c(N)nc(N)nc2)c1,8.3,10.1021/acs.jcim.2c00318
CHEMBL311730,S(=O)(=O)(C)c1cc([C@H]2CN(CCC)CCC2)ccc1,2.5,10.1021/acs.jcim.2c00318
CHEMBL355862,O=C(NC(=N)N)c1c(n(-c2c3c(nccc3)ccc2)nc1)C1CC1,2.3,10.1021/acs.jcim.2c00318
CHEMBL385181,O=C(N)c1cc[n+](COC[n+]2c(/C=N/O)cccc2)cc1,0.26,10.1021/acs.jcim.2c00318
CHEMBL398110,O=C(O)[C@@H](CCCN)Cc1ncn(CCC)c1,0.35,10.1021/acs.jcim.2c00318
CHEMBL408,O(CC1(C)Oc2c(C)c(C)c(O)c(C)c2CC1)c1ccc(CC2C(=O)NC(=O)S2)cc1,0.77,10.1021/acs.jcim.2c00318
CHEMBL44793,Clc1c2c(/C=C/C(=O)Nc3ccccc3)c(C(=O)O)[nH]c2cc(Cl)c1,0.2,10.1021/acs.jcim.2c00318
CHEMBL484528,Fc1c(F)cc(C[C@@H](N)C2CCN(C(=O)C3=C(C)n4nc(C)cc4N=C3)CC2)c(F)c1,2.2,10.1021/acs.jcim.2c00318
CHEMBL553025,O=C(O[C@H]1[C@](O)(C(=O)OC)[C@@H]2N(C)c3c(cc(c(OC)c3)[C@]3(C(=O)OC)c4[nH]c5c(c4CN4CC(CC)=C[C@@H](C3)C4)cccc5)[C@@]32[C@@H]2[C@@]1(CC)C=CCN2CC3)C,49.6,10.1021/acs.jcim.2c00318
CHEMBL594828,Clc1c(OC2CN(c3n(c(COC)nn3)-c3cnc(OC)cc3)C2)ccc(F)c1,1.3,10.1021/acs.jcim.2c00318
CHEMBL6,Clc1ccc(C(=O)n2c(C)c(CC(=O)O)c3c2ccc(OC)c3)cc1,7.4,10.1021/acs.jcim.2c00318
CHEMBL6466,O=C1Oc2c(cccc2)C=C1,6.5,10.1021/acs.jcim.2c00318
CHEMBL695,O=C1N(C)C(=O)OC1(C)C,0.63,10.1021/acs.jcim.2c00318
CHEMBL696,O=C1C(CC)(C)CC(=O)N1,0.59,10.1021/acs.jcim.2c00318
CHEMBL71,Clc1cc2N(CCCN(C)C)c3c(Sc2cc1)cccc3,16.3,10.1021/acs.jcim.2c00318
CHEMBL85653,O=C(Nc1ncc(C)cc1)c1cc(CN2[C@H](Cc3ccccc3)[C@H](O)[C@@H](O)[C@@H](Cc3ccccc3)N(Cc3cc(C(=O)Nc4ncc(C)cc4)ccc3)C2=O)ccc1,4.5,10.1021/acs.jcim.2c00318
,COCc1nn(cc1C(=O)NCc1c(ccc(c1F)OC)F)Cc1ccc(cc1)CN1C=CC=CC1=O,0.36 ,10.1021/acs.molpharmaceut.4c00406
,COc1ccnc(c1F)CNC(=O)c1cn(nc1C(F)(F)F)Cc1ccc(cc1)CN1C=CC=CC1=O,0.63 ,10.1021/acs.molpharmaceut.4c00406
,COCc1nn(cc1C(=O)NCc1nccc(c1F)OC)Cc1ccc(cc1)CN1C=CC=CC1=O,0.65 ,10.1021/acs.molpharmaceut.4c00406
,Cc1cc(cc(n1)C#Cc2ccc3c4C(=O)c5ccc(NS(=O)(=O)C)cc5C(C)(C)c4oc3c2)C(=O)NC(C)(C)C,1.69 ,10.1021/acs.molpharmaceut.4c00406
,C[C@@H]1C[C@@H](CCO1)N1C(=N)N[C@@](C)(CC1=O)c1cccc(c1Cl)Nc1ccc(nc1)C1CC1,12.50 ,10.1021/acs.molpharmaceut.4c00406
,C[C@@H]1C[C@@H](CCO1)N1C(=N)N[C@@](C)(CC1=O)c1cccc(c1Cl)NC(=O)c1cccc(c1)C#N,8.20 ,10.1021/acs.molpharmaceut.4c00406
,CC(C)C[C@](C)(N)COC(C(C(F)F)=N1)=CC=C1C2=CC=NC(C(F)F)=C2,11.80 ,10.1021/acs.molpharmaceut.4c00406
,O=C1C(N2)=C3C(C4=C1C(O)=C(C)C(O[C@]5(C)O/C=C/[C@H](OC)[C@@H](C)[C@@H](OC(C)=O)[C@H](C)[C@H](O)[C@H](C)[C@@H](O)[C@@H](C)/C=C/C=C(C)\C2=O)=C4C5=O)=NC6(CCN(CCN7C([N+]([O-])=O)=CN=C7C)CC6)N3,2.80 ,10.1021/acs.molpharmaceut.4c00406
,NC1=NN2C=CC(C3=CC(CN([C@H](C4CC4)C)C5=O)=C5C(OC(F)F)=C3)=NC2=C1C(N[C@@H]6CC[C@@](O)(C)CC6)=O,3.24 ,10.1021/acs.molpharmaceut.4c00406
,NC1=NN2C=CC(C3=CC(CN([C@H](C4CC4)C)C5=O)=C5C(OC(F)(F)F)=C3)=NC2=C1C(N[C@@H]6CC[C@@](O)(C)CC6)=O,3.55 ,10.1021/acs.molpharmaceut.4c00406
,Cc1nc(C)c(-c2ccc(OCCc3ccc(F)cc3)cc2)c(N2CCC(C)(C)CC2)c1[C@H](OC(C)(C)C)C(O)=O,0.70 ,10.1021/acs.molpharmaceut.4c00406
,O=C(NC1=NN(CP(OCC)(OCC)=O)C=C1)C2=CC(OC(C)C)=CC(OC3=CN=C(C(N4CCC4)=O)C=N3)=C2,0.50 ,10.1021/acs.molpharmaceut.4c00406
,O=C(C1=CN(C)N=C1)NC1CCC2C=C(C=CC=21)C1N=C(CC)ON=1,10.50 ,10.1021/acs.molpharmaceut.4c00406
,O=C1N(CC2=NC3=C(C=CC(CN)=C3)N2CCCC(F)(F)F)C4=CC(F)=CC=C4C15CC5,17.60 ,10.1021/acs.molpharmaceut.4c00406
,O=C1N(CC2=NC3=C(C=CC(CN)=C3)N2C4CCOCC4)C5=CC(F)=CC=C5C16CC6,5.00 ,10.1021/acs.molpharmaceut.4c00406
,O=C(C1(CC1)C2=CC=CC=C2F)NC(C=C3)=NN3C4=CC=NC(F)=C4,7.50 ,10.1021/acs.molpharmaceut.4c00406
,COc1cc(F)cc(c1)[C@@H](CO)NC(=O)[C@@H](C)N2Cc3ccc(cc3C2=O)c4nc(NC5CCOCC5)ncc4Cl,0.07 ,10.1021/acs.molpharmaceut.4c00406
,FC(F)(F)CN1CCN(NC2=C(C(OCC)=O)C(/C(O2)=C/C3=CNC4=C3C=CC=N4)=O)CC1,4.22 ,10.1021/acs.molpharmaceut.4c00406
,FC1=C2C(C=CN(C3=C(CO)C(C4=NC(N)=NC5=C4C=C(C6=CCN(C7COC7)CC6)N5)=CC=C3)C2=O)=CC(C8CC8)=C1,1.77 ,10.1021/acs.molpharmaceut.4c00406
,C[C@@]1(N=C(N)SC=C1)C2=CC(NC(C3=NC=C(C#N)C=C3)=O)=CC=C2F,3.13 ,10.1021/acs.molpharmaceut.4c00406
,CCS(=O)(=O)C1=CC=C(CNC(=O)C2=CC=C3N(CCF)C(CC4=CC=C(Cl)C=C4C(F)(F)F)=CC3=C2)C=C1,0.65 ,10.1021/acs.molpharmaceut.4c00406
,CCS(=O)(=O)C1=CC=C(CNC(=O)C2=CC=C3N(C(C)C)C(CC4=CC=C(Cl)C=C4C(F)(F)F)=CC3=C2)C=C1,2.05 ,10.1021/acs.molpharmaceut.4c00406
,CCOC1=CC(NC(=O)NCC2=NN=C(C3=CN(C)N=C3C(F)(F)F)C(C)=C2)=CC(Cl)=N1,2.10 ,10.1021/acs.molpharmaceut.4c00406
,CCOC1=CC(NC(=O)NCC2=NN=C(C3=CN(C)N=C3C(F)(F)F)C(C)=C2)=CC(=N1)C(F)(F)F,1.10 ,10.1021/acs.molpharmaceut.4c00406
,CCOC1=C(C)C(NC(=O)NCC2=NN=C(C3=CN(C)N=C3C(F)(F)F)C(C)=C2)=CC(C)=N1,1.50 ,10.1021/acs.molpharmaceut.4c00406
,OB1OCC2=CC=C(NC(C3=C(C)N(C4=CC=CC=N4)N=N3)=O)C=C21,1.30 ,10.1021/acs.molpharmaceut.4c00406
,OC(=O)[C@@H](c1c(c2[n]cc3[n]c[n](c3c2)[C@@H](c2c(c(C3CC3)ccc2Cl)Cl)C)cccc1)C,0.30 ,10.1021/acs.molpharmaceut.4c00406
,FC1(CC2CC3=CC(OC)=C(OC)C=C3C2=O)CCN(CC4=CC=CC=C4F)CC1,23.20 ,10.1021/acs.molpharmaceut.4c00406
,FC1=CC=C(OCC(F)F)C([C@@H](C)NC2=NC3=C(C4=CN(CCO)N=C4)C=NN3C=C2)=C1,4.94 ,10.1021/acs.molpharmaceut.4c00406
,Cc1cc(cc2cn[nH]c12)C[C@@H](NC(=O)N1CCC2(CC1)OC(=O)Nc1ncccc12)C(=O)N[C@@H](CC1CCNCC1)C(=O)N1CCN(CC1)c1ccncc1,0.30 ,10.1021/acs.molpharmaceut.4c00406
,CC(C)[C@@H](NC(=O)c1cc(ccc1F)C(F)(F)F)C(=O)N1CCC2(CC1)N(C(=O)N(C)C2=O)c1ccc2[nH]ncc2c1,0.66 ,10.1021/acs.molpharmaceut.4c00406
,COC[C@](CO)(OC[C@H]1O[C@H]([C@H](O)[C@@H]1O)n1ncc2c(nc(nc12)Cl)NC1CCCC1)P(=O)(O)O,0.29 ,10.1021/acs.molpharmaceut.4c00406
,ClC1=CC=CC2=C1C(N(C3)CCC4=C3N=C(OC[C@H]5N(C)CCC5)N=C4N6CCN(C(C=C)=O)[C@@H](CC#N)C6)=CC=C2,7.91 ,10.1021/acs.molpharmaceut.4c00406
,O=C(C=C)N([C@@H](CC#N)C1)CCN1C2=NC(OC[C@H]3N(C)CCC3)=NC4=C2CCN(C5=CC=CC6=C5C(C)=CC=C6)C4,6.16 ,10.1021/acs.molpharmaceut.4c00406
,O=C(C(=C)F)N1CCN(C[C@@H]1CC#N)C1C2CCN(CC=2N=C(N=1)OC[C@@H]1CCCN1C)C1=CC=CC2=C1C(=CC=C2)Cl,17.40 ,10.1021/acs.molpharmaceut.4c00406
,n1c(cc(nc1N1[C@H](CC1)C)N1C[C@H]2[C@H](C1)[C@H]2CC(O)=O)C(F)(F)F,0.17 ,10.1021/acs.molpharmaceut.4c00406
,O=C1N=C(OC[C@@H]2COCCO2)C=C2N1CCC1=C2C=CC(=C1)C#CC1CC1,2.00 ,10.1021/acs.molpharmaceut.4c00406
,CN(N=C1)C=C1NC2=NC=CC(C3=CC=C(CNC(N4CC(OC(C)C)C4)=O)C(C)=C3)=N2,1.20 ,10.1021/acs.molpharmaceut.4c00406
,NC1=NC2=C(N=CC(F)=C2)C(N[C@](C)(CCCC)CO)=N1,1.01 ,10.1021/acs.molpharmaceut.4c00406
,C[C@H]1CN(C(CC#N)=O)[C@@]11CN(CC1)C1=C2C=CNC2=NC=N1,1.20 ,10.1021/acs.molpharmaceut.4c00406
,O=C([C@@H](CN(CC1CC1)CC1)[C@H]1NC(c1noc(-c(ccc(F)c2)c2F)c1)=O)NC1(CC1)c1ncccn1,1.60 ,10.1021/acs.molpharmaceut.4c00406
,ClC1=C2C(=CC=C1)C=C([C@H](C)NC1=C3C(NC=N3)=NC=N1)N(C1=CC=CC=C1)C2=O,0.49 ,10.1021/acs.molpharmaceut.4c00406
,O=C1C(C2=CC=CC=C2)=C(C(C)NC3=NC(N)=NC(N)=C3C#N)C(C4=CC=C(F)C=C4)=C5C=CC(F)=CN51,0.40 ,10.1021/acs.molpharmaceut.4c00406
,N1C(C2C=C(C=C3C=2C2=C([C@](C)4CCCN4C/C/2=N/1)N3)F)=O,2.09 ,10.1021/acs.molpharmaceut.4c00406
,O=C(NCC(O)=O)C1=NC=C(C#CCOC2=CC=C(Cl)C=C2)C=C1O,3.34 ,10.1021/acs.molpharmaceut.4c00406
,CC#C[C@]1(O)CC[C@H]2[C@@H]3CCC4=CC(=O)CC[C@]4(C)[C@H]3[C@H](C[C@@]21C)c1ccc(cc1)N(C)C,8.32 ,10.1021/acs.molpharmaceut.4c00406
,ClC(C=C1)=C2N1N=C([C@H]3N(C4=NC(N)=NC=C4C(C)=O)CC3)N(C5=CC=CC=C5)C2=O,1.70 ,10.1021/acs.molpharmaceut.4c00406
,OC1(CCS(=O)(=O)CC1)C(=O)N1CC[C@@]2([C@H]1CCC1=C2C=CC(=C1)C(F)(C(F)(F)F)C(F)(F)F)S(=O)(=O)C1=CC=C(F)C=C1,2.60 ,10.1021/acs.molpharmaceut.4c00406
,O=C([C@H](C(C)C)NC(OC)=O)N(CCC1)[C@@H]1C2=NC=C(N2)C3=CC(CC4)=C(C(S5)=C4C=C5C6=CN=C([C@H]7N(C([C@H](C(C)C)NC(OC)=O)=O)CCC7)N6)C=C3,1.00 ,10.1021/acs.molpharmaceut.4c00406
,O=C([C@H](C(C)C)NC(OC)=O)N(CCC1)[C@@H]1C2=NC=C(N2)C3=CC(C=C4)=C(C(S5)=C4C=C5C6=CN=C([C@H]7N(C([C@H](C(C)C)NC(OC)=O)=O)CCC7)N6)C=C3,2.00 ,10.1021/acs.molpharmaceut.4c00406
,O=C([C@H](C(C)C)NC(OC)=O)N(CCC1)[C@@H]1C2=NC=C(N2)C3=CC(OC4)=C(C(S5)=C4C=C5C6=CN=C([C@H]7N(C([C@H](C(C)C)NC(OC)=O)=O)CCC7)N6)C=C3,2.00 ,10.1021/acs.molpharmaceut.4c00406
,C[C@]1([C@@H](F)[C@@H](C)SC(N)=N1)C2=CC(NC(C3=NC=C(OCF)N=C3)=O)=CC=C2F,2.80 ,10.1021/acs.molpharmaceut.4c00406
,O=C1NC(C2=CC(NC(CN3CCN(C)CC3)=O)=CC=C2OCCC)=NC(CC)=C1CC,3.83 ,10.1021/acs.molpharmaceut.4c00406
,NC(C1=CC(F)=C(N2CCC[C@H](NC(C#CC)=O)C2)C3=C1NC(C)=C3C)=O,0.24 ,10.1021/acs.molpharmaceut.4c00406
,[2H]C([2H])([2H])NC(=O)C1=NN=C(NC(=O)C2CC2)C=C1NC1=CC=CC(C2=NN(C)C=N2)=C1OC,2.30 ,10.1021/acs.molpharmaceut.4c00406
,O[C@H]([C@H](F)[C@@H]1F)C2=C1C(OC3=CC(C#N)=CC(F)=C3)=CC=C2S(C)(=O)=O,1.30 ,10.1021/acs.molpharmaceut.4c00406
,CCNC(=O)c(c1)[nH]c(c12)c(=O)n(C)cc2-c3c(ccc(c3)S(=O)(=O)CC)Oc(c4C)c(C)ccc4,1.7,10.1021/acs.molpharmaceut.4c00406
,CO[C@H](C)[C@H](NC(=O)OC)C(=O)N1[C@H]2CCC[C@H]2C[C@H]1c1ncc([nH]1)-c1ccc-2c(c1)-c1ccc(cc-21)-c1cnc([nH]1)[C@@H]1C[C@@H]2CCC[C@@H]2N1C(=O)[C@@H](NC(=O)OC)[C@@H](C)OC,1,10.1021/acs.molpharmaceut.4c00406
,CC1=C(C2=CC=C(OC)C=C2)SC(C(CC)=O)=C1C3=CC=C(S(=O)(N)=O)C=C3,2,10.1021/acs.molpharmaceut.4c00406
,CC1=C(C2=CC=C(Cl)C=C2)SC(C(CC)=O)=C1C3=CC=C(S(=O)(N)=O)C=C3,4,10.1021/acs.molpharmaceut.4c00406
,C[C@H]1Cc2c(CN1C(=O)c3cccc(c3F)C(F)(F)F)nnn2c4ncc(F)cn4 {A2=S},2.60 ,10.1021/acs.molpharmaceut.4c00406
,O=C(C1=CC=CC(C(F)(F)F)=C1Cl)N2[C@@H](C)CC3=C(N=NN3C4=CSC=C4)C3,1.40 ,10.1021/acs.molpharmaceut.4c00406
,ClC1=C(N2CC[C@@H](OC3=CC=C(N4[C@@H](CC(O)=O)[C@H](C)C(C(F)(F)F)=N4)C=C3)[C@H](C)C2)C=C(OC)N=C4,0.60 ,10.1021/acs.molpharmaceut.4c00406
,FC1=C(N2CC[C@@H](OC3=CC=C(N4[C@@H](CC(O)=O)[C@H](C)C(C(F)(F)F)=N4)C=C3)[C@H](C)C2)C=C(OCC)C=C4,0.60 ,10.1021/acs.molpharmaceut.4c00406
,Cc1nc(c2n1ncnc2N3CCC3)c4cnn(c4c5ccc(cn7)C(F)(F)F)C,2.89 ,10.1021/acs.molpharmaceut.4c00406
,N1([C@@H](CO[C@@H](C1)CC#N)c1ccccc1)c1nc2c(cc1)OCC(N3)=O,2.37 ,10.1021/acs.molpharmaceut.4c00406
,CC(C)(C)C1=CC(N2C(NC(C=C2)=O)=O)=CC(/C=C/C3=CC=C(NS(=O)(C)=O)C=C3)=C4OC,1.50 ,10.1021/acs.molpharmaceut.4c00406
,FC1=CC(Br)=C([C@H]2C(C(OCC)=O)=C(CN3C[C@@H](CCC(O)=O)OCC3)NC(C4=NC=CS4)=N2)C=C1,0.76 ,10.1021/acs.molpharmaceut.4c00406
,CC1(C)Cc2c(C(=O)N)c(NC(=O)c3ccn[nH]3)sc2C(C)(C)O3,1.40 ,10.1021/acs.molpharmaceut.4c00406
,O=C(CC[C@H](C(N)=O)NC([C@H](C)NC(/C=C/C1=CC=C(F)C=C1Cl)=O)=O)N[C@@H](CCCCNC(CCC(O[C@H]([C@@H](NC(OC(C)(C)C)=O)C2=CC=CC=C2)C(O[C@@H]3C(C)=C4C(C)(C)[C@@]([C@@H](OC(C5=CC=CC=C5)=O)[C@@]([C@@](CO6)(OC(C)=O)[C@@]6([H])C[C@@H]7O)([H])[C@]7(C)C([C@@H]4O)=O)(O)C6)=O)=O)=O)C(O)=O,0.17 ,10.1021/acs.molpharmaceut.4c00406
,O=C(CC[C@H](C(N)=O)NC([C@H](C)NC(/C=C/C1=CC=C(F)C=C1Cl)=O)=O)N[C@@H](CCCCNC(CCC(O[C@H]([C@@H](NC(OC(C)(C)C)=O)C2=CC=CC=C2)C(O[C@@H]3C(C)=C4C(C)(C)[C@@]([C@@H](OC(C5=CC=CC=C5)=O)[C@@]([C@@](CO6)(OC(C)=O)[C@@]6([H])C[C@@H]7O)([H])[C@]7(C)C([C@@H]4O)=O)(O)C7)=O)=O)=O)C(O)=O,0.08 ,10.1021/acs.molpharmaceut.4c00406
,O=C(CC[C@H](C(N)=O)NC([C@H](C)NC(/C=C/C1=CC=C(F)C=C1Cl)=O)=O)N[C@@H](CCCCNC(CCC(O[C@H]([C@@H](NC(OC(C)(C)C)=O)C2=CC=CC=C2)C(O[C@@H]3C(C)=C4C(C)(C)[C@@]([C@@H](OC(C5=CC=CC=C5)=O)[C@@]([C@@](CO6)(OC(C)=O)[C@@]6([H])C[C@@H]7O)([H])[C@]7(C)C([C@@H]4O)=O)(O)C8)=O)=O)=O)C(O)=O,0.08 ,10.1021/acs.molpharmaceut.4c00406
,CC1=CCC[C@H]1NC(=O)Nc1ccc(Cl)c(c1O)S(=O)(=O)[C@@]1(C)CCOC2,0.88 ,10.1021/acs.molpharmaceut.4c00406
,CC(F)(C1=CC(F)=CC=C1C2=C(OC3=CC=C(C=C3)/C=C/C(O)=O)C4=CC=C(O)C=C4S7)F,0.30 ,10.1021/acs.molpharmaceut.4c00406
,[C@@H]1([C@]2([C@@]1(CN(C2)C(O[C@H](CO)C(F)(F)F)=O)[H])[H])c1nn(c2ccc(cc2)F)cc2,1.60 ,10.1021/acs.molpharmaceut.4c00406
,CC(C)(C(=O)O)Oc1ccc(cc1)c2cc(c(nc2)N)c3ccc(cc4)Cl,0.42 ,10.1021/acs.molpharmaceut.4c00406
,C[S](=O)(=O)NC1=NN=C2C=C(OCC34CC5CC(CC(C5)C3)C4)C(=C[N]12)C6CC7,0.40 ,10.1021/acs.molpharmaceut.4c00406
,O=[S](=O)(NC1=NN=C2C=C(OCC34CC5CC(CC(C5)C3)C4)C(=C[N]12)C6CC6)C7CC9,0.40 ,10.1021/acs.molpharmaceut.4c00406
,FC1=CC=C(NC(C2=NC=C(C#N)C=C2)=O)C=C1[C@]3(N=C(N)OC(CF)=C7)C,2.66 ,10.1021/acs.molpharmaceut.4c00406
,O=C(N(C1=CN(CC(F)(F)F)N=C1)[C@@H]2C)C3=C2N=C(C4=CN=C(OC)C(OC)=C4)C=C4,5.20 ,10.1021/acs.molpharmaceut.4c00406
,C[C@@]1(N=C(N)CO[C@H]1C(F)(F)F)c2cc(ccc2F)NC(=O)c3ccc(C#N)cn3 {A1=R;A9=R},7.60 ,10.1021/acs.molpharmaceut.4c00406
,CC(C)(C)CNC1=NC(C)=CC2=C1N=C(NC3=C(OCC)C=C(C4=NN=CN4C)C=C3)N=C2,1.10 ,10.1021/acs.molpharmaceut.4c00406
,NC1=NC(NC2=CN(C)N=C2)=NC(C3=CC=CC(N(C=C4)C(C5=C4C=C(C6CC6)C=C5F)=O)=C3CO)=N5,0.29 ,10.1021/acs.molpharmaceut.4c00406
,FC(F)(F)C(OC(=O)N1CCN(CC1)Cc1ccc(cc1N1CCCC3)C(F)(F)F)C(F)(F)F,1.20 ,10.1021/acs.molpharmaceut.4c00406
,O[C@H]1C(F)(F)S(C2=C1C(C(F)F)=C(C=C2)OC3=CC(C#N)=CC(F)=C3)(=O)=O,3.10 ,10.1021/acs.molpharmaceut.4c00406
,FC1=CC(OC2=CC=C(S(=O)(C)=O)C3=C2CC(F)(F)[C@H]3O)=CC(C#N)=C1,8.60 ,10.1021/acs.molpharmaceut.4c00406
,CC(C)C(=O)N1CCC(CC1)c2cn(C)c3ncc(NC(=O)c4cccc(c4)C#N)c(c24)C(F)(F)F,1.50 ,10.1021/acs.molpharmaceut.4c00406
