Molecule_Name,Smiles,Dog_thalf,Source
CHEMBL194564,O=c1cc(NC2CCN(Cc3ccc4c(c3)OCO4)CC2)c2cc(Cl)ccc2o1,3.9,CHEMBL 35
CHEMBL360449,O=C(NCC1CCN(CCCS(=O)(=O)N2CCN(S(=O)(=O)N3CCCC3)CC2)CC1)c1cccc2c1OCCO2,1,CHEMBL 35
CHEMBL180830,O=C(NCC1CCN(CCCS(=O)(=O)N2CCN(C(=O)c3ccco3)CC2)CC1)c1cccc2c1OCCO2,1,CHEMBL 35
CHEMBL179799,CS(=O)(=O)N1CCN(S(=O)(=O)CCCN2CCC(CNC(=O)c3cccc4c3OCCO4)CC2)CC1,1.2,CHEMBL 35
CHEMBL555146,C[C@@H]1CCCN1CCc1cc2cc(C(=O)c3ccc(F)cc3)ccc2o1,6.4,CHEMBL 35
CHEMBL94037,C[C@@H](O)[C@H]1C(=O)N2C(C(=O)O)=C(S[C@@H]3CN[C@H](/C=C/c4ccno4)C3)[C@H](C)[C@H]12,0.3833,CHEMBL 35
CHEMBL187280,COc1cc2c(N3CCN(/C(S)=N\Cc4cnc(C)cn4)CC3)ncnc2cc1OCCN1CCCCC1,10.8,CHEMBL 35
CHEMBL4470860,Cc1nc2c(-c3nnc[nH]3)cc(-c3ccnc(N)c3F)cc2n1-c1ccnc2c(F)ccc(F)c12,3.6,CHEMBL 35
CHEMBL178285,CC1(C)CCN(S(=O)(=O)CCCN2CCC(CNC(=O)c3cccc4c3OCCO4)CC2)CC1,0.7,CHEMBL 35
CHEMBL180835,O=C(NCC1CCN(CCCS(=O)(=O)N2CCN(C3CCCC3)CC2)CC1)c1cccc2c1OCCO2,2.9,CHEMBL 35
CHEMBL186851,COc1cc2c(N3CCN(/C(S)=N\c4ccc(-c5ccccn5)cc4)CC3)ncnc2cc1OCCN1CCCCC1,7.58,CHEMBL 35
CHEMBL181126,CCCN1CCN(S(=O)(=O)CCCN2CCC(CNC(=O)c3cccc4c3OCCO4)CC2)CC1,2.8,CHEMBL 35
CHEMBL179539,C[C@@H]1CCCN1CCc1cc2cc(C(=O)c3cccc(F)c3)ccc2o1,8.1,CHEMBL 35
CHEMBL127,C[C@@H](O)[C@H]1C(=O)N2C(C(=O)O)=C(S[C@@H]3CN[C@H](C(=O)N(C)C)C3)[C@H](C)[C@H]12,0.55,CHEMBL 35
CHEMBL175691,Cc1cc(/C=C/C#N)cc(C)c1Nc1ccnc(Nc2ccc(C#N)cc2)n1,31,CHEMBL 35
CHEMBL367954,CNCc1nccn1-c1ccc(NC(=O)c2cc(C(F)(F)F)nn2-c2ccc3onc(N)c3c2)c(F)c1,3.7,CHEMBL 35
CHEMBL88520,CNC(=O)CNC(=O)[C@@H]1Cc2ccc(cc2)OCCC[C@H](C(=O)NO)[C@@H](CC(C)C)C(=O)N1,0.81,CHEMBL 35
CHEMBL178669,CC(=O)N1CCN(S(=O)(=O)CCCN2CCC(CNC(=O)c3cccc4c3OCCO4)CC2)CC1,1.3,CHEMBL 35
CHEMBL424790,CCN1CCN(S(=O)(=O)CCCN2CCC(CNC(=O)c3cccc4c3OCCO4)CC2)CC1,3.1,CHEMBL 35
CHEMBL192613,O=C(O)c1cccc(C[C@@H]2CCCC=C2c2nc(-c3ccccc3)c(-c3ccccc3)o2)c1,30,CHEMBL 35
CHEMBL191638,O=C(NS(=O)(=O)Cc1ccccc1)c1cccc(C[C@@H]2CCCC=C2c2nc(-c3ccccc3)c(-c3ccccc3)o2)c1,5.5,CHEMBL 35
CHEMBL178,COc1cccc2c1C(=O)c1c(O)c3c(c(O)c1C2=O)C[C@@](O)(C(C)=O)C[C@@H]3O[C@H]1C[C@H](N)[C@H](O)[C@H](C)O1,0.08833,CHEMBL 35
CHEMBL196779,O=C(O)COc1cccc2c1CC[C@](O)(COC(=O)N(c1ccccc1)c1ccccc1)C2,7.94,CHEMBL 35
CHEMBL4865816,C[C@H]([C@H](C(=O)Nc1cc(C[C@H](C)C(=O)O)ccc1Cl)c1ccc(Cl)cc1)C(F)(F)F,9.3,CHEMBL 35
CHEMBL4461649,NCC1(c2cccc(-c3ccnc4[nH]nc(C(F)(F)F)c34)c2)COC1,6.2,CHEMBL 35
CHEMBL180697,O=C(NCC1CCN(CCCS(=O)(=O)N2CCNCC2)CC1)c1cccc2c1OCCO2,37,CHEMBL 35
CHEMBL360245,CCCS(=O)(=O)N1CCN(S(=O)(=O)CCCN2CCC(CNC(=O)c3cccc4c3OCCO4)CC2)CC1,0.7,CHEMBL 35
CHEMBL181928,O=C(NCC1CCN(CCCS(=O)(=O)N2CCCCC2)CC1)c1cccc2c1OCCO2,0.5,CHEMBL 35
CHEMBL2031465,Cc1ccc(C(=O)NC2CC2)cc1-n1cnc2ccc(N3CCN(C)CC3)cc2c1=O,1.7,CHEMBL 35
CHEMBL180201,CCCC1CCN(S(=O)(=O)CCCN2CCC(CNC(=O)c3cccc4c3OCCO4)CC2)CC1,0.5,CHEMBL 35
CHEMBL368876,CN1CCN[C@H](C(=O)N[C@H](Cc2ccc(F)cc2)C(=O)N2CCC(C(=O)NC(C)(C)C)(C3CCCCC3)CC2)C1,4.1,CHEMBL 35
CHEMBL4640438,O=C(N[C@H]1CN(S(=O)(=O)c2ccccc2)C[C@@H]1C(=O)N[C@H]1CCCNC1)c1cc(-c2ccccc2)on1,14,CHEMBL 35
CHEMBL187319,Cc1nc2cc(OC[C@H](O)CN3CCN(Cc4noc(-c5ccc(C(F)(F)F)cc5)n4)CC3)ccc2s1,13.6,CHEMBL 35
CHEMBL362582,O=C(NCC1CCN(CCCS(=O)(=O)N2CCOCC2)CC1)c1cccc2c1OCCO2,1,CHEMBL 35
CHEMBL435381,COc1ccc(-c2c(Cl)ncn2-c2ccc(S(N)(=O)=O)cc2)cc1F,5,CHEMBL 35
CHEMBL181979,C[C@@H](O)[C@H]1C(=O)N2C(C(=O)O)=C(S[C@@H]3CN[C@H](/C=C/c4cc(C(=O)[O-])no4)C3)[C@H](C)[C@H]12.[Na+],0.6833,CHEMBL 35
CHEMBL188937,COc1cc(C(=O)NC2CCCN(Cc3ccc4c(c3)OCO4)C2)cc(OC)c1C,4.5,CHEMBL 35
CHEMBL186151,Fc1cc(Oc2cccnc2)cc(-n2nnc(-c3ccccn3)n2)c1,2.3,CHEMBL 35
CHEMBL198362,O=C(NC[C@H]1CN(c2ccc(N3CCOCC3=O)cc2)C(=O)O1)c1ccc(Cl)s1,0.9,CHEMBL 35
CHEMBL360531,O=C(NCC1CCN(CCCS(=O)(=O)N2CCN(c3ccccn3)CC2)CC1)c1cccc2c1OCCO2,0.7,CHEMBL 35
CHEMBL182999,CC(C)N1CCN(S(=O)(=O)CCCN2CCC(CNC(=O)c3cccc4c3OCCO4)CC2)CC1,3,CHEMBL 35
CHEMBL191149,CCCc1cc2c(=O)n(C)oc2c(CCC)c1O[C@H](C(=O)O)c1ccc(C(C)C)cc1,1.6,CHEMBL 35
CHEMBL364366,Cc1nc2cc(OC[C@H](O)CN3CCN(Cc4noc(-c5ccc(C(F)(F)F)cc5)n4)C[C@@H]3C)ccc2s1,65,CHEMBL 35
CHEMBL186009,COC(=O)NCCCOc1ccc(C[C@H](NC(=O)O[C@H]2CO[C@H]3OCC[C@H]32)[C@H](O)CN(CC(C)C)S(=O)(=O)c2ccc3c(c2)OCO3)cc1,1.1,CHEMBL 35
CHEMBL192530,CCN1c2ncc(CCOc3ccc(C(=O)O)cc3C)cc2C(=O)N(C)c2cccnc21,5.9,CHEMBL 35
CHEMBL4764485,COc1cc(-c2ncc(COc3cccc([C@@H](CC(=O)O)C4CC4)c3)nc2CC(C)C)c(F)cn1,4.82,CHEMBL 35
CHEMBL180632,CN1CCN(S(=O)(=O)CCCN2CCC(CNC(=O)c3cccc4c3OCCO4)CC2)CC1,6.6,CHEMBL 35
CHEMBL4639111,O=C(N[C@H]1CN(S(=O)(=O)c2ccccc2)C[C@@H]1C(=O)N[C@H]1CCCNC1)c1cc(-c2ccccc2Cl)on1,15,CHEMBL 35
CHEMBL179702,C[C@@H]1CC[C@@H](C)N1CCCOc1ccc(-c2ccc(C(=O)N3CCOCC3)cc2)cc1,2.6,CHEMBL 35
CHEMBL187557,CCCc1cc(C(=O)CC)cc(CCC)c1O[C@H](C(=O)O)c1ccc(C(C)C)cc1,2.5,CHEMBL 35
CHEMBL178853,CC(=O)c1cccc(-c2ccc3oc(CCN4CCC[C@H]4C)cc3c2)c1,6.5,CHEMBL 35
CHEMBL360240,C[C@]1(C(=O)O)CCc2ccc(OCCCOc3ccc(OCC(F)(F)F)cc3Cl)cc2O1,6.2,CHEMBL 35
CHEMBL189054,CN1CCCC(CN(C)C(=O)Cn2c(-c3ccccc3)c(C3CCCCC3)c3ccc(C(=O)O)cc32)C1,1.2,CHEMBL 35
CHEMBL4641215,Cc1nc(-c2cccc(C(F)(F)F)c2)sc1C(=O)N[C@H]1CN(S(=O)(=O)c2ccccc2)C[C@@H]1C(=O)N[C@H]1CCCNC1,18.9,CHEMBL 35
CHEMBL189856,COc1ccc(-c2c(Cl)ncn2-c2ccc(S(=O)(=O)NP(=O)(O)O)cc2)cc1F,4.9,CHEMBL 35
CHEMBL180680,O=C(NCC1CCN(CCCS(=O)(=O)N2CCN(c3ccc(F)cc3)CC2)CC1)c1cccc2c1OCCO2,0.7,CHEMBL 35
CHEMBL184227,COc1cc2c(N3CCN(/C(S)=N\Cc4ccc5c(c4)OCO5)CC3)ncnc2cc1OCCN1CCCCC1,15.7,CHEMBL 35
CHEMBL189610,COC(=O)NCCOc1ccc(C[C@H](NC(=O)O[C@H]2CO[C@H]3OCC[C@H]32)[C@H](O)CN(CC(C)C)S(=O)(=O)c2ccc3c(c2)OCO3)cc1,0.6,CHEMBL 35
CHEMBL190075,NCc1ccc(Cl)cc1CNC(=O)[C@@H]1CCCN1C(=O)C1(O)c2ccccc2-c2ccccc21,13,CHEMBL 35
CHEMBL4792347,CNCCOc1ccccc1C(C)(C)Nc1nccn(-c2cc(C(=O)NC3CC3)ccc2C)c1=O,6.6,CHEMBL 35
CHEMBL183129,O=C(Nc1ccccc1)Nc1ccc(C[C@@H](CO)NC[C@H](O)COc2ccccc2)cc1,8.1,CHEMBL 35
CHEMBL5188931,Cc1nc(N2CCC3(CC2)CO[C@@H](C)[C@H]3N)c(Cl)c(=O)n1-c1cccc(Cl)c1Cl,5.5,CHEMBL 35
CHEMBL5196403,Cc1nc(N2CCC3(CC2)CO[C@@H](C)[C@H]3N)cc(=O)n1-c1cccc(Cl)c1Cl,8.6,CHEMBL 35
CHEMBL3707392,O=C1c2cc(-c3ccc(OC(F)(F)F)cc3)ccc2OCCN1Cc1ncccn1,27.9,CHEMBL 35
CHEMBL132589,O=C([O-])COc1cccc(C[C@@H]2CCCC=C2c2nc(-c3ccccc3)c(-c3ccccc3)o2)c1.[Na+],3,CHEMBL 35
CHEMBL178,COc1cccc2c1C(=O)c1c(O)c3c(c(O)c1C2=O)C[C@@](O)(C(C)=O)C[C@@H]3O[C@H]1C[C@H](N)[C@H](O)[C@H](C)O1,24.2,CHEMBL 35
CHEMBL1275685,CO[C@H]1/C=C/O[C@@]2(C)Oc3c(C)c(O)c4c(O)c(c(/C=N/N5CCC(N(C)C6([C@@H]7CCN(c8c(F)cn9c(=O)c(C(=O)O)cc(C%10CC%10)c9c8C)C7)CC6)CC5)c(O)c4c3C2=O)NC(=O)/C(C)=C\C=C\[C@H](C)[C@H](O)[C@@H](C)[C@@H](O)[C@@H](C)[C@H](OC(C)=O)[C@@H]1C,1.6,CHEMBL 35
CHEMBL351231,C[C@@H]1CCCN1CCc1cc2cc(-c3ccc(C#N)cc3)ccc2o1,8.3,CHEMBL 35
CHEMBL197801,O[C@@H]1[C@H](O)CO[C@H]1n1cc(-c2ccccc2)c2c(Nc3ccc(F)cc3)ncnc21,3.9,CHEMBL 35
CHEMBL4647791,Cc1nc2c(-c3nnc[nH]3)cc(-c3ccnc(C#N)c3)cc2n1-c1ccnc2c(F)ccc(F)c12,5.5,CHEMBL 35
CHEMBL4858934,C[C@H]([C@H](C(=O)Nc1cc(CC2(C(=O)O)CC2)ccc1Cl)c1ccc(Cl)cc1)C(F)(F)F,11,CHEMBL 35
CHEMBL4209095,CN1CC[C@@](O)(C#Cc2cccc(-n3nc(C(N)=O)c4cccnc43)c2)C1=O,0.46,CHEMBL 35
CHEMBL1117,CC(=O)[C@]1(O)Cc2c(O)c3c(c(O)c2[C@@H](O[C@H]2C[C@H](N)[C@H](O)[C@H](C)O2)C1)C(=O)c1ccccc1C3=O,18.9,CHEMBL 35
CHEMBL558198,CN(C)Cc1nccn1-c1ccc(NC(=O)c2cc(C(F)(F)F)nn2-c2ccc3onc(N)c3c2)c(F)c1.Cl,3.4,CHEMBL 35
CHEMBL91636,CC(C)C[C@H]1C(=O)N[C@H](C(=O)NCC(=O)N2CCOCC2)CCCCNC(=O)OCCC[C@@H]1C(=O)NO,1,CHEMBL 35
CHEMBL53463,COc1cccc2c1C(=O)c1c(O)c3c(c(O)c1C2=O)C[C@@](O)(C(=O)CO)C[C@@H]3O[C@H]1C[C@H](N)[C@H](O)[C@H](C)O1,0.09,CHEMBL 35
CHEMBL474260,CC(=O)[C@]1(O)Cc2c(O)c3c(c(O)c2[C@@H](O[C@H]2C[C@H](N)[C@H](O)[C@H](C)O2)C1)C(=O)c1c(O)cccc1C3=O,12.1,CHEMBL 35
CHEMBL356359,CCCCN1CCC(CNC(=O)c2c3n(c4ccccc24)CCCO3)CC1,7.1,CHEMBL 35
CHEMBL53463,COc1cccc2c1C(=O)c1c(O)c3c(c(O)c1C2=O)C[C@@](O)(C(=O)CO)C[C@@H]3O[C@H]1C[C@H](N)[C@H](O)[C@H](C)O1,21.5,CHEMBL 35
CHEMBL1117,CC(=O)[C@]1(O)Cc2c(O)c3c(c(O)c2[C@@H](O[C@H]2C[C@H](N)[C@H](O)[C@H](C)O2)C1)C(=O)c1ccccc1C3=O,0.1,CHEMBL 35
CHEMBL191003,Nc1nc(Nc2ccc(S(N)(=O)=O)cc2)nn1C(=O)c1c(F)cccc1F,3.89,CHEMBL 35
CHEMBL362909,CCN(CC)C1CCN(C(=O)Cn2c(-c3ccc(Cl)cc3)c(C3CCCCC3)c3ccc(C(=O)O)cc32)CC1,5,CHEMBL 35
CHEMBL5405484,CN1C(=O)[C@](O)(C#Cc2cccc(-n3nc(C(N)=O)c4cccnc43)c2)[C@H]2C[C@H]21,4.8,CHEMBL 35
CHEMBL251030,O=c1[nH]c(CCCN2CC=C(c3ccc(F)cc3)CC2)nc2c(Cl)cccc12,6,CHEMBL 35
CHEMBL474260,CC(=O)[C@]1(O)Cc2c(O)c3c(c(O)c2[C@@H](O[C@H]2C[C@H](N)[C@H](O)[C@H](C)O2)C1)C(=O)c1c(O)cccc1C3=O,0.3383,CHEMBL 35
CHEMBL364838,COC[C@@H](NC(=O)c1ccc(Cl)s1)C(=O)Nc1ccc(N2CCOCC2=O)c(C)c1,0.57,CHEMBL 35
CHEMBL1829173,CC#C[C@@H](CC(=O)O)c1ccc(OCc2cccc(-c3ccc(C(F)(F)F)cc3)c2)cc1,7.2,CHEMBL 35
CHEMBL3544964,Cn1nccc1Nc1nccc(-c2ccn([C@H](CO)c3ccc(Cl)c(F)c3)c(=O)c2)n1,6.8,CHEMBL 35
,COCc1nn(cc1C(=O)NCc1c(ccc(c1F)OC)F)Cc1ccc(cc1)CN1C=CC=CC1=O,0.50 ,10.1021/acs.molpharmaceut.4c00406
,COc1ccnc(c1F)CNC(=O)c1cn(nc1C(F)(F)F)Cc1ccc(cc1)CN1C=CC=CC1=O,0.90 ,10.1021/acs.molpharmaceut.4c00406
,COCc1nn(cc1C(=O)NCc1nccc(c1F)OC)Cc1ccc(cc1)CN1C=CC=CC1=O,1.00 ,10.1021/acs.molpharmaceut.4c00406
,Cc1cc(cc(n1)C#Cc2ccc3c4C(=O)c5ccc(NS(=O)(=O)C)cc5C(C)(C)c4oc3c2)C(=O)NC(C)(C)C,12.70 ,10.1021/acs.molpharmaceut.4c00406
,C[C@@H]1C[C@@H](CCO1)N1C(=N)N[C@@](C)(CC1=O)c1cccc(c1Cl)Nc1ccc(nc1)C1CC1,20.00 ,10.1021/acs.molpharmaceut.4c00406
,C[C@@H]1C[C@@H](CCO1)N1C(=N)N[C@@](C)(CC1=O)c1cccc(c1Cl)NC(=O)c1cccc(c1)C#N,17.00 ,10.1021/acs.molpharmaceut.4c00406
,CC(C)C[C@](C)(N)COC(C(C(F)F)=N1)=CC=C1C2=CC=NC(C(F)F)=C2,4.80 ,10.1021/acs.molpharmaceut.4c00406
,O=C1C(N2)=C3C(C4=C1C(O)=C(C)C(O[C@]5(C)O/C=C/[C@H](OC)[C@@H](C)[C@@H](OC(C)=O)[C@H](C)[C@H](O)[C@H](C)[C@@H](O)[C@@H](C)/C=C/C=C(C)\C2=O)=C4C5=O)=NC6(CCN(CCN7C([N+]([O-])=O)=CN=C7C)CC6)N3,3.90 ,10.1021/acs.molpharmaceut.4c00406
,NC1=NN2C=CC(C3=CC(CN([C@H](C4CC4)C)C5=O)=C5C(OC(F)F)=C3)=NC2=C1C(N[C@@H]6CC[C@@](O)(C)CC6)=O,3.50 ,10.1021/acs.molpharmaceut.4c00406
,NC1=NN2C=CC(C3=CC(CN([C@H](C4CC4)C)C5=O)=C5C(OC(F)(F)F)=C3)=NC2=C1C(N[C@@H]6CC[C@@](O)(C)CC6)=O,4.85 ,10.1021/acs.molpharmaceut.4c00406
,Cc1nc(C)c(-c2ccc(OCCc3ccc(F)cc3)cc2)c(N2CCC(C)(C)CC2)c1[C@H](OC(C)(C)C)C(O)=O,5.10 ,10.1021/acs.molpharmaceut.4c00406
,O=C(NC1=NN(CP(OCC)(OCC)=O)C=C1)C2=CC(OC(C)C)=CC(OC3=CN=C(C(N4CCC4)=O)C=N3)=C2,1.80 ,10.1021/acs.molpharmaceut.4c00406
,NC1=C(Cl)C=C(C(CO)NC(C)(C)C)C=C1C(F)(F)F.Cl,9.78 ,10.1021/acs.molpharmaceut.4c00406
,O=C(C1=CN(C)N=C1)NC1CCC2C=C(C=CC=21)C1N=C(CC)ON=1,33.80 ,10.1021/acs.molpharmaceut.4c00406
,O=C1N(CC2=NC3=C(C=CC(CN)=C3)N2CCCC(F)(F)F)C4=CC(F)=CC=C4C15CC5,7.40 ,10.1021/acs.molpharmaceut.4c00406
,O=C1N(CC2=NC3=C(C=CC(CN)=C3)N2C4CCOCC4)C5=CC(F)=CC=C5C16CC6,3.10 ,10.1021/acs.molpharmaceut.4c00406
,O=C(C1(CC1)C2=CC=CC=C2F)NC(C=C3)=NN3C4=CC=NC(F)=C4,3.50 ,10.1021/acs.molpharmaceut.4c00406
,O=C1N2[C@H]([S@@](C)=O)CC[C@@H](N1O[C@H](F)C(O)=O)C2,0.90 ,10.1021/acs.molpharmaceut.4c00406
,FC(F)(F)CN1CCN(NC2=C(C(OCC)=O)C(/C(O2)=C/C3=CNC4=C3C=CC=N4)=O)CC1,4.80 ,10.1021/acs.molpharmaceut.4c00406
,FC1=C2C(C=CN(C3=C(CO)C(C4=NC(N)=NC5=C4C=C(C6=CCN(C7COC7)CC6)N5)=CC=C3)C2=O)=CC(C8CC8)=C1,1.29 ,10.1021/acs.molpharmaceut.4c00406
,C[C@@]1(N=C(N)SC=C1)C2=CC(NC(C3=NC=C(C#N)C=C3)=O)=CC=C2F,8.48 ,10.1021/acs.molpharmaceut.4c00406
,CCS(=O)(=O)C1=CC=C(CNC(=O)C2=CC=C3N(CCF)C(CC4=CC=C(Cl)C=C4C(F)(F)F)=CC3=C2)C=C1,8.80 ,10.1021/acs.molpharmaceut.4c00406
,CCS(=O)(=O)C1=CC=C(CNC(=O)C2=CC=C3N(C(C)C)C(CC4=CC=C(Cl)C=C4C(F)(F)F)=CC3=C2)C=C1,0.88 ,10.1021/acs.molpharmaceut.4c00406
,CCOC1=CC(NC(=O)NCC2=NN=C(C3=CN(C)N=C3C(F)(F)F)C(C)=C2)=CC(Cl)=N1,3.10 ,10.1021/acs.molpharmaceut.4c00406
,CCOC1=CC(NC(=O)NCC2=NN=C(C3=CN(C)N=C3C(F)(F)F)C(C)=C2)=CC(=N1)C(F)(F)F,7.60 ,10.1021/acs.molpharmaceut.4c00406
,CCOC1=C(C)C(NC(=O)NCC2=NN=C(C3=CN(C)N=C3C(F)(F)F)C(C)=C2)=CC(C)=N1,1.60 ,10.1021/acs.molpharmaceut.4c00406
,OB1OCC2=CC=C(NC(C3=C(C)N(C4=CC=CC=N4)N=N3)=O)C=C21,1.50 ,10.1021/acs.molpharmaceut.4c00406
,OC(=O)[C@@H](c1c(c2[n]cc3[n]c[n](c3c2)[C@@H](c2c(c(C3CC3)ccc2Cl)Cl)C)cccc1)C,0.60 ,10.1021/acs.molpharmaceut.4c00406
,O=C(C1=CC=CC=C1N2CC3=CC=C(F)C(C(N4CCN(CC)[C@H](CC)C4)=O)=C3)NC2=O,1.37 ,10.1021/acs.molpharmaceut.4c00406
,FC1=CC=C(OCC(F)F)C([C@@H](C)NC2=NC3=C(C4=CN(CCO)N=C4)C=NN3C=C2)=C1,7.20 ,10.1021/acs.molpharmaceut.4c00406
,Cc1cc(cc2cn[nH]c12)C[C@@H](NC(=O)N1CCC2(CC1)OC(=O)Nc1ncccc12)C(=O)N[C@@H](CC1CCNCC1)C(=O)N1CCN(CC1)c1ccncc1,1.20 ,10.1021/acs.molpharmaceut.4c00406
,CC(C)[C@@H](NC(=O)c1cc(ccc1F)C(F)(F)F)C(=O)N1CCC2(CC1)N(C(=O)N(C)C2=O)c1ccc2[nH]ncc2c1,4.10 ,10.1021/acs.molpharmaceut.4c00406
,NC1=C(C(COC2=CC3=C(C=C2)N=C(S3)N[C@@H]4CCCC[C@H]4O)=CC=N1)Cl,4.80 ,10.1021/acs.molpharmaceut.4c00406
,N1(C=C(C=N1)NC1N=CC=C(COC2C=C3C(=C(C=2)OC)N=C(NC2[C@H](CCCC2)O)S3)N=1)C,1.37 ,10.1021/acs.molpharmaceut.4c00406
,COC[C@](CO)(OC[C@H]1O[C@H]([C@H](O)[C@@H]1O)n1ncc2c(nc(nc12)Cl)NC1CCCC1)P(=O)(O)O,0.82 ,10.1021/acs.molpharmaceut.4c00406
,ClC1=CC=CC2=C1C(N(C3)CCC4=C3N=C(OC[C@H]5N(C)CCC5)N=C4N6CCN(C(C=C)=O)[C@@H](CC#N)C6)=CC=C2,0.83 ,10.1021/acs.molpharmaceut.4c00406
,O=C(C=C)N([C@@H](CC#N)C1)CCN1C2=NC(OC[C@H]3N(C)CCC3)=NC4=C2CCN(C5=CC=CC6=C5C(C)=CC=C6)C4,0.97 ,10.1021/acs.molpharmaceut.4c00406
,O=C(C(=C)F)N1CCN(C[C@@H]1CC#N)C1C2CCN(CC=2N=C(N=1)OC[C@@H]1CCCN1C)C1=CC=CC2=C1C(=CC=C2)Cl,7.56 ,10.1021/acs.molpharmaceut.4c00406
,n1c(cc(nc1N1[C@H](CC1)C)N1C[C@H]2[C@H](C1)[C@H]2CC(O)=O)C(F)(F)F,5.57 ,10.1021/acs.molpharmaceut.4c00406
,CN(CCN(C)C)C1=CC=C(C#N)C(CN2CCN(C3=CC=C(Cl)C=C3)CC2)=C1,7.28 ,10.1021/acs.molpharmaceut.4c00406
,O=C1N=C(OC[C@@H]2COCCO2)C=C2N1CCC1=C2C=CC(=C1)C#CC1CC1,1.40 ,10.1021/acs.molpharmaceut.4c00406
,CN(N=C1)C=C1NC2=NC=CC(C3=CC=C(CNC(N4CC(OC(C)C)C4)=O)C(C)=C3)=N2,2.10 ,10.1021/acs.molpharmaceut.4c00406
,NC1=NC2=C(N=CC(F)=C2)C(N[C@](C)(CCCC)CO)=N1,1.32 ,10.1021/acs.molpharmaceut.4c00406
,C[C@H]1CN(C(CC#N)=O)[C@@]11CN(CC1)C1=C2C=CNC2=NC=N1,2.30 ,10.1021/acs.molpharmaceut.4c00406
,O=C([C@@H](CN(CC1CC1)CC1)[C@H]1NC(c1noc(-c(ccc(F)c2)c2F)c1)=O)NC1(CC1)c1ncccn1,6.60 ,10.1021/acs.molpharmaceut.4c00406
,ClC1=C2C(=CC=C1)C=C([C@H](C)NC1=C3C(NC=N3)=NC=N1)N(C1=CC=CC=C1)C2=O,1.83 ,10.1021/acs.molpharmaceut.4c00406
,FC1=C2C(=CC=C1)N=C([C@H](CC)NC1=C3C(NC=N3)=NC=N1)N(C1C=CC=CC=1)C2=O,2.31 ,10.1021/acs.molpharmaceut.4c00406
,O=C1C(C2=CC=CC=C2)=C(C(C)NC3=NC(N)=NC(N)=C3C#N)C(C4=CC=C(F)C=C4)=C5C=CC(F)=CN51,6.40 ,10.1021/acs.molpharmaceut.4c00406
,N1C(C2C=C(C=C3C=2C2=C([C@](C)4CCCN4C/C/2=N/1)N3)F)=O,2.07 ,10.1021/acs.molpharmaceut.4c00406
,O=C(NCC(O)=O)C1=NC=C(C#CCOC2=CC=C(Cl)C=C2)C=C1O,2.91 ,10.1021/acs.molpharmaceut.4c00406
,CC#C[C@]1(O)CC[C@H]2[C@@H]3CCC4=CC(=O)CC[C@]4(C)[C@H]3[C@H](C[C@@]21C)c1ccc(cc1)N(C)C,16.20 ,10.1021/acs.molpharmaceut.4c00406
,O=C1[C@@H](C)N(C2CCCC2)C3=CC(C4=NC(C(N5C[C@H](C)N[C@H](C)C5)=O)=NN4C6=CC=C(C)C=C6)=CC=C3N1C,9.40 ,10.1021/acs.molpharmaceut.4c00406
,ClC(C=C1)=C2N1N=C([C@H]3N(C4=NC(N)=NC=C4C(C)=O)CC3)N(C5=CC=CC=C5)C2=O,6.30 ,10.1021/acs.molpharmaceut.4c00406
,O[C@H](C[C@H]1C2=C(C3=CN=CN31)C=CC=C2F)[C@H]4CC[C@H](O)CC4,2.20 ,10.1021/acs.molpharmaceut.4c00406
,O[C@H](C[C@H]1C2=C(C3=CN=CN31)C=CC=C2F)[C@H]4CC[C@H](O)CC4,1.60 ,10.1021/acs.molpharmaceut.4c00406
,O[C@H](C[C@H]1C2=C(C3=CN=CN31)C=CC=C2F)[C@H]4CC[C@H](O)CC4,4.80 ,10.1021/acs.molpharmaceut.4c00406
,O[C@H](C[C@H]1C2=C(C3=CN=CN31)C=CC=C2F)[C@H]4CC[C@H](O)CC4,6.90 ,10.1021/acs.molpharmaceut.4c00406
,COc1nc(N[C@@H](C)C2=Cc3cc(Cl)ccc3NC2=O)ncc1C#N,5.20 ,10.1021/acs.molpharmaceut.4c00406
,COc1c(Cl)cc(c2c1)C=C([C@@H](Nc3nc(OC)c(C#N)cn3)C)C(=O)N2,6.20 ,10.1021/acs.molpharmaceut.4c00406
,OC1(CCS(=O)(=O)CC1)C(=O)N1CC[C@@]2([C@H]1CCC1=C2C=CC(=C1)C(F)(C(F)(F)F)C(F)(F)F)S(=O)(=O)C1=CC=C(F)C=C1,87.00 ,10.1021/acs.molpharmaceut.4c00406
,O=C([C@H](C(C)C)NC(OC)=O)N(CCC1)[C@@H]1C2=NC=C(N2)C3=CC(CC4)=C(C(S5)=C4C=C5C6=CN=C([C@H]7N(C([C@H](C(C)C)NC(OC)=O)=O)CCC7)N6)C=C3,4.00 ,10.1021/acs.molpharmaceut.4c00406
,O=C([C@H](C(C)C)NC(OC)=O)N(CCC1)[C@@H]1C2=NC=C(N2)C3=CC(C=C4)=C(C(S5)=C4C=C5C6=CN=C([C@H]7N(C([C@H](C(C)C)NC(OC)=O)=O)CCC7)N6)C=C3,4.00 ,10.1021/acs.molpharmaceut.4c00406
,O=C([C@H](C(C)C)NC(OC)=O)N(CCC1)[C@@H]1C2=NC=C(N2)C3=CC(OC4)=C(C(S5)=C4C=C5C6=CN=C([C@H]7N(C([C@H](C(C)C)NC(OC)=O)=O)CCC7)N6)C=C3,3.00 ,10.1021/acs.molpharmaceut.4c00406
,CCNC1=N[C@@H]2[C@@H](O)[C@H](O)[C@@H](C(F)F)O[C@@H]2S1,2.30 ,10.1021/acs.molpharmaceut.4c00406
,C[C@]1([C@@H](F)[C@@H](C)SC(N)=N1)C2=CC(NC(C3=NC=C(OCF)N=C3)=O)=CC=C2F,13.70 ,10.1021/acs.molpharmaceut.4c00406
,O=C1NC(C2=CC(NC(CN3CCN(C)CC3)=O)=CC=C2OCCC)=NC(CC)=C1CC,4.50 ,10.1021/acs.molpharmaceut.4c00406
,NC(C1=CC(F)=C(N2CCC[C@H](NC(C#CC)=O)C2)C3=C1NC(C)=C3C)=O,3.00 ,10.1021/acs.molpharmaceut.4c00406
,[2H]C([2H])([2H])NC(=O)C1=NN=C(NC(=O)C2CC2)C=C1NC1=CC=CC(C2=NN(C)C=N2)=C1OC,4.60 ,10.1021/acs.molpharmaceut.4c00406
,O[C@H]([C@H](F)[C@@H]1F)C2=C1C(OC3=CC(C#N)=CC(F)=C3)=CC=C2S(C)(=O)=O,14.00 ,10.1021/acs.molpharmaceut.4c00406
,CCNC(=O)c(c1)[nH]c(c12)c(=O)n(C)cc2-c3c(ccc(c3)S(=O)(=O)CC)Oc(c4C)c(C)ccc4,3.7,10.1021/acs.molpharmaceut.4c00406
,CO[C@H](C)[C@H](NC(=O)OC)C(=O)N1[C@H]2CCC[C@H]2C[C@H]1c1ncc([nH]1)-c1ccc-2c(c1)-c1ccc(cc-21)-c1cnc([nH]1)[C@@H]1C[C@@H]2CCC[C@@H]2N1C(=O)[C@@H](NC(=O)OC)[C@@H](C)OC,5.2,10.1021/acs.molpharmaceut.4c00406
,CC1=C(C2=CC=C(OC)C=C2)SC(C(CC)=O)=C1C3=CC=C(S(=O)(N)=O)C=C3,2,10.1021/acs.molpharmaceut.4c00406
,CC1=C(C2=CC=C(Cl)C=C2)SC(C(CC)=O)=C1C3=CC=C(S(=O)(N)=O)C=C3,88,10.1021/acs.molpharmaceut.4c00406
,C[C@H]1Cc2c(CN1C(=O)c3cccc(c3F)C(F)(F)F)nnn2c4ncc(F)cn4 {A2=S},8.80 ,10.1021/acs.molpharmaceut.4c00406
,O=C(C1=CC=CC(C(F)(F)F)=C1Cl)N2[C@@H](C)CC3=C(N=NN3C4=CSC=C4)C3,21.20 ,10.1021/acs.molpharmaceut.4c00406
,ClC1=C(N2CC[C@@H](OC3=CC=C(N4[C@@H](CC(O)=O)[C@H](C)C(C(F)(F)F)=N4)C=C3)[C@H](C)C2)C=C(OC)N=C4,5.20 ,10.1021/acs.molpharmaceut.4c00406
,FC1=C(N2CC[C@@H](OC3=CC=C(N4[C@@H](CC(O)=O)[C@H](C)C(C(F)(F)F)=N4)C=C3)[C@H](C)C2)C=C(OCC)C=C4,7.30 ,10.1021/acs.molpharmaceut.4c00406
,Cc1nc(c2n1ncnc2N3CCC3)c4cnn(c4c5ccc(cn7)C(F)(F)F)C,5.00 ,10.1021/acs.molpharmaceut.4c00406
,N1([C@@H](CO[C@@H](C1)CC#N)c1ccccc1)c1nc2c(cc1)OCC(N3)=O,17.70 ,10.1021/acs.molpharmaceut.4c00406
,CC(C)(C)C1=CC(N2C(NC(C=C2)=O)=O)=CC(/C=C/C3=CC=C(NS(=O)(C)=O)C=C3)=C4OC,5.50 ,10.1021/acs.molpharmaceut.4c00406
,FC1=CC(Br)=C([C@H]2C(C(OCC)=O)=C(CN3C[C@@H](CCC(O)=O)OCC3)NC(C4=NC=CS4)=N2)C=C1,5.71 ,10.1021/acs.molpharmaceut.4c00406
,CC1(C)Cc2c(C(=O)N)c(NC(=O)c3ccn[nH]3)sc2C(C)(C)O3,3.00 ,10.1021/acs.molpharmaceut.4c00406
,c1cc(ccc1[C@H]2C[C@H](c3ccc(cc3O2)OC(F)F)NC(=O)C4(CC4)c5ccc6c(c5)OC(O8)(F)F)C(=O)O,5.00 ,10.1021/acs.molpharmaceut.4c00406
,O=C(CC[C@H](C(N)=O)NC([C@H](C)NC(/C=C/C1=CC=C(F)C=C1Cl)=O)=O)N[C@@H](CCCCNC(CCC(O[C@H]([C@@H](NC(OC(C)(C)C)=O)C2=CC=CC=C2)C(O[C@@H]3C(C)=C4C(C)(C)[C@@]([C@@H](OC(C5=CC=CC=C5)=O)[C@@]([C@@](CO6)(OC(C)=O)[C@@]6([H])C[C@@H]7O)([H])[C@]7(C)C([C@@H]4O)=O)(O)C6)=O)=O)=O)C(O)=O,0.36 ,10.1021/acs.molpharmaceut.4c00406
,O=C(CC[C@H](C(N)=O)NC([C@H](C)NC(/C=C/C1=CC=C(F)C=C1Cl)=O)=O)N[C@@H](CCCCNC(CCC(O[C@H]([C@@H](NC(OC(C)(C)C)=O)C2=CC=CC=C2)C(O[C@@H]3C(C)=C4C(C)(C)[C@@]([C@@H](OC(C5=CC=CC=C5)=O)[C@@]([C@@](CO6)(OC(C)=O)[C@@]6([H])C[C@@H]7O)([H])[C@]7(C)C([C@@H]4O)=O)(O)C7)=O)=O)=O)C(O)=O,0.51 ,10.1021/acs.molpharmaceut.4c00406
,O=C(CC[C@H](C(N)=O)NC([C@H](C)NC(/C=C/C1=CC=C(F)C=C1Cl)=O)=O)N[C@@H](CCCCNC(CCC(O[C@H]([C@@H](NC(OC(C)(C)C)=O)C2=CC=CC=C2)C(O[C@@H]3C(C)=C4C(C)(C)[C@@]([C@@H](OC(C5=CC=CC=C5)=O)[C@@]([C@@](CO6)(OC(C)=O)[C@@]6([H])C[C@@H]7O)([H])[C@]7(C)C([C@@H]4O)=O)(O)C8)=O)=O)=O)C(O)=O,0.59 ,10.1021/acs.molpharmaceut.4c00406
,CC1=CCC[C@H]1NC(=O)Nc1ccc(Cl)c(c1O)S(=O)(=O)[C@@]1(C)CCOC2,3.60 ,10.1021/acs.molpharmaceut.4c00406
,CC(F)(C1=CC(F)=CC=C1C2=C(OC3=CC=C(C=C3)/C=C/C(O)=O)C4=CC=C(O)C=C4S7)F,4.10 ,10.1021/acs.molpharmaceut.4c00406
,[C@@H]1([C@]2([C@@]1(CN(C2)C(O[C@H](CO)C(F)(F)F)=O)[H])[H])c1nn(c2ccc(cc2)F)cc2,1.70 ,10.1021/acs.molpharmaceut.4c00406
,CC(C)(C(=O)O)Oc1ccc(cc1)c2cc(c(nc2)N)c3ccc(cc4)Cl,2.00 ,10.1021/acs.molpharmaceut.4c00406
,COC(N[C@@H](C1CCOCC1)C(N2[C@H](C3=NC=C(C4=CC=C(N([C@H](C5=CC=C(N(C)CCO6)C6=C5)O7)C(C8=C7C=C(C9=CN=C([C@@H]%10CCCN%10C([C@H](C(C)C)NC(OC)=O)=O)N9)C=C8F)=C%11)C%11=C4)N3)CCC2)=O)=O,6.10 ,10.1021/acs.molpharmaceut.4c00406
,COC(N[C@@H](C1CCOCC1)C(N2[C@H](C3=NC=C(C4=CC=C(N([C@H](C5=CC=C(C)S5)O6)C(C7=C6C=C(C8=CN=C([C@@H]9CCCN9C([C@H](C(C)C)NC(OC)=O)=O)N8)C=C7F)=C%10)C%10=C4)N3)CCC2)=O)=O,4.50 ,10.1021/acs.molpharmaceut.4c00406
,COC(N[C@@H](C1CCOCC1)C(N2[C@H](C3=NC=C(C4=CC=C(N([C@H](C5=CC=C(C6CC6)S5)O7)C(C8=C7C=C(C9=CN=C([C@@H]%10CCCN%10C([C@H](C(C)C)NC(OC)=O)=O)N9)C=C8F)=C%11)C%11=C4)N3)CCC2)=O)=O,4.20 ,10.1021/acs.molpharmaceut.4c00406
,COC(N[C@@H](C1C[C@H](C)O[C@H](C)C1)C(N2[C@H](C3=NC=C(C4=CC=C(N([C@H](C5=CC=C(C6CC6)S5)O7)C(C8=C7C=C(C9=CN=C([C@@H]%10CCCN%10C([C@H](C(C)C)NC(OC)=O)=O)N9)C=C8F)=C%11)C%11=C4)N3)CCC2)=O)=O,7.20 ,10.1021/acs.molpharmaceut.4c00406
,COC(N[C@@H](C1C[C@@H](C)O[C@H](C)C1)C(N2[C@H](C3=NC=C(C4=CC=C(N([C@H](C5=CC=C(C6CC6)S5)O7)C(C8=C7C=C(C9=CN=C([C@@H]%10CCCN%10C([C@H](C(C)C)NC(OC)=O)=O)N9)C=C8F)=C%11)C%11=C4)N3)CCC2)=O)=O,11.30 ,10.1021/acs.molpharmaceut.4c00406
,COC(N[C@@H]([C@@H]1CCOC(C)(C)C1)C(N2[C@H](C3=NC=C(C4=CC=C(N([C@H](C5=CC=C(C6CC6)S5)O7)C(C8=C7C=C(C9=CN=C([C@@H]%10CCCN%10C([C@H](C(C)C)NC(OC)=O)=O)N9)C=C8F)=C%11)C%11=C4)N3)CCC2)=O)=O,5.80 ,10.1021/acs.molpharmaceut.4c00406
,C[S](=O)(=O)NC1=NN=C2C=C(OCC34CC5CC(CC(C5)C3)C4)C(=C[N]12)C6CC7,0.90 ,10.1021/acs.molpharmaceut.4c00406
,O=[S](=O)(NC1=NN=C2C=C(OCC34CC5CC(CC(C5)C3)C4)C(=C[N]12)C6CC6)C7CC9,1.20 ,10.1021/acs.molpharmaceut.4c00406
,FC1=CC=C(NC(C2=NC=C(C#N)C=C2)=O)C=C1[C@]3(N=C(N)OC(CF)=C7)C,5.75 ,10.1021/acs.molpharmaceut.4c00406
,O=C(N(C1=CN(CC(F)(F)F)N=C1)[C@@H]2C)C3=C2N=C(C4=CN=C(OC)C(OC)=C4)C=C4,3.20 ,10.1021/acs.molpharmaceut.4c00406
,C[C@@]1(N=C(N)CO[C@H]1C(F)(F)F)c2cc(ccc2F)NC(=O)c3ccc(C#N)cn3 {A1=R;A9=R},12.00 ,10.1021/acs.molpharmaceut.4c00406
,[H][C@]12[C@@H](CC[C@@]1(CC[C@]1(C)[C@]2([H])CC[C@]2([H])[C@@]3(C)CC=C(C4=CC=C(C=C4)C(O)=O)C(C)(C)[C@]3([H])CC[C@@]16C)C(=O)NCCC(O)=O)C(C)=C,0.13 ,10.1021/acs.molpharmaceut.4c00406
,CC(C)(C)CNC1=NC(C)=CC2=C1N=C(NC3=C(OCC)C=C(C4=NN=CN4C)C=C3)N=C2,12.00 ,10.1021/acs.molpharmaceut.4c00406
,NC1=NC(NC2=CN(C)N=C2)=NC(C3=CC=CC(N(C=C4)C(C5=C4C=C(C6CC6)C=C5F)=O)=C3CO)=N5,3.91 ,10.1021/acs.molpharmaceut.4c00406
,FC(F)(F)C(OC(=O)N1CCN(CC1)Cc1ccc(cc1N1CCCC3)C(F)(F)F)C(F)(F)F,6.10 ,10.1021/acs.molpharmaceut.4c00406
,O=C(C1CCCC1)N[C@H](C2=CC=CS2)CCN3[C@@H]4C[C@H](N5C(C(C)C)=NN=C5C)C[C@H]3CC5,0.90 ,10.1021/acs.molpharmaceut.4c00406
,CC1=NN=C(C(C)C)N1[C@H](C[C@H]2CC3)C[C@H]3N2CC[C@H](NC(C4CCC(F)(F)CC4)=O)C5=CSC=C6,1.70 ,10.1021/acs.molpharmaceut.4c00406
,CC(C)C(=O)N1CCC(CC1)c2cn(C)c3ncc(NC(=O)c4cccc(c4)C#N)c(c24)C(F)(F)F,39.00 ,10.1021/acs.molpharmaceut.4c00406
