Molecule_Name,Smiles,Mouse_CL__mL_min_kg,Source
CHEMBL196363,Cc1cccc(NC(=O)Nc2ccc(-c3csc4ncnc(N)c34)cc2)c1,20,CHEMBL 35
CHEMBL190614,Cc1nc2n(c1C)N=C(c1ccccc1)c1cc3c(cc1C2)OCO3,54,CHEMBL 35
CHEMBL566534,CO[C@H]1O[C@@H]2O[C@@]3(C)CC[C@H]4[C@H](C)CC[C@@H]([C@H]1C)[C@@]24OO3,114,CHEMBL 35
CHEMBL5401820,Cc1cc(Nc2ncc3ccc(-c4cnc5c(c4C)NCCO5)cc3n2)ccc1C(N)=O,96.67,CHEMBL 35
CHEMBL5190703,CC/C(=C(/c1ccc(/C=C/C(=O)O)cc1)c1[nH]c2ccccc2c1C#N)c1ccc(F)cc1Cl,104,CHEMBL 35
CHEMBL4777223,COc1cccc2[nH]c(C(=O)N[C@@H](CC(C)C)C(=O)N[C@@H](C[C@@H]3CCNC3=O)C(=O)CO)cc12,86.4,CHEMBL 35
CHEMBL4854980,CS(=O)(=O)NC(=O)CCc1cn(-c2ccc(C(F)(F)F)nc2)nc1-c1ccc(Cl)cc1,1872,CHEMBL 35
CHEMBL4217988,N#Cc1cc(S(=O)(=O)Nc2ncns2)ccc1Oc1ccc(-c2cccc(C(F)(F)F)c2)cc1-c1ccnc(CNCCC2CCNCC2)c1,36.5,CHEMBL 35
CHEMBL188757,CCOC(=O)N1CCC2(CC1)OOC1(O2)C2CC3CC(C2)CC1C3,47,CHEMBL 35
CHEMBL179181,CCC(CC)C(=O)Nc1sc2c(c1C#N)CCC(N(C)Cc1ccc(Cl)cc1Cl)C2,50,CHEMBL 35
CHEMBL4527736,CN1CCOc2c1cnn1c(-c3ccc4c(F)ccc(NCC5(F)CCNCC5)c4n3)nnc21,9.333,CHEMBL 35
CHEMBL4846808,CS(=O)(=O)NC(=O)NCc1cn(-c2ccc(Cl)cc2)nc1-c1ccncc1,4878,CHEMBL 35
CHEMBL188629,CC1(C)COC2(CCC3(CC2)OOC2(O3)C3CC4CC(C3)CC2C4)OC1,83,CHEMBL 35
CHEMBL4465351,CC(C)N(C)[C@@H]1CC[C@H](N2CC[C@H](NC(=O)c3cccc(C(F)(F)F)c3)C2=O)[C@H](N(C)S(C)(=O)=O)C1,67,CHEMBL 35
CHEMBL4463138,O=C(NCc1cc(F)cc(Cl)c1)[C@@]1(O)CCN(c2ccc3[nH]ccc3c2)C1=O,4.5,CHEMBL 35
CHEMBL4757046,CCNc1cc(F)cc2c1[nH]c1ncc(-c3cnc(OC)nc3)c(-n3ncc4c3CNC4)c12,51,CHEMBL 35
CHEMBL4439294,O[C@@H]1c2ccnn2CC[C@H]1[C@H]1c2ccccc2-c2cncn21,28,CHEMBL 35
CHEMBL5175217,O=C(Cc1ccccc1)N[C@@H](Cc1coc2ccccc12)B(O)O,3,CHEMBL 35
CHEMBL198876,Cc1ccc(C(=O)Nc2ccon2)cc1Nc1ncnc(NC(C)C)c1C#N,28.33,CHEMBL 35
CHEMBL4636064,CCN1CCN(C(=O)Nc2cc(-c3cn(C4CCOCC4)c4cnccc34)ccn2)CC1,23.5,CHEMBL 35
CHEMBL3349624,CCCCCC[C@H]1OC(=O)CNC(=O)[C@H]([C@H](C)O)NC(=O)[C@H](CO)NC(=O)[C@H]([C@H](C)CC)NC(=O)[C@H](CC(C)C)N(C)C(=O)[C@@H]1C,286,CHEMBL 35
CHEMBL190309,O=C(O)CC(c1ccc2c(c1)OCO2)n1ccc2cc(OCCc3ccc4c(n3)NCCC4)ccc21,13,CHEMBL 35
CHEMBL4741974,CCC[C@H]1C(=O)N[C@@H](C2CCCCCC2)C(=O)N[C@@H](CN)C(=O)N[C@@H](COCCCNCCCN)C(=O)N[C@H](C)CO[C@H](CC2CC3(CCC3)C2)[C@@H](C)C(=O)N1C,12,CHEMBL 35
CHEMBL4871466,CS(=O)(=O)NC(=O)CCc1cn(-c2ccc(Br)cc2)nc1-c1ccc(Cl)cc1,295,CHEMBL 35
CHEMBL2390995,O=C(/C=C/c1ccc2c(c1)C(=O)CC1(CCN(Cc3ccc(F)cc3)CC1)O2)NO,55.83,CHEMBL 35
CHEMBL4586271,COc1cc([C@](O)(CCN(C)C)[C@@H](c2cc3cc(C#N)ccc3nc2OC)c2cccc3c2CCC3)cc(OC)n1,23,CHEMBL 35
CHEMBL4554862,CCOc1cc([C@](O)(CCN(C)C)[C@@H](c2cc3cc(Br)ccc3nc2OC)c2cccc3c2OCCO3)cc(OCC)n1,5.2,CHEMBL 35
CHEMBL4534204,CCOc1cc([C@](O)(CCN(C)C)[C@H](c2ccc(N(CC)CC)nc2)c2cc3cc(Br)ccc3nc2OC)cc(OCC)n1,14,CHEMBL 35
CHEMBL4593713,COc1cnc(OC)c([C@H](c2cc3cc(Br)ccc3nc2OC)[C@@](O)(CCN(C)C)c2cc(OC)nc(OC)c2)c1,25,CHEMBL 35
CHEMBL4460444,O=C(NCc1cc(F)cc(Cl)c1)[C@@]1(O)CCN(c2ccc3[nH]ncc3c2)C1=O,8.833,CHEMBL 35
CHEMBL4450159,O=C(NCc1cc(F)cc(F)c1)[C@@]1(O)CCN(c2ccc3[nH]ncc3c2)C1=O,19.17,CHEMBL 35
CHEMBL4591797,O=C(NCc1cc(F)cc(F)c1)[C@@]1(O)CCN(c2cnc3[nH]cc(Cl)c3c2)C1=O,3.667,CHEMBL 35
CHEMBL4877545,CS(=O)(=O)NC(=O)CCc1cn(-c2ccc(Br)cc2)nc1C1CCOCC1,2071,CHEMBL 35
CHEMBL195723,C=C[C@H]1OC2(CCC3=Cc4c(cnn4-c4ccc(F)cc4)C[C@@]32C)O[C@@H]1C=C,114,CHEMBL 35
CHEMBL4870509,CS(=O)(=O)NC(=O)CCc1cc(-c2ccc(Br)cc2)nn1-c1ccc(Cl)cc1,313,CHEMBL 35
CHEMBL4747331,COC(=O)c1ccc([C@H]2c3[nH]c4ccccc4c3C[C@H](C(=O)OC)N2C(=O)CCl)cc1,478.33,CHEMBL 35
CHEMBL4561342,CCOc1cc([C@](O)(CCN(C)C)[C@@H](c2cc3cc(C#N)ccc3nc2OC)c2cccc3c2OCCO3)cc(OCC)n1,13,CHEMBL 35
CHEMBL4475680,O=C1CCc2cc(N3CC[C@](O)(C(=O)NCc4cc(F)cc(Cl)c4)C3=O)ccc2N1,3,CHEMBL 35
CHEMBL5396156,Cc1cc(Nc2ncc3ccc(-c4cnc5c(c4C)NCCO5)cc3n2)ccc1NC(=O)CN1CCC1,195,CHEMBL 35
CHEMBL4743624,CCNc1cc(F)cc2c1[nH]c1ncc(-c3cncc(C#N)c3)c(-n3cc(CN)c(C(F)(F)F)n3)c12,50,CHEMBL 35
CHEMBL4451402,O=C(NCc1cc(F)cc(F)c1)[C@@]1(O)CCN(c2cnc3[nH]ccc3c2)C1=O,5.333,CHEMBL 35
CHEMBL4543900,COc1cc([C@](O)(CCN(C)C)[C@@H](c2cc3cc(C#N)ccc3nc2OC)c2cccc3c2OCO3)cc(OC)n1,41,CHEMBL 35
CHEMBL4530550,COc1cc([C@](O)(CCN(C)C)[C@@H](c2cc3cc(Br)ccc3nc2OC)c2cccc(C)c2F)cc(OC)n1,10,CHEMBL 35
CHEMBL4580150,CCOc1cc([C@H](c2cc3cc(C#N)ccc3nc2OC)[C@@](O)(CCN(C)C)c2cc(OC)nc(OC)c2)cc(N(C)C)n1,20,CHEMBL 35
CHEMBL4591849,COc1cc([C@](O)(CCN(C)C)[C@H](c2cc(OC)nc(N(C)C)c2)c2cc3cc(C#N)ccc3nc2OC)cc(OC)n1,24,CHEMBL 35
CHEMBL4786367,CCNc1cc(F)cc2c1[nH]c1ncc(-c3cnc(OC)nc3)c(-n3cc(CN)c(C(F)(F)F)n3)c12,48,CHEMBL 35
CHEMBL3040402,CN[C@@H](C)C(=O)N[C@H]1CCc2ccccc2N(Cc2c(OC)ccc3cc(Br)ccc23)C1=O,155,CHEMBL 35
CHEMBL4441166,CN1Cc2cc(Nc3ncc4c(=O)c(-c5c(Cl)cccc5Cl)cn(C)c4n3)ccc2C2(CC2)C1,25,CHEMBL 35
CHEMBL4526558,CN1CCOc2c1cnn1c(-c3ccc4c(F)c(F)cc(NCC5(F)CCNCC5)c4n3)nnc21,3.833,CHEMBL 35
CHEMBL4639616,CSc1cc(C)[nH]c(=O)c1CNC(=O)c1c(C)n([C@H](C)C2CCN(CC(F)(F)F)CC2)c2ccccc12,9.333,CHEMBL 35
CHEMBL4639983,CSc1cc(C)[nH]c(=O)c1CNC(=O)c1c(C)n([C@H](C)[C@H]2CC[C@H](N3CC(OC4CC4)C3)CC2)c2ncccc12,55.83,CHEMBL 35
CHEMBL4534128,CCOc1cc(C(O)(CCN(C)C)C(c2cc3cc(Br)ccc3nc2OC)c2ccnc(OC)c2OC)cc(OC(C)C)n1,7,CHEMBL 35
CHEMBL4575859,COc1nc2ccc(C#N)cc2cc1C(c1cccc(C)c1)C(O)(CCN(C)C)c1cccnc1OC,48,CHEMBL 35
CHEMBL4526974,CC(C)(O)[C@H]1CC[C@H](NC(=O)c2cnc3cc(OC(F)(F)F)ccc3c2)CC1,3.8,CHEMBL 35
CHEMBL4217988,N#Cc1cc(S(=O)(=O)Nc2ncns2)ccc1Oc1ccc(-c2cccc(C(F)(F)F)c2)cc1-c1ccnc(CNCCC2CCNCC2)c1,67.2,CHEMBL 35
CHEMBL4635216,CN[C@@H](C)C(=O)NC1C(=O)N(Cc2c(OC)ccc3cc(Br)ccc23)c2ccccc2CC12CCOCC2,60,CHEMBL 35
CHEMBL2112992,CCC(CC)C(=O)Nc1sc(-c2nc(Cc3ccc(Cl)cc3Cl)no2)c(C)c1C#N,23,CHEMBL 35
CHEMBL4515667,COc1nc2ccc(Br)cc2cc1C(c1cccc2c1OCO2)C(O)(CCN(C)C)c1cccnc1C,44,CHEMBL 35
CHEMBL4553350,COc1cnc(OC)c([C@H](c2cc3cc(C#N)ccc3nc2OC)[C@@](O)(CCN(C)C)c2cc(OC)nc(OC)c2)c1,41,CHEMBL 35
CHEMBL4865617,CS(=O)(=O)NC(=O)CCc1cn(-c2ccc(Br)cc2)nc1-c1cccnc1,8091,CHEMBL 35
CHEMBL4537029,COc1cc([C@](O)(CCN(C)C)[C@H](c2cc(OC)c(OC)nc2OC)c2cc3cc(Br)ccc3nc2OC)cc(OC)n1,25,CHEMBL 35
CHEMBL4542973,COc1cc([C@](O)(CCN(C)C)[C@H](c2cc(SC)nc(SC)c2)c2cc3cc(Br)ccc3nc2OC)cc(OC)n1,6.2,CHEMBL 35
CHEMBL4530411,CCCOc1cc([C@H](c2cc3cc(Br)ccc3nc2OC)[C@@](O)(CCN(C)C)c2cc(OC)nc(OC)c2)cc(OC)n1,4.1,CHEMBL 35
CHEMBL4553146,COc1cc([C@](O)(CCN(C)C)[C@@H](c2cc3cc(Br)ccc3nc2OC)c2cc(OC)nc(OC)c2OC)cc(OC)n1,13,CHEMBL 35
CHEMBL4543668,COc1cc([C@](O)(CCN(C)C)[C@H](c2cc(OC)nc(N(C)C)c2)c2cc3cc(Br)ccc3nc2OC)cc(OC)n1,3.6,CHEMBL 35
CHEMBL4448724,O=C(NCc1cc(F)cc(Cl)c1)[C@@]1(O)CCN(c2cnc3[nH]ccc3c2)C1=O,4.667,CHEMBL 35
CHEMBL4556293,COCCN1CCOc2c1cnn1c(-c3ccc4cccc(NCC5CCNCC5)c4n3)nnc21,21,CHEMBL 35
CHEMBL4746685,CCC[C@H]1C(=O)N[C@@H](C2CCCCCC2)C(=O)N[C@@H](CN)C(=O)N[C@@H](COCCCNCCCN)C(=O)N[C@H](C)CO[C@H](CC2C[C@H]3CC[C@@H](C2)C3)[C@@H](C)C(=O)N1C,68,CHEMBL 35
CHEMBL5426319,CC(=O)N1CC2(CC2)C[C@H]1C(=O)N[C@@H](C[C@@H]1CCNC1=O)C(=O)COC(F)(F)F,71,CHEMBL 35
CHEMBL190579,O=C1CCC2(CC1)OOC1(O2)C2CC3CC(C2)CC1C3,19,CHEMBL 35
CHEMBL5400139,O=C(Nc1ccccc1F)C(=O)N1CC2(CC2)C[C@H]1C(=O)N[C@@H](C[C@@H]1CCNC1=O)C(=O)COC(F)(F)F,129,CHEMBL 35
CHEMBL434183,C[C@H]1C[C@H](C)OC2(CCC3=Cc4c(cnn4-c4ccc(F)cc4)C[C@@]32C)O1,118.3,CHEMBL 35
CHEMBL381207,Cc1sc2ncnc(N)c2c1-c1ccc(NC(=O)Nc2cc(C(F)(F)F)ccc2F)cc1,8.7,CHEMBL 35
CHEMBL190641,c1ccc(C2CCC3(CC2)OOC2(O3)C3CC4CC(C3)CC2C4)cc1,33,CHEMBL 35
CHEMBL4446354,Cc1ccc(-c2csc(Cn3nc(CC(=O)O)c4ccccc4c3=O)n2)cc1,4745,CHEMBL 35
CHEMBL5411753,CC(C)C[C@H](NC(=O)[C@H]1CCCO1)C(=O)N[C@@H](C[C@@H]1CCNC1=O)C(=O)COC(F)(F)F,107,CHEMBL 35
CHEMBL4802135,CC(C)(C)[C@H](NC(=O)C(F)(F)F)C(=O)N1C[C@H]2[C@@H]([C@H]1C(=O)N[C@H](C#N)C[C@@H]1CCNC1=O)C2(C)C,35.8,CHEMBL 35
CHEMBL2112991,CCC(CC)C(=O)Nc1sc(-c2nc(CC(C)C)no2)c(C)c1C#N,84,CHEMBL 35
CHEMBL4483435,COc1cc(C(O)(CCN(C)C)C(c2cc3cc(Br)ccc3nc2OC)c2ccnc(OC)c2OC)c(OC)nc1OC,10,CHEMBL 35
CHEMBL4532620,CCOc1cc([C@](O)(CCN(C)C)[C@@H](c2cc3cc(Br)ccc3nc2OC)c2cccc(OC)c2OC)cc(OCC)n1,10,CHEMBL 35
CHEMBL4531693,COc1cc([C@](O)(CCN(C)C)[C@@H](c2cc3cc(Br)ccc3nc2OC)c2cccc3ccoc23)cc(OC)n1,8.8,CHEMBL 35
CHEMBL4572028,O=C(NCc1cc(F)cc(Cl)c1)[C@@]1(O)CCN(c2cnc3[nH]cc(Cl)c3c2)C1=O,2.833,CHEMBL 35
CHEMBL195903,CONC(=O)c1cc(Nc2ncnn3cc(-c4nnc(C(F)(F)S(C)(=O)=O)o4)c(C(C)C)c23)c(F)cc1F,1.53,CHEMBL 35
CHEMBL4569766,CCOc1cc([C@](O)(CCN(C)C)[C@@H](c2cc3cc(Br)ccc3nc2OC)c2cccc(C)c2F)cc(OCC)n1,8.2,CHEMBL 35
CHEMBL5428695,Cc1c(-c2ccc3cnc(Nc4ccc5c(c4)C(C)(C)OC5)nc3c2)cnc2c1NCCO2,140,CHEMBL 35
CHEMBL5409078,Cc1c(-c2ccc3cnc(Nc4ccc5c(c4)COC5)nc3c2)cnc2c1NCCO2,85,CHEMBL 35
CHEMBL4463290,CC(C)N(C)[C@@H]1CC[C@H](N2CC[C@H](NC(=O)c3cccc(C(F)(F)F)c3)C2=O)[C@H](NS(C)(=O)=O)C1,258,CHEMBL 35
CHEMBL5407935,COc1c(-c2ccc3cnc(Nc4ccc(CS(C)(=O)=O)cc4)nc3c2)cnc2c1NCCO2,43.33,CHEMBL 35
CHEMBL4759326,CCC[C@H]1C(=O)N[C@@H](C2CCCCCC2)C(=O)N[C@@H](CN)C(=O)N[C@@H](CO[C@H]2C[C@H](N)C2)C(=O)N[C@H](C)CO[C@H](CC2C[C@H]3CC[C@@H](C2)C3)[C@@H](C)C(=O)N1C,17,CHEMBL 35
CHEMBL307261,C[C@H]1[C@@H](O)O[C@@H]2O[C@@]3(C)CC[C@H]4[C@H](C)CC[C@@H]1[C@@]24OO3,72,CHEMBL 35
CHEMBL4524270,COc1cc([C@](O)(CCN(C)C)[C@@H](c2cc3cc(Br)ccc3nc2OC)c2cccc3c2CCCC3)cc(OC)n1,9.3,CHEMBL 35
CHEMBL4563167,COc1cccc(C(O)(CCN(C)C)C(c2cc3cc(Br)ccc3nc2OC)c2cccc3c2OCO3)n1,13,CHEMBL 35
CHEMBL4574868,COc1nc2ccc(Br)cc2cc1C(c1cccc(C)c1)C(O)(CCN(C)C)c1cccnc1C,59,CHEMBL 35
CHEMBL5398789,CC(C)(C)NC(=O)C(=O)N1C[C@@H]2CCC[C@@H]2[C@H]1C(=O)N[C@@H](C[C@@H]1CCNC1=O)C(=O)COC(F)(F)F,45.1,CHEMBL 35
CHEMBL4460019,CN1CCOc2c1cnn1c(-c3ccc4ccnc(NCC5(F)CCNCC5)c4c3)nnc21,23.17,CHEMBL 35
CHEMBL4547383,CN1CCOc2c1cnn1c(-c3ccc4cccc(NC5CCCCC5)c4n3)nnc21,23.67,CHEMBL 35
CHEMBL3233178,CC(C)N(C)[C@@H]1CC[C@H](N2CC[C@H](NC(=O)c3cccc(C(F)(F)F)c3)C2=O)[C@H](CS(C)(=O)=O)C1,70,CHEMBL 35
CHEMBL4864647,CS(=O)(=O)NC(=O)CCc1cn(-c2ccc(Cl)cc2)nc1-c1ccc(Cl)cc1,111,CHEMBL 35
CHEMBL4590789,O[C@@H]1c2nonc2CC[C@H]1[C@H]1c2ccccc2-c2cncn21,63,CHEMBL 35
CHEMBL4555888,CCOc1cc([C@](O)(CCN(C)C)[C@@H](c2cc3cc(C#N)ccc3nc2OC)c2cccc(C)c2F)cc(OCC)n1,3.2,CHEMBL 35
CHEMBL4574425,COc1cc([C@](O)(CCN(C)C)[C@H](c2cccnc2OC)c2cc3cc(Br)ccc3nc2OC)cc(OC)n1,28,CHEMBL 35
CHEMBL4533907,Cc1ccc(-c2csc(Cn3nc(CC=O)c4ccccc4c3=O)n2)cc1,30,CHEMBL 35
CHEMBL4872683,O=C(CCCN1CCCOCC1)Nc1cnc(-c2ccc(F)cc2F)s1,25.3,CHEMBL 35
CHEMBL5423968,Cc1c(-c2ccc3cnc(Nc4ccc([S@@](C)(=N)=O)cc4)nc3c2)cnc2c1NCCO2,140,CHEMBL 35
CHEMBL5420868,Cc1c(-c2ccc3cnc(Nc4ccc(CS(C)(=O)=O)nc4)nc3c2)cnc2c1NCCO2,180,CHEMBL 35
CHEMBL4464276,CCNC(=O)Cc1nn(Cc2nc(-c3ccc(C)cc3)cs2)c(=O)c2ccccc12,34,CHEMBL 35
CHEMBL4209095,CN1CC[C@@](O)(C#Cc2cccc(-n3nc(C(N)=O)c4cccnc43)c2)C1=O,26,CHEMBL 35
CHEMBL4209095,CN1CC[C@@](O)(C#Cc2cccc(-n3nc(C(N)=O)c4cccnc43)c2)C1=O,313,CHEMBL 35
CHEMBL5202937,CC/C(=C(/c1ccc(/C=C/C(=O)O)cc1)c1[nH]c2ccccc2c1Cl)c1ccc(F)cc1Cl,1.4,CHEMBL 35
CHEMBL5188931,Cc1nc(N2CCC3(CC2)CO[C@@H](C)[C@H]3N)c(Cl)c(=O)n1-c1cccc(Cl)c1Cl,11.6,CHEMBL 35
CHEMBL4519008,COc1cc([C@](O)(CCN(C)C)[C@@H](c2cc3cc(C#N)ccc3nc2OC)c2cccc3c2OCCO3)cc(OC)n1,44,CHEMBL 35
CHEMBL4578975,COc1cc([C@](O)(CCN(C)C)[C@@H](c2cc3cc(Br)ccc3nc2OC)c2ccnc(OC)c2OC)cc(OC)n1,25,CHEMBL 35
CHEMBL5430978,CC(C)C[C@@H](O)C(=O)N1CC2(CC2)C[C@H]1C(=O)N[C@@H](C[C@@H]1CCNC1=O)C(=O)COC(F)(F)F,125,CHEMBL 35
CHEMBL5184466,O=C(N[C@@H](Cc1coc2ccccc12)B(O)O)[C@@H]1C[C@H]2CC[C@@H]1O2,3.167,CHEMBL 35
CHEMBL4548735,COc1cc([C@](O)(CCN(C)C)[C@@H](c2cc3cc(Br)ccc3nc2OC)c2ccnc(OC)c2F)cc(OC)n1,6.8,CHEMBL 35
CHEMBL4528706,COc1cccc(C(c2cc3cc(Br)ccc3nc2OC)C(O)(CCN(C)C)c2cc(C)cnc2C)c1OC,79,CHEMBL 35
CHEMBL5405844,COC(=O)[C@H]1Cc2c([nH]c3ccccc23)[C@H](c2ccccc2)N1C(C)=O,50,CHEMBL 35
CHEMBL4565089,CCOc1cc([C@](O)(CCN(C)C)[C@@H](c2cc3cc(Br)ccc3nc2OC)c2cccc(OC)c2F)cc(OCC)n1,19,CHEMBL 35
CHEMBL4570895,COc1cc([C@](O)(CCN(C)C)[C@H](c2cc(OC(C)C)cnc2OC)c2cc3cc(C#N)ccc3nc2OC)cc(OC)n1,52,CHEMBL 35
CHEMBL4550410,COc1cc([C@](O)(CCN(C)C)[C@H](c2cc(OC)nc(OC(C)C)c2)c2cc3cc(C#N)ccc3nc2OC)cc(OC)n1,21,CHEMBL 35
CHEMBL4551182,CCOc1cc([C@H](c2cc3cc(C#N)ccc3nc2OC)[C@@](O)(CCN(C)C)c2cc(OC)nc(OC)c2)cc(OC(C)C)n1,13,CHEMBL 35
CHEMBL4529465,COc1cc([C@](O)(CCN(C)C)[C@@H](c2cc3cc(Br)ccc3nc2OC)c2cccc(OC)c2F)cc(OC)n1,48,CHEMBL 35
CHEMBL4525464,CCSc1cc([C@H](c2cc3cc(Br)ccc3nc2OC)[C@@](O)(CCN(C)C)c2cc(OC)nc(OC)c2)cc(N(C)C)n1,7,CHEMBL 35
CHEMBL4528582,Cc1ccc(-c2csc(Cn3nc(CC4OCCCO4)c4ccccc4c3=O)n2)cc1,133,CHEMBL 35
CHEMBL4482955,Cc1ccc(-c2csc(Cn3nc(CC(=O)N4CCN(C)CC4)c4ccccc4c3=O)n2)cc1,31,CHEMBL 35
CHEMBL5405626,CC(=O)Nc1ccc(Nc2ncc3ccc(-c4cnc5c(c4C)NCCO5)cc3n2)cc1C,85,CHEMBL 35
CHEMBL4749847,CCCCCC[C@H]1OC[C@@H](C)NC(=O)[C@H](CO[C@H]2C[C@H](CN)C2)NC(=O)[C@H](CN)NC(=O)[C@H](C2CCCCCC2)NC(=O)[C@H](CCC)N(C)C(=O)[C@@H]1C,2.9,CHEMBL 35
CHEMBL4750290,CCC[C@H]1C(=O)N[C@@H](C2CCCCCC2)C(=O)N[C@@H](CN)C(=O)N[C@@H](CO[C@H]2C[C@H](N)C2)C(=O)N[C@H](C)CO[C@H](CC2CC3(CCC3)C2)[C@@H](C)C(=O)N1C,11,CHEMBL 35
CHEMBL4541578,CCOc1cc(C(O)(CCN(C)C)C(c2cc(OC)nc(OC)c2)c2cc3cc(Br)ccc3nc2OC)cc(OC(C)C)n1,3,CHEMBL 35
CHEMBL4522585,COc1cccc(C(c2cc3cc(C#N)ccc3nc2OC)C(O)(CCN(C)C)c2cc(C)nc(C)c2)c1F,130,CHEMBL 35
CHEMBL5419048,COC(=O)[C@H]1Cc2c([nH]c3ccccc23)[C@H](c2ccccc2)N1C(=O)CCl,240,CHEMBL 35
CHEMBL4564401,COc1cccc(C(c2cc3cc(C#N)ccc3nc2OC)C(O)(CCN(C)C)c2cc(C)nc(C)c2)c1OC,71,CHEMBL 35
CHEMBL5196403,Cc1nc(N2CCC3(CC2)CO[C@@H](C)[C@H]3N)cc(=O)n1-c1cccc(Cl)c1Cl,9.2,CHEMBL 35
CHEMBL4464946,O=C(NCc1cc(F)cc(F)c1)[C@@]1(O)CCN(c2ccc3[nH]ccc3c2)C1=O,6.333,CHEMBL 35
CHEMBL4582951,CN(C)C/C=C/C(=O)Nc1ccc(C(=O)N[C@@]2(C)CCC[C@@H](Nc3ncc(Cl)c(-c4c[nH]c5ccccc45)n3)C2)nc1,5.6,CHEMBL 35
CHEMBL4542845,Cc1ccc(-c2csc(Cn3nc(Cc4nccs4)c4ccccc4c3=O)n2)cc1,119,CHEMBL 35
CHEMBL4447185,O[C@@H]1c2cnccc2CC[C@H]1[C@H]1c2ccccc2-c2cncn21,29,CHEMBL 35
CHEMBL381230,CN1C(=O)NC(Cc2c[nH]c3c(Cl)cccc23)C1=O,100,CHEMBL 35
CHEMBL4520823,COc1cccc(C(c2cc3cc(Br)ccc3nc2OC)C(O)(CCN(C)C)c2cnc(C)cc2C)c1OC,28,CHEMBL 35
CHEMBL4515863,COc1nc2ccc(Br)cc2cc1C(c1cccc2c1OCO2)C(O)(CCN(C)C)c1cccnc1OC,27,CHEMBL 35
CHEMBL4560398,COc1cc([C@](O)(CCN(C)C)[C@H](c2ccc(OC)c(F)c2)c2cc3cc(Br)ccc3nc2OC)cc(OC)n1,7,CHEMBL 35
CHEMBL4442783,CC(=O)N[C@@H]1C[C@H](N(C)C(C)C)CC[C@@H]1N1CC[C@H](Nc2ncnc3ccc(C(F)(F)F)cc23)C1=O,38,CHEMBL 35
CHEMBL4519972,COc1cc([C@](O)(CCN(C)C)[C@@H](c2cc3cc(Br)ccc3nc2OC)c2cccc(OC)c2OC)cc(OC)n1,23,CHEMBL 35
CHEMBL4558224,COc1cccc(C(c2cc3cc(Br)ccc3nc2OC)C(O)(CCN(C)C)c2ccc(C)nc2)c1F,67,CHEMBL 35
CHEMBL4521403,COc1cc(C(O)(CCN(C)C)C(c2cc3cc(Br)ccc3nc2OC)c2ccnc(OC)c2OC)cnc1OC,19,CHEMBL 35
CHEMBL5400089,CC(=O)Nc1ccc(Nc2ncc3ccc(-c4cnc5c(c4C)NCCO5)cc3n2)cc1C(F)(F)F,203.33,CHEMBL 35
CHEMBL5405484,CN1C(=O)[C@](O)(C#Cc2cccc(-n3nc(C(N)=O)c4cccnc43)c2)[C@H]2C[C@H]21,11,CHEMBL 35
CHEMBL553025,CCC1=C[C@@H]2CN(C1)Cc1c([nH]c3ccccc13)[C@@](C(=O)OC)(c1cc3c(cc1OC)N(C)[C@H]1[C@@](O)(C(=O)OC)[C@H](OC(C)=O)[C@]4(CC)C=CCN5CC[C@]31[C@@H]54)C2,16.17,CHEMBL 35
CHEMBL5405484,CN1C(=O)[C@](O)(C#Cc2cccc(-n3nc(C(N)=O)c4cccnc43)c2)[C@H]2C[C@H]21,367,CHEMBL 35
CHEMBL3040443,CN[C@@H](C)C(=O)N[C@@H]1C(=O)N(Cc2c(C)ccc3ccccc23)c2ccc(C#N)cc2N(C(C)=O)[C@H]1C,4.3,CHEMBL 35
CHEMBL4632870,CN[C@@H](C)C(=O)NC1C(=O)N(Cc2c(C#N)n(-c3ccccc3C#N)c3ccccc23)c2ccccc2CC12CCOCC2,41,CHEMBL 35
CHEMBL5421924,Cc1c(-c2ccc3cnc(Nc4ccc(CS(C)(=O)=O)cc4)nc3c2)cnc2c1NCCO2,53.33,CHEMBL 35
CHEMBL5173965,CC/C(=C(/c1ccc(/C=C/C(=O)O)cc1)c1[nH]c2ccccc2c1Cl)c1ccc(Cl)cc1C#N,29.7,CHEMBL 35
CHEMBL2390996,O=C(/C=C/c1ccc2c(c1)C(=O)CC1(CCN(CCc3ccccc3)CC1)O2)NO,79.83,CHEMBL 35
CHEMBL5426046,CC(C)(C)NC(=O)C(=O)N1C[C@H]2[C@@H]([C@H]1C(=O)N[C@@H](C[C@@H]1CCNC1=O)C(=O)COC(F)(F)F)C2(C)C,65.9,CHEMBL 35
CHEMBL5176576,N#Cc1ccccc1CC(=O)N[C@@H](C[C@@H]1COc2ccccc21)B(O)O,32.83,CHEMBL 35
CHEMBL3040868,CN[C@@H](C)C(=O)N[C@H]1COc2ccccc2N(Cc2c(OC)ccc3cc(Br)ccc23)C1=O,521,CHEMBL 35
CHEMBL1829173,CC#C[C@@H](CC(=O)O)c1ccc(OCc2cccc(-c3ccc(C(F)(F)F)cc3)c2)cc1,1,CHEMBL 35
CHEMBL381230,CN1C(=O)NC(Cc2c[nH]c3c(Cl)cccc23)C1=O,61,CHEMBL 35
CHEMBL4473072,CC(C)(O)[C@H]1CC[C@H](NC(=O)c2cnc3cc(OC(F)F)ccc3c2)CC1,5.6,CHEMBL 35
,O=C1N(Cc2ccc(OC(F)(F)F)cc2)C=Cn(c13)cc([N+](=O)[O-])n3,6.36 ,10.1021/acs.molpharmaceut.4c00406
,O=C1N(C=Cn2cc([N+]([O-])=O)nc21)Cc3cc(OC(F)(F)F)ccc3,10.10 ,10.1021/acs.molpharmaceut.4c00406
,O=C1N(C=Cn2cc([N+]([O-])=O)nc21)Cc3cc(C(F)(F)F)ccc3,7.66 ,10.1021/acs.molpharmaceut.4c00406
,O=C1C2=NC([N+]([O-])=O)=CN2C=C(C3=CC=CC=C3)N1,3.38 ,10.1021/acs.molpharmaceut.4c00406
,O=C1C2=NC([N+]([O-])=O)=CN2C=CN1CC3=CC=C(C4=CC=C(OC(F)(F)F)C=C4)C=N3,2.06 ,10.1021/acs.molpharmaceut.4c00406
,O=C1C2=NC([N+]([O-])=O)=CN2C=CN1CC3=CC=C(C4=CC=CN=C4)C=C3,22.90 ,10.1021/acs.molpharmaceut.4c00406
,O=C1NC2=C(C(F)(F)F)C=CC=C2[C@]1(C3=CC=C(OC(F)(F)F)C=C3)C4=CC=C(O)C=C4,33.00 ,10.1021/acs.molpharmaceut.4c00406
,O=C1NC2=C(C(F)(F)F)C=CC=C2[C@]1(N3CCC(F)(F)CC3)C4=CC=C(O)C=C4,52.00 ,10.1021/acs.molpharmaceut.4c00406
,c1cc2c(=O)c3ccc(cc3oc2c(c1)Cl)N4CCC(C4)C(=O)O,17.60 ,10.1021/acs.molpharmaceut.4c00406
,CC1=C(OC2CCN(C(CC(C(F)(F)F)C(F)(F)F)=O)CC2)C=C(Cl)C=C1NC3=NC4=C(CCCC4O)S3,26.60 ,10.1021/acs.molpharmaceut.4c00406
,FC1=CN=C(N=C1C2=CC(F)=C(C3=C2)N=C(N3C(C)C)C)NC4=C(C(SC5=NC=C(N=C5)N6CCC7(CC6)CO[C@H]([C@H]7N)C)=CC=N4)Cl,13.90 ,10.1021/acs.molpharmaceut.4c00406
,O=C(C1=CC2=C(C=CC=C2)N1)N[C@@H](CC3=CC=CC=C3)C(N[C@@H](C[C@@H]4CCNC4=O)C=O)=O,48.00 ,10.1021/acs.molpharmaceut.4c00406
,O=C([C@H](C(C)C)NC(C1=CC=C(C=CC=C2)C2=N1)=O)N[C@@H](CC3=CC=CC=C3)C(N[C@@H](C[C@@H]4CCNC4=O)C=O)=O,60.20 ,10.1021/acs.molpharmaceut.4c00406
,O=C(N1CCN(CC2=CC=C(OCC(F)(F)F)C=C2)CC1)C3=CC4=CC=C(OC5=NC=C(C6=NC(C7=CC=C(OC)C=C7)=NO6)N=C5)C=C4N3C,1.43 ,10.1021/acs.molpharmaceut.4c00406
,O=C(N1CCN(CC2=CC=C(OCC(F)(F)F)C=C2)CC1)C3=CC4=CC=C(OC5=NC=C(C6=NC(C7=CC=C(F)C=C7)=NO6)N=C5)C=C4N3C,1.24 ,10.1021/acs.molpharmaceut.4c00406
,O=C(NC1=CC(Br)=C(C)C(Br)=C1)C(C2=CC=CC=C2)S(=O)(O)=O,34.90 ,10.1021/acs.molpharmaceut.4c00406
,O=C(NC1=CC(Br)=C(C)C(Br)=C1)CS(=O)(O)=O,21.80 ,10.1021/acs.molpharmaceut.4c00406
,O=C(NC1=CC(Br)=C(N2CCOCC2)C=C1)CS(=O)(O)=O,62.00 ,10.1021/acs.molpharmaceut.4c00406
,O=S(NC(NC1=CC(Br)=C(C)C(Br)=C1)=O)(O)=O,5.65 ,10.1021/acs.molpharmaceut.4c00406
,FC(CC1)(F)CCC1N(C)CCCCN(C[C@@H]2NCC(C=CC=N3)=C3C2)[C@@H]4C5=NC=CC=C5CCC4,188.33 ,10.1021/acs.molpharmaceut.4c00406
,N1C=CC=C2CCCC(C=12)N(CCCCN)CC1NC2=C(C=CC=C2)N=1,120.50 ,10.1021/acs.molpharmaceut.4c00406
,CN(C)S(=O)(=O)N1CCC[C@H](COc2ccc(nc2)c3ccn[nH]3)C1,23.83 ,10.1021/acs.molpharmaceut.4c00406
,CC(=O)N1CCC(COc2ccc(nc2)c3ccn[nH]3)CC1,4.08 ,10.1021/acs.molpharmaceut.4c00406
,O=C(C1=C2C(NC=C2)=NC(C3=CN=CS3)=C1)N[C@H]4CC[C@H](OCCOC)CC4,0.80 ,10.1021/acs.molpharmaceut.4c00406
,CC1=CC(NC2=NC=NC3=CC(OCC)=C(NC(/C=C/[C@H]4CCCN4C)=O)C=C32)=CC=C1OC5=CC6=NC=NN6C=C5,22.00 ,10.1021/acs.molpharmaceut.4c00406
,CC1=CC(NC2=NC=NC3=CC(OCC)=C(NC(/C(F)=C/[C@H]4CCCN4C)=O)C=C32)=CC=C1OC5=CC6=NC=NN6C=C5,11.67 ,10.1021/acs.molpharmaceut.4c00406
,CC1=CC(NC2=NC=NC3=CC(OCC)=C(NC(/C(F)=C\[C@H]4CCCN4C)=O)C=C32)=CC=C1OC5=CC6=NC=NN6C=C5,90.00 ,10.1021/acs.molpharmaceut.4c00406
,O=C(C1=CC=C(C2=CC(C=CN3)=C3N=C2)C=C1OCC4)N4CC5=CC=C(F)C=C5,29.88 ,10.1021/acs.molpharmaceut.4c00406
,O=C(N1CCN(C2=CC=CC(Cl)=C2Cl)CC1)NC3=CC(C=NN4)=C4C=C3,12.90 ,10.1021/acs.molpharmaceut.4c00406
,CC(F)(F)C(C=C(F)C=C1)=C1C2=C(OC3=CC=C(OC4CN(CCCF)C4)C=C3)C5=CC=C6NN=CC6=C5S2,7.00 ,10.1021/acs.molpharmaceut.4c00406
,O=C1C(N2)=C3C(C4=C1C(O)=C(C)C(O[C@]5(C)O/C=C/[C@H](OC)[C@@H](C)[C@@H](OC(C)=O)[C@H](C)[C@H](O)[C@H](C)[C@@H](O)[C@@H](C)/C=C/C=C(C)\C2=O)=C4C5=O)=NC6(CCN(CCN7C([N+]([O-])=O)=CN=C7C)CC6)N3,23.00 ,10.1021/acs.molpharmaceut.4c00406
,C12=CC=CC=C1C(CC3=NN=C(C4=CC=C(CN5CCOCC5)C=C4)C(C6=CC=CC=C6)=N3)=CN2,38.90 ,10.1021/acs.molpharmaceut.4c00406
,O=C(NCCO)C(C=C1)=CC=C1C2=NN=C(N=C2C3=CC=CC=C3)CC4=CNC5=CC=CC=C54,22.00 ,10.1021/acs.molpharmaceut.4c00406
,NC1=NN2C=CC(C3=CC(CN([C@H](C4CC4)C)C5=O)=C5C(OC(F)F)=C3)=NC2=C1C(N[C@@H]6CC[C@@](O)(C)CC6)=O,17.17 ,10.1021/acs.molpharmaceut.4c00406
,NC1=NN2C=CC(C3=CC(CN([C@H](C4CC4)C)C5=O)=C5C(OC(F)(F)F)=C3)=NC2=C1C(N[C@@H]6CC[C@@](O)(C)CC6)=O,14.67 ,10.1021/acs.molpharmaceut.4c00406
,Cc1nc(C)c(-c2ccc(OCCc3ccc(F)cc3)cc2)c(N2CCC(C)(C)CC2)c1[C@H](OC(C)(C)C)C(O)=O,5.40 ,10.1021/acs.molpharmaceut.4c00406
,CC(C)(F)C1=NC(=NO1)C12CCC(CN(C(=O)[C@H]3C[C@@](O)(C3)C(F)(F)F)C3=CC=CC(=C3)C3=CC=C(C=C3)C(C)(C)O)(CC1)CC2,1.60 ,10.1021/acs.molpharmaceut.4c00406
,FC(F)c2c1cn(nc1c(c(c2)C#Cc3ccc(cc3)CN4CCC(CC4)CO)C)C(c5ncn6c5CCC76CC7)C(=O)Nc8sccn8,20.00 ,10.1021/acs.molpharmaceut.4c00406
,C[C@@H](C1=CC=CC=C1)OC(C=C2)=CC=C2C3=CC4=C(C5=CCNCC5)N=CN=C4N3,153.00 ,10.1021/acs.molpharmaceut.4c00406
,O=C(C1=C(NC2=CC=C(C(F)(F)F)C=N2)C=C(C(F)(F)F)C=C1N3)C=C3C(F)(F)F,1.98 ,10.1021/acs.molpharmaceut.4c00406
,O=C(NC1=NN(CP(OCC)(OCC)=O)C=C1)C2=CC(OC(C)C)=CC(OC3=CN=C(C(N4CCC4)=O)C=N3)=C2,2.90 ,10.1021/acs.molpharmaceut.4c00406
,CC(C)(OC(CCNC1=NC(NC(C=C2)=CC=C2NC(C)=O)=NC=N1)=O)C,112.00 ,10.1021/acs.molpharmaceut.4c00406
,O=C1N(CC)C2=NC(C)=CC=C2C3=C1[C@H](/C=C(C)\C)C[C@@](CCO)(C)O3,63.82 ,10.1021/acs.molpharmaceut.4c00406
,Cc1ccc(cc1)SC1=NN2C(=O)NN=C2C=C1,2.80 ,10.1021/acs.molpharmaceut.4c00406
,Clc1cccc(c1)SC1=NN2C(=O)NN=C2C=C1,22.20 ,10.1021/acs.molpharmaceut.4c00406
,FC(F)(F)Oc1cccc(c1)SC1=NN2C(=O)NN=C2C=C1,24.80 ,10.1021/acs.molpharmaceut.4c00406
,Clc1ccc(cc1Cl)SC1=NN2C(=O)NN=C2C=C1,17.80 ,10.1021/acs.molpharmaceut.4c00406
,N3(Cc1c(cncc1-c2c(cccc2)OC)C3=O)c4ccccc4,5.23 ,10.1021/acs.molpharmaceut.4c00406
,n1(ncc2c1CN(C2=O)c3ccccc3)-c4c(cccc4)OC,33.70 ,10.1021/acs.molpharmaceut.4c00406
,O=C1N(CC2=CC(OC)=CC(OC)=C2)CCC3=C1C=C(CN4C(N(C)C=C4)=N)C=C3C5=C(C)C=C(F)C=C5,78.00 ,10.1021/acs.molpharmaceut.4c00406
,O=C1N([C@@H](C)C2=CC(OC)=CC=N2)CCC3=C1C=C(CN4C(C)=NC=C4)C=C3C5=CN(CC)N=C5C(F)(F)F,118.00 ,10.1021/acs.molpharmaceut.4c00406
,O=C1N([C@@H](C2CC2)C3=CC(OC)=CC=N3)CCC4=C1C=C(CN5C(C)=NC=C5)C=C4C6=CN(CC)N=C6C(F)(F)F,41.00 ,10.1021/acs.molpharmaceut.4c00406
,O=C1N([C@@H](C2CC2)C3=CC(C)=CC=N3)CCC4=C1C=C(CN5C(C)=NC=C5)C=C4C6=CN(CC)N=C6C(F)(F)F,25.00 ,10.1021/acs.molpharmaceut.4c00406
,O=C1N([C@@H](C)C2=CC(OC)=CC=N2)CCC3=C1C=C(CN4C=NC=C4)C=C3C5=CN(CC)N=C5C(F)(F)F,76.00 ,10.1021/acs.molpharmaceut.4c00406
,O=C1N([C@@H](C2CC2)C3=CC(OC)=CC=N3)CCC4=C1C=C(CN5C=NC=C5)C=C4C6=CN(CC)N=C6C(F)(F)F,20.00 ,10.1021/acs.molpharmaceut.4c00406
,O=C1N([C@@H](C2CC2)C3=CC(C)=CC=N3)CCC4=C1C=C(CN5C=NC=C5)C=C4C6=CN(CC)N=C6C(F)(F)F,26.00 ,10.1021/acs.molpharmaceut.4c00406
,O=C(N[C@@H](C)C1=CC=C(C(O)=O)C=C1)C2=C(CC3=CC=CC(C(F)(F)F)=C3)SC4=C2CCOC4,24.59 ,10.1021/acs.molpharmaceut.4c00406
,O=C(NCC1=CC=C(C(O)=O)C=C1)C2=C(CC3=CC=C(F)C=C3)SC4=C2CCOC4,22.71 ,10.1021/acs.molpharmaceut.4c00406
,FC(F)(F)c1c(ccc(c1Cl)-n1ccnn1)Cl,10.40 ,10.1021/acs.molpharmaceut.4c00406
,O=C(C1=C(Br)C(OC)=C(OC)C(OC)=C1)NC2=C(OC3=CC(C)=CC(C)=C3)C=C4C(NC([C@H](CC(N(CC)CC)=O)N(C)C4=O)=O)=C2,37.90 ,10.1021/acs.molpharmaceut.4c00406
,NC1=C2C(N([C@@H]3CC[C@H](N)CC3)C=C2C4=C(F)C=C(C)C=C4)=NC=N1,166.17 ,10.1021/acs.molpharmaceut.4c00406
,O=C(C(N(CC1=C2C=CC(C#CCN3CCC(N4CCC(N5N=C(C6=CC=C(OC7=CC=CC=C7)C=C6)C8=C(N)N=CN=C85)CC4)CC3)=C1)C2=O)CC9)NC9=O,11.70 ,10.1021/acs.molpharmaceut.4c00406
,COC(C(OC)=C1)=NC=C1C(S2)=CC3=C2N=CN=C3N[C@@H]4CN(C(CC)=O)CC4,36.48 ,10.1021/acs.molpharmaceut.4c00406
,OC[C@H]1CCCN1CC1=CC=C(C=C1)COC1C=C(CS(=O)(=O)C2=CC=CC=C2)C=C(C=1)C,207.00 ,10.1021/acs.molpharmaceut.4c00406
,O=S(C1CC1)(CC2=CC(C)=CC(OCC3=CC=C(CN4CCC[C@@H]4CO)C=C3)=C2)=O,164.00 ,10.1021/acs.molpharmaceut.4c00406
,CC1=CC(OCC2=CC=C(CN(CCC3)[C@@H]3CO)C=C2)=CC(CS(C4=CC=CC=C4)(=O)=O)=C1Br,81.10 ,10.1021/acs.molpharmaceut.4c00406
,O=C(N[C@@H]1[C@H](C2)C[C@H]3CC2CC1C3)C4=CC(C5=CC=C(F)N=C5F)=CN4,65.97 ,10.1021/acs.molpharmaceut.4c00406
,O=C(NC1(C2)C[C@H](C3)C[C@H]2CC3C1)C4=CC(C5=CC=C(F)C=C5F)=CN4,33.62 ,10.1021/acs.molpharmaceut.4c00406
,O=C(NC1(C2)C[C@H](C3)C[C@H]2CC3C1)C4=CC(C5=CC=C(F)N=C5F)=CN4,45.88 ,10.1021/acs.molpharmaceut.4c00406
,COC1=CC(C(C2=CNC3=NC(NC4=C(NC(C=C)=O)C=C(N5CCOCC5)C=C4)=CC=C32)=O)=CC(OC)=C1,177.00 ,10.1021/acs.molpharmaceut.4c00406
,C=C(C1=CC=C(OC)C(O)=C1NC(CO)=O)C2=CC(OC)=C(OC)C(OC)=C2,47.59 ,10.1021/acs.molpharmaceut.4c00406
,ClC1=CN=C(CNC2=CC=C3C=NSC3=C2)S1,31.20 ,10.1021/acs.molpharmaceut.4c00406
,COC1=CC(OC)=CC(/C=C/C2=CC=C(NC(C3CC3)=O)C=C2)=C1/C=C/[N+]([O-])=O,87.50 ,10.1021/acs.molpharmaceut.4c00406
,CCC(C=C1)=CC=C1N(S(C2=CC(C(C3)O)=C(OC3C4CCOCC4)C=C2)(=O)=O)C5CCC5,38.60 ,10.1021/acs.molpharmaceut.4c00406
,CC1=CC(NC2=CC(N3CCN(CC)CC3)=NC(N[C@@H]4CN(C(C5=CC=C(Cl)C=C5F)=O)CC4)=N2)=NN1,53.70 ,10.1021/acs.molpharmaceut.4c00406
,CC1=NN(C(OCC)=O)C(NC2=CC(N3CCN(CC)CC3)=NC(N[C@@H]4CN(C(C5=CC=C(Cl)C=C5F)=O)CC4)=N2)=C1,20.00 ,10.1021/acs.molpharmaceut.4c00406
,CC1=NN(C(OC(C)(C)C)=O)C(NC2=CC(N3CCN(CC)CC3)=NC(N[C@@H]4CN(C(C5=CC=C(Cl)C=C5F)=O)CC4)=N2)=C1,38.00 ,10.1021/acs.molpharmaceut.4c00406
,CC1=NN(C(CC)=O)C(NC2=CC(N3CCN(CC)CC3)=NC(N[C@@H]4CN(C(C5=CC=C(Cl)C=C5F)=O)CC4)=N2)=C1,21.30 ,10.1021/acs.molpharmaceut.4c00406
,CC1=CC(NC2=CC(N3CCN(CC)CC3)=NC(N[C@@H]4CN(C(C5=CC=C(Cl)C=C5F)=O)CC4)=N2)=NN1C(CC)=O,9.50 ,10.1021/acs.molpharmaceut.4c00406
,CC1=NN(C(C(C)(C)C)=O)C(NC2=CC(N3CCN(CC)CC3)=NC(N[C@@H]4CN(C(C5=CC=C(Cl)C=C5F)=O)CC4)=N2)=C1,73.30 ,10.1021/acs.molpharmaceut.4c00406
,O=C(C1=CN(C)N=C1)NC1CCC2C=C(C=CC=21)C1N=C(CC)ON=1,8.80 ,10.1021/acs.molpharmaceut.4c00406
,N1C(=C(C(C)=N1)N1CCN(CC1)C1C=C(C=CC=1F)C(O)=O)C,5.90 ,10.1021/acs.molpharmaceut.4c00406
,O=C1N(CC2=NC3=C(C=CC(CN)=C3)N2CCCC(F)(F)F)C4=CC(F)=CC=C4C15CC5,47.90 ,10.1021/acs.molpharmaceut.4c00406
,O=C1N(CC2=NC3=C(C=CC(CN)=C3)N2CCCC(F)(F)F)C4=C(F)C=CC=C4C15CC5,76.00 ,10.1021/acs.molpharmaceut.4c00406
,O=C1N(CC2=NC3=C(C=CC(CN)=C3)N2[C@H]4CC[C@H](O)CC4)C5=CC(F)=CC=C5C16CC6,82.70 ,10.1021/acs.molpharmaceut.4c00406
,O=C1N(CC2=NC3=C(C=CC(CN)=C3)N2C4CCOCC4)C5=CC(F)=CC=C5C16CC6,58.00 ,10.1021/acs.molpharmaceut.4c00406
,O=C1N(CC2=NC3=C(C=CC(CN)=C3)N2CCC(C)C)C4=NC=CC=C4C15CC5,81.10 ,10.1021/acs.molpharmaceut.4c00406
,O=C(C1(CC1)C2=CC=CC=C2F)NC(C=C3)=NN3C4=CC=NC(F)=C4,10.70 ,10.1021/acs.molpharmaceut.4c00406
,CCCCc1ccc(O[C@@H]2C[C@H]3CC[C@@H](C2)N3S(=O)(=O)c4c(C)n[nH]c4C)cc1,144.00 ,10.1021/acs.molpharmaceut.4c00406
,CCOCc1cnc(OC2C[C@H]3CC[C@@H](C2)N3S(=O)(=O)c4c(C)n[nH]c4C)cn1,13.00 ,10.1021/acs.molpharmaceut.4c00406
,OC1=C(S(CCC2)(=O)=O)C2=CC=C1NC(NC3=CC=CC(F)=C3C)=O,137.00 ,10.1021/acs.molpharmaceut.4c00406
,OC1=C(S(CC=C2)(=O)=O)C2=CC=C1NC(NC3=CC=CC(F)=C3C)=O,32.83 ,10.1021/acs.molpharmaceut.4c00406
,NS(C1=C(C(=CC=C1Cl)NC(NC1=CC=CC(=C1Cl)Cl)=O)O)(=O)=O,16.33 ,10.1021/acs.molpharmaceut.4c00406
,CC(=O)NCCn(c(n1)OCC)c(c12)cc(cc2)OC,70.70 ,10.1021/acs.molpharmaceut.4c00406
,CC(=O)NCCn1c(OC)nc(c12)ccc(c2)OC,38.20 ,10.1021/acs.molpharmaceut.4c00406
,CC(=O)NCCn(c(n1)OCC)c(c12)cc(c(Cl)c2)OC,29.40 ,10.1021/acs.molpharmaceut.4c00406
,CC(=O)NCCn(c(n1)OC)c(c12)cc(c(Cl)c2)OC,25.50 ,10.1021/acs.molpharmaceut.4c00406
,CC(=O)NCCCn1c(OCC)nc(c12)ccc(c2)OC,31.20 ,10.1021/acs.molpharmaceut.4c00406
,CC(=O)NCCCn(c(n1)OC)c(c12)cc(cc2)OC,18.80 ,10.1021/acs.molpharmaceut.4c00406
,CC(=O)NCCCn(c(n1)OCC)c(c12)cc(c(Cl)c2)OC,10.30 ,10.1021/acs.molpharmaceut.4c00406
,CC(=O)NCCn1c(OC)nc(c1c23)ccc2OCC3,46.20 ,10.1021/acs.molpharmaceut.4c00406
,CC(=O)NCCn1c(OCC)nc(c1c23)ccc2OCC3,77.50 ,10.1021/acs.molpharmaceut.4c00406
,O=C1N2[C@H]([S@@](C)=O)CC[C@@H](N1O[C@H](F)C(O)=O)C2,34.70 ,10.1021/acs.molpharmaceut.4c00406
,CCC(N(CC1(N2CCN(CC(C)C)CC2)CCOCC1)C3=NC(C(F)(F)F)=CC=C3)=O,180.00 ,10.1021/acs.molpharmaceut.4c00406
,O=C([C@H]([C@H](C)CC)N)N1CCN2C([C@@H]1CC3CCCCC3)=NC(C4=CC=CC=C4)=C2,77.90 ,10.1021/acs.molpharmaceut.4c00406
,[H][C@@]1(C(CC)NC(=O)C2=CC=C(Cl)C=C2)[C@H]2C[C@@]([H])(C[C@@H]12)OC1=CC=NC2=C1C=C(F)C=C2,0.23 ,10.1021/acs.molpharmaceut.4c00406
,[H][C@@]1(C(C)NC(=O)C2=CC=C(C=C2)C#N)[C@H]2C[C@@]([H])(C[C@@H]12)OC1=C2C=CC(F)=CC2=NC=N1,0.12 ,10.1021/acs.molpharmaceut.4c00406
,[H][C@@]1(C(CC)NC(=O)C2=CC=C(Cl)C=C2)[C@H]2C[C@@]([H])(C[C@@H]12)N1C=C(N=N1)C1CC1,4.67 ,10.1021/acs.molpharmaceut.4c00406
,[H][C@@]1(C(CC)NC(=O)C2=CC=C(Cl)C=C2)[C@H]2C[C@@]([H])(C[C@@H]12)N1C=NC2=C1C=CC(F)=C2,2.50 ,10.1021/acs.molpharmaceut.4c00406
,FC1=CC=C(/N=C(NO)\C2=NON=C2NCCNS(N)(=O)=O)C=C1Br,53.33 ,10.1021/acs.molpharmaceut.4c00406
,O=C([C@H](C)[C@]1([H])CC[C@](CC1)([H])C2=CC=NC3=C2C=C(F)C=C3)NC4=CC=C(Cl)C=C4,33.33 ,10.1021/acs.molpharmaceut.4c00406
,CC([C@@]1(NC(NC1=O)=O)CC2)(C)CN2C3=CC(C(F)(F)F)=CC4=CN=CN34,23.33 ,10.1021/acs.molpharmaceut.4c00406
,[H][C@@]1([C@@H](CC)NC(=O)C2=CC=C(Cl)C=C2)[C@H]2C[C@@]([H])(C[C@@H]12)N1C=NC2=C1C=C(F)C(F)=C2,17.33 ,10.1021/acs.molpharmaceut.4c00406
,C[C@@H](C(NC1=CC=C(Cl)C=C1)=O)[C@]2([H])[C@@H]3[C@H]2C[C@](N4C(C=C(F)C(F)=C5)=C5N=C4)([H])C3,7.50 ,10.1021/acs.molpharmaceut.4c00406
,C[C@H](C(NC1=CC=C(Cl)C=C1)=O)[C@]2([H])[C@@H]3[C@H]2C[C@](OC4=C(C=C(F)C=C5)C5=NC=C4)([H])C3,3.50 ,10.1021/acs.molpharmaceut.4c00406
,ClC1=C(C2=CC=C(NN=C3C)C3=C2)C=C(N[C@H](C4=CC=CC=C4)CO)C=N1,60.00 ,10.1021/acs.molpharmaceut.4c00406
,FC(F)(C(=O)NCC1=CC=C2C(=O)N(CC2=C1)C1CCC(=O)NC1=O)C1=CC=C(Cl)C=C1,67.90 ,10.1021/acs.molpharmaceut.4c00406
,C[C@@H](N1Cc2ccc(cc2C1=O)c3nc(NC4CCOCC4)ncc3Cl)C(=O)N[C@H](CO)c5cccc(C)c5,13.00 ,10.1021/acs.molpharmaceut.4c00406
,OC[C@@H](NC(=O)CN1Cc2ccc(cc2C1=O)c3nc(NC4CCOCC4)ncc3Cl)c5ccccc5,11.00 ,10.1021/acs.molpharmaceut.4c00406
,OC[C@@]1(CCc2ccccc21)NC(=O)CN3Cc4ccc(cc4C3=O)c5nc(NC6CCOCC6)ncc5Cl,35.00 ,10.1021/acs.molpharmaceut.4c00406
,Clc1cnc(NC2CCOCC2)nc1c3ccc4CN(CC(=O)N5CCc6ccccc6CC5)C(=O)c4c3,19.00 ,10.1021/acs.molpharmaceut.4c00406
,COc1cc(F)cc(c1)[C@@H](CO)NC(=O)[C@@H](C)N2Cc3ccc(cc3C2=O)c4nc(NC5CCOCC5)ncc4Cl,22.00 ,10.1021/acs.molpharmaceut.4c00406
,COc1cc(ccn1)[C@@H](CO)NC(=O)[C@@H](C)N2Cc3ccc(cc3C2=O)c4nc(NC5CCOCC5)ncc4Cl,6.80 ,10.1021/acs.molpharmaceut.4c00406
,C[C@@H](N1Cc2ccc(cc2C1=O)c3nc(NC4CCOCC4)ncc3Cl)C(=O)N[C@H](CO)c5cc(F)cc(c5)N6CCN(C)CC6,124.00 ,10.1021/acs.molpharmaceut.4c00406
,C[C@@H](N1Cc2ccc(cc2C1=O)c3nc(NC4CCOCC4)ncc3Cl)C(=O)N[C@H](CO)c5cccc(n5)N6CCN(C)CC6,8.70 ,10.1021/acs.molpharmaceut.4c00406
,COc1cc(F)cc(c1)[C@@H](CO)NC(=O)[C@@H](C)N2Cc3ccc(cc3C2=O)c4nc(NC5COC5)ncc4Cl,9.40 ,10.1021/acs.molpharmaceut.4c00406
,COc1cc(F)cc(c1)[C@@H](CO)NC(=O)[C@@H](C)N2Cc3ccc(cc3C2=O)c4nc(Nc5ccnn5C)ncc4Cl,13.00 ,10.1021/acs.molpharmaceut.4c00406
,COc1cc(F)cc(c1)[C@@H](CO)NC(=O)[C@@H](C)N2Cc3ccc(cc3C2=O)c4nc(Nc5cnn(C)n5)ncc4Cl,8.30 ,10.1021/acs.molpharmaceut.4c00406
,COc1cc(F)cc(c1)[C@@H](CO)NC(=O)[C@@H](C)N2Cc3ccc(cc3C2=O)c4nc(Nc5ccnc(OC)c5)ncc4Cl,4.60 ,10.1021/acs.molpharmaceut.4c00406
,COc1cc(F)cc(c1)[C@@H](CO)NC(=O)[C@@H](C)N2Cc3ccc(cc3C2=O)c4nc(N[C@@H](C)CO)ncc4Cl,23.00 ,10.1021/acs.molpharmaceut.4c00406
,COc1cc(F)cc(c1)[C@@H](CO)NC(=O)[C@@H](C)N2Cc3ccc(cc3C2=O)c4ccnc(NC5CCOCC5)n4,17.00 ,10.1021/acs.molpharmaceut.4c00406
,COc1cc(F)cc(c1)[C@@H](CO)NC(=O)[C@@H](C)N2Cc3ncc(cc3C2=O)c4nc(NC5CCOCC5)ncc4Cl,37.00 ,10.1021/acs.molpharmaceut.4c00406
,COc1cc(F)cc(c1)[C@@H](CO)NC(=O)CN2Cc3ccc(cc3C2=O)c4nc(NC5CCOCC5)ncc4Cl,54.00 ,10.1021/acs.molpharmaceut.4c00406
,CN1C(C(C)C)=C(C(C=C2)=N1)C=C2C3=CC=NC(NC4=CC(N=CN=C5N6CCN(C)CC6)=C5C=C4)=N3,71.10 ,10.1021/acs.molpharmaceut.4c00406
,FC(F)(F)CN1CCN(NC2=C(C(OCC)=O)C(/C(O2)=C/C3=CNC4=C3C=CC=N4)=O)CC1,112.17 ,10.1021/acs.molpharmaceut.4c00406
,O=C(C1=NN(C2=NC=C(C(F)(F)F)C=C2)C(C(C)(C)C)=C1)NC(C)(C)CO,40.00 ,10.1021/acs.molpharmaceut.4c00406
,FC1=C2C(C=CN(C3=C(CO)C(C4=NC(N)=NC5=C4C=C(C6=CCN(C7COC7)CC6)N5)=CC=C3)C2=O)=CC(C8CC8)=C1,18.83 ,10.1021/acs.molpharmaceut.4c00406
,CCN(CC1)CCN1C2=C3C(N(CCCN4CCCC4)C=N3)=NC(NCC5=CC=C(OC)C=C5)=N2,213.60 ,10.1021/acs.molpharmaceut.4c00406
,c1cc(ccc1[C@@H](C(=O)N2CC(C3(C2)CN(C3)c4cc(cc(c4)F)F)CNc5ccc(cc5)F)N)O,33.70 ,10.1021/acs.molpharmaceut.4c00406
,c1cc(ccc1C[C@H](C(=O)N2CC(C3(C2)CN(C3)c4cc(cc(c4)F)F)CNc5ccc(cc5)F)N)N,40.60 ,10.1021/acs.molpharmaceut.4c00406
,O=C(NC1=CC=C(Cl)C(Cl)=C1)C2=CC=C(CN3C(C(F)(F)F)=CC(C(F)(F)F)=N3)O2,30.00 ,10.1021/acs.molpharmaceut.4c00406
,O=C(C1=CC=C(S1)CN2C(C)=CC(C)=N2)NC3=CC(Cl)=C(Cl)C=C3,33.33 ,10.1021/acs.molpharmaceut.4c00406
,O=C(C1=C(NC(CCl)=O)N(C2=CC=C(C(F)(F)F)C=C2)C(S1)=S)NC3=CC(OC)=CC=C3OC,14.10 ,10.1021/acs.molpharmaceut.4c00406
,CCS(=O)(=O)C1=CC=C(CNC(=O)C2=CC=C3N(CCF)C(CC4=CC=C(Cl)C=C4C(F)(F)F)=CC3=C2)C=C1,0.20 ,10.1021/acs.molpharmaceut.4c00406
,CCS(=O)(=O)C1=CC=C(CNC(=O)C2=CC=C3N(C(C)C)C(CC4=CC=C(Cl)C=C4C(F)(F)F)=CC3=C2)C=C1,0.83 ,10.1021/acs.molpharmaceut.4c00406
,COC1=CC=C(N=CC(F)=C2C[C@H](O)[C@@H]3OC[C@@H](NCC4=NN=C(OCCS5)C5=C4)CO3)C2=N1,69.00 ,10.1021/acs.molpharmaceut.4c00406
,CCOC1=CC(NC(=O)NCC2=NN=C(C3=CN(C)N=C3C(F)(F)F)C(C)=C2)=CC(Cl)=N1,10.33 ,10.1021/acs.molpharmaceut.4c00406
,CCOC1=CC(NC(=O)NCC2=NN=C(C3=CN(C)N=C3C(F)(F)F)C(C)=C2)=CC(=N1)C(F)(F)F,4.00 ,10.1021/acs.molpharmaceut.4c00406
,CCOC1=C(C)C(NC(=O)NCC2=NN=C(C3=CN(C)N=C3C(F)(F)F)C(C)=C2)=CC(C)=N1,12.17 ,10.1021/acs.molpharmaceut.4c00406
,CCNC(=O)C1=CC(OC)=C2N(C[C@@H]3CN(C)CCO3)C(=NC2=C1)C1=CN=C(C=C1)N1[C@@H](C)CC[C@@H]1C,25.00 ,10.1021/acs.molpharmaceut.4c00406
,COC1=C2N(C[C@@H]3CN(C)CCO3)C(=NC2=C(F)C(=C1)C(N)=O)C1=CN=C(C=C1)N1CCC[C@@H]1C,24.00 ,10.1021/acs.molpharmaceut.4c00406
,CNC(=O)C1=CC(OC)=C2N(C[C@@H]3CNCCO3)C(=NC2=C1F)C1=CN=C(C=C1)N1[C@@H](C)CC[C@@H]1C,26.00 ,10.1021/acs.molpharmaceut.4c00406
,O=C1NC(C(N2C(C(C=CC(NS(C3=CC=CC=C3OC(F)(F)F)(=O)=O)=C4)=C4C2=O)=O)CC1)=O,0.46 ,10.1021/acs.molpharmaceut.4c00406
,ClC1=C(Cl)C=C(CC(=O)N2CCN(CC2)C2=NN3C=NN=C3C=C2)C=C1,0.32 ,10.1021/acs.molpharmaceut.4c00406
,O=C1N(C(C)C)CC2=CC(C(F)(F)F)=NC=C2C3=CN=C(NCC4=C5CCOC5=CC=C4F)N6C=NC1=C36,1.71 ,10.1021/acs.molpharmaceut.4c00406
,O=C1N(CC(F)F)CC2=CC(C(F)(F)F)=NC=C2C3=CN=C(NCC4=C5CCOC5=CC=C4F)N6C=NC1=C36,0.59 ,10.1021/acs.molpharmaceut.4c00406
,O=C1N(CC(F)(F)C)CC2=CC(C(F)(F)F)=NC=C2C3=CN=C(NCC4=C5CCOC5=CC=C4F)N6C=NC1=C36,0.39 ,10.1021/acs.molpharmaceut.4c00406
,CC1=NN(C(N2)=NC(C(F)(F)F)=CC2=O)C(C)=C1,2.70 ,10.1021/acs.molpharmaceut.4c00406
,CCNC1=CC(C)=NN1C(N2)=NC(C3=CN=CC=C3)=CC2=O,80.90 ,10.1021/acs.molpharmaceut.4c00406
,CC1=NN(C(N2)=NC(C(F)(F)F)=CC2=O)C(NC3=CC=C(F)C=C3)=C1,0.40 ,10.1021/acs.molpharmaceut.4c00406
,NC(N=CN1CC2=C(Cl)C=CC=C2Cl)=C3C1=NC=N3,5.80 ,10.1021/acs.molpharmaceut.4c00406
,NC(N=CN1CC2=C(Cl)C=CC=C2Cl)=C3C1=NC(C4=C(C)C=CC=C4)=N3,69.00 ,10.1021/acs.molpharmaceut.4c00406
,NC(N=CN1CC2=C(Cl)C=NC=C2Cl)=C3C1=NC=N3,18.00 ,10.1021/acs.molpharmaceut.4c00406
,NC(N=CN1CC2=C(Cl)C=NC=C2Cl)=C3C1=NC(C4=C(C)C=CC=C4)=N3,103.00 ,10.1021/acs.molpharmaceut.4c00406
,O=C(N(C)C)O/N=C(C#N)/C1=NC2=CC=CC=C2O1,165.00 ,10.1021/acs.molpharmaceut.4c00406
,O/N=C(C1=NN=C(C(F)(F)F)S1)\C2=NC3=CC=CC=C3S2,157.00 ,10.1021/acs.molpharmaceut.4c00406
,O=C(NC1=C(C(NC(OC)=O)=O)C=CS1)C2=CC=C(C(N3CCCCC3)=O)C=C2,101.00 ,10.1021/acs.molpharmaceut.4c00406
,O=C(C1SC2C=CC=CC=2N=1)NC1=C(C=CS1)C(=O)NC(=O)OCC,10.60 ,10.1021/acs.molpharmaceut.4c00406
,NC1=NC(C3=CC=C(OC)C=C3)=NC(NC2=CC=C(OC(F)(F)F)C=C2)=N1,122.00 ,10.1021/acs.molpharmaceut.4c00406
,COC(C=C3)=CC=C3C1=NC(NC2=CC=C(OC(F)(F)F)C=C2)=NC(NC)=N1,75.00 ,10.1021/acs.molpharmaceut.4c00406
,OC(=O)[C@@H](c1c(c2[n]cc3[n]c[n](c3c2)[C@@H](c2c(c(C3CC3)ccc2Cl)Cl)C)cccc1)C,9.00 ,10.1021/acs.molpharmaceut.4c00406
,O=C1O[C@@H](CNC(C)=O)[C@@H]2OC3=CC(F)=C(C4=CC=C(C#N)N=C4)C=C3CN21,2.71 ,10.1021/acs.molpharmaceut.4c00406
,CN(N=C1)C=C1C2=CN=C(N)C(C#CC3=CC(C(NC4=CC(C(F)(F)F)=CC(C(F)(F)F)=C4)=O)=CC=C3C)=C2,15.20 ,10.1021/acs.molpharmaceut.4c00406
,NC1=NC2=C(C=NN2CCC3=CC=C(C(NC4=C(N)C=CC=C4)=O)C=C3)C5=NC(C6=CC=CO6)=NN15,59.00 ,10.1021/acs.molpharmaceut.4c00406
,O=C1N(C)C(NCCCCCCCNC2=C(CCCC3)C3=NC4=C2C=CC(Cl)=C4)=NC(C5=C(F)C=NC=C5)=C1,51.33 ,10.1021/acs.molpharmaceut.4c00406
,O=C(C1=CC(C#CC2=CN=C3N2N=CC=C3)=C(C)C=C1)NC4=CC(C(F)(F)C[C@@H]5N6CCN(C)CC6)=C5C=C4,62.00 ,10.1021/acs.molpharmaceut.4c00406
,N1C=C(C#CC2=C(C)C=CC(=C2)C(=O)NC2C=C(C(=CC=2)CN2CCN(C)CC2)C(F)(F)F)N2C=1C=CC=N2,161.33 ,10.1021/acs.molpharmaceut.4c00406
,O=C(C(C(N1C2=CC=C(F)C=C2)=O)=CN(C(C)C)C1=O)NC(C=C3)=CC(F)=C3OC4=CC(NC(C5CC5)=O)=NC=C4,0.04 ,10.1021/acs.molpharmaceut.4c00406
,O=C(/C=C/c1ccc(-c2cccc(C(F)(F)F)c2)cc1)Nc1ccccc1C(=O)O,0.92 ,10.1021/acs.molpharmaceut.4c00406
,O=C(/C=C/c1ccc(-c2cccc(C(F)(F)F)c2)cc1)Nc1ccccc1C(=O)O,0.88 ,10.1021/acs.molpharmaceut.4c00406
,CN1CCC(CC1)Oc2ccc(cc2)N3C(=S)N(C(=O)C34CCC4)c5cnc(C#N)c(c5)C(F)(F)F,4.12 ,10.1021/acs.molpharmaceut.4c00406
,N#Cc1ncc(cc1C(F)(F)F)N2C(=O)C3(CCC3)N(C2=S)c4ccc(nc4)OC5CCNCC5,15.00 ,10.1021/acs.molpharmaceut.4c00406
,CN1CCC(CC1)Oc2ccc(cn2)N3C(=S)N(C(=O)C34CCC4)c5cnc(C#N)c(c5)C(F)(F)F,8.14 ,10.1021/acs.molpharmaceut.4c00406
,N#Cc1ncc(cc1C(F)(F)F)N2C(=O)C3(CCC3)N(C2=S)c4ccc(cc4)OC5CCNCC5,8.30 ,10.1021/acs.molpharmaceut.4c00406
,COc1cc(cnc1C#N)N2C(=O)C3(CCC3)N(C2=S)c4ccc(cc4)OC5CCN(C)CC5,6.90 ,10.1021/acs.molpharmaceut.4c00406
,COc1cc(cnc1C#N)N2C(=O)C3(CCC3)N(C2=S)c4ccc(nc4)OC5CCN(C)CC5,8.80 ,10.1021/acs.molpharmaceut.4c00406
,Cc1cc(cnc1C#N)N2C(=O)C3(CCC3)N(C2=S)c4ccc(nc4)OC5CCNCC5,19.40 ,10.1021/acs.molpharmaceut.4c00406
,N#Cc1ncc(cc1Cl)N2C(=O)C3(CCC3)N(C2=S)c4ccc(nc4)OC5CCNCC5,25.40 ,10.1021/acs.molpharmaceut.4c00406
,N#Cc1ncc(cc1Cl)N2C(=O)C3(CCC3)N(C2=S)c4ccc(cc4)OC5CCNCC5,26.70 ,10.1021/acs.molpharmaceut.4c00406
,N#Cc1ncc(cc1C(F)(F)F)N2C(=O)C3(CCC3)N(C2=S)c4ccc(cc4)CN5CCNCC5,18.20 ,10.1021/acs.molpharmaceut.4c00406
,CCCCCNC(=O)N1C=C(OC1=O)c2ccc(F)cc2C3CCN(C)CC3,72.00 ,10.1021/acs.molpharmaceut.4c00406
,O=C(C1=C2C=CC=C1)N(CC(C=C3)=CC=C3C#N)N=C2C4=CC(Cl)=C(NCCOC)N=C4F,11.10 ,10.1021/acs.molpharmaceut.4c00406
,O=C(C1=C2C=CC=C1)N(CC(C=C3)=CC=C3C#N)N=C2C4=CC(Cl)=C(NCC(O)CO)N=C4F,4.10 ,10.1021/acs.molpharmaceut.4c00406
,CC1=CC(C(O)=O)=NC(N2CCC(COC3=C(C(F)(F)F)C=CC=C3)C2)=N1,0.83 ,10.1021/acs.molpharmaceut.4c00406
,O=C(NC1CCN(S(=O)(C(C)C)=O)CC1)N[C@]23C[C@@H](C[C@@H](O3)C4)C[C@@H]4C2,279.50 ,10.1021/acs.molpharmaceut.4c00406
,CC(C)[C@@H](NC(=O)c1cc(ccc1F)C(F)(F)F)C(=O)N1CCC2(CC1)N(C(=O)N(C)C2=O)c1ccc2[nH]ncc2c1,54.00 ,10.1021/acs.molpharmaceut.4c00406
,NC1=C(C(COC2=CC3=C(C=C2)N=C(S3)N[C@@H]4CCCC[C@H]4O)=CC=N1)Cl,23.00 ,10.1021/acs.molpharmaceut.4c00406
,N1(C=C(C=N1)NC1N=CC=C(COC2C=C3C(=C(C=2)OC)N=C(NC2[C@H](CCCC2)O)S3)N=1)C,14.00 ,10.1021/acs.molpharmaceut.4c00406
,O=C(C=C)N(CC1)CCN1C2=NC(OC[C@H]3N(C)CCC3)=NC4=C2CCN(C5=CC=CC6=C5C=CC=C6)C4,25.60 ,10.1021/acs.molpharmaceut.4c00406
,ClC1=CC=CC2=C1C(N(C3)CCC4=C3N=C(OC[C@H]5N(C)CCC5)N=C4N6CCN(C(C=C)=O)[C@@H](CC#N)C6)=CC=C2,37.30 ,10.1021/acs.molpharmaceut.4c00406
,O=C(C=C)N([C@@H](CC#N)C1)CCN1C2=NC(OC[C@H]3N(C)CCC3)=NC4=C2CCN(C5=CC=CC6=C5C(C)=CC=C6)C4,31.60 ,10.1021/acs.molpharmaceut.4c00406
,O=C(C(=C)F)N1CCN(C[C@@H]1CC#N)C1C2CCN(CC=2N=C(N=1)OC[C@@H]1CCCN1C)C1=CC=CC2=C1C(=CC=C2)Cl,19.90 ,10.1021/acs.molpharmaceut.4c00406
,O=C(C(C=N1)=C(NC2=CC(C(C)(C)C#N)=CC(C(C)(C#N)C)=C2)N=C1N(CCC3)C[C@H]3N)N,88.00 ,10.1021/acs.molpharmaceut.4c00406
,O=C(C(C=N1)=C(NC2=CC(C(C)C)=NC(C(C)C)=C2)N=C1N(CCC5)C[C@H]5N)N,13.70 ,10.1021/acs.molpharmaceut.4c00406
,OC(C[C@@H](C1CC1)C2=CC(OCC3CCN(C4=C(C(N(CC(C)(C)C)C5=NC(C)=CC=C5)=O)C=CC(OC)=C4)CC3)=NC=C2)=O,43.07 ,10.1021/acs.molpharmaceut.4c00406
,CN1C2=NN=NN2C(C)(C)C(C(=O)NC2=CC3=C(NN=C3C3=CC=CC=C3)C=C2)=C1C,38.10 ,10.1021/acs.molpharmaceut.4c00406
,O=C1/C(=C/C2=CN(CCNC(C3=CC=C(C=C3)NC)=O)N=C2C2=CC=CC=C2)/C(=O)NC(=O)N1,7.17 ,10.1021/acs.molpharmaceut.4c00406
,O=C1N=C(OC[C@@H]2COCCO2)C=C2N1CCC1=C2C=CC(=C1)C#CC1CC1,15.00 ,10.1021/acs.molpharmaceut.4c00406
,CC(C1=NC=CC=C1)(C2=CC=CC=N2)N3C4=CC(C5=CN(C)C6=C5C=CNC6=O)=CC(NS(=O)(CC)=O)=C4C=C3,25.50 ,10.1021/acs.molpharmaceut.4c00406
,CC(=O)Nc1ncc(CN2CCC3(CCN(C3)c4cc(C)nc5ccccc45)C2)s1,55.80 ,10.1021/acs.molpharmaceut.4c00406
,C[C@H]1COC[C@H](C)N1C2=C(C=NC3=CC(Cl)=NN23)NC(=O)Nc4ccnc(c4)C(F)(F)F,11.00 ,10.1021/acs.molpharmaceut.4c00406
,CC1=CC=C(S1)C#CC2=C(F)C=CC(=C2)C3=NN(C4=NC(=CS4)C(O)=O)C(CC5CC5)=C3CC6=CC=C(C(F)=C6)S(N)(=O)=O,16.10 ,10.1021/acs.molpharmaceut.4c00406
,CC1=CC=C(O1)C#CC2=C(F)C=CC(=C2)C3=NN(C4=NC(=CS4)C(O)=O)C(CC5CC5)=C3CC6=CC=C(C(F)=C6)S(N)(=O)=O,75.00 ,10.1021/acs.molpharmaceut.4c00406
,CC1=NC=C(S1)C#CC2=C(F)C=CC(=C2)C3=NN(C4=NC(=CS4)C(O)=O)C(CC5CC5)=C3CC6=CC(F)=C(C=C6)S(N)(=O)=O,97.00 ,10.1021/acs.molpharmaceut.4c00406
,CC1=CN=C(S1)C#CC2=C(F)C=CC(=C2)C3=NN(C4=NC(=CS4)C(O)=O)C(CC5CC5)=C3CC6=CC(F)=C(C=C6)S(N)(=O)=O,128.00 ,10.1021/acs.molpharmaceut.4c00406
,CC1=CC=C(S1)C#CC2=CC=CC(=C2)C3=NN(C4=NC(=CS4)C(O)=O)C(CC5CC5)=C3CC6=CC=C(C(F)=C6)S(N)(=O)=O,10.40 ,10.1021/acs.molpharmaceut.4c00406
,CC1=CC=C(O1)C#CC2=CC=CC(=C2)C3=NN(C4=NC(=CS4)C(O)=O)C(CC5CC5)=C3CC6=CC(F)=C(C=C6)S(N)(=O)=O,72.30 ,10.1021/acs.molpharmaceut.4c00406
,NS(=O)(=O)C1=CC=C(CC2=C(CC3CC3)N(N=C2C4=CC(\C=C\C5CCCC5)=C(F)C=C4)C6=NC(=CS6)C(O)=O)C=C1F,74.70 ,10.1021/acs.molpharmaceut.4c00406
,CC1=CC=C(S1)C#CC2=C(F)C=CC(=C2)C3=NN(C4=NC(=CS4)C(O)=O)C(CCC5CC5)=C3CC6=CC(F)=C(C=C6)S(N)(=O)=O,74.70 ,10.1021/acs.molpharmaceut.4c00406
,CC1=CC=C(S1)C#CC2=CC=CC(=C2)C3=NN(C4=NC(=CS4)C(O)=O)C(CCC5CC5)=C3CC6=CC(F)=C(C=C6)S(N)(=O)=O,18.60 ,10.1021/acs.molpharmaceut.4c00406
,ClC1=C2C(=CC=C1)C=C([C@H](C)NC1=C3C(NC=N3)=NC=N1)N(C1=CC=CC=C1)C2=O,87.50 ,10.1021/acs.molpharmaceut.4c00406
,FC1=C2C(=CC=C1)N=C([C@H](CC)NC1=C3C(NC=N3)=NC=N1)N(C1C=CC=CC=1)C2=O,54.00 ,10.1021/acs.molpharmaceut.4c00406
,O=C1C(C2=CC=CC=C2)=C([C@H](C)NC3=NC(N)=NC(N)=C3C#N)C=C4C=CC(F)=CN41,25.00 ,10.1021/acs.molpharmaceut.4c00406
,O=C1C=C([C@@H](NC2=NC(N)=NC(N)=C2C#N)C)C(C3=CC(F)=CC(F)=C3)=C4N1C=C(F)C=C4,18.00 ,10.1021/acs.molpharmaceut.4c00406
,O=C1C(C2=CC=CC=C2)=C([C@H](C)NC3=NC(N)=NC(N)=C3C#N)C(C)=C4C=CC(F)=CN41,49.00 ,10.1021/acs.molpharmaceut.4c00406
,O=C1C(C2=CC=CC=C2)=C([C@H](C)NC3=NC(N)=NC(N)=C3C#N)C(C4CC4)=C5C=CC(F)=CN51,24.00 ,10.1021/acs.molpharmaceut.4c00406
,O=C1C(C2=CC=CC=C2)=C(C(C)NC3=NC(N)=NC(N)=C3C#N)C(C4=CC=C(F)C=C4)=C5C=CC(F)=CN51,5.60 ,10.1021/acs.molpharmaceut.4c00406
,N1C(C2C=C(C=C3C=2C2=C([C@](C)4CCCN4C/C/2=N/1)N3)F)=O,29.90 ,10.1021/acs.molpharmaceut.4c00406
,C[C@@H](NC1=C(Cl)C(C)=NC2=CC(F)=C(N=C12)C1=CN=C(N=C1)C(C)(C)O)C1=CC(=CC=C1F)C#N,6.60 ,10.1021/acs.molpharmaceut.4c00406
,FC1C=C(C(=CC=1)F)[C@@H]1[C@H](C[C@H](CO1)N1CC2C(=CN(S(C)(=O)=O)N=2)C1)N,7.39 ,10.1021/acs.molpharmaceut.4c00406
,N[C@H]1[C@@H](F)[C@@H](N2CC3=CN(S(C)(=O)=O)N=C3C2)CO[C@@H]1C4=CC(F)=CC=C4F,0.65 ,10.1021/acs.molpharmaceut.4c00406
,N[C@H]1C[C@@H](N2CC3=CN(S(=O)(C)=O)N=C3C2)[C@@H](C(F)(F)F)O[C@@H]1C4=CC(F)=CC=C4F,2.57 ,10.1021/acs.molpharmaceut.4c00406
,N[C@H]1C[C@@H](N2CC3=CN(S(=O)(C)=O)N=C3C2)[C@@H](C(F)(F)F)O[C@@H]1C4=CC(F)=C(F)C=C4F,1.44 ,10.1021/acs.molpharmaceut.4c00406
,CC(NC[C@@H]1OC(N2C3=CC(F)=C(N4CCSCC4)C=C3OC[C@]21[H])=O)=O,36.48 ,10.1021/acs.molpharmaceut.4c00406
,O[C@H](CNC)CN1CC2=CC=CC(OCC3=CC=C(C4=NC=CS4)C=C3)=C2CC1,44.90 ,10.1021/acs.molpharmaceut.4c00406
,ClC1=CC=CC(Cl)=C1CC(N2[C@@H](CO)CC(C(C(O)(C)C)=CC=C3)=C3[C@@H]2C)=O,96.90 ,10.1021/acs.molpharmaceut.4c00406
,ClC1=CC=CC(Cl)=C1CC(N2[C@@H](CO)CC(C(CCC(O)(C)C)=CC=C3)=C3[C@@H]2C)=O,6.40 ,10.1021/acs.molpharmaceut.4c00406
,O[C@@]1(CCN(C1=O)C1=CC=C2NC(=O)CCC2=C1)C(=O)NCC1=CC(Cl)=CC(F)=C1,3.00 ,10.1021/acs.molpharmaceut.4c00406
,O[C@@]1(CCN(C1=O)C1=CC=C2NN=CC2=C1)C(=O)NCC1=CC(Cl)=CC(F)=C1,8.83 ,10.1021/acs.molpharmaceut.4c00406
,O[C@@]1(CCN(C1=O)C1=CC=C2NN=CC2=C1)C(=O)NCC1=CC(F)=CC(F)=C1,19.17 ,10.1021/acs.molpharmaceut.4c00406
,O[C@@]1(CCN(C1=O)C1=CN=C2NC=CC2=C1)C(=O)NCC1=CC(Cl)=CC(F)=C1,4.67 ,10.1021/acs.molpharmaceut.4c00406
,O[C@@]1(CCN(C1=O)C1=CN=C2NC=CC2=C1)C(=O)NCC1=CC(F)=CC(F)=C1,5.33 ,10.1021/acs.molpharmaceut.4c00406
,O[C@@]1(CCN(C1=O)C1=CN=C2NC=C(Cl)C2=C1)C(=O)NCC1=CC(F)=CC(Cl)=C1,2.83 ,10.1021/acs.molpharmaceut.4c00406
,O[C@@]1(CCN(C1=O)C1=CN=C2NC=C(Cl)C2=C1)C(=O)NCC1=CC(F)=CC(F)=C1,3.67 ,10.1021/acs.molpharmaceut.4c00406
,O[C@@]1(CCN(C1=O)C1=CC=C2NC=CC2=C1)C(=O)NCC1=CC(F)=CC(Cl)=C1,4.50 ,10.1021/acs.molpharmaceut.4c00406
,O[C@@]1(CCN(C1=O)C1=CC=C2NC=CC2=C1)C(=O)NCC1=CC(F)=CC(F)=C1,6.33 ,10.1021/acs.molpharmaceut.4c00406
,O[C@H](C[C@H]1C2=C(C3=CN=CN31)C=CC=C2F)[C@H]4CC[C@H](O)CC4,27.50 ,10.1021/acs.molpharmaceut.4c00406
,O[C@H](C[C@H]1C2=C(C3=CN=CN31)C=CC=C2F)[C@H]4CC[C@H](O)CC4,25.00 ,10.1021/acs.molpharmaceut.4c00406
,CC1=C2C(C(OCC3(C)COC3)=CC(C4=CC(NS(=O)(C5=C(F)C=C(F)C=C5)=O)=C(OC)N=C4)=C2)=NC=N1,12.80 ,10.1021/acs.molpharmaceut.4c00406
,CC1=C2C(C(O[C@@H]3CCOC3)=CC(C4=CC(NS(=O)(C5=CC=C(F)C=C5F)=O)=C(OC)N=C4)=C2)=NC=N1,16.02 ,10.1021/acs.molpharmaceut.4c00406
,CC1=C2C(C(OC3CCOCC3)=CC(C4=CC(NS(=O)(C5=C(F)C=C(F)C=C5)=O)=C(OC)N=C4)=C2)=NC=N1,4.58 ,10.1021/acs.molpharmaceut.4c00406
,CC1=NC(N2CCN(CC)CC2)=CC(NC3=NC=C(C4=CC=NC=C4)S3)=N1,70.70 ,10.1021/acs.molpharmaceut.4c00406
,COC(=O)C1=C(NC(=N[C@H]1c2ccc(c(c2)F)Cl)c3nccs3)CN4CCOC[C@H]4C(=O)O,40.90 ,10.1021/acs.molpharmaceut.4c00406
,OC1(CCS(=O)(=O)CC1)C(=O)N1CC[C@@]2([C@H]1CCC1=C2C=CC(=C1)C(F)(C(F)(F)F)C(F)(F)F)S(=O)(=O)C1=CC=C(F)C=C1,1.90 ,10.1021/acs.molpharmaceut.4c00406
,ClC(C=C1)=CC=C1C[C@@H]2N(CCOC2)C3CCN(C4=NC(N)=NN4)CC3,10.50 ,10.1021/acs.molpharmaceut.4c00406
,C[C@]1([C@@H](F)[C@@H](C)SC(N)=N1)C2=CC(NC(C3=NC=C(OCF)N=C3)=O)=CC=C2F,41.00 ,10.1021/acs.molpharmaceut.4c00406
,ONC(=O)c1ccc(cc1)Cn1nnnc1-c1cccs1,171.67 ,10.1021/acs.molpharmaceut.4c00406
,Cn1c(nnc1-c1cccs1)Sc1ccc(cc1)C(=O)NO,181.67 ,10.1021/acs.molpharmaceut.4c00406
,NC(C1=CC(F)=C(N2CCC[C@H](NC(C#CC)=O)C2)C3=C1NC(C)=C3C)=O,14.00 ,10.1021/acs.molpharmaceut.4c00406
,[2H]C([2H])([2H])NC(=O)C1=NN=C(NC(=O)C2CC2)C=C1NC1=CC=CC(C2=NN(C)C=N2)=C1OC,13.20 ,10.1021/acs.molpharmaceut.4c00406
,O[C@H]([C@H](F)[C@@H]1F)C2=C1C(OC3=CC(C#N)=CC(F)=C3)=CC=C2S(C)(=O)=O,21.00 ,10.1021/acs.molpharmaceut.4c00406
,COC1=C(F)C=C(C2=CC3=C(C)N=CN=C3C(OCCCCCCC(NO)=O)=C2)C=N1,90.00 ,10.1021/acs.molpharmaceut.4c00406
,CC1=C2C(C(OCCN(C3=NC=C(C(NO)=O)C=N3)C)=CC(C4=CC=C(OC)N=C4)=C2)=NC=N1,352.00 ,10.1021/acs.molpharmaceut.4c00406
,O=C(CC(NC1=CC(F)=CC=C1)=O)NC2=CC(NN=C3/C=C/C4=CC=CC=N4)=C3C=C2,18.33,10.1021/acs.molpharmaceut.4c00406
,Cc1nnc(o1)N1CCC(CC1)C(=O)N1N=CC[C@H]1c1cc(F)cc(F)c1,34,10.1021/acs.molpharmaceut.4c00406
,OC(CCSC(O1)=NN=C1C2=CC=C(Cl)C=C2Cl)=O,5.3,10.1021/acs.molpharmaceut.4c00406
,ClC1=CC(Cl)=CC=C1C2=NN=C(SCCCC(O)=O)O2,15.5,10.1021/acs.molpharmaceut.4c00406
,OC(CCCSC(O1)=NN=C1C2=CC=C(C3CC3)C=C2Cl)=O,15.4,10.1021/acs.molpharmaceut.4c00406
,O=C(NO)CCCCCN1N=CC(NC2=NC=C(Cl)C(NC3=CC=C(Cl)C=C3)=N2)=C1,18.4,10.1021/acs.molpharmaceut.4c00406
,Nc(n1)sc(c12)cc(cc2)C(=O)NCc3ccccc3,946,10.1021/acs.molpharmaceut.4c00406
,CC[C@H](NC1=C(C#N)C(=NC(=N1)N)C)C/2=N/C3=CC=CC(=C3C(=O)N2C4=CC=CC=C4)NCC5=CC=C(C=C5)C(=O)NO,57,10.1021/acs.molpharmaceut.4c00406
,O=C1C2=C([C@@](OC(CCNC(C3=NOC(C4=C(O)C=C(O)C(C(C)C)=C4)=C3C5=CC=C(CN6CCOCC6)C=C5)=O)=O)(CC)C(OC2)=O)C=C7C8=NC9=CC=C(O)C=C9C(CC)=C8CN71,5.51,10.1021/acs.molpharmaceut.4c00406
,CC(C)C1=CC(C2=C(C3=CC=C(CN4CCOCC4)C=C3)C(C(NCC(O[C@@](C(OC5)=O)(CC)C6=C5C(N7C(C8=NC9=CC=C(O)C=C9C(CC)=C8C7)=C6)=O)=O)=O)=NO2)=C(O)C=C1O,5.81,10.1021/acs.molpharmaceut.4c00406
,O=C1C2=C([C@@](O)(CC)C(OC2)=O)C=C3C4=NC5=CC=C(OC(N6CCC(NC(C7=NOC(C8=C(O)C=C(O)C(C(C)C)=C8)=C7C9=CC=C(CN%10CCOCC%10)C=C9)=O)CC6)=O)C=C5C(CC)=C4CN31,6.91,10.1021/acs.molpharmaceut.4c00406
,CCNC(=O)c(c1)[nH]c(c12)c(=O)n(C)cc2-c3c(ccc(c3)S(=O)(=O)CC)Oc(c4C)c(C)ccc4,11.5,10.1021/acs.molpharmaceut.4c00406
,FC1=CC=C(OC)C(C(C2)C2CN(CCC)CCCCNC(C3=CC=C(C4=CC=CC=N4)C=C3)=O)=C1,126,10.1021/acs.molpharmaceut.4c00406
,ClC1=CC=CC(C(C2)C2CN(CCC)CCCCNC(C3=CC(C=CC=C4)=C4C=C3)=O)=C1Cl,134,10.1021/acs.molpharmaceut.4c00406
,ClC1=CC=CC(C(C2)C2CN(CCC)CCCCNC(C3=CC4=C(C=CC=C4)N3)=O)=C1Cl,117,10.1021/acs.molpharmaceut.4c00406
,ClC1=CC=CC(C(C2)C2CN(CCC)CCCCNC(C3=CC=C(C4=NC=CC=C4)C=C3)=O)=C1Cl,84.8,10.1021/acs.molpharmaceut.4c00406
,ClC1=C(C2=CC(CCO3)=C3C=C2)C(NC4=C(C(O)=O)C=CC=C4)=CC=C1,5.8,10.1021/acs.molpharmaceut.4c00406
,CO[C@H](C)[C@H](NC(=O)OC)C(=O)N1[C@H]2CCC[C@H]2C[C@H]1c1ncc([nH]1)-c1ccc-2c(c1)-c1ccc(cc-21)-c1cnc([nH]1)[C@@H]1C[C@@H]2CCC[C@@H]2N1C(=O)[C@@H](NC(=O)OC)[C@@H](C)OC,15.4,10.1021/acs.molpharmaceut.4c00406
,CC1=CC(/C=C/C#N)=CC(C)=C1OC2=C(SC=C3)C3=NC(NC4=CC(F)=C(C#N)C=C4)=N2,7,10.1021/acs.molpharmaceut.4c00406
,C[C@@H](COCC1)N1C2=NC(SC(C3=NNC=C3)=N4)=C4C(N5[C@H](C)COCC5)=N2,6.5,10.1021/acs.molpharmaceut.4c00406
,CC1=C(C2=CC=C(Cl)C=C2)SC(C(CC)=O)=C1C3=CC=C(S(=O)(N)=O)C=C3,3.6,10.1021/acs.molpharmaceut.4c00406
,NC(C(C=C1)=C(OC(C)C)C=C1C2=CN=CC=C2)=O,6,10.1021/acs.molpharmaceut.4c00406
,NC(C(C=C1)=C(OC(C)C)C=C1C2=CN=CC(C3=CN(C4COC4)N=C3)=C2)=O,1.7,10.1021/acs.molpharmaceut.4c00406
,ClC1=CC([C@H]([C@@H](C(N[C@H](C(O)=O)C2=CC(O)=C(CN[C@@H]3[C@@H](O)[C@@H](O)[C@@H](CO)OC3O)C(O)=C24)=O)NC([C@@H](N5)C6=CC4=C(O)C=C6)=O)O)=CC=C1OC7=CC8=CC(OC9=CC=C([C@H]([C@H](C(N[C@@H](CC(N)=O)C(N[C@H]8C5=O)=O)=O)NC([C@H](NC)CC(C)C)=O)O)C=C9Cl)=C7O[C@H]%10[C@H](O[C@H](O%11)C[C@](C)(NCC%12=CC=C(C%13=CC=C(Cl)C=C%13)C=C%12)[C@H](O)[C@@H]%11C)[C@@H](O)[C@H](O)[C@@H](CO)O%10,7.00 ,10.1021/acs.molpharmaceut.4c00406
,ClC1=CC([C@H]([C@@H](C(N[C@H](C(O)=O)C2=CC(O)=C(CNCCCNC([C@@H](O)[C@H](O)[C@@H](O)[C@@H](O)CO)=O)C(O)=C23)=O)NC([C@@H](N4)C5=CC3=C(O)C=C5)=O)O)=CC=C1OC6=CC7=CC(OC8=CC=C([C@H]([C@H](C(N[C@@H](CC(N)=O)C(N[C@H]7C4=O)=O)=O)NC([C@H](NC)CC(C)C)=O)O)C=C8Cl)=C6O[C@H]9[C@H](O[C@H](O%10)C[C@](C)(NCC%11=CC=C(C%12=CC=C(C(F)(F)F)C=C%12)C=C%11)[C@H](O)[C@@H]%10C)[C@@H](O)[C@H](O)[C@@H](CO)O9,6.40 ,10.1021/acs.molpharmaceut.4c00406
,ClC1=CC([C@H]([C@@H](C(N[C@H](C(O)=O)C2=CC(O)=C(CN[C@@H]3[C@@H](O)[C@@H](O)[C@@H](CO)OC3O)C(O)=C24)=O)NC([C@@H](N5)C6=CC4=C(O)C=C6)=O)O)=CC=C1OC7=CC8=CC(OC9=CC=C([C@H]([C@H](C(N[C@@H](CC(N)=O)C(N[C@H]8C5=O)=O)=O)NC([C@H](NC)CC(C)C)=O)O)C=C9Cl)=C7O[C@H]%10[C@H](O[C@H](O%11)C[C@](C)(NCC%12=CC=C(C%13=CC=C(C(F)(F)F)C=C%13)C=C%12)[C@H](O)[C@@H]%11C)[C@@H](O)[C@H](O)[C@@H](CO)O%10,3.45 ,10.1021/acs.molpharmaceut.4c00406
,ClC1=CC([C@H]([C@@H](C(N[C@H](C(O)=O)C2=CC(O)=C(CNCCO[C@H]3[C@H](O)[C@@H](O)[C@@H](O)[C@@H](CO)O3)C(O)=C24)=O)NC([C@@H](N5)C6=CC4=C(O)C=C6)=O)O)=CC=C1OC7=CC8=CC(OC9=CC=C([C@H]([C@H](C(N[C@@H](CC(N)=O)C(N[C@H]8C5=O)=O)=O)NC([C@H](NC)CC(C)C)=O)O)C=C9Cl)=C7O[C@H]%10[C@H](O[C@H](O%11)C[C@](C)(NCC%12=CC=C(C%13=CC=C(C(F)(F)F)C=C%13)C=C%12)[C@H](O)[C@@H]%11C)[C@@H](O)[C@H](O)[C@@H](CO)O%10,4.42 ,10.1021/acs.molpharmaceut.4c00406
,COC(C(OC)=C1)=CC=C1C2=CC3=C(O2)C=CC(CCCOC)=C13,10.50 ,10.1021/acs.molpharmaceut.4c00406
,ClC1=C(N2CC[C@@H](OC3=CC=C(N4[C@@H](CC(O)=O)[C@H](C)C(C(F)(F)F)=N4)C=C3)[C@H](C)C2)C=C(OC)N=C1,2.00 ,10.1021/acs.molpharmaceut.4c00406
,FC1=C(N2CC[C@@H](OC3=CC=C(N4[C@@H](CC(O)=O)[C@H](C)C(C(F)(F)F)=N4)C=C3)[C@H](C)C2)C=C(OCC)C=C1,1.60 ,10.1021/acs.molpharmaceut.4c00406
,FC1=C(N2CCC(OC3=CC=C(N4[C@@H](CC(O)=O)[C@H](C)C(C(F)(F)F)=N4)C=C3)CC2)C=C(OC)C=C1,6.00 ,10.1021/acs.molpharmaceut.4c00406
,BrC1=CC=C(CCN(C)C2CCN(C3=NC(N)=NN3)CC2)C=C1,52.60 ,10.1021/acs.molpharmaceut.4c00406
,ClC1=CC=C(CCN(CC(C)C)C2CCN(C3=NC(N)=NN3)CC2)C=C1,9.06 ,10.1021/acs.molpharmaceut.4c00406
,BrC1=CC=C(CCN(CC(C)C)C2CCN(C3=NC(N)=NN3)CC2)C=C1,8.53 ,10.1021/acs.molpharmaceut.4c00406
,ClC1=CC=C(CCN(CC2=CC=CC=C2Cl)C3CCN(C4=NC(N)=NN4)CC3)C=C1,45.00 ,10.1021/acs.molpharmaceut.4c00406
,NC1=NNC(N2CCC(NS(CC3=CC=C(Br)C=C3)(=O)=O)CC2)=N1,11.50 ,10.1021/acs.molpharmaceut.4c00406
,O=C1NC(SCC2=CC(=CC=C2)C2=NN=NN2)=NC(C2=CC=CS2)=C1C#N,1.20 ,10.1021/acs.molpharmaceut.4c00406
,OC(=O)CC1=CC=CC(CSC2=NC(C3=CC=CS3)=C(C#N)C(=O)N2)=C1,0.78 ,10.1021/acs.molpharmaceut.4c00406
,O=C(NO)CCCCCCN2C1=NC(C4=CC=CC(CO)=C4)=NC(N3CCOCC3)=C1N=C2,6.60 ,10.1021/acs.molpharmaceut.4c00406
,O=[N+](C1=CN2C(OCC(COC3=CC=C(OC(F)(F)F)C=C3)C2)=N1)[O-],13.00 ,10.1021/acs.molpharmaceut.4c00406
,O=[N+](C1=CN2C(OCC(COC3=CC=C(C4=CC=C(OC(F)(F)F)C=C4)N=C3)C2)=N1)[O-],1.20 ,10.1021/acs.molpharmaceut.4c00406
,FC(C=C1)=CC=C1C(N=C2)=CC=C2OCC3COC4=NC([N+]([O-])=O)=CN4C3,5.20 ,10.1021/acs.molpharmaceut.4c00406
,CN1C2=C(OC[C@H](N3CCC4=C(Cl)N(CC5=CC=CC=C5)N=C4C3=O)C1=O)C=C(C=C2)C#N,13.23 ,10.1021/acs.molpharmaceut.4c00406
,N#CC1(CC1)NC([C@@H](NC(C2=NN(C3=CN=C(F)C=C3)N=C2)=O)CC4=CC=C(OC(F)(F)F)C(Cl)=C4)=O,10.20 ,10.1021/acs.molpharmaceut.4c00406
,N#CC1(CC1)NC([C@@H](NC(C2=NN(C3=CN=CC=C3)N=C2)=O)CC4=CC=C(OC(F)(F)F)C(Cl)=C4)=O,22.60 ,10.1021/acs.molpharmaceut.4c00406
,N#CC1(CC1)NC([C@@H](NC(C2=NN(C)N=C2)=O)CC3=CC=C(OC(F)(F)F)C(Cl)=C3)=O,22.80 ,10.1021/acs.molpharmaceut.4c00406
,N#CC1(CC1)NC([C@@H](NC(C2=NN(C(C)C)N=C2)=O)CC3=CC=C(OC(F)(F)F)C(Cl)=C3)=O,32.90 ,10.1021/acs.molpharmaceut.4c00406
,N#CC1(CC1)NC([C@@H](NC(C2=NN(C(C)(C)C)N=C2)=O)CC3=CC=C(OC(F)(F)F)C(Cl)=C3)=O,17.00 ,10.1021/acs.molpharmaceut.4c00406
,O=C(N[C@H](C(NC1(CC1)C#N)=O)CC2=CC=C(Cl)C(Cl)=C2)C3=NN(C4=CC=C(F)C=C4)N=C3,4.60 ,10.1021/acs.molpharmaceut.4c00406
,CC1=C(Cl)C(=O)C(=C(C)N1)C1=CN=C(OCC2=CC=C(OC(F)(F)F)C=C2)C=C1,2.74 ,10.1021/acs.molpharmaceut.4c00406
,CC1=C(Br)C(=O)C(=C(C)N1)C1=CN=C(C=C1)C1=CC=C(OC(F)(F)F)C=C1,0.72 ,10.1021/acs.molpharmaceut.4c00406
,CC1=C(Cl)C(=O)C(=C(C)N1)C1=CN=C(C=C1)C1=CC=C(OC(F)(F)F)C=C1,0.53 ,10.1021/acs.molpharmaceut.4c00406
,CC1=C(Cl)C(=O)C(=C(C)N1)C1=CN=C(C=C1)C1=CC=C(C=C1)C(F)(F)F,0.69 ,10.1021/acs.molpharmaceut.4c00406
,CC1=C(Cl)C(=O)C(=C(C)N1)C1=CN=C(C=C1)C1=CC(=CC=C1)C(F)(F)F,1.52 ,10.1021/acs.molpharmaceut.4c00406
,CC1=C(Cl)C(=O)C(=C(C)N1)C1=CN=C(C=C1)C1=C(Cl)C=C(C=C1)C(F)(F)F,1.11 ,10.1021/acs.molpharmaceut.4c00406
,CC1=C(Cl)C(=O)C(=C(C)N1)C1=CN=C(C=C1)C1=C(F)C=C(C=C1)C(F)(F)F,0.26 ,10.1021/acs.molpharmaceut.4c00406
,CC1=C(Cl)C(=O)C(=C(CO)N1)C1=CN=C(C=C1)C1=CC=C(OC(F)(F)F)C=C1,1.76 ,10.1021/acs.molpharmaceut.4c00406
,FC1(F)CCC(CC1)C2=NC3=CN=C(NC4=NC=C(C=C4)C(F)(F)F)C=C3[NH]3,11.70 ,10.1021/acs.molpharmaceut.4c00406
,O=C(N1CCOCC1)C(C=C2)=CC=C2C(C=C3)=NN4C3=NC=C4C5=CC=C(C#N)C=C5,0.16 ,10.1021/acs.molpharmaceut.4c00406
,O=C(N1CCOCC1)C2=CC=C(C3=CN4C(C=C3)=NC=C4C5=CC=C(C#N)C=C5)C=C2,0.56 ,10.1021/acs.molpharmaceut.4c00406
,O=C(C1=C(O)C2=C(C3=CC4=C(N(C)C(CNC(C)C)=C4)C=C3CCC2)NC1=O)O.[H]Cl,64.00 ,10.1021/acs.molpharmaceut.4c00406
,O=C(C1=C(O)C2=C(C3=CC4=C(N(C)C(CNC(C)CC)=C4)C=C3OCC2)NC1=O)O.[H]Cl,48.00 ,10.1021/acs.molpharmaceut.4c00406
,O=C(C1=C(O)C2=C(C3=CC4=C(N(C)C(CNC5(C)CCC5)=C4)C=C3CCC2)NC1=O)O.[H]Cl,35.00 ,10.1021/acs.molpharmaceut.4c00406
,O=C(C1=C(O)C2=C(C3=CC4=C(N(C)C(CNC5(C)CCC5)=C4)C=C3OCC2)NC1=O)O.[H]Cl,37.00 ,10.1021/acs.molpharmaceut.4c00406
,O=C(C1=C(O)C2=C(C3=CC4=C(N(C)C(CN(C)C)=C4)C=C3CCC2)NC1=O)O.[H]Cl,47.00 ,10.1021/acs.molpharmaceut.4c00406
,O=C(C1=C(O)C2=C(C3=CC4=C(N(C)C(CN(C)C)=C4)C=C3OCC2)NC1=O)O.[H]Cl,53.00 ,10.1021/acs.molpharmaceut.4c00406
,O=C(C1=C(O)C2=C(C3=CC4=C(N(C)C(CN5CCCC5)=C4)C=C3CCC2)NC1=O)O.[H]Cl,41.00 ,10.1021/acs.molpharmaceut.4c00406
,O=[S](=O)(NC1=NN=C2C=C(OCC34CC5CC(CC(C5)C3)C4)C(=C[N]12)C6CC6)C7CC7,6.20 ,10.1021/acs.molpharmaceut.4c00406
,C[S](=O)(=O)NC1=NN=C2C=C(COC3=CC(=CC(=C3)Cl)Cl)C(=C[N]12)C4CC4,0.80 ,10.1021/acs.molpharmaceut.4c00406
,C[S+]([O-])(=O)N1CCN(CC1)C(=O)C2=CN=C3C=CC(=CC3=C2N4CCC(CC4)(C#N)C5=CC=CC=C5)F,30.00 ,10.1021/acs.molpharmaceut.4c00406
,C[S+]([O-])(=O)N1CCN(CC1)C(=O)C2=CN=C3C=CC(=CC3=C2C4=CC=C(C=C4)C5(CC5)C#N)F,18.00 ,10.1021/acs.molpharmaceut.4c00406
,COCCN1Cc2ccc(cc2C1=O)c3nc(NC4CCOCC4)ncc3Cl,17.00 ,10.1021/acs.molpharmaceut.4c00406
,Clc1cnc(NC2CCOCC2)nc1c3ccc4CN(CCN5CCOCC5)C(=O)c4c3,15.00 ,10.1021/acs.molpharmaceut.4c00406
,CC(C)(C)NC(=O)CN1Cc2ccc(cc2C1=O)c3nc(NC4CCOCC4)ncc3Cl,14.00 ,10.1021/acs.molpharmaceut.4c00406
,CN(C(=O)CN1Cc2ccc(cc2C1=O)c3nc(NC4CCOCC4)ncc3Cl)C(C)(C)C,4.20 ,10.1021/acs.molpharmaceut.4c00406
,Clc1cnc(NC2CCOCC2)nc1c3ccc4CN(CC(=O)NCc5ccccc5)C(=O)c4c3,3.80 ,10.1021/acs.molpharmaceut.4c00406
,COc1cccc(c1)[C@@H](C)NC(=O)CN2Cc3ccc(cc3C2=O)c4nc(NC5CCOCC5)ncc4Cl,6.00 ,10.1021/acs.molpharmaceut.4c00406
,OC[C@@H](NC(=O)CN1Cc2ccc(cc2C1=O)c3nc(NC4CCOCC4)ncc3Cl)c5ccccc5,11.00 ,10.1021/acs.molpharmaceut.4c00406
,COc1cccc(c1)[C@@H](CO)NC(=O)CN2Cc3ccc(cc3C2=O)c4nc(NC5CCOCC5)ncc4Cl,40.00 ,10.1021/acs.molpharmaceut.4c00406
,C[C@@H](N1Cc2ccc(cc2C1=O)c3nc(NC4CCOCC4)ncc3Cl)C(=O)N[C@H](CO)c5ccccc5,23.00 ,10.1021/acs.molpharmaceut.4c00406
,C[C@@H](N1Cc2ccc(cc2C1=O)c3nc(NC4CCOCC4)ncc3Cl)C(=O)N[C@H](CO)c5cccc(C)c5,13.00 ,10.1021/acs.molpharmaceut.4c00406
,CC1=C(N=C2C=CC(=CC2=C1C(=O)O)F)C3=CC=C(C=C3)C4=CC=CC=C4F,3.20 ,10.1021/acs.molpharmaceut.4c00406
,CC1=C(N=C2C=CC(=CC2=C1C(=O)O)F)C3=CC=C(C=C3)C4=CC=CC=C5F,4.90 ,10.1021/acs.molpharmaceut.4c00406
,CC1=C(C(O)=O)C2=CC(F)=CC=C2N=C1C3=CC=C(C4=C(Cl)N=CC=C4)C=C3,5.15 ,10.1021/acs.molpharmaceut.4c00406
,CN(C[C@@H]1C2)[C@@H]2CN1C3=CC(NC4=NC=C(C)C(N[C@H](C)CC)=N4)=C(F)N=C3,68.70 ,10.1021/acs.molpharmaceut.4c00406
,C[C@@]1(N=C(N)CO[C@H]1C(F)(F)F)c2cc(ccc2F)NC(=O)c3ccc(C#N)cn3 {A1=R;A7=R},69.00 ,10.1021/acs.molpharmaceut.4c00406
,O=C(C1=CN=C(NC2=C(OC)C=C(N3CCN(C)CC3)C=C2)N=C1N(C4=O)C5=CC=CC(NC(C=C)=O)=C5)N4C(C)C,5.37 ,10.1021/acs.molpharmaceut.4c00406
,O=S(C1=CC=CC(C2=CC=C3C(C(C4=CC=NC=C4)=CC=N3)=N2)=C1)(NCCO)=O,89.50 ,10.1021/acs.molpharmaceut.4c00406
,O=S(C1=CC=CC(C2=CC=C3C(C(C4=CC=NC(C(F)(F)F)=C4)=CC=N3)=N2)=C1)(N)=O,11.00 ,10.1021/acs.molpharmaceut.4c00406
,NC1=NC(C)=C2C(C(OC3CCOCC3)=CC(C4=CC(NS(C5=C(F)C=C(F)C=C5)(=O)=O)=C(OC)N=C4)=C2)=N1,7.58 ,10.1021/acs.molpharmaceut.4c00406
,NC1=NC(C)=C2C(C(O[C@@H]3CCOC3)=CC(C4=CC(NS(=O)(C5=C(F)C=C(F)C=C5)=O)=C(OC)N=C4)=C2)=N1,54.90 ,10.1021/acs.molpharmaceut.4c00406
,CC1=C2C(C(OC3CCOCC3)=CC(C4=CC(NS(=O)(C5=C(F)C=C(F)C=C5)=O)=C(OC)N=C4)=C2)=NC(NC)=N1,14.30 ,10.1021/acs.molpharmaceut.4c00406
,CC1=C2C(C(O[C@@H]3CCOC3)=CC(C4=CC(NS(=O)(C5=C(F)C=C(F)C=C5)=O)=C(OC)N=C4)=C2)=NC(NC)=N1,34.50 ,10.1021/acs.molpharmaceut.4c00406
,Cc1cc(ccc1F)NC(=O)c2cccc(c2)S(=O)(=O)N[C@H]3CCOC3 {A21=S},34.00 ,10.1021/acs.molpharmaceut.4c00406
,COc1cc2c(NC3CCN(C)CC3)cc(nc2cc1OCCCN4CCCC4)c5oc(C)cc5,0.91 ,10.1021/acs.molpharmaceut.4c00406
,CCc1oc(cc1)c2cc(NC3CCN(C)CC3)c4cc(OC)c(OCCCN5CCCC5)cc4n2,5.90 ,10.1021/acs.molpharmaceut.4c00406
,COc1cc2c(NC3CCN(CC3)C4CC4)cc(nc2cc1OCCCN5CCCC5)c6oc(C)cc6,0.90 ,10.1021/acs.molpharmaceut.4c00406
,NC(=O)c1sc(cc1OCCc1ccccc1)N1CCOCC1,10.00 ,10.1021/acs.molpharmaceut.4c00406
,NC(=O)c1cc(ccc1OCCc1ccccc1)N1CCOCC1,32.00 ,10.1021/acs.molpharmaceut.4c00406
,NC(=O)c1sc(cc1OCCc1ccc(cc1)OC(F)(F)F)N1CCOCC1,29.00 ,10.1021/acs.molpharmaceut.4c00406
,CC1(COC1)COc1cc(sc1C(=O)N)N1CCOCC1,31.00 ,10.1021/acs.molpharmaceut.4c00406
,[H][C@]12[C@@H](CC[C@@]1(CC[C@]1(C)[C@]2([H])CC[C@]2([H])[C@@]3(C)CC=C(C4=CC=C(C=C4)C(O)=O)C(C)(C)[C@]3([H])CC[C@@]12C)C(=O)NCCC(O)=O)C(C)=C,1.10 ,10.1021/acs.molpharmaceut.4c00406
,C[C@@H]1CN(CC(=O)N2CC(C)(C)c3ncc(Cc4ccc(F)cc4)cc23)[C@@H](CN5CCOC[C@H]5C)CN1,41.00 ,10.1021/acs.molpharmaceut.4c00406
,C[C@@H]1CN(CC(=O)N2CC(C)(C)c3nc(CO)c(Cc4ccc(F)cc4)cc23)[C@@H](CN5CCOC[C@H]5C)CN1,41.00 ,10.1021/acs.molpharmaceut.4c00406
,CC(C)N(C)c1ccc(cc1)[C@H]1C[C@@]2(C)[C@@H](CC[C@@]2(O)C#CC(C)(C)C)[C@@H]2CCC3=CC(=O)CC[C@@H]3[C@H]22,1.63 ,10.1021/acs.molpharmaceut.4c00406
,OC1=CC=C(OC(C2=CC=C(OC[C@H](C)N3C[C@H](C)CC3)C=C2)C(C4=CC(O)=CC=C4)=C5C)C5=C1,38.00 ,10.1021/acs.molpharmaceut.4c00406
,FC(C=C1)=CC=C1C2=C(C)C3=CC(O)=CC=C3OC2C4=CC=C(OC[C@H](C)N5C[C@H](C)CC5)C=C4,30.00 ,10.1021/acs.molpharmaceut.4c00406
,O=C(C1=CC(C2=CN=CN=C2)=C(N3C[C@H](O)CC3)N=C1)NC4=CC=C(OC(F)(F)F)C=C4,8.30 ,10.1021/acs.molpharmaceut.4c00406
,O=C(C1=CC(C2=CN=CN=C2)=CC=C1)NC3=CC=C(OC(F)(F)F)C=C3,75.00 ,10.1021/acs.molpharmaceut.4c00406
,O=C(NC1=CC=C(OC(F)(F)F)C=C1)C(C=C2C3=CC=NN3)=CN=C2N4C[C@H](O)CC4,22.00 ,10.1021/acs.molpharmaceut.4c00406
,O=C(NC1=CC=C(OC(F)(F)F)C=C1)C(C=C2C3=CC=NN3)=CN=C2N4C[C@@](O)(C)CC4,11.00 ,10.1021/acs.molpharmaceut.4c00406
,O=C(NC1=CC=C(OC(F)(Cl)F)C=C1)C(C=C2C3=C(F)C=NN3)=CN=C2N4C[C@H](O)CC4,26.00 ,10.1021/acs.molpharmaceut.4c00406
,ClC1=CC=CC(COC2=CC=CC3=C2C(NC4=CC=CN=C4)=NO3)=C1,4.80 ,10.1021/acs.molpharmaceut.4c00406
,ClC(C=CC=C1Cl)=C1COC2=CC=CC3=C2C(NC4=CC=CN=C4)=NO3,3.90 ,10.1021/acs.molpharmaceut.4c00406
,FC(OC(C=CC=C1)=C1COC2=CC=CC3=C2C(NC4=CC=CN=C4)=NO3)(F)F,7.80 ,10.1021/acs.molpharmaceut.4c00406
,ClC(C=CC(F)=C1)=C1COC2=CC=CC3=C2C(NC4=CC=CN=C4)=NO3,6.20 ,10.1021/acs.molpharmaceut.4c00406
,NC1=NC(NC2=CN(C)N=C2)=NC(C3=CC=CC(N(C=C4)C(C5=C4C=C(C6CC6)C=C5F)=O)=C3CO)=N1,0.64 ,10.1021/acs.molpharmaceut.4c00406
,COC[C@@H](C(N[C@@H](COCCCCCCOC1=CC=CC=C21)C(N[C@H](C([C@@]3(C)CO3)=O)CC4=CC=CC=C4)=O)=O)NC2=O,67.20 ,10.1021/acs.molpharmaceut.4c00406
,O=C(N[C@@H](CC1=CC=CC=C1)C([C@]2(CO2)C)=O)[C@H](COCCCCCCN3C4=CC=N3)NC([C@@H](NC4=O)COC)=O,107.00 ,10.1021/acs.molpharmaceut.4c00406
,FC(F)(F)C1=CC=CC(C2=NC3=C(C=C(N=C3)NC4=NC=C(N5CCNCC5)C=C4)N2)=C2,29.00 ,10.1021/acs.molpharmaceut.4c00406
,FC1=CC=C(C2=NC3=C(C=C(N=C3)NC4=NC=CC(C(N5C[C@@H](N[C@@H](C5)C)C)=O)=C4)N2)C=C2C(F)(F)F,99.00 ,10.1021/acs.molpharmaceut.4c00406
,FC1=CC=C(C2=NC3=C(C=C(N=C3)NC4=NC=CC(C(N5CC(OC(C5)C)C)=O)=C4)N2)C=C2C(F)(F)F,14.00 ,10.1021/acs.molpharmaceut.4c00406
,O=C(C1=CC=NC(NC2=NC=C3C(NC(C4=CC(C(F)(F)F)=CC=C4)=N3)=C2)=C1)N5CCN(CC6)C(C)(C)C,68.00 ,10.1021/acs.molpharmaceut.4c00406
,FC1=C(C=CC(C2=NC3=CN=C(C=C3N2)NC4=NC=CC(C(N5CCC(F)(CC5)F)=O)=C4)=C2)F,35.00 ,10.1021/acs.molpharmaceut.4c00406
,Cc1noc(C)c1-c(cc1)ccc1C(N1[C@H](c(cccc2)c2Cl)SC[C@@H]1C(O)=O)=O,20.30 ,10.1021/acs.molpharmaceut.4c00406
,O[C@@H](CC1)CC[C@H]1N2C3=NC(N[C@@H](C)CCC)=NC=C3C(C4=CC=C(CN5CCOCC5)C=C4)=C2,41.00 ,10.1021/acs.molpharmaceut.4c00406
,CCC[C@H](C)NC1=NC=C2C(N([C@@H]3CC[C@@H](O)CC3)C=C2C4=CC=C(CN5CCN(C)CCC5)C=C4)=N1,29.00 ,10.1021/acs.molpharmaceut.4c00406
,O[C@@H](CC1)CC[C@H]1N2C3=NC(N[C@@H](C)CCC)=NC=C3C(C4=CC=C(CN5C6CCC5CC6)C=C4)=C2,302.00 ,10.1021/acs.molpharmaceut.4c00406
,O[C@@H](CC1)CC[C@H]1N2C3=NC(N[C@@H](C)CCC)=NC=C3C(C4=CC=C(S(N5CCN(C)CC5)(=O)=O)C=C4F)=C2,50.00 ,10.1021/acs.molpharmaceut.4c00406
,CCC[C@H](C)NC1=NC=C2C(N([C@@H]3CC[C@@H](O)CC3)C=C2C4=CC=C(CNCCN(CC)CC)C=C4)=N1,54.00 ,10.1021/acs.molpharmaceut.4c00406
,O[C@@H](CC1)CC[C@H]1N2C3=NC(N[C@@H](C)CCC)=NC=C3C(C4=CC(N5CCNCC5)=NC=C4)=C2,55.00 ,10.1021/acs.molpharmaceut.4c00406
,O[C@@H]1CC[C@@H](N2C3=NC(N[C@@H](C)CCC)=NC=C3C(C4=CN(C5CCNCC5)N=C4)=C2)CC1,32.00 ,10.1021/acs.molpharmaceut.4c00406
,O=C1C=C(NC2CCN(CC2)S(=O)(=O)C(F)(F)F)c3cc(ccc3N1)C(c4ccc(Cl)cc4)c5ccc(Cl)cc5,2.21 ,10.1021/acs.molpharmaceut.4c00406
,CC(C)C(=O)N1CCC(CC1)c2cn(C)c3ncc(NC(=O)c4cccc(c4)C#N)c(c25)C(F)(F)F,1.20 ,10.1021/acs.molpharmaceut.4c00406
