Molecule_Name,Smiles,Mouse_thalf,Source
CHEMBL566534,CO[C@H]1O[C@@H]2O[C@@]3(C)CC[C@H]4[C@H](C)CC[C@@H]([C@H]1C)[C@@]24OO3,0.8667,CHEMBL 35
CHEMBL179400,CNc1cccc(CCOc2ccc3c(CCC(=O)O)coc3c2)n1,0.09,CHEMBL 35
CHEMBL181855,O=C(NS(=O)(=O)c1ccccc1)c1ccc(Cl)cc1Cl,13,CHEMBL 35
CHEMBL360232,CNc1cccc(CCOc2ccc3c(ccn3CCC(=O)O)c2)n1,1.56,CHEMBL 35
CHEMBL188757,CCOC(=O)N1CCC2(CC1)OOC1(O2)C2CC3CC(C2)CC1C3,5.733,CHEMBL 35
CHEMBL1732,CN1C[C@H](C(=O)N[C@]2(C)O[C@@]3(O)[C@@H]4CCCN4C(=O)[C@H](Cc4ccccc4)N3C2=O)C[C@@H]2c3cccc4[nH]cc(c34)C[C@H]21,9,CHEMBL 35
CHEMBL4757884,Cc1noc(C)c1-c1cn2c(-c3ccc(O)cc3)cnc2cn1,0.0609,CHEMBL 35
CHEMBL4743467,Oc1cc(F)c(-c2cnc3cnc(-c4cccc(C(F)(F)F)c4)cn23)c(F)c1,2.95,CHEMBL 35
CHEMBL4789183,COc1cc(-c2c(C(C)C)nc3cnc(-c4cccc(C(F)(F)F)c4)cn23)cc2cn[nH]c12,7.44,CHEMBL 35
CHEMBL5218961,CC(C)Cc1cn(-c2ccc(NC(=O)Nc3ccc4cnccc4c3)cc2)nn1,5,CHEMBL 35
CHEMBL381207,Cc1sc2ncnc(N)c2c1-c1ccc(NC(=O)Nc2cc(C(F)(F)F)ccc2F)cc1,2.1,CHEMBL 35
CHEMBL4747246,Oc1ccc(-c2cnn3ccc(-c4cccc(C(F)(F)F)c4)cc23)c(F)c1,0.417,CHEMBL 35
CHEMBL4748653,COc1ccc(-c2c(C(C)C)nc3cnc(-c4ccnc(N(C)C)c4)cn23)cc1O,0.332,CHEMBL 35
CHEMBL4451402,O=C(NCc1cc(F)cc(F)c1)[C@@]1(O)CCN(c2cnc3[nH]ccc3c2)C1=O,1.5,CHEMBL 35
CHEMBL4850216,O=C(OC1CN2CCC1CC2)N1CCc2ccccc2[C@@H]1c1ccc(F)cc1,0.035,CHEMBL 35
CHEMBL4441166,CN1Cc2cc(Nc3ncc4c(=O)c(-c5c(Cl)cccc5Cl)cn(C)c4n3)ccc2C2(CC2)C1,2.7,CHEMBL 35
CHEMBL4533907,Cc1ccc(-c2csc(Cn3nc(CC=O)c4ccccc4c3=O)n2)cc1,0.5833,CHEMBL 35
CHEMBL3909654,NC(=O)c1c(F)ccc(OCc2nc3cc(C(F)(F)F)cnc3s2)c1F,3.65,CHEMBL 35
CHEMBL4877545,CS(=O)(=O)NC(=O)CCc1cn(-c2ccc(Br)cc2)nc1C1CCOCC1,2.3,CHEMBL 35
CHEMBL4759569,Fc1c(-c2c(C(F)(F)F)nc3cnc(-c4cccc(C(F)(F)C(F)(F)F)c4)cn23)ccc2[nH]ncc12,37.1,CHEMBL 35
CHEMBL4751019,CCc1nc2cnc(-c3ccc(F)c(C(F)(F)F)c3)cn2c1-c1c(F)cc(O)cc1F,10,CHEMBL 35
CHEMBL4797125,Cc1nc2cnc(-c3cccc(C(F)(F)C(F)(F)F)c3)cn2c1-c1c(F)cc(O)cc1F,6.2,CHEMBL 35
CHEMBL4789829,CC(C)c1cc(-c2cn3c(-c4ccc5[nH]ncc5c4F)c(C4CC4)nc3cn2)ccc1F,6.18,CHEMBL 35
CHEMBL4861052,CS(=O)(=O)NC(=O)OCc1cn(-c2ccc(Cl)cc2)nc1-c1ccncc1,5.8,CHEMBL 35
CHEMBL4572028,O=C(NCc1cc(F)cc(Cl)c1)[C@@]1(O)CCN(c2cnc3[nH]cc(Cl)c3c2)C1=O,1.14,CHEMBL 35
CHEMBL4764061,Oc1cc(F)c(-c2c(C3CCC3)nc3cnc(-c4ccc(F)c(C(F)(F)F)c4)cn23)c(F)c1,9.17,CHEMBL 35
CHEMBL4790973,CCc1nn2cnc(-c3ccc(F)c(C(F)(F)F)c3)cc2c1-c1c(F)cc(O)cc1F,1.24,CHEMBL 35
CHEMBL4752925,CC(C)c1cc(-c2cn3c(-c4ccc5[nH]ncc5c4F)c(C(C)C)nc3cn2)ccc1F,5.69,CHEMBL 35
CHEMBL4798797,COc1ccc(-c2c(C3CC3)nc3cnc(-c4cccc(C(F)(F)F)c4)cn23)cc1O,1.04,CHEMBL 35
CHEMBL4755956,CC(C)c1nn2cnc(-c3cccc(C(F)(F)F)c3)cc2c1-c1c(F)cc(O)cc1F,1.59,CHEMBL 35
CHEMBL5184466,O=C(N[C@@H](Cc1coc2ccccc12)B(O)O)[C@@H]1C[C@H]2CC[C@@H]1O2,1.71,CHEMBL 35
CHEMBL190614,Cc1nc2n(c1C)N=C(c1ccccc1)c1cc3c(cc1C2)OCO3,1.2,CHEMBL 35
CHEMBL4799745,CCc1nc2cnc(-c3ccc(F)c(C(F)(F)C(F)(F)F)c3)cn2c1-c1c(F)cc(O)cc1F,24.7,CHEMBL 35
CHEMBL4762116,Fc1ccc(-c2cn3c(-c4ccc5[nH]ncc5c4)c(C(F)(F)F)nc3cn2)cc1C(F)(F)F,23.3,CHEMBL 35
CHEMBL4757098,Fc1ccc(-c2cn3c(-c4ccc5[nH]ncc5c4F)c(C(F)(F)F)nc3cn2)cc1CC(F)(F)F,2.75,CHEMBL 35
CHEMBL198876,Cc1ccc(C(=O)Nc2ccon2)cc1Nc1ncnc(NC(C)C)c1C#N,1.7,CHEMBL 35
CHEMBL4865617,CS(=O)(=O)NC(=O)CCc1cn(-c2ccc(Br)cc2)nc1-c1cccnc1,1.7,CHEMBL 35
CHEMBL4755643,CC(C)c1nc2cnc(-c3ccc(F)c(C(F)(F)F)c3)cn2c1-c1ccc2[nH]ncc2c1F,10.5,CHEMBL 35
CHEMBL4742068,CC(C)c1nn2cnc(-c3ccc(F)c(C(F)(F)F)c3)cc2c1-c1ccc2[nH]ncc2c1F,6.26,CHEMBL 35
CHEMBL4750891,CC1(c2nc3cnc(-c4ccc(F)c(C(F)(F)F)c4)cn3c2-c2c(F)cc(O)cc2F)CC1,8.48,CHEMBL 35
CHEMBL195903,CONC(=O)c1cc(Nc2ncnn3cc(-c4nnc(C(F)(F)S(C)(=O)=O)o4)c(C(C)C)c23)c(F)cc1F,2.5,CHEMBL 35
CHEMBL4749880,Fc1ccc(-c2cn3c(-c4ccc5[nH]ncc5c4F)c(C(F)(F)F)nc3cn2)cc1C(F)(F)C(F)(F)F,23.4,CHEMBL 35
CHEMBL4782059,COc1ccc(-c2c(C)nn3cnc(-c4cccc(C(F)(F)F)c4)cc23)cc1O,0.24,CHEMBL 35
CHEMBL4759099,Fc1ccc(-c2cn3c(-c4ccc5[nH]ncc5c4F)c(C(F)(F)F)nc3cn2)cc1OC(F)(F)F,22.1,CHEMBL 35
CHEMBL4757105,COc1ccc(-c2c(C(C)C)nc3cnc(-c4ccc(F)c(C(F)(F)F)c4)cn23)cc1O,1.6,CHEMBL 35
CHEMBL4798182,COc1ccc(-c2c(C(C)C)nc3cnc(-c4cccc(C(F)(F)F)c4)cn23)cc1OP(=O)(O)O,0.377,CHEMBL 35
CHEMBL4763712,COc1ccc(-c2c(C(F)(F)F)nc3cnc(-c4cccc(C(F)(F)C(F)(F)F)c4)cn23)cc1O,2.11,CHEMBL 35
CHEMBL4783028,Fc1c(-c2c(C(F)(F)F)nc3cnc(-c4cccc(OC(F)(F)F)c4)cn23)ccc2[nH]ncc12,5.8,CHEMBL 35
CHEMBL4740983,CC(C)c1nc2cnc(-c3ccc(F)c(C(F)(F)F)c3)cn2c1-c1ccc2[nH]ncc2c1,7.99,CHEMBL 35
CHEMBL4464946,O=C(NCc1cc(F)cc(F)c1)[C@@]1(O)CCN(c2ccc3[nH]ccc3c2)C1=O,2.75,CHEMBL 35
CHEMBL4450159,O=C(NCc1cc(F)cc(F)c1)[C@@]1(O)CCN(c2ccc3[nH]ncc3c2)C1=O,0.82,CHEMBL 35
CHEMBL4854980,CS(=O)(=O)NC(=O)CCc1cn(-c2ccc(C(F)(F)F)nc2)nc1-c1ccc(Cl)cc1,3,CHEMBL 35
CHEMBL4784780,CC(C)c1nc2cnc(-c3ccc(F)c(C(F)(F)F)c3)cn2c1-c1c(F)cc(O)cc1F,6.98,CHEMBL 35
CHEMBL4750741,CC(C)c1nc2cnc(-c3cccc(C(F)(F)F)c3)cn2c1-c1ccc2[nH]ncc2c1F,6.03,CHEMBL 35
CHEMBL4758070,CC(C)c1cc(-c2cn3c(-c4ccc5[nH]ncc5c4F)c(C(F)(F)F)nc3cn2)ccc1F,4.53,CHEMBL 35
CHEMBL4787321,CC(C)Oc1cc(-c2cn3c(-c4ccc5[nH]ncc5c4F)c(C(F)(F)F)nc3cn2)ccc1F,4.58,CHEMBL 35
CHEMBL196363,Cc1cccc(NC(=O)Nc2ccc(-c3csc4ncnc(N)c34)cc2)c1,0.7,CHEMBL 35
CHEMBL4847217,CS(=O)(=O)NC(=O)CCc1cn(-c2ccc(Br)cc2)nc1-c1ccncc1,1.3,CHEMBL 35
CHEMBL4876178,CCCCCCCCCCCCCCCC(=O)OC[C@H](COP(=O)(O)OCNC(=O)[C@H](CCC(=O)N[C@H]1C[C@H](O[C@H]2C[C@](O)(C(=O)CO)Cc3c(O)c4c(c(O)c32)C(=O)c2c(OC)cccc2C4=O)O[C@@H](C)[C@H]1O)NC(=O)c1ccc(NCc2cnc3nc(N)nc(O)c3n2)cc1)OC(=O)CCCCCCCCCCCCCCC,19.31,CHEMBL 35
CHEMBL4745081,CCc1nc2cnc(-c3ccc(F)c(C(F)(F)F)c3)cn2c1-c1ccc2[nH]ncc2c1F,4.16,CHEMBL 35
CHEMBL4788935,CC(C)c1nn2cnc(-c3ccc(F)c(C(F)(F)F)c3)cc2c1-c1c(F)cc(O)cc1F,2.07,CHEMBL 35
CHEMBL4743624,CCNc1cc(F)cc2c1[nH]c1ncc(-c3cncc(C#N)c3)c(-n3cc(CN)c(C(F)(F)F)n3)c12,1.8,CHEMBL 35
CHEMBL4745965,Oc1ccc(-c2cnc3cnc(C4=COCCC4)cn23)cc1,0.0536,CHEMBL 35
CHEMBL4757046,CCNc1cc(F)cc2c1[nH]c1ncc(-c3cnc(OC)nc3)c(-n3ncc4c3CNC4)c12,0.8,CHEMBL 35
CHEMBL4755977,COc1cc2nccc(Oc3ccc(C(=O)Nc4ccccn4)cc3)c2cc1NC(=O)C#CCCN1CCOCC1,0.15,CHEMBL 35
CHEMBL4846808,CS(=O)(=O)NC(=O)NCc1cn(-c2ccc(Cl)cc2)nc1-c1ccncc1,2,CHEMBL 35
CHEMBL188629,CC1(C)COC2(CCC3(CC2)OOC2(O3)C3CC4CC(C3)CC2C4)OC1,2.583,CHEMBL 35
CHEMBL4446354,Cc1ccc(-c2csc(Cn3nc(CC(=O)O)c4ccccc4c3=O)n2)cc1,1.2,CHEMBL 35
CHEMBL327687,CCc1cc(Nc2cc(=O)n(CCCCO)c(=O)[nH]2)ccc1C,0.55,CHEMBL 35
CHEMBL4475680,O=C1CCc2cc(N3CC[C@](O)(C(=O)NCc4cc(F)cc(Cl)c4)C3=O)ccc2N1,3,CHEMBL 35
CHEMBL434183,C[C@H]1C[C@H](C)OC2(CCC3=Cc4c(cnn4-c4ccc(F)cc4)C[C@@]32C)O1,3,CHEMBL 35
CHEMBL4448724,O=C(NCc1cc(F)cc(Cl)c1)[C@@]1(O)CCN(c2cnc3[nH]ccc3c2)C1=O,1.1,CHEMBL 35
CHEMBL191144,C[C@H](C(=O)Nc1cc(C2CC2)[nH]n1)c1ccc(N2CCCC2=O)cc1,0.01333,CHEMBL 35
CHEMBL195723,C=C[C@H]1OC2(CCC3=Cc4c(cnn4-c4ccc(F)cc4)C[C@@]32C)O[C@@H]1C=C,2.3,CHEMBL 35
CHEMBL4749847,CCCCCC[C@H]1OC[C@@H](C)NC(=O)[C@H](CO[C@H]2C[C@H](CN)C2)NC(=O)[C@H](CN)NC(=O)[C@H](C2CCCCCC2)NC(=O)[C@H](CCC)N(C)C(=O)[C@@H]1C,4,CHEMBL 35
CHEMBL4482955,Cc1ccc(-c2csc(Cn3nc(CC(=O)N4CCN(C)CC4)c4ccccc4c3=O)n2)cc1,5.45,CHEMBL 35
CHEMBL107400,Cc1cc(OCC(=O)O)cc(C)c1Cc1ccc(O)c(C(C)C)c1,1.3,CHEMBL 35
CHEMBL4460444,O=C(NCc1cc(F)cc(Cl)c1)[C@@]1(O)CCN(c2ccc3[nH]ncc3c2)C1=O,0.9,CHEMBL 35
CHEMBL4846005,CS(=O)(=O)NC(=O)/C=C/c1cn(-c2ccc(Cl)cc2)nc1-c1ccncc1,1.1,CHEMBL 35
CHEMBL4746624,COc1ccc(-c2c(C(C)C)nc3cnc(-c4cccc(C(F)(F)F)c4)cn23)cc1O,1.92,CHEMBL 35
CHEMBL4764170,COc1ccc(-c2c(C)nc3ccc(-c4cccc(C(F)(F)F)c4)cn23)cc1O,0.469,CHEMBL 35
CHEMBL4799333,Cc1nc2cnc(-c3ccc(F)c(C(F)(F)F)c3)cn2c1-c1c(F)cc(O)cc1F,3.6,CHEMBL 35
CHEMBL4750431,Fc1ccc(-c2cn3c(-c4ccc5[nH]ncc5c4F)c(C4CC4)nc3cn2)cc1C(F)(F)F,16.2,CHEMBL 35
CHEMBL4747424,Fc1ccc(-c2cn3c(-c4ccc5[nH]ncc5c4F)c(C(F)(F)F)nc3cn2)cc1C(F)(F)F,74,CHEMBL 35
CHEMBL178720,CNc1cccc(CCOc2ccc3c(CCC(=O)O)csc3c2)n1,0.74,CHEMBL 35
CHEMBL4785344,CC(C)c1nc2cnc(-c3ccc(F)c(C(F)(F)F)c3)nc2n1-c1c(F)cc(O)cc1F,7.09,CHEMBL 35
CHEMBL122679,Nc1[nH]cc[n+]1Cc1[nH]c(=O)[nH]c(=O)c1Br,0.2,CHEMBL 35
CHEMBL65375,Cl.N=C1CCCN1Cc1[nH]c(=O)[nH]c(=O)c1Cl,0.1,CHEMBL 35
CHEMBL190641,c1ccc(C2CCC3(CC2)OOC2(O3)C3CC4CC(C3)CC2C4)cc1,1.617,CHEMBL 35
CHEMBL189605,O=C(NS(=O)(=O)c1ccc(Cl)cc1)c1ccc(Br)cc1Cl,28,CHEMBL 35
CHEMBL4758053,Oc1ccc(-c2cnc3cnc(-c4cccc(C(F)(F)F)c4)cn23)c(F)c1,0.172,CHEMBL 35
CHEMBL4744740,Cc1nc2cnc(-c3cccc(C(F)(F)F)c3)cn2c1-c1c(F)cc(O)cc1F,0.459,CHEMBL 35
CHEMBL4746685,CCC[C@H]1C(=O)N[C@@H](C2CCCCCC2)C(=O)N[C@@H](CN)C(=O)N[C@@H](COCCCNCCCN)C(=O)N[C@H](C)CO[C@H](CC2C[C@H]3CC[C@@H](C2)C3)[C@@H](C)C(=O)N1C,2.5,CHEMBL 35
CHEMBL557634,CCc1cc(Nc2cc(=O)n(CCCCN3CCOCC3)c(=O)[nH]2)ccc1C.Cl,0.65,CHEMBL 35
CHEMBL4765012,Cc1nc2cnc(-c3ccc(F)c(C(F)(F)F)c3)cn2c1-c1c(F)cc(OP(=O)(O)O)cc1F,2.31,CHEMBL 35
CHEMBL4751691,Cc1c(-c2c(C(F)(F)F)nc3cnc(-c4ccc(F)c(C(F)(F)F)c4)cn23)ccc2[nH]ncc12,23.6,CHEMBL 35
CHEMBL4751459,Cc1nc2cnc(-c3ccc(F)c(C(F)(F)F)c3)cn2c1-c1ccc(O)cc1F,2.28,CHEMBL 35
CHEMBL4755363,Oc1ccc(-c2c(C(F)(F)F)nc3cnc(-c4cccc(C(F)(F)F)c4)cn23)c(F)c1,4.46,CHEMBL 35
CHEMBL4789333,CC(C)c1nc2cnc(-c3cccc(S(F)(F)(F)(F)F)c3)cn2c1-c1c(F)cc(O)cc1F,1.76,CHEMBL 35
CHEMBL4779352,CC(C)c1nc2cnc(-c3ccc(F)c(S(F)(F)(F)(F)F)c3)cn2c1-c1ccc2[nH]ncc2c1F,8.96,CHEMBL 35
CHEMBL3349624,CCCCCC[C@H]1OC(=O)CNC(=O)[C@H]([C@H](C)O)NC(=O)[C@H](CO)NC(=O)[C@H]([C@H](C)CC)NC(=O)[C@H](CC(C)C)N(C)C(=O)[C@@H]1C,0.3,CHEMBL 35
CHEMBL4759326,CCC[C@H]1C(=O)N[C@@H](C2CCCCCC2)C(=O)N[C@@H](CN)C(=O)N[C@@H](CO[C@H]2C[C@H](N)C2)C(=O)N[C@H](C)CO[C@H](CC2C[C@H]3CC[C@@H](C2)C3)[C@@H](C)C(=O)N1C,2.1,CHEMBL 35
CHEMBL4864647,CS(=O)(=O)NC(=O)CCc1cn(-c2ccc(Cl)cc2)nc1-c1ccc(Cl)cc1,3.6,CHEMBL 35
CHEMBL4870509,CS(=O)(=O)NC(=O)CCc1cc(-c2ccc(Br)cc2)nn1-c1ccc(Cl)cc1,3.6,CHEMBL 35
CHEMBL4781298,CCc1nc2cnc(-c3cccc(C(F)(F)F)c3)cn2c1-c1ccc(O)cc1F,0.56,CHEMBL 35
CHEMBL4764292,CC(C)c1nc2cnc(-c3cccc(C(F)(F)F)c3)cn2c1-c1ccc(OP(=O)(O)O)cc1F,0.529,CHEMBL 35
CHEMBL4761377,Oc1cc(F)c(-c2c(C3CC3)nc3cnc(-c4ccc(F)c(C(F)(F)F)c4)cn23)c(F)c1,9.59,CHEMBL 35
CHEMBL4798002,CC(C)c1nc2cnc(-c3ccc(F)c(C(F)(F)F)c3)cn2c1-c1c(F)cc(OP(=O)(O)O)cc1F,0.416,CHEMBL 35
CHEMBL4797622,Fc1ccc(-c2cn3c(-c4ccc5[nH]ncc5c4F)c(C(F)(F)F)nc3cn2)cc1C1CCC1,2.2,CHEMBL 35
CHEMBL4764900,Fc1ccc(-c2cn3c(-c4ccc5[nH]ncc5c4F)c(C(F)(F)F)nc3cn2)cc1C1CC1,2.82,CHEMBL 35
CHEMBL4741974,CCC[C@H]1C(=O)N[C@@H](C2CCCCCC2)C(=O)N[C@@H](CN)C(=O)N[C@@H](COCCCNCCCN)C(=O)N[C@H](C)CO[C@H](CC2CC3(CCC3)C2)[C@@H](C)C(=O)N1C,4.6,CHEMBL 35
CHEMBL307261,C[C@H]1[C@@H](O)O[C@@H]2O[C@@]3(C)CC[C@H]4[C@H](C)CC[C@@H]1[C@@]24OO3,0.4333,CHEMBL 35
CHEMBL4464276,CCNC(=O)Cc1nn(Cc2nc(-c3ccc(C)cc3)cs2)c(=O)c2ccccc12,0.4667,CHEMBL 35
CHEMBL5196403,Cc1nc(N2CCC3(CC2)CO[C@@H](C)[C@H]3N)cc(=O)n1-c1cccc(Cl)c1Cl,3.5,CHEMBL 35
CHEMBL5175217,O=C(Cc1ccccc1)N[C@@H](Cc1coc2ccccc12)B(O)O,0.37,CHEMBL 35
CHEMBL1275685,CO[C@H]1/C=C/O[C@@]2(C)Oc3c(C)c(O)c4c(O)c(c(/C=N/N5CCC(N(C)C6([C@@H]7CCN(c8c(F)cn9c(=O)c(C(=O)O)cc(C%10CC%10)c9c8C)C7)CC6)CC5)c(O)c4c3C2=O)NC(=O)/C(C)=C\C=C\[C@H](C)[C@H](O)[C@@H](C)[C@@H](O)[C@@H](C)[C@H](OC(C)=O)[C@@H]1C,0.4,CHEMBL 35
CHEMBL4209095,CN1CC[C@@](O)(C#Cc2cccc(-n3nc(C(N)=O)c4cccnc43)c2)C1=O,0.45,CHEMBL 35
CHEMBL4862685,CS(=O)(=O)NC(=O)C1CC1c1cn(-c2ccc(Cl)cc2)nc1-c1ccncc1,0.9,CHEMBL 35
CHEMBL4463138,O=C(NCc1cc(F)cc(Cl)c1)[C@@]1(O)CCN(c2ccc3[nH]ccc3c2)C1=O,2.65,CHEMBL 35
CHEMBL4591797,O=C(NCc1cc(F)cc(F)c1)[C@@]1(O)CCN(c2cnc3[nH]cc(Cl)c3c2)C1=O,1.12,CHEMBL 35
CHEMBL5405484,CN1C(=O)[C@](O)(C#Cc2cccc(-n3nc(C(N)=O)c4cccnc43)c2)[C@H]2C[C@H]21,1.5,CHEMBL 35
CHEMBL4750290,CCC[C@H]1C(=O)N[C@@H](C2CCCCCC2)C(=O)N[C@@H](CN)C(=O)N[C@@H](CO[C@H]2C[C@H](N)C2)C(=O)N[C@H](C)CO[C@H](CC2CC3(CCC3)C2)[C@@H](C)C(=O)N1C,4,CHEMBL 35
CHEMBL5188931,Cc1nc(N2CCC3(CC2)CO[C@@H](C)[C@H]3N)c(Cl)c(=O)n1-c1cccc(Cl)c1Cl,6,CHEMBL 35
CHEMBL4542845,Cc1ccc(-c2csc(Cn3nc(Cc4nccs4)c4ccccc4c3=O)n2)cc1,4.083,CHEMBL 35
CHEMBL5287247,O=C(CCCc1ccc(I)cc1)NCCCC[C@@H](NC(=O)c1ccc(-c2c3ccc(=O)cc-3oc3cc(O)ccc23)c(C(=O)O)c1)C(=O)O,8.25,CHEMBL 35
CHEMBL190579,O=C1CCC2(CC1)OOC1(O2)C2CC3CC(C2)CC1C3,1.95,CHEMBL 35
CHEMBL5176576,N#Cc1ccccc1CC(=O)N[C@@H](C[C@@H]1COc2ccccc21)B(O)O,0.71,CHEMBL 35
CHEMBL1422005,CCOC(=O)Cc1nn(Cc2nc(-c3ccc(C)cc3)cs2)c(=O)c2ccccc12,0.05,CHEMBL 35
CHEMBL4528582,Cc1ccc(-c2csc(Cn3nc(CC4OCCCO4)c4ccccc4c3=O)n2)cc1,4.333,CHEMBL 35
CHEMBL4786367,CCNc1cc(F)cc2c1[nH]c1ncc(-c3cnc(OC)nc3)c(-n3cc(CN)c(C(F)(F)F)n3)c12,1.6,CHEMBL 35
CHEMBL4546577,COc1ccc(NC(=O)C2CCN(c3ncccc3Cl)CC2)cc1Cl,0.25,CHEMBL 35
CHEMBL511201,NC(=O)c1c(F)ccc(OCc2nc3cc(Cl)cnc3s2)c1F,0.56,CHEMBL 35
CHEMBL53463,COc1cccc2c1C(=O)c1c(O)c3c(c(O)c1C2=O)C[C@@](O)(C(=O)CO)C[C@@H]3O[C@H]1C[C@H](N)[C@H](O)[C@H](C)O1,49.5,CHEMBL 35
CHEMBL53463,COc1cccc2c1C(=O)c1c(O)c3c(c(O)c1C2=O)C[C@@](O)(C(=O)CO)C[C@@H]3O[C@H]1C[C@H](N)[C@H](O)[C@H](C)O1,32.1,CHEMBL 35
CHEMBL4867615,O=C(OCC12CCN(CC1)CC2)N1CCc2ccccc2[C@H]1c1ccc(F)cc1,0.03667,CHEMBL 35
CHEMBL553025,CCC1=C[C@@H]2CN(C1)Cc1c([nH]c3ccccc13)[C@@](C(=O)OC)(c1cc3c(cc1OC)N(C)[C@H]1[C@@](O)(C(=O)OC)[C@H](OC(C)=O)[C@]4(CC)C=CCN5CC[C@]31[C@@H]54)C2,24.8,CHEMBL 35
CHEMBL1829173,CC#C[C@@H](CC(=O)O)c1ccc(OCc2cccc(-c3ccc(C(F)(F)F)cc3)c2)cc1,7.2,CHEMBL 35
CHEMBL22969,CC[C@]1(O)C[C@H]2CN(CCc3c([nH]c4ccccc34)[C@@](C(=O)OC)(c3cc4c(cc3OC)N(C)[C@H]3[C@@](O)(C(=O)OC)[C@H](OC(C)=O)[C@]5(CC)C=CCN6CC[C@]43[C@@H]65)C2)C1,1.6,CHEMBL 35
CHEMBL190309,O=C(O)CC(c1ccc2c(c1)OCO2)n1ccc2cc(OCCc3ccc4c(n3)NCCC4)ccc21,1.5,CHEMBL 35
CHEMBL4871466,CS(=O)(=O)NC(=O)CCc1cn(-c2ccc(Br)cc2)nc1-c1ccc(Cl)cc1,2,CHEMBL 35
CHEMBL3823844,O=C1Nc2ccc(NC(=O)[C@H](NC(=O)c3cccn(Cc4ccc(F)c(F)c4)c3=O)c3ccccc3)cc2/C1=C/c1cnc[nH]1,1.5,CHEMBL 35
CHEMBL191834,C[C@H](C(=O)Nc1cc(C2CC2)[nH]n1)c1ccc(N2CCOC2=O)cc1,0.04667,CHEMBL 35
CHEMBL4446378,CO[C@H]1/C=C/C[C@H](C)[C@@H](C)S(=O)(=O)NC(=O)c2ccc3c(c2)N(C[C@@H]2CC[C@H]21)C[C@@]1(CCCc2cc(Cl)ccc21)CO3,14,CHEMBL 35
CHEMBL3544964,Cn1nccc1Nc1nccc(-c2ccn([C@H](CO)c3ccc(Cl)c(F)c3)c(=O)c2)n1,1.3,CHEMBL 35
CHEMBL15245,COC(=O)[C@@H]1[C@H]2C[C@H]3c4[nH]c5ccccc5c4CCN3C[C@@H]2CC[C@@H]1O,0.06167,CHEMBL 35
CHEMBL53463,COc1cccc2c1C(=O)c1c(O)c3c(c(O)c1C2=O)C[C@@](O)(C(=O)CO)C[C@@H]3O[C@H]1C[C@H](N)[C@H](O)[C@H](C)O1,2.09,CHEMBL 35
,O=C1N(Cc2ccc(OC(F)(F)F)cc2)C=Cn(c13)cc([N+](=O)[O-])n3,3.80 ,10.1021/acs.molpharmaceut.4c00406
,O=C1N(C=Cn2cc([N+]([O-])=O)nc21)Cc3cc(OC(F)(F)F)ccc3,1.10 ,10.1021/acs.molpharmaceut.4c00406
,O=C1N(C=Cn2cc([N+]([O-])=O)nc21)Cc3cc(C(F)(F)F)ccc3,1.90 ,10.1021/acs.molpharmaceut.4c00406
,O=C1C2=NC([N+]([O-])=O)=CN2C=C(C3=CC=CC=C3)N1,1.20 ,10.1021/acs.molpharmaceut.4c00406
,O=C1C2=NC([N+]([O-])=O)=CN2C=CN1CC3=CC=C(C4=CC=C(OC(F)(F)F)C=C4)C=N3,7.20 ,10.1021/acs.molpharmaceut.4c00406
,O=C1C2=NC([N+]([O-])=O)=CN2C=CN1CC3=CC=C(C4=CC=CN=C4)C=C3,1.50 ,10.1021/acs.molpharmaceut.4c00406
,O=C1NC2=C(C(F)(F)F)C=CC=C2[C@]1(C3=CC=C(OC(F)(F)F)C=C3)C4=CC=C(O)C=C4,55.00 ,10.1021/acs.molpharmaceut.4c00406
,O=C1NC2=C(C(F)(F)F)C=CC=C2[C@]1(N3CCC(F)(F)CC3)C4=CC=C(O)C=C4,18.00 ,10.1021/acs.molpharmaceut.4c00406
,c1cc2c(=O)c3ccc(cc3oc2c(c1)Cl)N4CCC(C4)C(=O)O,2.10 ,10.1021/acs.molpharmaceut.4c00406
,CC1=C(OC2CCN(C(CC(C(F)(F)F)C(F)(F)F)=O)CC2)C=C(Cl)C=C1NC3=NC4=C(CCCC4O)S3,1.49 ,10.1021/acs.molpharmaceut.4c00406
,FC1=CN=C(N=C1C2=CC(F)=C(C3=C2)N=C(N3C(C)C)C)NC4=C(C(SC5=NC=C(N=C5)N6CCC7(CC6)CO[C@H]([C@H]7N)C)=CC=N4)Cl,2.11 ,10.1021/acs.molpharmaceut.4c00406
,O=C(C1=CC2=C(C=CC=C2)N1)N[C@@H](CC3=CC=CC=C3)C(N[C@@H](C[C@@H]4CCNC4=O)C=O)=O,5.85 ,10.1021/acs.molpharmaceut.4c00406
,O=C([C@H](C(C)C)NC(C1=CC=C(C=CC=C2)C2=N1)=O)N[C@@H](CC3=CC=CC=C3)C(N[C@@H](C[C@@H]4CCNC4=O)C=O)=O,2.98 ,10.1021/acs.molpharmaceut.4c00406
,O=C(N1CCN(CC2=CC=C(OCC(F)(F)F)C=C2)CC1)C3=CC4=CC=C(OC5=NC=C(C6=NC(C7=CC=C(OC)C=C7)=NO6)N=C5)C=C4N3C,10.20 ,10.1021/acs.molpharmaceut.4c00406
,O=C(N1CCN(CC2=CC=C(OCC(F)(F)F)C=C2)CC1)C3=CC4=CC=C(OC5=NC=C(C6=NC(C7=CC=C(F)C=C7)=NO6)N=C5)C=C4N3C,17.70 ,10.1021/acs.molpharmaceut.4c00406
,O=C(NC1=CC(Br)=C(C)C(Br)=C1)C(C2=CC=CC=C2)S(=O)(O)=O,2.00 ,10.1021/acs.molpharmaceut.4c00406
,O=C(NC1=CC(Br)=C(C)C(Br)=C1)CS(=O)(O)=O,1.50 ,10.1021/acs.molpharmaceut.4c00406
,O=C(NC1=CC(Br)=C(N2CCOCC2)C=C1)CS(=O)(O)=O,0.20 ,10.1021/acs.molpharmaceut.4c00406
,O=S(NC(NC1=CC(Br)=C(C)C(Br)=C1)=O)(O)=O,1.41 ,10.1021/acs.molpharmaceut.4c00406
,FC(CC1)(F)CCC1N(C)CCCCN(C[C@@H]2NCC(C=CC=N3)=C3C2)[C@@H]4C5=NC=CC=C5CCC4,5.89 ,10.1021/acs.molpharmaceut.4c00406
,N1C=CC=C2CCCC(C=12)N(CCCCN)CC1NC2=C(C=CC=C2)N=1,3.09 ,10.1021/acs.molpharmaceut.4c00406
,O=C(NCC1=CC=C(C(NNCCC)=O)C=C1)C2=CC3=CC=CC=C3N2,6.75 ,10.1021/acs.molpharmaceut.4c00406
,CN(C)S(=O)(=O)N1CCC[C@H](COc2ccc(nc2)c3ccn[nH]3)C1,0.42 ,10.1021/acs.molpharmaceut.4c00406
,CC(=O)N1CCC(COc2ccc(nc2)c3ccn[nH]3)CC1,4.66 ,10.1021/acs.molpharmaceut.4c00406
,O=C(C1=C2C(NC=C2)=NC(C3=CN=CS3)=C1)N[C@H]4CC[C@H](OCCOC)CC4,1.00 ,10.1021/acs.molpharmaceut.4c00406
,CC1=CC(NC2=NC=NC3=CC(OCC)=C(NC(/C=C/[C@H]4CCCN4C)=O)C=C32)=CC=C1OC5=CC6=NC=NN6C=C5,4.38 ,10.1021/acs.molpharmaceut.4c00406
,CC1=CC(NC2=NC=NC3=CC(OCC)=C(NC(/C(F)=C/[C@H]4CCCN4C)=O)C=C32)=CC=C1OC5=CC6=NC=NN6C=C5,3.76 ,10.1021/acs.molpharmaceut.4c00406
,CC1=CC(NC2=NC=NC3=CC(OCC)=C(NC(/C(F)=C\[C@H]4CCCN4C)=O)C=C32)=CC=C1OC5=CC6=NC=NN6C=C5,1.16 ,10.1021/acs.molpharmaceut.4c00406
,O=C(C1=CC=C(C2=CC(C=CN3)=C3N=C2)C=C1OCC4)N4CC5=CC=C(F)C=C5,2.36 ,10.1021/acs.molpharmaceut.4c00406
,O=C(N1CCN(C2=CC=CC(Cl)=C2Cl)CC1)NC3=CC(C=NN4)=C4C=C3,1.92 ,10.1021/acs.molpharmaceut.4c00406
,CC(F)(F)C(C=C(F)C=C1)=C1C2=C(OC3=CC=C(OC4CN(CCCF)C4)C=C3)C5=CC=C6NN=CC6=C5S2,4.60 ,10.1021/acs.molpharmaceut.4c00406
,O=C1C(N2)=C3C(C4=C1C(O)=C(C)C(O[C@]5(C)O/C=C/[C@H](OC)[C@@H](C)[C@@H](OC(C)=O)[C@H](C)[C@H](O)[C@H](C)[C@@H](O)[C@@H](C)/C=C/C=C(C)\C2=O)=C4C5=O)=NC6(CCN(CCN7C([N+]([O-])=O)=CN=C7C)CC6)N3,0.80 ,10.1021/acs.molpharmaceut.4c00406
,C12=CC=CC=C1C(CC3=NN=C(C4=CC=C(CN5CCOCC5)C=C4)C(C6=CC=CC=C6)=N3)=CN2,2.51 ,10.1021/acs.molpharmaceut.4c00406
,O=C(NCCO)C(C=C1)=CC=C1C2=NN=C(N=C2C3=CC=CC=C3)CC4=CNC5=CC=CC=C54,1.22 ,10.1021/acs.molpharmaceut.4c00406
,NC1=NN2C=CC(C3=CC(CN([C@H](C4CC4)C)C5=O)=C5C(OC(F)F)=C3)=NC2=C1C(N[C@@H]6CC[C@@](O)(C)CC6)=O,3.93 ,10.1021/acs.molpharmaceut.4c00406
,NC1=NN2C=CC(C3=CC(CN([C@H](C4CC4)C)C5=O)=C5C(OC(F)(F)F)=C3)=NC2=C1C(N[C@@H]6CC[C@@](O)(C)CC6)=O,4.98 ,10.1021/acs.molpharmaceut.4c00406
,Cc1nc(C)c(-c2ccc(OCCc3ccc(F)cc3)cc2)c(N2CCC(C)(C)CC2)c1[C@H](OC(C)(C)C)C(O)=O,6.30 ,10.1021/acs.molpharmaceut.4c00406
,CC(C)(F)C1=NC(=NO1)C12CCC(CN(C(=O)[C@H]3C[C@@](O)(C3)C(F)(F)F)C3=CC=CC(=C3)C3=CC=C(C=C3)C(C)(C)O)(CC1)CC2,16.00 ,10.1021/acs.molpharmaceut.4c00406
,FC(F)c2c1cn(nc1c(c(c2)C#Cc3ccc(cc3)CN4CCC(CC4)CO)C)C(c5ncn6c5CCC76CC7)C(=O)Nc8sccn8,6.60 ,10.1021/acs.molpharmaceut.4c00406
,NC1=C(C(N[C@@H](C)C2C3=CC=C(Cl)C=C3N(C3C=CC=NC=3)N=2)=NC(N)=N1)C#N,1.13 ,10.1021/acs.molpharmaceut.4c00406
,C[C@@H](C1=CC=CC=C1)OC(C=C2)=CC=C2C3=CC4=C(C5=CCNCC5)N=CN=C4N3,4.71 ,10.1021/acs.molpharmaceut.4c00406
,O=C(C1=C(NC2=CC=C(C(F)(F)F)C=N2)C=C(C(F)(F)F)C=C1N3)C=C3C(F)(F)F,1.88 ,10.1021/acs.molpharmaceut.4c00406
,O=C(NC1=NN(CP(OCC)(OCC)=O)C=C1)C2=CC(OC(C)C)=CC(OC3=CN=C(C(N4CCC4)=O)C=N3)=C2,2.10 ,10.1021/acs.molpharmaceut.4c00406
,CC(C)(OC(CCNC1=NC(NC(C=C2)=CC=C2NC(C)=O)=NC=N1)=O)C,0.57 ,10.1021/acs.molpharmaceut.4c00406
,O=C1N(CC)C2=NC(C)=CC=C2C3=C1[C@H](/C=C(C)\C)C[C@@](CCO)(C)O3,0.92 ,10.1021/acs.molpharmaceut.4c00406
,Cc1ccc(cc1)SC1=NN2C(=O)NN=C2C=C1,0.60 ,10.1021/acs.molpharmaceut.4c00406
,Clc1cccc(c1)SC1=NN2C(=O)NN=C2C=C1,0.30 ,10.1021/acs.molpharmaceut.4c00406
,FC(F)(F)Oc1cccc(c1)SC1=NN2C(=O)NN=C2C=C1,0.10 ,10.1021/acs.molpharmaceut.4c00406
,Clc1ccc(cc1Cl)SC1=NN2C(=O)NN=C2C=C1,0.70 ,10.1021/acs.molpharmaceut.4c00406
,O=C1C(N=C(C2=CC(O[C@@H]3CCN(C)C3)=CC=C2Cl)O4)=C4C(C5=CC=CC=C51)=O,0.86 ,10.1021/acs.molpharmaceut.4c00406
,O=C(C1=C2OC(C3=C(F)C=CC(O[C@@H]4CCN(C)C4)=C3Cl)=N1)C5=CC=CC=C5C2=O,0.83 ,10.1021/acs.molpharmaceut.4c00406
,O=C1C[C@H](C2=CC=C(OC)C=C2)C3=C(OC)C=C(OC)C=C31,9.29 ,10.1021/acs.molpharmaceut.4c00406
,O=C(N[C@@H](C)C1=CC=C(C(O)=O)C=C1)C2=C(CC3=CC=CC(C(F)(F)F)=C3)SC4=C2CCOC4,3.40 ,10.1021/acs.molpharmaceut.4c00406
,O=C(NCC1=CC=C(C(O)=O)C=C1)C2=C(CC3=CC=C(F)C=C3)SC4=C2CCOC4,3.20 ,10.1021/acs.molpharmaceut.4c00406
,FC(F)(F)c1c(ccc(c1Cl)-n1ccnn1)Cl,2.40 ,10.1021/acs.molpharmaceut.4c00406
,O=C(NC1=CC(O[C@H](C)C2=C(Cl)C=NC=C2Cl)=C(C#N)C=N1)C3=CN(CCN4CCOCC4)C5=CC(Br)=C(C([H])=O)N=C53,0.76 ,10.1021/acs.molpharmaceut.4c00406
,O=C(C1=C(Br)C(OC)=C(OC)C(OC)=C1)NC2=C(OC3=CC(C)=CC(C)=C3)C=C4C(NC([C@H](CC(N(CC)CC)=O)N(C)C4=O)=O)=C2,0.53 ,10.1021/acs.molpharmaceut.4c00406
,NC1=C2C(N([C@@H]3CC[C@H](N)CC3)C=C2C4=C(F)C=C(C)C=C4)=NC=N1,3.90 ,10.1021/acs.molpharmaceut.4c00406
,O=C(NNCC)C(C=C1)=CC=C1CN2C3=CC=CC=C3C=CC4=C2C=NC=C4,7.95 ,10.1021/acs.molpharmaceut.4c00406
,O=C(C(N(CC1=C2C=CC(C#CCN3CCC(N4CCC(N5N=C(C6=CC=C(OC7=CC=CC=C7)C=C6)C8=C(N)N=CN=C85)CC4)CC3)=C1)C2=O)CC9)NC9=O,3.70 ,10.1021/acs.molpharmaceut.4c00406
,COC(C(OC)=C1)=NC=C1C(S2)=CC3=C2N=CN=C3N[C@@H]4CN(C(CC)=O)CC4,1.73 ,10.1021/acs.molpharmaceut.4c00406
,OC[C@H]1CCCN1CC1=CC=C(C=C1)COC1C=C(CS(=O)(=O)C2=CC=CC=C2)C=C(C=1)C,1.01 ,10.1021/acs.molpharmaceut.4c00406
,O=S(C1CC1)(CC2=CC(C)=CC(OCC3=CC=C(CN4CCC[C@@H]4CO)C=C3)=C2)=O,1.79 ,10.1021/acs.molpharmaceut.4c00406
,CC1=CC(OCC2=CC=C(CN(CCC3)[C@@H]3CO)C=C2)=CC(CS(C4=CC=CC=C4)(=O)=O)=C1Br,2.23 ,10.1021/acs.molpharmaceut.4c00406
,C12=CC=CC=C1C3=C(C(C4=CNC=N4)=NC=C3)N2,2.31 ,10.1021/acs.molpharmaceut.4c00406
,O=C(N[C@@H]1[C@H](C2)C[C@H]3CC2CC1C3)C4=CC(C5=CC=C(F)N=C5F)=CN4,7.37 ,10.1021/acs.molpharmaceut.4c00406
,O=C(NC1(C2)C[C@H](C3)C[C@H]2CC3C1)C4=CC(C5=CC=C(F)C=C5F)=CN4,9.54 ,10.1021/acs.molpharmaceut.4c00406
,O=C(NC1(C2)C[C@H](C3)C[C@H]2CC3C1)C4=CC(C5=CC=C(F)N=C5F)=CN4,3.13 ,10.1021/acs.molpharmaceut.4c00406
,COC1=CC(C(C2=CNC3=NC(NC4=C(NC(C=C)=O)C=C(N5CCOCC5)C=C4)=CC=C32)=O)=CC(OC)=C1,0.25 ,10.1021/acs.molpharmaceut.4c00406
,C=C(C1=CC=C(OC)C(O)=C1NC(CO)=O)C2=CC(OC)=C(OC)C(OC)=C2,0.62 ,10.1021/acs.molpharmaceut.4c00406
,ClC1=CN=C(CNC2=CC=C3C=NSC3=C2)S1,0.81 ,10.1021/acs.molpharmaceut.4c00406
,COC1=CC(OC)=CC(/C=C/C2=CC=C(NC(C3CC3)=O)C=C2)=C1/C=C/[N+]([O-])=O,0.96 ,10.1021/acs.molpharmaceut.4c00406
,CCC(C=C1)=CC=C1N(S(C2=CC(C(C3)O)=C(OC3C4CCOCC4)C=C2)(=O)=O)C5CCC5,0.87 ,10.1021/acs.molpharmaceut.4c00406
,CC1=CC(NC2=CC(N3CCN(CC)CC3)=NC(N[C@@H]4CN(C(C5=CC=C(Cl)C=C5F)=O)CC4)=N2)=NN1,4.00 ,10.1021/acs.molpharmaceut.4c00406
,CC1=NN(C(OCC)=O)C(NC2=CC(N3CCN(CC)CC3)=NC(N[C@@H]4CN(C(C5=CC=C(Cl)C=C5F)=O)CC4)=N2)=C1,5.80 ,10.1021/acs.molpharmaceut.4c00406
,CC1=NN(C(OC(C)(C)C)=O)C(NC2=CC(N3CCN(CC)CC3)=NC(N[C@@H]4CN(C(C5=CC=C(Cl)C=C5F)=O)CC4)=N2)=C1,5.00 ,10.1021/acs.molpharmaceut.4c00406
,CC1=NN(C(CC)=O)C(NC2=CC(N3CCN(CC)CC3)=NC(N[C@@H]4CN(C(C5=CC=C(Cl)C=C5F)=O)CC4)=N2)=C1,4.80 ,10.1021/acs.molpharmaceut.4c00406
,CC1=CC(NC2=CC(N3CCN(CC)CC3)=NC(N[C@@H]4CN(C(C5=CC=C(Cl)C=C5F)=O)CC4)=N2)=NN1C(CC)=O,1.00 ,10.1021/acs.molpharmaceut.4c00406
,CC1=NN(C(C(C)(C)C)=O)C(NC2=CC(N3CCN(CC)CC3)=NC(N[C@@H]4CN(C(C5=CC=C(Cl)C=C5F)=O)CC4)=N2)=C1,5.50 ,10.1021/acs.molpharmaceut.4c00406
,O=C(C1=CN(C)N=C1)NC1CCC2C=C(C=CC=21)C1N=C(CC)ON=1,4.50 ,10.1021/acs.molpharmaceut.4c00406
,N1C(=C(C(C)=N1)N1CCN(CC1)C1C=C(C=CC=1F)C(O)=O)C,5.08 ,10.1021/acs.molpharmaceut.4c00406
,O=C1N(CC2=NC3=C(C=CC(CN)=C3)N2CCCC(F)(F)F)C4=CC(F)=CC=C4C15CC5,3.10 ,10.1021/acs.molpharmaceut.4c00406
,O=C1N(CC2=NC3=C(C=CC(CN)=C3)N2[C@H]4CC[C@H](O)CC4)C5=CC(F)=CC=C5C16CC6,0.90 ,10.1021/acs.molpharmaceut.4c00406
,O=C1N(CC2=NC3=C(C=CC(CN)=C3)N2C4CCOCC4)C5=CC(F)=CC=C5C16CC6,1.40 ,10.1021/acs.molpharmaceut.4c00406
,O=C1N(CC2=NC3=C(C=CC(CN)=C3)N2CCC(C)C)C4=NC=CC=C4C15CC5,1.00 ,10.1021/acs.molpharmaceut.4c00406
,O=C(C1(CC1)C2=CC=CC=C2F)NC(C=C3)=NN3C4=CC=NC(F)=C4,2.90 ,10.1021/acs.molpharmaceut.4c00406
,O[C@H]1CC[C@H](NC(C2CC2CCCC3=CC=CC=C3)=O)CC1,1.64 ,10.1021/acs.molpharmaceut.4c00406
,O=C(NC1CCC(CC1)O)CCCCCC2=CC=CC=C2.O=C(CCCCCC3=CC=CC=C3)N[C@H]4CC[C@H](O)CC4,1.10 ,10.1021/acs.molpharmaceut.4c00406
,C[C@@H]1CN(CCN1C(=O)CO)c2ncc(cn2)c3ccc4c(c3)N(C(C4=O)(C)C)Cc5ccccc5OC(F)F,4.40 ,10.1021/acs.molpharmaceut.4c00406
,C[C@@H]1CN(CCN1C(=O)CO)c2ncc(cn2)c3ccc4c(c3)N(C(C4=O)(C)C)Cc5cccnc5C#N.C(=O)(C(F)(F)F)O.C(=O)(C(F)(F)F)O,1.40 ,10.1021/acs.molpharmaceut.4c00406
,CC1(C(=O)c2ccc(nc2N1Cc3cccnc3C#N)c4cnc(nc4)N5CCN6[C@@H](C5)CNC6=O)C,1.10 ,10.1021/acs.molpharmaceut.4c00406
,OC1=C(S(CCC2)(=O)=O)C2=CC=C1NC(NC3=CC=CC(F)=C3C)=O,4.11 ,10.1021/acs.molpharmaceut.4c00406
,OC1=C(S(CC=C2)(=O)=O)C2=CC=C1NC(NC3=CC=CC(F)=C3C)=O,3.39 ,10.1021/acs.molpharmaceut.4c00406
,NS(C1=C(C(=CC=C1Cl)NC(NC1=CC=CC(=C1Cl)Cl)=O)O)(=O)=O,3.60 ,10.1021/acs.molpharmaceut.4c00406
,CCNCc1cc(cc(c1O)Nc1nc2cc(c(cc2n1Cc1ccc(cc1)C(F)(F)F)F)F)Cl,6.30 ,10.1021/acs.molpharmaceut.4c00406
,CC(=O)NCCn(c(n1)OCC)c(c12)cc(cc2)OC,0.12 ,10.1021/acs.molpharmaceut.4c00406
,CC(=O)NCCn1c(OC)nc(c12)ccc(c2)OC,0.29 ,10.1021/acs.molpharmaceut.4c00406
,CC(=O)NCCn(c(n1)OCC)c(c12)cc(c(Cl)c2)OC,0.18 ,10.1021/acs.molpharmaceut.4c00406
,CC(=O)NCCn(c(n1)OC)c(c12)cc(c(Cl)c2)OC,0.19 ,10.1021/acs.molpharmaceut.4c00406
,CC(=O)NCCCn1c(OCC)nc(c12)ccc(c2)OC,0.24 ,10.1021/acs.molpharmaceut.4c00406
,CC(=O)NCCCn(c(n1)OC)c(c12)cc(cc2)OC,0.30 ,10.1021/acs.molpharmaceut.4c00406
,CC(=O)NCCCn(c(n1)OCC)c(c12)cc(c(Cl)c2)OC,0.28 ,10.1021/acs.molpharmaceut.4c00406
,CC(=O)NCCn1c(OC)nc(c1c23)ccc2OCC3,0.31 ,10.1021/acs.molpharmaceut.4c00406
,CC(=O)NCCn1c(OCC)nc(c1c23)ccc2OCC3,0.29 ,10.1021/acs.molpharmaceut.4c00406
,O=C1N2[C@H]([S@@](C)=O)CC[C@@H](N1O[C@H](F)C(O)=O)C2,0.40 ,10.1021/acs.molpharmaceut.4c00406
,CCC(N(CC1(N2CCN(CC(C)C)CC2)CCOCC1)C3=NC(C(F)(F)F)=CC=C3)=O,0.40 ,10.1021/acs.molpharmaceut.4c00406
,O=C([C@H]([C@H](C)CC)N)N1CCN2C([C@@H]1CC3CCCCC3)=NC(C4=CC=CC=C4)=C2,1.17 ,10.1021/acs.molpharmaceut.4c00406
,[H][C@@]1(C(CC)NC(=O)C2=CC=C(Cl)C=C2)[C@H]2C[C@@]([H])(C[C@@H]12)OC1=CC=NC2=C1C=C(F)C=C2,15.00 ,10.1021/acs.molpharmaceut.4c00406
,[H][C@@]1(C(C)NC(=O)C2=CC=C(C=C2)C#N)[C@H]2C[C@@]([H])(C[C@@H]12)OC1=C2C=CC(F)=CC2=NC=N1,33.00 ,10.1021/acs.molpharmaceut.4c00406
,[H][C@@]1(C(CC)NC(=O)C2=CC=C(Cl)C=C2)[C@H]2C[C@@]([H])(C[C@@H]12)N1C=C(N=N1)C1CC1,2.70 ,10.1021/acs.molpharmaceut.4c00406
,[H][C@@]1(C(CC)NC(=O)C2=CC=C(Cl)C=C2)[C@H]2C[C@@]([H])(C[C@@H]12)N1C=NC2=C1C=CC(F)=C2,3.90 ,10.1021/acs.molpharmaceut.4c00406
,FC1=CC=C(/N=C(NO)\C2=NON=C2NCCNS(N)(=O)=O)C=C1Br,1.60 ,10.1021/acs.molpharmaceut.4c00406
,O=C([C@H](C)[C@]1([H])CC[C@](CC1)([H])C2=CC=NC3=C2C=C(F)C=C3)NC4=CC=C(Cl)C=C4,1.57 ,10.1021/acs.molpharmaceut.4c00406
,CC([C@@]1(NC(NC1=O)=O)CC2)(C)CN2C3=CC(C(F)(F)F)=CC4=CN=CN34,0.85 ,10.1021/acs.molpharmaceut.4c00406
,[H][C@@]1([C@@H](CC)NC(=O)C2=CC=C(Cl)C=C2)[C@H]2C[C@@]([H])(C[C@@H]12)N1C=NC2=C1C=C(F)C(F)=C2,2.10 ,10.1021/acs.molpharmaceut.4c00406
,C[C@@H](C(NC1=CC=C(Cl)C=C1)=O)[C@]2([H])[C@@H]3[C@H]2C[C@](N4C(C=C(F)C(F)=C5)=C5N=C4)([H])C3,2.49 ,10.1021/acs.molpharmaceut.4c00406
,C[C@H](C(NC1=CC=C(Cl)C=C1)=O)[C@]2([H])[C@@H]3[C@H]2C[C@](OC4=C(C=C(F)C=C5)C5=NC=C4)([H])C3,5.30 ,10.1021/acs.molpharmaceut.4c00406
,ClC1=C(C2=CC=C(NN=C3C)C3=C2)C=C(N[C@H](C4=CC=CC=C4)CO)C=N1,1.81 ,10.1021/acs.molpharmaceut.4c00406
,CN1C(C(C)C)=C(C(C=C2)=N1)C=C2C3=CC=NC(NC4=CC(N=CN=C5N6CCN(C)CC6)=C5C=C4)=N3,1.90 ,10.1021/acs.molpharmaceut.4c00406
,FC(F)(F)CN1CCN(NC2=C(C(OCC)=O)C(/C(O2)=C/C3=CNC4=C3C=CC=N4)=O)CC1,0.32 ,10.1021/acs.molpharmaceut.4c00406
,O=C(C1=NN(C2=NC=C(C(F)(F)F)C=C2)C(C(C)(C)C)=C1)NC(C)(C)CO,1.32 ,10.1021/acs.molpharmaceut.4c00406
,FC1=C2C(C=CN(C3=C(CO)C(C4=NC(N)=NC5=C4C=C(C6=CCN(C7COC7)CC6)N5)=CC=C3)C2=O)=CC(C8CC8)=C1,1.12 ,10.1021/acs.molpharmaceut.4c00406
,CCN(CC1)CCN1C2=C3C(N(CCCN4CCCC4)C=N3)=NC(NCC5=CC=C(OC)C=C5)=N2,0.76 ,10.1021/acs.molpharmaceut.4c00406
,c1cc(ccc1[C@@H](C(=O)N2CC(C3(C2)CN(C3)c4cc(cc(c4)F)F)CNc5ccc(cc5)F)N)O,8.00 ,10.1021/acs.molpharmaceut.4c00406
,c1cc(ccc1C[C@H](C(=O)N2CC(C3(C2)CN(C3)c4cc(cc(c4)F)F)CNc5ccc(cc5)F)N)N,5.70 ,10.1021/acs.molpharmaceut.4c00406
,O=C(NC1=CC=C(Cl)C(Cl)=C1)C2=CC=C(CN3C(C(F)(F)F)=CC(C(F)(F)F)=N3)O2,5.00 ,10.1021/acs.molpharmaceut.4c00406
,O=C(C1=CC=C(S1)CN2C(C)=CC(C)=N2)NC3=CC(Cl)=C(Cl)C=C3,2.80 ,10.1021/acs.molpharmaceut.4c00406
,O=C(C1=C(NC(CCl)=O)N(C2=CC=C(C(F)(F)F)C=C2)C(S1)=S)NC3=CC(OC)=CC=C3OC,4.60 ,10.1021/acs.molpharmaceut.4c00406
,CCS(=O)(=O)C1=CC=C(CNC(=O)C2=CC=C3N(CCF)C(CC4=CC=C(Cl)C=C4C(F)(F)F)=CC3=C2)C=C1,5.04 ,10.1021/acs.molpharmaceut.4c00406
,CCS(=O)(=O)C1=CC=C(CNC(=O)C2=CC=C3N(C(C)C)C(CC4=CC=C(Cl)C=C4C(F)(F)F)=CC3=C2)C=C1,2.67 ,10.1021/acs.molpharmaceut.4c00406
,COC1=CC=C(N=CC(F)=C2C[C@H](O)[C@@H]3OC[C@@H](NCC4=NN=C(OCCS5)C5=C4)CO3)C2=N1,0.63 ,10.1021/acs.molpharmaceut.4c00406
,S=C=N[C@H](C1)C[C@H]1OCC(C=C2)=NC=C2C3=CC=C(OC)C(F)=C3,0.76 ,10.1021/acs.molpharmaceut.4c00406
,CCOC1=CC(NC(=O)NCC2=NN=C(C3=CN(C)N=C3C(F)(F)F)C(C)=C2)=CC(Cl)=N1,0.55 ,10.1021/acs.molpharmaceut.4c00406
,CCOC1=CC(NC(=O)NCC2=NN=C(C3=CN(C)N=C3C(F)(F)F)C(C)=C2)=CC(=N1)C(F)(F)F,2.30 ,10.1021/acs.molpharmaceut.4c00406
,CCOC1=C(C)C(NC(=O)NCC2=NN=C(C3=CN(C)N=C3C(F)(F)F)C(C)=C2)=CC(C)=N1,0.45 ,10.1021/acs.molpharmaceut.4c00406
,CCNC(=O)C1=CC(OC)=C2N(C[C@@H]3CN(C)CCO3)C(=NC2=C1)C1=CN=C(C=C1)N1[C@@H](C)CC[C@@H]1C,0.75 ,10.1021/acs.molpharmaceut.4c00406
,COC1=C2N(C[C@@H]3CN(C)CCO3)C(=NC2=C(F)C(=C1)C(N)=O)C1=CN=C(C=C1)N1CCC[C@@H]1C,0.55 ,10.1021/acs.molpharmaceut.4c00406
,CNC(=O)C1=CC(OC)=C2N(C[C@@H]3CNCCO3)C(=NC2=C1F)C1=CN=C(C=C1)N1[C@@H](C)CC[C@@H]1C,1.90 ,10.1021/acs.molpharmaceut.4c00406
,O=C1NC(C(N2C(C(C=CC(NS(C3=CC=CC=C3OC(F)(F)F)(=O)=O)=C4)=C4C2=O)=O)CC1)=O,3.44 ,10.1021/acs.molpharmaceut.4c00406
,ClC1=C(Cl)C=C(CC(=O)N2CCN(CC2)C2=NN3C=NN=C3C=C2)C=C1,2.20 ,10.1021/acs.molpharmaceut.4c00406
,CC1=NN(C(N2)=NC(C(F)(F)F)=CC2=O)C(C)=C1,3.10 ,10.1021/acs.molpharmaceut.4c00406
,CCNC1=CC(C)=NN1C(N2)=NC(C3=CN=CC=C3)=CC2=O,5.60 ,10.1021/acs.molpharmaceut.4c00406
,CC1=NN(C(N2)=NC(C(F)(F)F)=CC2=O)C(NC3=CC=C(F)C=C3)=C1,4.00 ,10.1021/acs.molpharmaceut.4c00406
,O=C(N(C)C)O/N=C(C#N)/C1=NC2=CC=CC=C2O1,0.13 ,10.1021/acs.molpharmaceut.4c00406
,O/N=C(C1=NN=C(C(F)(F)F)S1)\C2=NC3=CC=CC=C3S2,2.60 ,10.1021/acs.molpharmaceut.4c00406
,O=C(NC1=C(C(NC(OCC)=O)=O)C=CS1)C2=CC=C(C(N3CCCCC3)=O)C(F)=C2,0.13 ,10.1021/acs.molpharmaceut.4c00406
,O=C(NC1=C(C(NC(OC)=O)=O)C=CS1)C2=CC=C(C(N3CCCCC3)=O)C=C2,0.26 ,10.1021/acs.molpharmaceut.4c00406
,O=C(C1SC2C=CC=CC=2N=1)NC1=C(C=CS1)C(=O)NC(=O)OCC,0.47 ,10.1021/acs.molpharmaceut.4c00406
,NC1=NC(C3=CC=C(OC)C=C3)=NC(NC2=CC=C(OC(F)(F)F)C=C2)=N1,0.80 ,10.1021/acs.molpharmaceut.4c00406
,COC(C=C3)=CC=C3C1=NC(NC2=CC=C(OC(F)(F)F)C=C2)=NC(NC)=N1,2.30 ,10.1021/acs.molpharmaceut.4c00406
,OC(=O)[C@@H](c1c(c2[n]cc3[n]c[n](c3c2)[C@@H](c2c(c(C3CC3)ccc2Cl)Cl)C)cccc1)C,2.10 ,10.1021/acs.molpharmaceut.4c00406
,O=C1O[C@@H](CNC(C)=O)[C@@H]2OC3=CC(F)=C(C4=CC=C(C#N)N=C4)C=C3CN21,4.08 ,10.1021/acs.molpharmaceut.4c00406
,CN(N=C1)C=C1C2=CN=C(N)C(C#CC3=CC(C(NC4=CC(C(F)(F)F)=CC(C(F)(F)F)=C4)=O)=CC=C3C)=C2,5.57 ,10.1021/acs.molpharmaceut.4c00406
,NC1=NC2=C(C=NN2CCC3=CC=C(C(NC4=C(N)C=CC=C4)=O)C=C3)C5=NC(C6=CC=CO6)=NN15,0.29 ,10.1021/acs.molpharmaceut.4c00406
,O=C1N(C)C(NCCCCCCCNC2=C(CCCC3)C3=NC4=C2C=CC(Cl)=C4)=NC(C5=C(F)C=NC=C5)=C1,3.65 ,10.1021/acs.molpharmaceut.4c00406
,O=C(C1=CC(C#CC2=CN=C3N2N=CC=C3)=C(C)C=C1)NC4=CC(C(F)(F)C[C@@H]5N6CCN(C)CC6)=C5C=C4,5.30 ,10.1021/acs.molpharmaceut.4c00406
,N1C=C(C#CC2=C(C)C=CC(=C2)C(=O)NC2C=C(C(=CC=2)CN2CCN(C)CC2)C(F)(F)F)N2C=1C=CC=N2,3.28 ,10.1021/acs.molpharmaceut.4c00406
,O=C(C(C(N1C2=CC=C(F)C=C2)=O)=CN(C(C)C)C1=O)NC(C=C3)=CC(F)=C3OC4=CC(NC(C5CC5)=O)=NC=C4,5.57 ,10.1021/acs.molpharmaceut.4c00406
,O=C(/C=C/c1ccc(-c2cccc(C(F)(F)F)c2)cc1)Nc1ccccc1C(=O)O,0.93 ,10.1021/acs.molpharmaceut.4c00406
,O=C(/C=C/c1ccc(-c2cccc(C(F)(F)F)c2)cc1)Nc1ccccc1C(=O)O,1.70 ,10.1021/acs.molpharmaceut.4c00406
,N#Cc1ncc(cc1C(F)(F)F)N2C(=O)C3(CCC3)N(C2=S)c4ccc(nc4)OC5CCNCC5,5.99 ,10.1021/acs.molpharmaceut.4c00406
,CN1CCC(CC1)Oc2ccc(cn2)N3C(=S)N(C(=O)C34CCC4)c5cnc(C#N)c(c5)C(F)(F)F,12.50 ,10.1021/acs.molpharmaceut.4c00406
,N#Cc1ncc(cc1C(F)(F)F)N2C(=O)C3(CCC3)N(C2=S)c4ccc(cc4)OC5CCNCC5,10.50 ,10.1021/acs.molpharmaceut.4c00406
,COc1cc(cnc1C#N)N2C(=O)C3(CCC3)N(C2=S)c4ccc(cc4)OC5CCN(C)CC5,7.80 ,10.1021/acs.molpharmaceut.4c00406
,COc1cc(cnc1C#N)N2C(=O)C3(CCC3)N(C2=S)c4ccc(nc4)OC5CCN(C)CC5,4.20 ,10.1021/acs.molpharmaceut.4c00406
,Cc1cc(cnc1C#N)N2C(=O)C3(CCC3)N(C2=S)c4ccc(nc4)OC5CCNCC5,3.00 ,10.1021/acs.molpharmaceut.4c00406
,N#Cc1ncc(cc1Cl)N2C(=O)C3(CCC3)N(C2=S)c4ccc(nc4)OC5CCNCC5,4.10 ,10.1021/acs.molpharmaceut.4c00406
,N#Cc1ncc(cc1Cl)N2C(=O)C3(CCC3)N(C2=S)c4ccc(cc4)OC5CCNCC5,3.70 ,10.1021/acs.molpharmaceut.4c00406
,N#Cc1ncc(cc1C(F)(F)F)N2C(=O)C3(CCC3)N(C2=S)c4ccc(cc4)CN5CCNCC5,12.10 ,10.1021/acs.molpharmaceut.4c00406
,CCCCCNC(=O)N1C=C(OC1=O)c2ccc(F)cc2C3CCN(C)CC3,1.98 ,10.1021/acs.molpharmaceut.4c00406
,O=C(C1=C2C=CC=C1)N(CC(C=C3)=CC=C3C#N)N=C2C4=CC(Cl)=C(NCCOC)N=C4F,3.09 ,10.1021/acs.molpharmaceut.4c00406
,O=C(C1=C2C=CC=C1)N(CC(C=C3)=CC=C3C#N)N=C2C4=CC(Cl)=C(NCC(O)CO)N=C4F,2.52 ,10.1021/acs.molpharmaceut.4c00406
,CC1=CC(C(O)=O)=NC(N2CCC(COC3=C(C(F)(F)F)C=CC=C3)C2)=N1,8.60 ,10.1021/acs.molpharmaceut.4c00406
,O=C(NC1CCN(S(=O)(C(C)C)=O)CC1)N[C@]23C[C@@H](C[C@@H](O3)C4)C[C@@H]4C2,2.80 ,10.1021/acs.molpharmaceut.4c00406
,CC(C)[C@@H](NC(=O)c1cc(ccc1F)C(F)(F)F)C(=O)N1CCC2(CC1)N(C(=O)N(C)C2=O)c1ccc2[nH]ncc2c1,0.57 ,10.1021/acs.molpharmaceut.4c00406
,NC1=C(C(COC2=CC3=C(C=C2)N=C(S3)N[C@@H]4CCCC[C@H]4O)=CC=N1)Cl,1.60 ,10.1021/acs.molpharmaceut.4c00406
,N1(C=C(C=N1)NC1N=CC=C(COC2C=C3C(=C(C=2)OC)N=C(NC2[C@H](CCCC2)O)S3)N=1)C,2.20 ,10.1021/acs.molpharmaceut.4c00406
,O=C(C=C)N(CC1)CCN1C2=NC(OC[C@H]3N(C)CCC3)=NC4=C2CCN(C5=CC=CC6=C5C=CC=C6)C4,0.91 ,10.1021/acs.molpharmaceut.4c00406
,ClC1=CC=CC2=C1C(N(C3)CCC4=C3N=C(OC[C@H]5N(C)CCC5)N=C4N6CCN(C(C=C)=O)[C@@H](CC#N)C6)=CC=C2,0.50 ,10.1021/acs.molpharmaceut.4c00406
,O=C(C=C)N([C@@H](CC#N)C1)CCN1C2=NC(OC[C@H]3N(C)CCC3)=NC4=C2CCN(C5=CC=CC6=C5C(C)=CC=C6)C4,1.33 ,10.1021/acs.molpharmaceut.4c00406
,O=C(C(=C)F)N1CCN(C[C@@H]1CC#N)C1C2CCN(CC=2N=C(N=1)OC[C@@H]1CCCN1C)C1=CC=CC2=C1C(=CC=C2)Cl,1.51 ,10.1021/acs.molpharmaceut.4c00406
,O=C(C(C=N1)=C(NC2=CC(C(C)(C)C#N)=CC(C(C)(C#N)C)=C2)N=C1N(CCC3)C[C@H]3N)N,2.30 ,10.1021/acs.molpharmaceut.4c00406
,O=C(C(C=N1)=C(NC2=CC(C(C)C)=NC(C(C)C)=C2)N=C1N(CCC5)C[C@H]5N)N,8.30 ,10.1021/acs.molpharmaceut.4c00406
,CN1C2=NN=NN2C(C)(C)C(C(=O)NC2=CC3=C(NN=C3C3=CC=CC=C3)C=C2)=C1C,0.87 ,10.1021/acs.molpharmaceut.4c00406
,O=C1/C(=C/C2=CN(CCNC(C3=CC=C(C=C3)NC)=O)N=C2C2=CC=CC=C2)/C(=O)NC(=O)N1,7.73 ,10.1021/acs.molpharmaceut.4c00406
,O=C1N=C(OC[C@@H]2COCCO2)C=C2N1CCC1=C2C=CC(=C1)C#CC1CC1,0.60 ,10.1021/acs.molpharmaceut.4c00406
,O=C1C(NCCC(C)C)=CC(C2=CC=CC=C21)=O,4.47 ,10.1021/acs.molpharmaceut.4c00406
,CC(C1=NC=CC=C1)(C2=CC=CC=N2)N3C4=CC(C5=CN(C)C6=C5C=CNC6=O)=CC(NS(=O)(CC)=O)=C4C=C3,1.95 ,10.1021/acs.molpharmaceut.4c00406
,C[C@H]1COC[C@H](C)N1C2=C(C=NC3=CC(Cl)=NN23)NC(=O)Nc4ccnc(c4)C(F)(F)F,1.90 ,10.1021/acs.molpharmaceut.4c00406
,CC1=CC=C(S1)C#CC2=C(F)C=CC(=C2)C3=NN(C4=NC(=CS4)C(O)=O)C(CC5CC5)=C3CC6=CC=C(C(F)=C6)S(N)(=O)=O,5.20 ,10.1021/acs.molpharmaceut.4c00406
,CC1=CC=C(O1)C#CC2=C(F)C=CC(=C2)C3=NN(C4=NC(=CS4)C(O)=O)C(CC5CC5)=C3CC6=CC=C(C(F)=C6)S(N)(=O)=O,5.10 ,10.1021/acs.molpharmaceut.4c00406
,CC1=NC=C(S1)C#CC2=C(F)C=CC(=C2)C3=NN(C4=NC(=CS4)C(O)=O)C(CC5CC5)=C3CC6=CC(F)=C(C=C6)S(N)(=O)=O,5.75 ,10.1021/acs.molpharmaceut.4c00406
,CC1=CN=C(S1)C#CC2=C(F)C=CC(=C2)C3=NN(C4=NC(=CS4)C(O)=O)C(CC5CC5)=C3CC6=CC(F)=C(C=C6)S(N)(=O)=O,4.90 ,10.1021/acs.molpharmaceut.4c00406
,CC1=CC=C(S1)C#CC2=CC=CC(=C2)C3=NN(C4=NC(=CS4)C(O)=O)C(CC5CC5)=C3CC6=CC=C(C(F)=C6)S(N)(=O)=O,5.30 ,10.1021/acs.molpharmaceut.4c00406
,CC1=CC=C(O1)C#CC2=CC=CC(=C2)C3=NN(C4=NC(=CS4)C(O)=O)C(CC5CC5)=C3CC6=CC(F)=C(C=C6)S(N)(=O)=O,5.00 ,10.1021/acs.molpharmaceut.4c00406
,NS(=O)(=O)C1=CC=C(CC2=C(CC3CC3)N(N=C2C4=CC(\C=C\C5CCCC5)=C(F)C=C4)C6=NC(=CS6)C(O)=O)C=C1F,5.50 ,10.1021/acs.molpharmaceut.4c00406
,CC1=CC=C(S1)C#CC2=C(F)C=CC(=C2)C3=NN(C4=NC(=CS4)C(O)=O)C(CCC5CC5)=C3CC6=CC(F)=C(C=C6)S(N)(=O)=O,6.50 ,10.1021/acs.molpharmaceut.4c00406
,CC1=CC=C(S1)C#CC2=CC=CC(=C2)C3=NN(C4=NC(=CS4)C(O)=O)C(CCC5CC5)=C3CC6=CC(F)=C(C=C6)S(N)(=O)=O,5.80 ,10.1021/acs.molpharmaceut.4c00406
,ClC1=C2C(=CC=C1)C=C([C@H](C)NC1=C3C(NC=N3)=NC=N1)N(C1=CC=CC=C1)C2=O,0.22 ,10.1021/acs.molpharmaceut.4c00406
,FC1=C2C(=CC=C1)N=C([C@H](CC)NC1=C3C(NC=N3)=NC=N1)N(C1C=CC=CC=1)C2=O,0.43 ,10.1021/acs.molpharmaceut.4c00406
,O=C1C(C2=CC=CC=C2)=C([C@H](C)NC3=NC(N)=NC(N)=C3C#N)C=C4C=CC(F)=CN41,1.20 ,10.1021/acs.molpharmaceut.4c00406
,O=C1C=C([C@@H](NC2=NC(N)=NC(N)=C2C#N)C)C(C3=CC(F)=CC(F)=C3)=C4N1C=C(F)C=C4,1.00 ,10.1021/acs.molpharmaceut.4c00406
,O=C1C(C2=CC=CC=C2)=C([C@H](C)NC3=NC(N)=NC(N)=C3C#N)C(C)=C4C=CC(F)=CN41,0.50 ,10.1021/acs.molpharmaceut.4c00406
,O=C1C(C2=CC=CC=C2)=C([C@H](C)NC3=NC(N)=NC(N)=C3C#N)C(C4CC4)=C5C=CC(F)=CN51,1.30 ,10.1021/acs.molpharmaceut.4c00406
,O=C1C(C2=CC=CC=C2)=C(C(C)NC3=NC(N)=NC(N)=C3C#N)C(C4=CC=C(F)C=C4)=C5C=CC(F)=CN51,1.00 ,10.1021/acs.molpharmaceut.4c00406
,N1C(C2C=C(C=C3C=2C2=C([C@](C)4CCCN4C/C/2=N/1)N3)F)=O,3.95 ,10.1021/acs.molpharmaceut.4c00406
,C[C@@H](NC1=C(Cl)C(C)=NC2=CC(F)=C(N=C12)C1=CN=C(N=C1)C(C)(C)O)C1=CC(=CC=C1F)C#N,6.20 ,10.1021/acs.molpharmaceut.4c00406
,FC1C=C(C(=CC=1)F)[C@@H]1[C@H](C[C@H](CO1)N1CC2C(=CN(S(C)(=O)=O)N=2)C1)N,3.05 ,10.1021/acs.molpharmaceut.4c00406
,N[C@H]1[C@@H](F)[C@@H](N2CC3=CN(S(C)(=O)=O)N=C3C2)CO[C@@H]1C4=CC(F)=CC=C4F,20.90 ,10.1021/acs.molpharmaceut.4c00406
,N[C@H]1C[C@@H](N2CC3=CN(S(=O)(C)=O)N=C3C2)[C@@H](C(F)(F)F)O[C@@H]1C4=CC(F)=CC=C4F,25.60 ,10.1021/acs.molpharmaceut.4c00406
,N[C@H]1C[C@@H](N2CC3=CN(S(=O)(C)=O)N=C3C2)[C@@H](C(F)(F)F)O[C@@H]1C4=CC(F)=C(F)C=C4F,19.70 ,10.1021/acs.molpharmaceut.4c00406
,CC(NC[C@@H]1OC(N2C3=CC(F)=C(N4CCSCC4)C=C3OC[C@]21[H])=O)=O,0.92 ,10.1021/acs.molpharmaceut.4c00406
,CC(NC[C@@H]1OC(N2C3=CC(F)=C(N(CC4)CCS4=O)C=C3OC[C@]21[H])=O)=O,3.81 ,10.1021/acs.molpharmaceut.4c00406
,O[C@H](CNC)CN1CC2=CC=CC(OCC3=CC=C(C4=NC=CS4)C=C3)=C2CC1,12.10 ,10.1021/acs.molpharmaceut.4c00406
,ClC1=CC=CC(Cl)=C1CC(N2[C@@H](CO)CC(C(C(O)(C)C)=CC=C3)=C3[C@@H]2C)=O,0.23 ,10.1021/acs.molpharmaceut.4c00406
,ClC1=CC=CC(Cl)=C1CC(N2[C@@H](CO)CC(C(CCC(O)(C)C)=CC=C3)=C3[C@@H]2C)=O,3.20 ,10.1021/acs.molpharmaceut.4c00406
,O[C@@]1(CCN(C1=O)C1=CC=C2NC(=O)CCC2=C1)C(=O)NCC1=CC(Cl)=CC(F)=C1,3.00 ,10.1021/acs.molpharmaceut.4c00406
,O[C@@]1(CCN(C1=O)C1=CC=C2NN=CC2=C1)C(=O)NCC1=CC(Cl)=CC(F)=C1,0.90 ,10.1021/acs.molpharmaceut.4c00406
,O[C@@]1(CCN(C1=O)C1=CC=C2NN=CC2=C1)C(=O)NCC1=CC(F)=CC(F)=C1,0.82 ,10.1021/acs.molpharmaceut.4c00406
,O[C@@]1(CCN(C1=O)C1=CN=C2NC=CC2=C1)C(=O)NCC1=CC(Cl)=CC(F)=C1,1.10 ,10.1021/acs.molpharmaceut.4c00406
,O[C@@]1(CCN(C1=O)C1=CN=C2NC=CC2=C1)C(=O)NCC1=CC(F)=CC(F)=C1,1.50 ,10.1021/acs.molpharmaceut.4c00406
,O[C@@]1(CCN(C1=O)C1=CN=C2NC=C(Cl)C2=C1)C(=O)NCC1=CC(F)=CC(Cl)=C1,1.14 ,10.1021/acs.molpharmaceut.4c00406
,O[C@@]1(CCN(C1=O)C1=CN=C2NC=C(Cl)C2=C1)C(=O)NCC1=CC(F)=CC(F)=C1,1.12 ,10.1021/acs.molpharmaceut.4c00406
,O[C@@]1(CCN(C1=O)C1=CC=C2NC=CC2=C1)C(=O)NCC1=CC(F)=CC(Cl)=C1,2.65 ,10.1021/acs.molpharmaceut.4c00406
,O[C@@]1(CCN(C1=O)C1=CC=C2NC=CC2=C1)C(=O)NCC1=CC(F)=CC(F)=C1,2.75 ,10.1021/acs.molpharmaceut.4c00406
,O=C(C=C)NC1=C(C)C=CC(OC2=C(N3CCCCC3)C=CC(NC4=CC=C(N5CCN(C)CC5)C=C4OC)=N2)=C1,1.62 ,10.1021/acs.molpharmaceut.4c00406
,O[C@H](C[C@H]1C2=C(C3=CN=CN31)C=CC=C2F)[C@H]4CC[C@H](O)CC4,3.90 ,10.1021/acs.molpharmaceut.4c00406
,O[C@H](C[C@H]1C2=C(C3=CN=CN31)C=CC=C2F)[C@H]4CC[C@H](O)CC4,3.00 ,10.1021/acs.molpharmaceut.4c00406
,CC1=C2C(C(OCC3(C)COC3)=CC(C4=CC(NS(=O)(C5=C(F)C=C(F)C=C5)=O)=C(OC)N=C4)=C2)=NC=N1,0.66 ,10.1021/acs.molpharmaceut.4c00406
,CC1=C2C(C(O[C@@H]3CCOC3)=CC(C4=CC(NS(=O)(C5=CC=C(F)C=C5F)=O)=C(OC)N=C4)=C2)=NC=N1,0.36 ,10.1021/acs.molpharmaceut.4c00406
,CC1=C2C(C(OC3CCOCC3)=CC(C4=CC(NS(=O)(C5=C(F)C=C(F)C=C5)=O)=C(OC)N=C4)=C2)=NC=N1,0.92 ,10.1021/acs.molpharmaceut.4c00406
,CC1=NC(N2CCN(CC)CC2)=CC(NC3=NC=C(C4=CC=NC=C4)S3)=N1,1.60 ,10.1021/acs.molpharmaceut.4c00406
,COC(=O)C1=C(NC(=N[C@H]1c2ccc(c(c2)F)Cl)c3nccs3)CN4CCOC[C@H]4C(=O)O,2.30 ,10.1021/acs.molpharmaceut.4c00406
,OC1=CC=C2C(SC(C(C3=C(C)C=C(F)C=C3C)=O)=C2OC4=CC=C(OC5CN(CCCF)C5)C=C4)=C1,1.68 ,10.1021/acs.molpharmaceut.4c00406
,OC1(CCS(=O)(=O)CC1)C(=O)N1CC[C@@]2([C@H]1CCC1=C2C=CC(=C1)C(F)(C(F)(F)F)C(F)(F)F)S(=O)(=O)C1=CC=C(F)C=C1,15.00 ,10.1021/acs.molpharmaceut.4c00406
,ClC(C=C1)=CC=C1C[C@@H]2N(CCOC2)C3CCN(C4=NC(N)=NN4)CC3,2.50 ,10.1021/acs.molpharmaceut.4c00406
,C[C@]1([C@@H](F)[C@@H](C)SC(N)=N1)C2=CC(NC(C3=NC=C(OCF)N=C3)=O)=CC=C2F,3.20 ,10.1021/acs.molpharmaceut.4c00406
,ONC(=O)c1ccc(cc1)Cn1nnnc1-c1cccs1,1.00 ,10.1021/acs.molpharmaceut.4c00406
,Cn1c(nnc1-c1cccs1)Sc1ccc(cc1)C(=O)NO,1.30 ,10.1021/acs.molpharmaceut.4c00406
,NC(C1=CC(F)=C(N2CCC[C@H](NC(C#CC)=O)C2)C3=C1NC(C)=C3C)=O,0.46 ,10.1021/acs.molpharmaceut.4c00406
,[2H]C([2H])([2H])NC(=O)C1=NN=C(NC(=O)C2CC2)C=C1NC1=CC=CC(C2=NN(C)C=N2)=C1OC,4.20 ,10.1021/acs.molpharmaceut.4c00406
,O[C@H]([C@H](F)[C@@H]1F)C2=C1C(OC3=CC(C#N)=CC(F)=C3)=CC=C2S(C)(=O)=O,4.00 ,10.1021/acs.molpharmaceut.4c00406
,BrC1=CC=CC=C1N1C(C)=C(C=N1)C(=O)NC1=CC=C2C=CC=CC2=N1,3.10 ,10.1021/acs.molpharmaceut.4c00406
,COC1=C(F)C=C(C2=CC3=C(C)N=CN=C3C(OCCCCCCC(NO)=O)=C2)C=N1,0.33 ,10.1021/acs.molpharmaceut.4c00406
,N(C)1CC2C3C=CC=CC=3N(C=2CC1)CC1C=CC(=CC=1)C(=O)NO,0.35 ,10.1021/acs.molpharmaceut.4c00406
,N(C1C=CC=CC=1)(C1=NC=C(C=N1)C(=O)NCCCCCCC(=O)NO)C1=CC=CC=C1,2.62 ,10.1021/acs.molpharmaceut.4c00406
,O=C(CC(NC1=CC(F)=CC=C1)=O)NC2=CC(NN=C3/C=C/C4=CC=CC=N4)=C3C=C2,4.9,10.1021/acs.molpharmaceut.4c00406
,Cc1nnc(o1)N1CCC(CC1)C(=O)N1N=CC[C@H]1c1cc(F)cc(F)c1,0.53,10.1021/acs.molpharmaceut.4c00406
,O=S(C1=CC=C(OC(F)F)C=C1)(N2CCC(N3CCC(C)CC3)CC2)=O,2.7,10.1021/acs.molpharmaceut.4c00406
,O=S(N1CCC(N2CCC(C)CC2)CC1)(C3=CC=C(Cl)C=C3)=O,1.35,10.1021/acs.molpharmaceut.4c00406
,BrC1=CC=C(S(=O)(N2CCC( N3CCC(CC#C)CC3)CC2)=O )C=C1,2.25,10.1021/acs.molpharmaceut.4c00406
,OC(CCSC(O1)=NN=C1C2=CC=C(Cl)C=C2Cl)=O,2,10.1021/acs.molpharmaceut.4c00406
,ClC1=CC(Cl)=CC=C1C2=NN=C(SCCCC(O)=O)O2,1.4,10.1021/acs.molpharmaceut.4c00406
,OC(CCCSC(O1)=NN=C1C2=CC=C(C3CC3)C=C2Cl)=O,1.7,10.1021/acs.molpharmaceut.4c00406
,O=C(NO)CCCCCN1N=CC(NC2=NC=C(Cl)C(NC3=CC=C(Cl)C=C3)=N2)=C1,643,10.1021/acs.molpharmaceut.4c00406
,Nc(n1)sc(c12)cc(cc2)C(=O)NCc3ccccc3,3.45,10.1021/acs.molpharmaceut.4c00406
,CC[C@H](NC1=C(C#N)C(=NC(=N1)N)C)C/2=N/C3=CC=CC(=C3C(=O)N2C4=CC=CC=C4)NCC5=CC=C(C=C5)C(=O)NO,1.01,10.1021/acs.molpharmaceut.4c00406
,O=C1C2=C([C@@](OC(CCNC(C3=NOC(C4=C(O)C=C(O)C(C(C)C)=C4)=C3C5=CC=C(CN6CCOCC6)C=C5)=O)=O)(CC)C(OC2)=O)C=C7C8=NC9=CC=C(O)C=C9C(CC)=C8CN71,1.51,10.1021/acs.molpharmaceut.4c00406
,CC(C)C1=CC(C2=C(C3=CC=C(CN4CCOCC4)C=C3)C(C(NCC(O[C@@](C(OC5)=O)(CC)C6=C5C(N7C(C8=NC9=CC=C(O)C=C9C(CC)=C8C7)=C6)=O)=O)=O)=NO2)=C(O)C=C1O,1.31,10.1021/acs.molpharmaceut.4c00406
,O=C1C2=C([C@@](O)(CC)C(OC2)=O)C=C3C4=NC5=CC=C(OC(N6CCC(NC(C7=NOC(C8=C(O)C=C(O)C(C(C)C)=C8)=C7C9=CC=C(CN%10CCOCC%10)C=C9)=O)CC6)=O)C=C5C(CC)=C4CN31,1.72,10.1021/acs.molpharmaceut.4c00406
,CC1=C(CCNCC2=CC=C(/C=C/C(NNCCC)=O)C=C2)C3=CC=CC=C3N1.FC(F)(C(O)=O)F,15.2,10.1021/acs.molpharmaceut.4c00406
,CCNC(=O)c(c1)[nH]c(c12)c(=O)n(C)cc2-c3c(ccc(c3)S(=O)(=O)CC)Oc(c4C)c(C)ccc4,1,10.1021/acs.molpharmaceut.4c00406
,FC1=CC=C(OC)C(C(C2)C2CN(CCC)CCCCNC(C3=CC=C(C4=CC=CC=N4)C=C3)=O)=C1,0.437,10.1021/acs.molpharmaceut.4c00406
,ClC1=CC=CC(C(C2)C2CN(CCC)CCCCNC(C3=CC(C=CC=C4)=C4C=C3)=O)=C1Cl,1.51,10.1021/acs.molpharmaceut.4c00406
,ClC1=CC=CC(C(C2)C2CN(CCC)CCCCNC(C3=CC4=C(C=CC=C4)N3)=O)=C1Cl,3.12,10.1021/acs.molpharmaceut.4c00406
,ClC1=CC=CC(C(C2)C2CN(CCC)CCCCNC(C3=CC=C(C4=NC=CC=C4)C=C3)=O)=C1Cl,0.576,10.1021/acs.molpharmaceut.4c00406
,ClC1=C(C2=CC(CCO3)=C3C=C2)C(NC4=C(C(O)=O)C=CC=C4)=CC=C1,3.76,10.1021/acs.molpharmaceut.4c00406
,CO[C@H](C)[C@H](NC(=O)OC)C(=O)N1[C@H]2CCC[C@H]2C[C@H]1c1ncc([nH]1)-c1ccc-2c(c1)-c1ccc(cc-21)-c1cnc([nH]1)[C@@H]1C[C@@H]2CCC[C@@H]2N1C(=O)[C@@H](NC(=O)OC)[C@@H](C)OC,1.7,10.1021/acs.molpharmaceut.4c00406
,CC1=CC(/C=C/C#N)=CC(C)=C1OC2=C(SC=C3)C3=NC(NC4=CC(F)=C(C#N)C=C4)=N2,4.67,10.1021/acs.molpharmaceut.4c00406
,CC1=C(C2=CC=C(Cl)C=C2)SC(C(CC)=O)=C1C3=CC=C(S(=O)(N)=O)C=C3,14,10.1021/acs.molpharmaceut.4c00406
,O=C(N[C@@H](C)C1=CC=C(C(NO)=O)C=C1)C2=C(C3CC3)SC(C4=NC=C(C5=CC=CC=C5)S4)=N2,8.67,10.1021/acs.molpharmaceut.4c00406
,NC(C(C=C1)=C(OC(C)C)C=C1C2=CN=CC=C2)=O,3.4,10.1021/acs.molpharmaceut.4c00406
,NC(C(C=C1)=C(OC(C)C)C=C1C2=CN=CC(C3=CN(C4COC4)N=C3)=C2)=O,2.2,10.1021/acs.molpharmaceut.4c00406
,ClC1=CC([C@H]([C@@H](C(N[C@H](C(O)=O)C2=CC(O)=C(CN[C@@H]3[C@@H](O)[C@@H](O)[C@@H](CO)OC3O)C(O)=C24)=O)NC([C@@H](N5)C6=CC4=C(O)C=C6)=O)O)=CC=C1OC7=CC8=CC(OC9=CC=C([C@H]([C@H](C(N[C@@H](CC(N)=O)C(N[C@H]8C5=O)=O)=O)NC([C@H](NC)CC(C)C)=O)O)C=C9Cl)=C7O[C@H]%10[C@H](O[C@H](O%11)C[C@](C)(NCC%12=CC=C(C%13=CC=C(Cl)C=C%13)C=C%12)[C@H](O)[C@@H]%11C)[C@@H](O)[C@H](O)[C@@H](CO)O%10,3.81 ,10.1021/acs.molpharmaceut.4c00406
,ClC1=CC([C@H]([C@@H](C(N[C@H](C(O)=O)C2=CC(O)=C(CNCCCNC([C@@H](O)[C@H](O)[C@@H](O)[C@@H](O)CO)=O)C(O)=C23)=O)NC([C@@H](N4)C5=CC3=C(O)C=C5)=O)O)=CC=C1OC6=CC7=CC(OC8=CC=C([C@H]([C@H](C(N[C@@H](CC(N)=O)C(N[C@H]7C4=O)=O)=O)NC([C@H](NC)CC(C)C)=O)O)C=C8Cl)=C6O[C@H]9[C@H](O[C@H](O%10)C[C@](C)(NCC%11=CC=C(C%12=CC=C(C(F)(F)F)C=C%12)C=C%11)[C@H](O)[C@@H]%10C)[C@@H](O)[C@H](O)[C@@H](CO)O9,3.72 ,10.1021/acs.molpharmaceut.4c00406
,ClC1=CC([C@H]([C@@H](C(N[C@H](C(O)=O)C2=CC(O)=C(CN[C@@H]3[C@@H](O)[C@@H](O)[C@@H](CO)OC3O)C(O)=C24)=O)NC([C@@H](N5)C6=CC4=C(O)C=C6)=O)O)=CC=C1OC7=CC8=CC(OC9=CC=C([C@H]([C@H](C(N[C@@H](CC(N)=O)C(N[C@H]8C5=O)=O)=O)NC([C@H](NC)CC(C)C)=O)O)C=C9Cl)=C7O[C@H]%10[C@H](O[C@H](O%11)C[C@](C)(NCC%12=CC=C(C%13=CC=C(C(F)(F)F)C=C%13)C=C%12)[C@H](O)[C@@H]%11C)[C@@H](O)[C@H](O)[C@@H](CO)O%10,3.45 ,10.1021/acs.molpharmaceut.4c00406
,ClC1=CC([C@H]([C@@H](C(N[C@H](C(O)=O)C2=CC(O)=C(CNCCO[C@H]3[C@H](O)[C@@H](O)[C@@H](O)[C@@H](CO)O3)C(O)=C24)=O)NC([C@@H](N5)C6=CC4=C(O)C=C6)=O)O)=CC=C1OC7=CC8=CC(OC9=CC=C([C@H]([C@H](C(N[C@@H](CC(N)=O)C(N[C@H]8C5=O)=O)=O)NC([C@H](NC)CC(C)C)=O)O)C=C9Cl)=C7O[C@H]%10[C@H](O[C@H](O%11)C[C@](C)(NCC%12=CC=C(C%13=CC=C(C(F)(F)F)C=C%13)C=C%12)[C@H](O)[C@@H]%11C)[C@@H](O)[C@H](O)[C@@H](CO)O%10,2.94 ,10.1021/acs.molpharmaceut.4c00406
,COC(C(OC)=C1)=CC=C1C2=CC3=C(O2)C=CC(CCCOC)=C3,1.40 ,10.1021/acs.molpharmaceut.4c00406
,ClC1=C(N2CC[C@@H](OC3=CC=C(N4[C@@H](CC(O)=O)[C@H](C)C(C(F)(F)F)=N4)C=C3)[C@H](C)C2)C=C(OC)N=C1,3.10 ,10.1021/acs.molpharmaceut.4c00406
,FC1=C(N2CC[C@@H](OC3=CC=C(N4[C@@H](CC(O)=O)[C@H](C)C(C(F)(F)F)=N4)C=C3)[C@H](C)C2)C=C(OCC)C=C1,3.30 ,10.1021/acs.molpharmaceut.4c00406
,FC1=C(N2CCC(OC3=CC=C(N4[C@@H](CC(O)=O)[C@H](C)C(C(F)(F)F)=N4)C=C3)CC2)C=C(OC)C=C1,1.50 ,10.1021/acs.molpharmaceut.4c00406
,BrC1=CC=C(CCN(C)C2CCN(C3=NC(N)=NN3)CC2)C=C1,4.40 ,10.1021/acs.molpharmaceut.4c00406
,ClC1=CC=C(CCN(CC(C)C)C2CCN(C3=NC(N)=NN3)CC2)C=C1,2.97 ,10.1021/acs.molpharmaceut.4c00406
,BrC1=CC=C(CCN(CC(C)C)C2CCN(C3=NC(N)=NN3)CC2)C=C1,3.25 ,10.1021/acs.molpharmaceut.4c00406
,ClC1=CC=C(CCN(CC2=CC=CC=C2Cl)C3CCN(C4=NC(N)=NN4)CC3)C=C1,6.78 ,10.1021/acs.molpharmaceut.4c00406
,NC1=NNC(N2CCC(NS(CC3=CC=C(Br)C=C3)(=O)=O)CC2)=N1,11.10 ,10.1021/acs.molpharmaceut.4c00406
,O=C1NC(SCC2=CC(=CC=C2)C2=NN=NN2)=NC(C2=CC=CS2)=C1C#N,4.02 ,10.1021/acs.molpharmaceut.4c00406
,OC(=O)CC1=CC=CC(CSC2=NC(C3=CC=CS3)=C(C#N)C(=O)N2)=C1,5.33 ,10.1021/acs.molpharmaceut.4c00406
,CC1=NC(NCC2=CN(CCCNCCCNC4CCCCC4)N=N2)=NC(NC3CCN(C(CCNCC(O)=O)=O)CC3)=C1,0.50 ,10.1021/acs.molpharmaceut.4c00406
,O=C(CC[C@H](C(N)=O)NC([C@H](C)NC(/C=C/C1=CC=C(F)C=C1Cl)=O)=O)N[C@@H](CCCCNC(CCC(O[C@H]([C@@H](NC(OC(C)(C)C)=O)C2=CC=CC=C2)C(O[C@@H]3C(C)=C4C(C)(C)[C@@]([C@@H](OC(C5=CC=CC=C5)=O)[C@@]([C@@](CO6)(OC(C)=O)[C@@]6([H])C[C@@H]7O)([H])[C@]7(C)C([C@@H]4O)=O)(O)C3)=O)=O)=O)C(O)=O,0.69 ,10.1021/acs.molpharmaceut.4c00406
,O[C@H](C1=C(C)[C@@H](OC([C@H](O)[C@@H](NC(OC(C)(C)C)=O)C2=CC=CC=C2)=O)C[C@]([C@@H](OC(C3=CC=CC=C3)=O)[C@@]4([H])[C@@]5(C)[C@@H](O)C[C@]6([H])[C@@]4(OC(C)=O)CO6)(O)C1(C)C)C5=O,3.62 ,10.1021/acs.molpharmaceut.4c00406
,O=C(NO)CCCCCCN2C1=NC(C4=CC=CC(CO)=C4)=NC(N3CCOCC3)=C1N=C2,4.59 ,10.1021/acs.molpharmaceut.4c00406
,O=[N+](C1=CN2C(OCC(COC3=CC=C(OC(F)(F)F)C=C3)C2)=N1)[O-],2.00 ,10.1021/acs.molpharmaceut.4c00406
,O=[N+](C1=CN2C(OCC(COC3=CC=C(C4=CC=C(OC(F)(F)F)C=C4)N=C3)C2)=N1)[O-],20.00 ,10.1021/acs.molpharmaceut.4c00406
,FC(C=C1)=CC=C1C(N=C2)=CC=C2OCC3COC4=NC([N+]([O-])=O)=CN4C3,2.70 ,10.1021/acs.molpharmaceut.4c00406
,N#CC1(CC1)NC([C@@H](NC(C2=NN(C3=CN=C(F)C=C3)N=C2)=O)CC4=CC=C(OC(F)(F)F)C(Cl)=C4)=O,1.42 ,10.1021/acs.molpharmaceut.4c00406
,N#CC1(CC1)NC([C@@H](NC(C2=NN(C3=CN=CC=C3)N=C2)=O)CC4=CC=C(OC(F)(F)F)C(Cl)=C4)=O,0.94 ,10.1021/acs.molpharmaceut.4c00406
,N#CC1(CC1)NC([C@@H](NC(C2=NN(C)N=C2)=O)CC3=CC=C(OC(F)(F)F)C(Cl)=C3)=O,1.52 ,10.1021/acs.molpharmaceut.4c00406
,N#CC1(CC1)NC([C@@H](NC(C2=NN(C(C)C)N=C2)=O)CC3=CC=C(OC(F)(F)F)C(Cl)=C3)=O,1.53 ,10.1021/acs.molpharmaceut.4c00406
,N#CC1(CC1)NC([C@@H](NC(C2=NN(C(C)(C)C)N=C2)=O)CC3=CC=C(OC(F)(F)F)C(Cl)=C3)=O,1.30 ,10.1021/acs.molpharmaceut.4c00406
,O=C(N[C@H](C(NC1(CC1)C#N)=O)CC2=CC=C(Cl)C(Cl)=C2)C3=NN(C4=CC=C(F)C=C4)N=C3,6.40 ,10.1021/acs.molpharmaceut.4c00406
,CC1=C(Cl)C(=O)C(=C(C)N1)C1=CN=C(OCC2=CC=C(OC(F)(F)F)C=C2)C=C1,5.32 ,10.1021/acs.molpharmaceut.4c00406
,CC1=C(Br)C(=O)C(=C(C)N1)C1=CN=C(C=C1)C1=CC=C(OC(F)(F)F)C=C1,14.59 ,10.1021/acs.molpharmaceut.4c00406
,CC1=C(Cl)C(=O)C(=C(C)N1)C1=CN=C(C=C1)C1=CC=C(OC(F)(F)F)C=C1,18.70 ,10.1021/acs.molpharmaceut.4c00406
,CC1=C(Cl)C(=O)C(=C(C)N1)C1=CN=C(C=C1)C1=CC=C(C=C1)C(F)(F)F,23.45 ,10.1021/acs.molpharmaceut.4c00406
,CC1=C(Cl)C(=O)C(=C(C)N1)C1=CN=C(C=C1)C1=CC(=CC=C1)C(F)(F)F,5.13 ,10.1021/acs.molpharmaceut.4c00406
,CC1=C(Cl)C(=O)C(=C(C)N1)C1=CN=C(C=C1)C1=C(Cl)C=C(C=C1)C(F)(F)F,12.80 ,10.1021/acs.molpharmaceut.4c00406
,CC1=C(Cl)C(=O)C(=C(C)N1)C1=CN=C(C=C1)C1=C(F)C=C(C=C1)C(F)(F)F,33.76 ,10.1021/acs.molpharmaceut.4c00406
,CC1=C(Cl)C(=O)C(=C(CO)N1)C1=CN=C(C=C1)C1=CC=C(OC(F)(F)F)C=C1,7.40 ,10.1021/acs.molpharmaceut.4c00406
,O=C(CCC1=C2C=CC=C1)N2CCCN3CCN(C4=CC=CC=C4)CC3,0.77 ,10.1021/acs.molpharmaceut.4c00406
,FC1(F)CCC(CC1)C2=NC3=CN=C(NC4=NC=C(C=C4)C(F)(F)F)C=C3[NH]3,1.50 ,10.1021/acs.molpharmaceut.4c00406
,O=C(N1CCOCC1)C(C=C2)=CC=C2C(C=C3)=NN4C3=NC=C4C5=CC=C(C#N)C=C5,2.32 ,10.1021/acs.molpharmaceut.4c00406
,O=C(N1CCOCC1)C2=CC=C(C3=CN4C(C=C3)=NC=C4C5=CC=C(C#N)C=C5)C=C2,1.70 ,10.1021/acs.molpharmaceut.4c00406
,O=C(C1=C(O)C2=C(C3=CC4=C(N(C)C(CNC(C)C)=C4)C=C3CCC2)NC1=O)O.[H]Cl,11.00 ,10.1021/acs.molpharmaceut.4c00406
,O=C(C1=C(O)C2=C(C3=CC4=C(N(C)C(CNC(C)CC)=C4)C=C3OCC2)NC1=O)O.[H]Cl,2.10 ,10.1021/acs.molpharmaceut.4c00406
,O=C(C1=C(O)C2=C(C3=CC4=C(N(C)C(CNC5(C)CCC5)=C4)C=C3CCC2)NC1=O)O.[H]Cl,3.10 ,10.1021/acs.molpharmaceut.4c00406
,O=C(C1=C(O)C2=C(C3=CC4=C(N(C)C(CNC5(C)CCC5)=C4)C=C3OCC2)NC1=O)O.[H]Cl,3.30 ,10.1021/acs.molpharmaceut.4c00406
,O=C(C1=C(O)C2=C(C3=CC4=C(N(C)C(CN(C)C)=C4)C=C3CCC2)NC1=O)O.[H]Cl,2.90 ,10.1021/acs.molpharmaceut.4c00406
,O=C(C1=C(O)C2=C(C3=CC4=C(N(C)C(CN(C)C)=C4)C=C3OCC2)NC1=O)O.[H]Cl,3.10 ,10.1021/acs.molpharmaceut.4c00406
,O=C(C1=C(O)C2=C(C3=CC4=C(N(C)C(CN5CCCC5)=C4)C=C3CCC2)NC1=O)O.[H]Cl,2.80 ,10.1021/acs.molpharmaceut.4c00406
,O=[S](=O)(NC1=NN=C2C=C(OCC34CC5CC(CC(C5)C3)C4)C(=C[N]12)C6CC6)C7CC7,4.80 ,10.1021/acs.molpharmaceut.4c00406
,C[S](=O)(=O)NC1=NN=C2C=C(COC3=CC(=CC(=C3)Cl)Cl)C(=C[N]12)C4CC4,3.40 ,10.1021/acs.molpharmaceut.4c00406
,C[S+]([O-])(=O)N1CCN(CC1)C(=O)C2=CN=C3C=CC(=CC3=C2N4CCC(CC4)(C#N)C5=CC=CC=C5)F,0.30 ,10.1021/acs.molpharmaceut.4c00406
,C[S+]([O-])(=O)N1CCN(CC1)C(=O)C2=CN=C3C=CC(=CC3=C2C4=CC=C(C=C4)C5(CC5)C#N)F,1.30 ,10.1021/acs.molpharmaceut.4c00406
,CC1=C(N=C2C=CC(=CC2=C1C(=O)O)F)C3=CC=C(C=C3)C4=CC=CC=C4F,2.90 ,10.1021/acs.molpharmaceut.4c00406
,CC1=C(N=C2C=CC(=CC2=C1C(=O)O)F)C3=CC=C(C=C3)C4=CC=CC=C5F,3.10 ,10.1021/acs.molpharmaceut.4c00406
,CC1=C(N=C2C=CC(=CC2=C1C(=O)O)F)C3=CC=C(C=C3)C4=CC=CC=C6F,4.30 ,10.1021/acs.molpharmaceut.4c00406
,CC1=C(C(O)=O)C2=CC(F)=CC=C2N=C1C3=CC=C(C4=C(Cl)N=CC=C4)C=C3,2.73 ,10.1021/acs.molpharmaceut.4c00406
,CN(C[C@@H]1C2)[C@@H]2CN1C3=CC(NC4=NC=C(C)C(N[C@H](C)CC)=N4)=C(F)N=C3,2.40 ,10.1021/acs.molpharmaceut.4c00406
,C[C@@]1(N=C(N)CO[C@H]1C(F)(F)F)c2cc(ccc2F)NC(=O)c3ccc(C#N)cn3 {A1=R;A7=R},1.40 ,10.1021/acs.molpharmaceut.4c00406
,O=C(C1=CN=C(NC2=C(OC)C=C(N3CCN(C)CC3)C=C2)N=C1N(C4=O)C5=CC=CC(NC(C=C)=O)=C5)N4C(C)C,0.90 ,10.1021/acs.molpharmaceut.4c00406
,O=S(C1=CC=CC(C2=CC=C3C(C(C4=CC=NC=C4)=CC=N3)=N2)=C1)(NCCO)=O,3.30 ,10.1021/acs.molpharmaceut.4c00406
,NS(C1=CC(C2=CC=C3C(C(C4=CC=NC=C4)=CC=N3)=N2)=CC=C1)(=O)=O,2.50 ,10.1021/acs.molpharmaceut.4c00406
,O=S(C1=CC=CC(C2=CC=C3C(C(C4=CC=NC(C(F)(F)F)=C4)=CC=N3)=N2)=C1)(N)=O,8.50 ,10.1021/acs.molpharmaceut.4c00406
,NC1=NC(C)=C2C(C(OC3CCOCC3)=CC(C4=CC(NS(C5=C(F)C=C(F)C=C5)(=O)=O)=C(OC)N=C4)=C2)=N1,1.48 ,10.1021/acs.molpharmaceut.4c00406
,NC1=NC(C)=C2C(C(O[C@@H]3CCOC3)=CC(C4=CC(NS(=O)(C5=C(F)C=C(F)C=C5)=O)=C(OC)N=C4)=C2)=N1,0.54 ,10.1021/acs.molpharmaceut.4c00406
,CC1=C2C(C(OC3CCOCC3)=CC(C4=CC(NS(=O)(C5=C(F)C=C(F)C=C5)=O)=C(OC)N=C4)=C2)=NC(NC)=N1,0.62 ,10.1021/acs.molpharmaceut.4c00406
,CC1=C2C(C(O[C@@H]3CCOC3)=CC(C4=CC(NS(=O)(C5=C(F)C=C(F)C=C5)=O)=C(OC)N=C4)=C2)=NC(NC)=N1,0.53 ,10.1021/acs.molpharmaceut.4c00406
,Cc1cc(ccc1F)NC(=O)c2cccc(c2)S(=O)(=O)N[C@H]3CCOC3 {A21=S},0.42 ,10.1021/acs.molpharmaceut.4c00406
,COc1cc2c(NC3CCN(C)CC3)cc(nc2cc1OCCCN4CCCC4)c5oc(C)cc5,24.20 ,10.1021/acs.molpharmaceut.4c00406
,CCc1oc(cc1)c2cc(NC3CCN(C)CC3)c4cc(OC)c(OCCCN5CCCC5)cc4n2,13.20 ,10.1021/acs.molpharmaceut.4c00406
,COc1cc2c(NC3CCN(CC3)C4CC4)cc(nc2cc1OCCCN5CCCC5)c6oc(C)cc6,10.40 ,10.1021/acs.molpharmaceut.4c00406
,NC(=O)c1sc(cc1OCCc1ccccc1)N1CCOCC1,0.70 ,10.1021/acs.molpharmaceut.4c00406
,NC(=O)c1cc(ccc1OCCc1ccccc1)N1CCOCC1,1.20 ,10.1021/acs.molpharmaceut.4c00406
,CC1(COC1)COc1cc(sc1C(=O)N)N1CCOCC1,0.70 ,10.1021/acs.molpharmaceut.4c00406
,[H][C@]12[C@@H](CC[C@@]1(CC[C@]1(C)[C@]2([H])CC[C@]2([H])[C@@]3(C)CC=C(C4=CC=C(C=C4)C(O)=O)C(C)(C)[C@]3([H])CC[C@@]12C)C(=O)NCCC(O)=O)C(C)=C,8.90 ,10.1021/acs.molpharmaceut.4c00406
,CC(C)N(C)c1ccc(cc1)[C@H]1C[C@@]2(C)[C@@H](CC[C@@]2(O)C#CC(C)(C)C)[C@@H]2CCC3=CC(=O)CC[C@@H]3[C@H]22,4.83 ,10.1021/acs.molpharmaceut.4c00406
,OC1=CC=C(OC(C2=CC=C(OC[C@H](C)N3C[C@H](C)CC3)C=C2)C(C4=CC(O)=CC=C4)=C5C)C5=C1,3.60 ,10.1021/acs.molpharmaceut.4c00406
,FC(C=C1)=CC=C1C2=C(C)C3=CC(O)=CC=C3OC2C4=CC=C(OC[C@H](C)N5C[C@H](C)CC5)C=C4,5.20 ,10.1021/acs.molpharmaceut.4c00406
,O=C(C1=CC(C2=CN=CN=C2)=C(N3C[C@H](O)CC3)N=C1)NC4=CC=C(OC(F)(F)F)C=C4,2.00 ,10.1021/acs.molpharmaceut.4c00406
,O=C(C1=CC(C2=CN=CN=C2)=CC=C1)NC3=CC=C(OC(F)(F)F)C=C3,0.20 ,10.1021/acs.molpharmaceut.4c00406
,O=C(NC1=CC=C(OC(F)(F)F)C=C1)C(C=C2C3=CC=NN3)=CN=C2N4C[C@H](O)CC4,1.10 ,10.1021/acs.molpharmaceut.4c00406
,O=C(NC1=CC=C(OC(F)(F)F)C=C1)C(C=C2C3=CC=NN3)=CN=C2N4C[C@@](O)(C)CC4,1.00 ,10.1021/acs.molpharmaceut.4c00406
,O=C(NC1=CC=C(OC(F)(Cl)F)C=C1)C(C=C2C3=C(F)C=NN3)=CN=C2N4C[C@H](O)CC4,0.80 ,10.1021/acs.molpharmaceut.4c00406
,NC1=NC(NC2=CN(C)N=C2)=NC(C3=CC=CC(N(C=C4)C(C5=C4C=C(C6CC6)C=C5F)=O)=C3CO)=N1,3.27 ,10.1021/acs.molpharmaceut.4c00406
,COC[C@@H](C(N[C@@H](COCCCCCCOC1=CC=CC=C21)C(N[C@H](C([C@@]3(C)CO3)=O)CC4=CC=CC=C4)=O)=O)NC2=O,9.60 ,10.1021/acs.molpharmaceut.4c00406
,O=C(N[C@@H](CC1=CC=CC=C1)C([C@]2(CO2)C)=O)[C@H](COCCCCCCN3C4=CC=N3)NC([C@@H](NC4=O)COC)=O,6.00 ,10.1021/acs.molpharmaceut.4c00406
,FC(F)(F)C1=CC=CC(C2=NC3=C(C=C(N=C3)NC4=NC=C(N5CCNCC5)C=C4)N2)=C2,9.00 ,10.1021/acs.molpharmaceut.4c00406
,FC1=CC=C(C2=NC3=C(C=C(N=C3)NC4=NC=CC(C(N5C[C@@H](N[C@@H](C5)C)C)=O)=C4)N2)C=C2C(F)(F)F,7.00 ,10.1021/acs.molpharmaceut.4c00406
,FC1=CC=C(C2=NC3=C(C=C(N=C3)NC4=NC=CC(C(N5CC(OC(C5)C)C)=O)=C4)N2)C=C2C(F)(F)F,4.00 ,10.1021/acs.molpharmaceut.4c00406
,O=C(C1=CC=NC(NC2=NC=C3C(NC(C4=CC(C(F)(F)F)=CC=C4)=N3)=C2)=C1)N5CCN(CC6)C(C)(C)C,19.00 ,10.1021/acs.molpharmaceut.4c00406
,FC1=C(C=CC(C2=NC3=CN=C(C=C3N2)NC4=NC=CC(C(N5CCC(F)(CC5)F)=O)=C4)=C2)F,4.00 ,10.1021/acs.molpharmaceut.4c00406
,Cc1noc(C)c1-c(cc1)ccc1C(N1[C@H](c(cccc2)c2Cl)SC[C@@H]1C(O)=O)=O,2.30 ,10.1021/acs.molpharmaceut.4c00406
,O[C@@H](CC1)CC[C@H]1N2C3=NC(N[C@@H](C)CCC)=NC=C3C(C4=CC=C(CN5CCOCC5)C=C4)=C2,1.40 ,10.1021/acs.molpharmaceut.4c00406
,CCC[C@H](C)NC1=NC=C2C(N([C@@H]3CC[C@@H](O)CC3)C=C2C4=CC=C(CN5CCN(C)CCC5)C=C4)=N1,3.00 ,10.1021/acs.molpharmaceut.4c00406
,O[C@@H](CC1)CC[C@H]1N2C3=NC(N[C@@H](C)CCC)=NC=C3C(C4=CC=C(CN5C6CCC5CC6)C=C4)=C2,1.80 ,10.1021/acs.molpharmaceut.4c00406
,O[C@@H](CC1)CC[C@H]1N2C3=NC(N[C@@H](C)CCC)=NC=C3C(C4=CC=C(S(N5CCN(C)CC5)(=O)=O)C=C4F)=C2,0.65 ,10.1021/acs.molpharmaceut.4c00406
,CCC[C@H](C)NC1=NC=C2C(N([C@@H]3CC[C@@H](O)CC3)C=C2C4=CC=C(CNCCN(CC)CC)C=C4)=N1,3.65 ,10.1021/acs.molpharmaceut.4c00406
,O[C@@H](CC1)CC[C@H]1N2C3=NC(N[C@@H](C)CCC)=NC=C3C(C4=CC(N5CCNCC5)=NC=C4)=C2,2.60 ,10.1021/acs.molpharmaceut.4c00406
,O[C@@H]1CC[C@@H](N2C3=NC(N[C@@H](C)CCC)=NC=C3C(C4=CN(C5CCNCC5)N=C4)=C2)CC1,2.10 ,10.1021/acs.molpharmaceut.4c00406
,O=C1C=C(NC2CCN(CC2)S(=O)(=O)C(F)(F)F)c3cc(ccc3N1)C(c4ccc(Cl)cc4)c5ccc(Cl)cc5,6.97 ,10.1021/acs.molpharmaceut.4c00406
,CC(C)C(=O)N1CCC(CC1)c2cn(C)c3ncc(NC(=O)c4cccc(c4)C#N)c(c25)C(F)(F)F,10.00 ,10.1021/acs.molpharmaceut.4c00406
