Molecule_Name,Smiles,Mouse_fup,Source
CHEMBL3892103,Cc1nc(C)n(CC(=O)N2CCN(c3sc(C(F)(F)F)nc3-c3nc4c(F)cccc4[nH]3)C[C@H]2C)n1,0.014,CHEMBL 35
CHEMBL5076678,N[C@@H]1C[C@H](C(=O)O)[C@@H](c2ccc(-c3cc(C(=O)O)cc4cc(-c5ccc(C(F)(F)F)cc5)ccc34)cc2)C1,1,CHEMBL 35
CHEMBL5081508,CC(=O)N[C@H]1CC(=O)NCCCC[C@@H](C(=O)N[C@@H](CCCNC(=N)N)C(=O)c2nc3ccccc3s2)NC(=O)[C@H](CC(C)C)NC1=O,0.286,CHEMBL 35
CHEMBL4553678,C=C[C@]1(C)C[C@@H](OC(=O)COc2ccc3c(c2Cl)B(O)OC3)[C@]2(C)[C@H](C)CC[C@]3(CCC(=O)[C@H]32)[C@@H](C)[C@@H]1O,0.008,CHEMBL 35
CHEMBL4552978,C=C[C@]1(C)C[C@@H](OC(=O)COc2ccc3c(c2)B(O)N(C)N=C3)[C@]2(C)[C@H](C)CC[C@]3(CCC(=O)[C@H]32)[C@@H](C)[C@@H]1O,0.007,CHEMBL 35
CHEMBL5276146,CC(C)(C)c1cc(NC(=O)c2ccc(S(=O)(=O)N3CCCC3)cc2)n[nH]1,0.26,CHEMBL 35
CHEMBL3667415,NC1=N[C@@]2(c3cc(NC(=O)c4ncc(F)cc4F)ccc3F)CN(c3ncc(F)cn3)C[C@H]2CS1,0.025,CHEMBL 35
CHEMBL4452566,COc1cnc(C(=O)Nc2ccc(F)c([C@]34CN(c5ncc(F)cn5)C[C@H]3CSC(N)=N4)c2)cn1,0.031,CHEMBL 35
CHEMBL5182431,CC(C)C[C@@H](N)c1cc(C#N)c2cc(-c3ccncc3)ccc2n1,0.13,CHEMBL 35
CHEMBL5201888,CCc1nc([C@@H](N)CC(C)C)nc2cc(OC)c(-c3cnco3)cc12,0.1,CHEMBL 35
CHEMBL4546097,Cn1c(=O)n(CCCO)c(=O)c2c1nc(Oc1cccc(Cl)c1)n2Cc1ccc(Cl)cc1,0.004,CHEMBL 35
CHEMBL4209316,CNc1nc(Nc2ccc(-n3cnc(C)n3)c(OC)c2)nc2c1CC[C@H]2c1ccc(F)cc1,0.007,CHEMBL 35
CHEMBL4169114,CCOc1ccc(C(=O)Nc2cc(OC(F)(F)F)ccc2-n2cncn2)cc1OC,0.086,CHEMBL 35
CHEMBL3934548,O=C(O)[C@H]1CC[C@H](C(=O)N2CC[C@](c3ccc(C(F)(C(F)(F)F)C(F)(F)F)cc3)(S(=O)(=O)c3ccc(F)cc3)C2)CC1,0.105,CHEMBL 35
CHEMBL5394700,COc1ncc(C(=O)N2CCN(C(=O)/C=C/c3ccc4c(c3)OC(F)(F)O4)CC2)cn1,0.22,CHEMBL 35
CHEMBL5416410,Cc1nc(Nc2ncc(C(=O)Nc3c(C)cccc3Cl)s2)cc(N2CCN(CCO)CC2)n1.O,0.03,CHEMBL 35
CHEMBL4165225,C[C@]1(c2cc(NC(=O)c3ccc(C#N)cn3)ccc2F)N=C(N)CO[C@H]1C(F)(F)F,0.23,CHEMBL 35
CHEMBL4217988,N#Cc1cc(S(=O)(=O)Nc2ncns2)ccc1Oc1ccc(-c2cccc(C(F)(F)F)c2)cc1-c1ccnc(CNCCC2CCNCC2)c1,0.00281,CHEMBL 35
CHEMBL5193821,CCn1c(CO)nn(-c2nc(O[C@@H](C)C(F)(F)F)c(C(=O)Nc3c(C)cnc(OC)c3Cl)cc2F)c1=O,0.062,CHEMBL 35
CHEMBL4753907,CC(C)n1ncc2c1C(=O)CC1(CCN(C(=O)c3cc(-c4ccc(C(=O)O)cc4)nc(N(C)C)c3)CC1)C2,0.057,CHEMBL 35
CHEMBL4218112,CC(C)NCc1cc2cc3c(cc2n1C)CCCc1c-3[nH]c(=O)c(C(=O)O)c1O,0.16,CHEMBL 35
CHEMBL3989970,C=CC(=O)N[C@@H]1CN(c2nc(Nc3cn(C)nc3OC)c3ncn(C)c3n2)C[C@H]1F,0.2,CHEMBL 35
CHEMBL4590789,O[C@@H]1c2nonc2CC[C@H]1[C@H]1c2ccccc2-c2cncn21,0.27,CHEMBL 35
CHEMBL4878039,Cn1cncc1-c1cc(F)ccc1CN1CCP(=O)(O)[C@](CCCCN)(C(=O)O)C1,0.93,CHEMBL 35
CHEMBL3925871,Cn1cc(-c2ccc(F)c(C(F)(F)F)c2)nc1C1CCN(c2ncnc(N)c2-c2ccc(F)cc2)CC1,0.0003,CHEMBL 35
CHEMBL5435085,CC[C@@H]1C(=O)N(C)c2cnc(Nc3ccc(-c4noc(CN5CCCNCC5)n4)cc3OC)nc2N1C1CCCC1,0.0201,CHEMBL 35
CHEMBL2396989,NC1=N[C@@]2(c3cc(NC(=O)c4ccc(F)cn4)ccc3F)COC[C@H]2CS1,0.37,CHEMBL 35
CHEMBL5413640,COCCN(C(=O)c1[nH]c(C)c(Cl)c1Cl)c1nc2ccc(C(=O)O)cc2s1,0.11,CHEMBL 35
CHEMBL5419700,Cc1[nH]c(C(=O)/N=c2\sc3cc(C(=O)O)ccc3n2CC(=O)c2ccccc2)c(Cl)c1Cl,0.0001,CHEMBL 35
CHEMBL5431786,Cc1[nH]c(C(=O)Nc2nc3c(OC(C)c4ccc(S(C)(=O)=O)cc4)cc(C(=O)O)cc3s2)c(Cl)c1Cl,0.0325,CHEMBL 35
CHEMBL5410424,Cc1[nH]c(C(=O)Nc2nc3c(OC(C)c4ccc(CN5CCOCC5=O)cc4)cc(C(=O)O)cc3s2)c(Cl)c1Cl,0.0017,CHEMBL 35
CHEMBL4174307,CN(C(=O)[C@@H](CC(=O)O)Cc1ccccc1)c1nc(-c2ccccc2Cl)cs1,0.0015,CHEMBL 35
CHEMBL4164621,Cc1ccc(S(=O)(=O)c2cc(Cl)c(O)c3ncccc23)cc1,0.84,CHEMBL 35
CHEMBL4176594,Cc1ccc2nc(N3CCCc4ccc(F)cc4C3)cc(NC3(CN)COC3)c2c1,0.1,CHEMBL 35
CHEMBL4217988,N#Cc1cc(S(=O)(=O)Nc2ncns2)ccc1Oc1ccc(-c2cccc(C(F)(F)F)c2)cc1-c1ccnc(CNCCC2CCNCC2)c1,0,CHEMBL 35
CHEMBL4175981,CC(C)(C)[C@@H](CO)NC(=O)c1nn(-c2c[n+]([O-])ccn2)c2c1C[C@@H]1C[C@H]21,0.1,CHEMBL 35
CHEMBL4576039,C=C[C@]1(C)C[C@@H](OC(=O)COc2ccc3c(c2)B(O)OC3C)[C@]2(C)[C@H](C)CC[C@]3(CCC(=O)[C@H]32)[C@@H](C)[C@@H]1O,0.002,CHEMBL 35
CHEMBL4565868,C=C[C@]1(C)C[C@@H](OC(=O)COc2cc(C)c3c(c2)B(O)OC3)[C@]2(C)[C@H](C)CC[C@]3(CCC(=O)[C@H]32)[C@@H](C)[C@@H]1O,0.005,CHEMBL 35
CHEMBL4548875,C=C[C@]1(C)C[C@@H](OC(=O)COc2ccc3c(c2Cl)B(O)OC3CN)[C@]2(C)[C@H](C)CC[C@]3(CCC(=O)[C@H]32)[C@@H](C)[C@@H]1O,0.119,CHEMBL 35
CHEMBL4561712,C=C[C@]1(C)C[C@@H](OC(=O)COc2ccc3c(c2C)B(O)N(C(=O)OC)N=C3)[C@]2(C)[C@H](C)CC[C@]3(CCC(=O)[C@H]32)[C@@H](C)[C@@H]1O,0.006,CHEMBL 35
CHEMBL4871106,NC(=O)c1cccc2c(N[C@H](CN3CCC3)c3ccc(Cl)c(C(F)(F)F)c3)ncnc12,0.03,CHEMBL 35
CHEMBL5430344,CC[C@@H]1C(=O)N(C)c2cnc(Nc3ccc(-c4noc(CN5CCNCC5)n4)cc3OC)nc2N1C1CCCC1,0.045,CHEMBL 35
CHEMBL513909,CC[C@@H]1C(=O)N(C)c2cnc(Nc3ccc(C(=O)NC4CCN(C)CC4)cc3OC)nc2N1C1CCCC1,0.114,CHEMBL 35
CHEMBL5179778,CC(C)C[C@H](NC(=O)c1cc2c(F)cccc2[nH]1)C(=O)NN(C[C@@H]1CCNC1=O)C(=O)[C@H](F)Cl,0.0015,CHEMBL 35
CHEMBL3972276,COCCNc1cc(NC(=O)N2CCCc3cc(CO)c(C=O)nc32)ncc1C#N,0.12,CHEMBL 35
CHEMBL4646211,Cc1cc(C)c(-c2ccc(N)nn2)cc1NC(=O)c1ccc(OCc2ccccn2)cc1,0.029,CHEMBL 35
CHEMBL4642178,Cc1cc(N2C[C@H]3CC[C@@H](C2)[C@@H]3Nc2nc3c(OCC(F)F)ccc(C(F)(F)F)n3n2)ncn1,0.017,CHEMBL 35
CHEMBL4289161,N#Cc1cc(F)cc(C(=O)N2CCN([C@@H](C(=O)NCC(F)(F)C3CC3)c3ccccc3)CC2)c1,0.13,CHEMBL 35
CHEMBL4293510,NC(=O)c1cnc2c(N[C@H]3C[C@H]3F)cc(Nc3cccc(-c4ccc(C(F)(F)F)cc4F)c3)nn12,0.004,CHEMBL 35
CHEMBL4476111,CC(C)(C)Cc1cnc(CCc2ccc(-c3cccc(F)c3C(=O)O)cc2)n1CC(=O)O,0.1815,CHEMBL 35
CHEMBL5274596,CC1CN(c2ccncc2NC(=O)c2ccnn3cc(C4CC4)nc23)CCO1,0.031,CHEMBL 35
CHEMBL5424175,Brc1ccc2[nH]nc(C3=CCCNC3)c2c1,0.12,CHEMBL 35
CHEMBL5184381,COC(=O)Nc1cc(-c2cnc(OC[C@@](C)(N)CC(C)C)c(C)c2)ccn1,0.049,CHEMBL 35
CHEMBL4228859,Cc1cccc(C)c1C(=O)N[C@H](c1ccccc1)C12CCC(CC1)CN2C,0.32,CHEMBL 35
CHEMBL4174690,Cc1ccc2nc(N3CCCc4ccc(F)cc4C3)cc(NCC3(N)COC3)c2c1,0.11,CHEMBL 35
CHEMBL3954214,O=C(Nc1ccc(OC(F)(F)F)cc1)c1cnc(N2CC[C@H](O)C2)c(-c2cncnc2)c1,1,CHEMBL 35
CHEMBL4202767,CCOc1c(Cl)cc(C(=O)Nc2ccc(C(=O)O)c(C)c2)cc1OC(C)C,0.91,CHEMBL 35
CHEMBL4457158,CCC(=O)c1sc(-c2ccc(Cl)cc2)c(C)c1-c1ccc(S(N)(=O)=O)cc1,0.0116,CHEMBL 35
CHEMBL4560579,C#CCOc1cnc(C(=O)Nc2cc(F)c(F)c([C@@]3(C)N=C(N)S[C@@]4(COC)C[C@H]43)c2)cn1,0.018,CHEMBL 35
CHEMBL4282052,CCOc1cc(CN2CCC3(CC2)CC(=O)N(c2ccc(C(=O)O)cc2)C3)cc(OCC)c1-c1ccc(F)cc1.O=C(O)C(F)(F)F,0.046,CHEMBL 35
CHEMBL4229060,CN(Cc1nnc(-c2ccco2)o1)Cc1c(F)cccc1Cl,0.123,CHEMBL 35
CHEMBL5081575,CC(=O)N[C@H]1CCCCNC(=O)CC[C@@H](C(=O)N[C@@H](CCCNC(=N)N)C(=O)c2nc3ccccc3s2)NC(=O)[C@H](CCCNC(=N)N)NC1=O,0.259,CHEMBL 35
CHEMBL5286433,Cc1cn(-c2cncc(C(F)(F)F)c2)c2ccc(C(=O)NS(=O)(=O)C3CC3)cc12,0.005,CHEMBL 35
CHEMBL4515207,O=C(Nc1ccc(F)c(-c2nc3ncc(-c4cccc(F)c4)cn3n2)c1)N1CCC(F)(F)C1,0.033,CHEMBL 35
CHEMBL4578045,O=C(Nc1ccc(F)c(-c2nc3ncc(-c4ccc(F)cc4)cn3n2)c1)N1CCC(F)(F)C1,0.0343,CHEMBL 35
CHEMBL4587144,OC[C@@]12C[C@@H]1[C@@H](n1cnc3c(N[C@H]4C[C@H]5CC[C@@H]4C5)nc(Cl)nc31)[C@H](O)[C@@H]2O,0.0768,CHEMBL 35
CHEMBL4543422,O=S(=O)(Nc1ccncn1)c1cc2c(cc1F)[C@@H](N1CC[C@H](C(F)(F)F)C[C@@H]1c1cccnc1)CCO2,0.00012,CHEMBL 35
CHEMBL4573279,C=CC(=O)N1CCN(c2nc(=O)n(-c3scnc3C(C)C)c3nc(-c4c(O)cccc4F)c(Cl)cc23)[C@@H](C)C1,0.02,CHEMBL 35
CHEMBL4445363,CN1CCCc2c1nc(N1CCC3(CC1)C(=O)N(CCO)c1cc(F)cc(F)c13)[nH]c2=O,0.083,CHEMBL 35
CHEMBL4544608,O=C(Nc1ccc(F)c(-c2nc3ncc(-c4cccnc4F)cn3n2)c1)N1CC[C@@H](F)C1,0.146,CHEMBL 35
CHEMBL4460464,CC(C)COc1ccc(-c2nn(C)c3cc(C(=O)NS(=O)(=O)C4CC4)c(F)cc23)cn1,0.011,CHEMBL 35
CHEMBL3648329,CNc1nc2ccccc2n1-c1nc(N2CCOC[C@H]2C)cc(C2([S@](C)(=N)=O)CC2)n1,0.15,CHEMBL 35
CHEMBL4242822,CC(C)Cc1ccc2ncccc2c1NS(=O)(=O)c1ccc(CCCN2CCN3CCC[C@@H]3C2)cc1,0.17,CHEMBL 35
CHEMBL4214921,CN(C)Cc1cc2cc3c(cc2n1C)CCCc1c-3[nH]c(=O)c(C(=O)O)c1O,0.1,CHEMBL 35
CHEMBL4284170,CC(=O)Nc1cc(-c2[nH]c3cccnc3c2-c2cccc(C(F)F)n2)ccn1,0.05,CHEMBL 35
CHEMBL4779670,N#Cc1c(F)cc(-n2c(C(=O)NC3CC3)cc3cccnc32)cc1F,0.096,CHEMBL 35
CHEMBL4758348,O=C(c1cc2cccnc2n1-c1ccnc(F)c1)N1CC(F)C1,0.393,CHEMBL 35
CHEMBL4776397,CS[C@@H](Cn1nnc2cc(C#Cc3ccc(-n4ccnc4CO)cc3)ccc21)N(O)C=O,0.05,CHEMBL 35
CHEMBL5401016,O=C(c1ccc(-c2cnn3cccnc23)cc1)N(c1ncccc1C(F)(F)F)[C@@H]1CCCNC1,0.0013,CHEMBL 35
CHEMBL4173663,O=C(O)C[C@@H](CC1CCCC1)C(=O)N(c1nc(-c2ccccc2-c2ccc(-n3cccn3)nc2)cs1)C1CC1,0.0014,CHEMBL 35
CHEMBL5438031,CN(C)C(=O)[C@H]1Cc2c([nH]c3ccccc23)[C@H](c2ccccc2)N1C(=O)CCl,0.082,CHEMBL 35
CHEMBL5440171,COC(=O)[C@H]1Cc2c([nH]c3ccccc23)[C@H](c2ccc(F)cc2C(F)(F)F)N1C(=O)CCl,0.016,CHEMBL 35
CHEMBL3774760,O=C(O)CSc1ncnc2c(C3CC3)c(Cl)sc12,0.001,CHEMBL 35
CHEMBL4788274,COc1ccccc1-c1nccc(COc2ccccc2C[C@@H](Oc2ncnc3sc(-c4ccc(F)cc4)c(-c4ccc(OCCN5CCN(C)CC5)c(Cl)c4C)c23)C(=O)O)n1,0.0004,CHEMBL 35
CHEMBL4482864,COC[C@H]1Cn2cc(-c3nc(Nc4ccnn4C)ncc3C)nc2C(=O)N1Cc1ccc(F)c(F)c1,0.12,CHEMBL 35
CHEMBL4554946,C=CC(=O)N1CCN(c2nc(=O)n(-c3c(CC)cccc3CC)c3nc(-c4c(O)cccc4F)c(Cl)cc23)[C@@H](C)C1,0.03,CHEMBL 35
CHEMBL5181454,CC(C)(O)c1ccc(N2Cc3c(cc(C4(C)COC4)nc3-c3ccccc3OCC(F)(F)F)C2=O)cc1,0.11,CHEMBL 35
CHEMBL5291050,Cc1cccc(Cl)c1C(=O)N[C@@H](Cc1ccc(-c2c(C)n(C)c(=O)n(C)c2=O)cc1)C(=O)O[C@H]1CO[C@H]2[C@@H]1OC[C@@H]2O,0.9,CHEMBL 35
CHEMBL4753379,Cc1ccc(C#Cc2cccc(-c3nn(-c4nc(C(=O)O)cs4)c(CC4CC4)c3Cc3ccc(S(N)(=O)=O)c(F)c3)c2)s1,0.044,CHEMBL 35
CHEMBL5407071,Cc1cc(S(=O)(=O)N[C@H](C)C2CCN(C)CC2)ccc1NC(=O)c1ccccc1C,0.449,CHEMBL 35
CHEMBL4848754,CCN(C)C(=O)N1C[C@@H]2[C@H](C1)[C@H]2C(=O)N[C@H]1CCN(c2nccn3ccnc23)C1,0.4,CHEMBL 35
CHEMBL5200171,Cn1cnc(C#CCN(C(=O)Cc2ncc(C(F)(F)F)cc2C(F)(F)F)c2ccc(F)cc2)c1,0.018,CHEMBL 35
CHEMBL3917975,C[C@H](NC(=O)CCc1nc2cccnc2n1Cc1ccc(OC(F)(F)F)cc1)c1ccc(Cl)cc1,0.018,CHEMBL 35
CHEMBL4790083,N#Cc1ccc(N2C3CCC2CN(C(=O)CCS(=O)(=O)c2cccc4ncsc24)C3)nc1,0.18,CHEMBL 35
CHEMBL5198935,CCCC1CNCc2c1[nH]c(=O)c(C#N)c2N1CCC2(CC1)CC2.Cl,0.41,CHEMBL 35
CHEMBL5202092,CO[C@@H](CO)CNC(=O)c1cc(Nc2cccc(F)c2F)c2cc(Cl)ccc2n1,0.01,CHEMBL 35
CHEMBL4170106,COc1cnc(C(=O)Nc2ccc(F)c([C@@]3(C)N=C(N)COC3=C(F)F)c2)cn1,0.146,CHEMBL 35
CHEMBL4162197,COc1cnc(C(=O)Nc2ccc(F)c([C@@]3(C)N=C(N)CO[C@H]3C(F)F)c2)cn1,0.279,CHEMBL 35
CHEMBL5401090,COc1cc2ccccc2cc1C(=O)NC(=S)Nc1ccc(-c2nccs2)cc1,0.022,CHEMBL 35
CHEMBL5199420,N#CCC(=O)N1CC2(CCC(c3cccc4nc(NC(=O)C5CC5)nn34)CC2)C1,0.479,CHEMBL 35
CHEMBL4754102,COc1cccc2c(N3CCN(c4ccccc4F)CC3)c(C#N)cnc12,0.051,CHEMBL 35
CHEMBL4743437,C[C@H](Nc1nc(Cl)nc2c1cnn2[C@@H]1O[C@H](COP(=O)(O)CP(=O)(O)O)[C@@H](O)[C@H]1O)c1ccccc1,0.029,CHEMBL 35
CHEMBL4743101,COc1cc(C(=O)N2CCC3(CC2)CC(=O)c2nn(C(C)(C)C)cc2O3)cc(-c2ccc(C(=O)O)cc2)n1,0.17,CHEMBL 35
CHEMBL4464335,C=CC(=O)N1CC(NC(=O)Cn2c(C3CC3)c(C(=O)N3CCc4c(cccc4OC)C3)c3cc(Cl)cc(C)c32)C1,0.02,CHEMBL 35
CHEMBL5422616,CNc1cc(Nc2cccn(-c3ccccn3)c2=O)nc2c(C(=O)N[C@H]3CC[C@@H]3OC)cnn12,0.08,CHEMBL 35
CHEMBL5419281,CNc1cc(Nc2cccn(-c3ocnc3C)c2=O)nc2c(C(=O)N[C@@H]3CC[C@H]3OC)cnn12,0.23,CHEMBL 35
CHEMBL5288212,Cc1[nH]c(C(=O)Nc2nc3c(N4CCOCC4)cc(C(=O)O)cc3s2)c(Cl)c1Cl,0.018,CHEMBL 35
CHEMBL5419652,N#Cc1ccc(Nc2nccc(C(=O)Nc3cnccc3-c3ccc(F)cc3)n2)cc1,0.03,CHEMBL 35
CHEMBL4538498,O=C(Nc1ccc(F)c(-c2nc3ncc(-c4ccccc4Cl)cn3n2)c1)N1CCC(F)(F)C1,0.036,CHEMBL 35
CHEMBL4280731,[2H]C([2H])([2H])Oc1ccc(-c2c(-c3ccnc(NC(C)=O)c3)[nH]c3cccnc23)nc1,0.12,CHEMBL 35
CHEMBL5202092,CO[C@@H](CO)CNC(=O)c1cc(Nc2cccc(F)c2F)c2cc(Cl)ccc2n1,0.01,CHEMBL 35
CHEMBL5205510,C/C=C/c1cnc(C(=O)NC[C@@H](F)CO)cc1Nc1ccccc1F,0.076,CHEMBL 35
CHEMBL5201891,Cc1cc(-c2[nH]c3ccc(C4CCNCC4)cc3c2C(C)C)cc(C)n1,0.05,CHEMBL 35
CHEMBL4759642,O=C(Nc1ccc(Br)cc1C(=O)O)c1ccc(SC(F)(F)F)cc1,0.029,CHEMBL 35
CHEMBL4290933,Cn1cc(-c2ccc(C(F)(F)F)cc2)c2cc(F)c(C(=O)NS(=O)(=O)C3CC3)cc21,0.0035,CHEMBL 35
CHEMBL5194637,CS(=O)(=O)Cn1cc(C#CCN(C(=O)Cc2ncc(C(F)(F)F)cc2C(F)(F)F)c2ccc(F)cc2)cn1,0.019,CHEMBL 35
CHEMBL5201368,O=C(NC[C@@H](F)CO)c1cc(Nc2ccccc2F)c2cc(Cl)ccc2n1,0.012,CHEMBL 35
CHEMBL5179805,COCCNC(=O)c1cc(Nc2ccccc2F)c2cc(C)ncc2n1,0.087,CHEMBL 35
CHEMBL5179626,Cc1cc2c(Nc3ccccc3)cc(C(=O)NC3CC3)nc2cn1,0.049,CHEMBL 35
CHEMBL3793910,COc1ccc(CN2CCO[C@H](COc3ccccc3)C2)cc1F,0.037,CHEMBL 35
CHEMBL5201917,COc1ccc(CN2CCC[C@H](OCc3ccc(F)c(F)c3)C2)cc1F,0.026,CHEMBL 35
CHEMBL4552098,C=C[C@]1(C)C[C@@H](OC(=O)CNc2ccc3c(c2F)B(O)OC3)[C@]2(C)[C@H](C)CC[C@]3(CCC(=O)[C@H]32)[C@@H](C)[C@@H]1O,0.005,CHEMBL 35
CHEMBL4442838,COc1ccc(/C(=C(\c2ccc(/C=C/C(=O)O)cc2)c2ccc(-c3cncs3)cc2)C2CCC2)c(Cl)c1,0.001,CHEMBL 35
CHEMBL4097569,Cc1cnc(C(=O)N[C@H]2CCOC[C@@H]2O)cc1Cc1ccc(-c2cscn2)cc1,0.00029,CHEMBL 35
CHEMBL3321987,N[C@@H](Cc1cnc[nH]1)C(=O)N[C@@H](Cc1ccc(O)cc1)C(=O)O,0.0066,CHEMBL 35
CHEMBL4466131,CC(C)Cc1ccc(-c2cn(C)c3cc(C(=O)NS(C)(=O)=O)ccc23)cc1,0.003,CHEMBL 35
CHEMBL5199558,Cc1ccc2c(=O)[nH]c(-c3ccc(C(C)(C)O)cc3)cn12,0.16,CHEMBL 35
CHEMBL5405856,COC(=O)Nc1nc(C)c(S(=O)(=O)N2CCN(C[C@H](C)Nc3ncnc4c(C(=O)N(C)C)cccc34)CC2)s1,0.0213,CHEMBL 35
CHEMBL5220114,O=C(CS(=O)(=O)O)Nc1ccc(N2CCOCC2)c(Br)c1,0.243,CHEMBL 35
CHEMBL5220687,N.O=C(Nc1nc2ccccc2s1)NS(=O)(=O)O,0.07,CHEMBL 35
CHEMBL5219807,O=C(CS(=O)(=O)O)Nc1nc2ccccc2s1,0.209,CHEMBL 35
CHEMBL5415751,Cc1[nH]c(C(=O)Nc2nc3c(OCc4cccnc4)cc(C(=O)O)cc3s2)c(Cl)c1Cl,0.0003,CHEMBL 35
CHEMBL5201228,COc1ccc2ccc(=O)n(CCN[C@H]3CC[C@H]4[C@H](C3)OC(=O)N4c3ccc4c(n3)NC(=O)CO4)c2n1,0.15,CHEMBL 35
CHEMBL5207874,CCOc1ccc2cn(-c3ccc4nn(C)cc4c3)c(=O)c(-c3ccc(Cl)cc3)c2n1,0.0112,CHEMBL 35
CHEMBL5199698,CC(C)C[C@](C)(N)COc1cnc(-c2ccnc(C(F)F)c2)cc1C(F)F,0.065,CHEMBL 35
CHEMBL5197758,O=C(Nc1nc2cccc([C@H]3CC[C@@H](NC(=O)[C@@H]4CC4(F)F)CC3)n2n1)C1CC1,0.148,CHEMBL 35
CHEMBL5270366,Cc1cn(-c2cccc(C(F)(F)F)c2)c2ccc(C(=O)NS(C)(=O)=O)cc12,0.002,CHEMBL 35
CHEMBL5082933,CC(C)C[C@](C)(N)COc1ccc(-c2ccnc(C(F)F)c2)cc1C(F)(F)F,0.002,CHEMBL 35
CHEMBL5394681,O=S(=O)(c1cccc2cccnc12)N1CC(c2nc(-c3ccc(F)cc3)no2)C1,0.014,CHEMBL 35
CHEMBL4463138,O=C(NCc1cc(F)cc(Cl)c1)[C@@]1(O)CCN(c2ccc3[nH]ccc3c2)C1=O,0.011,CHEMBL 35
CHEMBL5405825,COc1ccc(-c2nn([C@@H](C)c3nn(-c4cccnc4)c4cc(Cl)ccc34)c3ncnc(N)c23)cc1F,0.0014,CHEMBL 35
CHEMBL5170406,Cn1cc2c3cc(C(=O)O)ccc3n(-c3ccc(C(F)(F)F)cc3)c2n1,0.02,CHEMBL 35
CHEMBL5429808,FC(F)c1nnc(-c2ccc(Cn3nnc(-c4ccccn4)n3)nc2)o1,0.27,CHEMBL 35
CHEMBL5404004,COCCOc1cc(C(=O)O)cc2sc(NC(=O)c3[nH]c(C)c(Cl)c3Cl)nc12,0.004,CHEMBL 35
CHEMBL2152899,C[C@@]1(c2cc(NC(=O)c3ccc(C#N)cn3)ccc2F)Cn2c(C#N)cnc2C(N)=N1,0.06,CHEMBL 35
CHEMBL4439294,O[C@@H]1c2ccnn2CC[C@H]1[C@H]1c2ccccc2-c2cncn21,0.09,CHEMBL 35
CHEMBL4203636,Cn1c(CN2CCCC2)cc2cc3c(cc21)OCCc1c-3[nH]c(=O)c(C(=O)O)c1O,0.18,CHEMBL 35
CHEMBL4277551,O=C(NCc1ccccc1)[C@@H](c1ccccc1)N1CCN(C(=O)c2cc(F)ccc2Cl)CC1,0.037,CHEMBL 35
CHEMBL4470092,Oc1ccc(-c2cc(-c3ccccc3Cl)nc3c2Cc2c(O)cccc2-3)cc1,1,CHEMBL 35
CHEMBL4475017,CC(C)COc1ncc(-c2cn(C)c3cc(C(=O)NS(C)(=O)=O)c(F)cc23)cc1Cl,0.002,CHEMBL 35
CHEMBL4462886,O=C(Nc1ccc(F)c(-c2nc3ncc(-c4ccccc4F)cn3n2)c1)N1CCC(F)(F)C1,0.0403,CHEMBL 35
CHEMBL417852,CNC1=NC(=O)[C@H]([C@H](C)c2c[nH]c3ccccc23)O1,0.441,CHEMBL 35
CHEMBL4762079,O=C(c1nc2cccnc2n1-c1ccc(Cl)c(Cl)c1)N1CCC1,0.03,CHEMBL 35
CHEMBL4786383,COc1ncc(-n2c(C(=O)N3CC(F)C3)cc3cccnc32)cc1Cl,0.066,CHEMBL 35
CHEMBL5270781,CC1CN(c2ccncc2NC(=O)c2ccnn3cc(-c4ccccc4)nc23)CCO1,0.009,CHEMBL 35
CHEMBL5282319,O=C(Nc1cnccc1N1CCOCC1)c1ccnn2cc(-c3ccccc3)nc12,0.01,CHEMBL 35
CHEMBL4532724,C=C[C@]1(C)C[C@@H](OC(=O)COc2ccc3c(c2)B(O)OC3)[C@]2(C)[C@H](C)CC[C@]3(CCC(=O)[C@H]32)[C@@H](C)[C@@H]1O,0.003,CHEMBL 35
CHEMBL4539733,C=C[C@]1(C)C[C@@H](OC(=O)COc2ccc3c(c2C)B(O)OC3)[C@]2(C)[C@H](C)CC[C@]3(CCC(=O)[C@H]32)[C@@H](C)[C@@H]1O,0.012,CHEMBL 35
CHEMBL4211966,CC(C)CNCc1cc2cc3c(cc2n1C)OCCc1c-3[nH]c(=O)c(C(=O)O)c1O,0.23,CHEMBL 35
CHEMBL5095170,CCN(Cc1nc2c(N)nc3cc(-c4cc[nH]n4)ccc3c2[nH]1)C(C)=O,0.32,CHEMBL 35
CHEMBL4871014,C[C@@H](c1ccc2ccc(O[C@H]3CC[C@@H](C(F)(F)F)CC3)c(C(F)(F)F)c2c1)N1C2CCC1CC(C(=O)O)C2,0.00599,CHEMBL 35
CHEMBL3658966,C[C@@H]1CN2c3c(cc4c(-n5cncn5)noc4c3F)CC3(C(=O)NC(=O)NC3=O)[C@H]2[C@H](C)O1,0.12,CHEMBL 35
CHEMBL4764122,Cc1ccc(-n2c(C(=O)NC3CC3)nc3cccnc32)cc1Cl,0.056,CHEMBL 35
CHEMBL4865214,Cc1nc(Nc2ncc(C(=O)Nc3ncccc3C)s2)cc(N2CCN(CCO)CC2)n1,0.3,CHEMBL 35
CHEMBL4867844,Cc1nc(Nc2ncc(C(=O)Nc3c(C)csc3Cl)s2)cc(N2CCN(CCO)CC2)n1,0.05,CHEMBL 35
CHEMBL4448404,C[C@@](CCN1Cc2cc(C#CC#CC3(CO)CC3)cn2C1=O)(C(=O)NO)S(C)(=O)=O,0.00085,CHEMBL 35
CHEMBL5429389,COc1nn(C)cc1C(=O)N[S@@]1(=O)=NC(=O)c2ccc3c(c2)N(C[C@@H]2CCO[C@H]2[C@@](CN2CCN4CCOC[C@@H]4C2)(OC)/C(F)=C/C[C@H](C)C1)C[C@@]1(CCCc2cc(Cl)ccc21)CO3,0.0008,CHEMBL 35
CHEMBL4639667,COc1cccn2nc(N[C@@H]3[C@@H]4CC[C@H]3CN(c3nc(C)ns3)C4)nc12,0.16,CHEMBL 35
CHEMBL4475680,O=C1CCc2cc(N3CC[C@](O)(C(=O)NCc4cc(F)cc(Cl)c4)C3=O)ccc2N1,0.017,CHEMBL 35
CHEMBL4276864,Cn1cc(-c2ccc(C(F)F)cc2)c2cc(F)c(C(=O)NS(=O)(=O)C3CC3)cc21,0.007,CHEMBL 35
CHEMBL4786529,Cc1cc(-c2cnc3cc(-c4ccc(N5CCNCC5)cc4)ccn23)c2cc(F)cc(F)c2n1,0.022,CHEMBL 35
CHEMBL5070835,O=C1NC2(CC2)COc2ncc(F)cc2[C@H]2CNCCN2c2ccn3ncc1c3n2,0.28,CHEMBL 35
CHEMBL5193672,COc1ccc(C2(C(=O)N3CS(=O)(=O)C[C@@H]3C(=O)Nc3cccc4[nH]ncc34)CCCC2)cc1,0.952,CHEMBL 35
CHEMBL5194648,O=C(NCCO)c1ccc(-c2nnc(Cc3c[nH]c4ccccc34)nc2-c2ccccc2)cc1,0.011,CHEMBL 35
CHEMBL5074068,COc1cnc(C(=O)Nc2ccc(F)c([C@]3(C)Cn4nc(C#N)cc4C(N)=N3)c2)cn1,0.05,CHEMBL 35
CHEMBL5078176,Cc1ccc(NC(=O)c2cc(C(F)(F)F)cnn2)cc1-c1ccc2c(c1)OC1(CCOCC1)CC(=O)N2,0.018,CHEMBL 35
CHEMBL3544978,C[C@@H]1CN2c3c(cc4c(N5C(=O)OC[C@@H]5C)noc4c3F)CC3(C(=O)NC(=O)NC3=O)[C@H]2[C@H](C)O1,0.17,CHEMBL 35
CHEMBL4745453,COc1ncnn1-c1noc2c(F)c3c(cc12)CC1(C(=O)NC(=O)NC1=O)[C@H]1[C@H](C)O[C@H](C)CN31,0.2,CHEMBL 35
CHEMBL5181471,Cc1cc(NC(=O)OCc2ccc(Cl)cc2Cl)n(C2CCCCC2)n1,0.0049,CHEMBL 35
CHEMBL4788651,COc1ccc2ncc(F)c(CC[C@@]3(O)CO[C@@H]4[C@@H](NCc5cc6c(cn5)OCCO6)CO[C@@H]43)c2n1,0.047,CHEMBL 35
CHEMBL5182602,FC(F)(F)c1cccc(COC2CCN(Cc3ccc4[nH]cnc4c3)CC2)c1,0.161,CHEMBL 35
CHEMBL4786712,CS[C@@H](Cn1nnc2cc(C#Cc3ccc(N4CC5(C4)C[S+]([O-])C5)cc3)ccc21)N(O)C=O,0.09,CHEMBL 35
CHEMBL4850733,Cc1nc(Nc2ncc(C(=O)Nc3c(C)noc3C)s2)cc(N2CCN(CCO)CC2)n1,0.44,CHEMBL 35
CHEMBL3980161,Cc1nc(C)n(CC(=O)N2CCN(c3sc(C(F)(F)F)nc3-c3nc4ccc(-c5noc(C)n5)cc4[nH]3)C[C@H]2C)n1,0.024,CHEMBL 35
CHEMBL4753981,Nc1cc(Cc2ccccc2)c2nn[nH]c2n1,0.36,CHEMBL 35
CHEMBL4749847,CCCCCC[C@H]1OC[C@@H](C)NC(=O)[C@H](CO[C@H]2C[C@H](CN)C2)NC(=O)[C@H](CN)NC(=O)[C@H](C2CCCCCC2)NC(=O)[C@H](CCC)N(C)C(=O)[C@@H]1C,0.011,CHEMBL 35
CHEMBL4753189,CC(C)Oc1cc(F)cc2c(N3CCN(c4ccccc4F)CC3)c(C#N)cnc12,0.004,CHEMBL 35
CHEMBL4216983,C[C@H](Nc1nccc(N2C(=O)OC[C@@H]2CF)n1)c1cn(-c2ccc(C(F)(F)F)cc2)cn1,0.98,CHEMBL 35
CHEMBL4638633,COc1nc2ccccc2cc1-c1cnc([C@@H]2CN(CC3CCOC3)CCN2C(=O)n2c(C(F)(F)F)nc3ccccc32)[nH]1,0.0204,CHEMBL 35
CHEMBL4444085,O=S(=O)(Nc1ccncn1)c1cc2c(cc1F)[C@@H](N1CC[C@H](C(F)(F)F)C[C@@H]1c1ccncc1)CCO2,0.00023,CHEMBL 35
CHEMBL4474681,O=S(=O)(Nc1ccncn1)c1cc2c(cc1F)[C@@H](N1CC[C@H](C(F)(F)F)C[C@@H]1c1ccncn1)CCO2,0.00081,CHEMBL 35
CHEMBL4861277,Cl.c1ccc2oc(-c3ncc[nH]3)cc2c1,0.16,CHEMBL 35
CHEMBL4750966,O=C(c1cc2cccnc2n1-c1cc(F)c(Cl)c(F)c1)N1CC(F)(F)C1,0.051,CHEMBL 35
CHEMBL4758887,CC1(C)OC(=O)c2ccc(Nc3ncc(-c4nnc(C56CCN(CC5)CC6)o4)c(N[C@H](CO)c4ccccc4)n3)cc21,0.042,CHEMBL 35
CHEMBL4452137,C=CC(=O)N1CCN(c2nc(=O)n(-c3c(C)cccc3C(C)C)c3nc(-c4c(O)cccc4F)c(Cl)cc23)[C@@H](C)C1,0.03,CHEMBL 35
CHEMBL4279883,CNc1cc(Nc2cc(F)cc(F)c2OC)nn2c(C(=O)NC[C@](C)(O)CO)cnc12,0.3,CHEMBL 35
CHEMBL4641004,COc1ccc2nc(C(F)(F)F)n(CC(=O)N3CC[C@H](NC4CCOC4)C[C@H]3c3ncc(-c4cc5ccccc5nc4OC)[nH]3)c2c1,0.047,CHEMBL 35
CHEMBL4533718,OC[C@H]1O[C@@H](n2cnc3c(NC(C4CCC4)C4CCC4)ncnc32)[C@H](O)[C@@H]1O,0.206,CHEMBL 35
CHEMBL4451346,CCc1sc2ncnc(N[C@H](Cc3ccccc3)C(=O)O)c2c1-c1ccc(OCCN2CCN(C)CC2)c(Cl)c1C,0.002,CHEMBL 35
CHEMBL4447807,CC(C)COc1ncc(-c2cn(C)c3cc(C(=O)NS(=O)(=O)C4CC4)c(F)cc23)cc1Cl,0.002,CHEMBL 35
CHEMBL4280298,CC(C)COc1ncc(-c2nn(C)c3cc(C(=O)NS(C)(=O)=O)ccc23)cc1Cl,0.002,CHEMBL 35
CHEMBL4741772,CN1CCC(c2nnc(-c3cnc(Nc4ccc5c(c4)C(C)(C)OC5=O)nc3N[C@H](CO)c3ccccc3)o2)CC1,0.033,CHEMBL 35
CHEMBL4291436,CNc1nc2ccccc2n1-c1nc(N2CCOC[C@H]2C)cc(C2(S(C)(=O)=O)CC2)n1,0.044,CHEMBL 35
CHEMBL4281240,C[C@@H]1COCCN1c1cc(C2(S(C)(=O)=O)CC2)nc(-c2cncc3[nH]ccc23)n1,0.48,CHEMBL 35
CHEMBL4468777,COc1ncc(-c2cccc(N3CCN(c4cnc(N)nc4N)CC3)c2)cn1,0.087,CHEMBL 35
CHEMBL4541225,COC(=O)C1=C(CN2CC(F)(F)C[C@H]2C(=O)O)NC(c2nccs2)=N[C@@]1(C)c1ccc(F)cc1,0.081,CHEMBL 35
CHEMBL4471012,Cc1nn([C@@H]2CCN([C@H](C)c3cc(Cl)cc(Cl)c3)C2)c2cc(F)c(C(=O)NS(=O)(=O)C3CC3)cc12,0.007,CHEMBL 35
CHEMBL4635478,Cc1cc(N2C[C@H]3CC[C@@H](C2)[C@@H]3Nc2nc3c(OCC(F)(F)F)cccn3n2)sn1,0.018,CHEMBL 35
CHEMBL4476835,Cc1nc(C)c(C(=O)Nc2ccc(F)c(-c3nc4ncc(-c5ccccc5Cl)cn4n3)c2)o1,0.015,CHEMBL 35
CHEMBL4580042,O=C(Nc1ccc(F)c(-c2nc3ncc(-c4ccc(Cl)cc4)cn3n2)c1)N1CCC(F)(F)C1,0.0137,CHEMBL 35
CHEMBL4170829,COc1ccc(-c2ccc(Cl)cc2-c2csc(N(C(=O)[C@@H](CC(=O)O)Cc3ccco3)C3CC3)n2)cn1,0.0041,CHEMBL 35
CHEMBL4745777,N#Cc1cnc2c(N3CCOCC3)cccc2c1N1CCN(c2ccccc2F)CC1,0.01,CHEMBL 35
CHEMBL4780225,CS[C@@H](Cn1nnc2cc(C#Cc3ccc(N4C[C@H](O)[C@@H](O)C4)cc3)ccc21)N(O)C=O,0.09,CHEMBL 35
CHEMBL4869199,Cc1nc(Nc2ncc(C(=O)Nc3c(C)cncc3Cl)s2)cc(N2CCN(CCO)CC2)n1,0.14,CHEMBL 35
CHEMBL4859689,Cc1nc(Nc2ncc(C(=O)Nc3c(C)nn(C)c3C)s2)cc(N2CCN(CCO)CC2)n1,0.62,CHEMBL 35
CHEMBL4649550,Cc1noc(N2C[C@H]3CC[C@@H](C2)[C@@H]3Nc2nc3c(OCC(F)(F)F)ccc(C(F)(F)F)n3n2)n1,0.031,CHEMBL 35
CHEMBL4649825,Cc1nsc(N2CC3CCC(C2)C3Nc2nc3c(-c4ccc(F)c(F)c4F)cccn3n2)n1,0.003,CHEMBL 35
CHEMBL4514194,COC(=O)c1c(F)cccc1-c1ccc(CCc2ncc(CC(C)(C)C)n2CC(=O)O)cc1,0.0167,CHEMBL 35
CHEMBL4460950,O=C1CCc2cc(N3CC[C@](O)(C(=O)NCc4cc(F)cc(F)c4)C3=O)ccc2N1,0.066,CHEMBL 35
CHEMBL4166818,O=C(O)C[C@@H](Cc1ccccc1)C(=O)N(c1nc(-c2ccccc2Cl)cs1)C1CC1,0.0025,CHEMBL 35
CHEMBL4748782,Cc1ccc(C#Cc2cc(-c3nn(-c4nc(C(=O)O)cs4)c(CC4CC4)c3Cc3ccc(S(N)(=O)=O)c(F)c3)ccc2F)s1,0.007,CHEMBL 35
CHEMBL4639905,Cc1noc(N2C[C@H]3CC[C@@H](C2)[C@@H]3Nc2nc3c(OCC(F)(F)C(F)(F)F)cccn3n2)n1,0.061,CHEMBL 35
CHEMBL3892956,Cc1ccc(CN2CC[C@@H](N3CC[C@@H](c4ccc(O)cc4)[C@H](F)C3)C2=O)cc1,0.12,CHEMBL 35
CHEMBL4483354,C[C@@](CCN1Cc2cc(C#CC#CC3(N)CC3)cn2C1=O)(C(=O)NO)S(C)(=O)=O.Cl,0.00078,CHEMBL 35
CHEMBL4165466,Oc1ccccc1-c1cncn1Cc1cc2cc(F)ccc2[nH]1,0.0449,CHEMBL 35
CHEMBL4174978,O=S(=O)(c1ccc(O)c2ncccc12)N1CCCC1Cc1ccccc1,0.5,CHEMBL 35
CHEMBL4175607,Cc1[nH]c2c(N3CCO[C@H](CO)C3)c(C#N)c(C(F)(F)F)nc2c1Cl,0.0287,CHEMBL 35
CHEMBL4210506,Cn1c(CNC2(C)CCC2)cc2cc3c(cc21)CCCc1c-3[nH]c(=O)c(C(=O)O)c1O,0.047,CHEMBL 35
CHEMBL4855726,Cc1nc(Nc2ncc(C(=O)Nc3c(Cl)ccnc3C)s2)cc(NN2CCN(CCO)CC2)n1,0.11,CHEMBL 35
CHEMBL4218301,CCNCc1cc2cc3c(cc2n1C)CCCc1c-3[nH]c(=O)c(C(=O)O)c1O,0.17,CHEMBL 35
CHEMBL4215444,Cn1c(CNC2(C)CCC2)cc2cc3c(cc21)OCCc1c-3[nH]c(=O)c(C(=O)O)c1O,0.15,CHEMBL 35
CHEMBL4868811,Cn1nccc1-c1nc2ccc(NC(=O)NCc3ccncc3)cn2n1,0.3,CHEMBL 35
CHEMBL4279180,CC(C)COc1ncc(-c2cn(C)c3cc(C(=O)NS(C)(=O)=O)ccc23)cc1Cl,0.002,CHEMBL 35
CHEMBL4758871,CS[C@@H](Cn1nnc2cc(C#Cc3ccc(N4CC5(COC5)C4)cc3)ccc21)N(O)C=O,0.1,CHEMBL 35
CHEMBL4645689,Cc1nnc(N2C[C@H]3CC[C@@H](C2)[C@@H]3Nc2nc3c(OC(C)C(F)(F)F)ccc(C(F)(F)F)n3n2)o1,0.044,CHEMBL 35
CHEMBL4640370,C[N+]12CCC(c3ccc(-c4cc(C(=O)O)cc5cc(-c6ccc(C(F)(F)F)cc6)ccc45)cc3)(CC1)CC2,0.0094,CHEMBL 35
CHEMBL4464136,COc1ccc(/C(=C(\c2ccc(/C=C/C(=O)O)cc2)c2ccc3scnc3c2)C2CCC2)c(Cl)c1,0.002,CHEMBL 35
CHEMBL4448909,COc1ccc(/C(=C(\c2ccc(/C=C/C(=O)O)cc2)c2ccc(N3CCOCC3)cc2)C2CCC2)c(Cl)c1,0.004,CHEMBL 35
CHEMBL4582280,CN1CCN(c2cc(F)c3c(c2)N(C)C(=O)C32CCN(c3nc4c(c(=O)[nH]3)CCCN4C)CC2)CC1,0.019,CHEMBL 35
CHEMBL4281335,C=CC(=O)N[C@H]1CCN(c2ccc(C(N)=O)c(Nc3ccc(N4C[C@@H](C)O[C@@H](C)C4)cc3)n2)C1,0.056,CHEMBL 35
CHEMBL4206619,O=C(Nc1ccc(O)c(C(=O)O)c1)c1ccc(NC(=O)c2ccco2)cc1,0.046,CHEMBL 35
CHEMBL4524193,Cn1nc(-c2ccc(C(F)(F)F)cc2)c2cc(F)c(C(=O)NS(=O)(=O)C3CC3)cc21,0.008,CHEMBL 35
CHEMBL3909586,C[C@H](Nc1nccc(N2C(=O)OC[C@@H]2[C@H](C)F)n1)c1cn(-c2ccc(C(F)F)cc2)cn1,0.92,CHEMBL 35
CHEMBL4637222,Cc1cc(C)c(-c2cn(C)cn2)cc1NC(=O)c1ccc(OCc2ccccn2)cc1,0.012,CHEMBL 35
CHEMBL4638913,Cc1nnc(N2C[C@H]3CC[C@@H](C2)[C@@H]3Nc2nc3c(O[C@@H](C)C(F)(F)F)ccc(C(F)(F)F)n3n2)o1,0.043,CHEMBL 35
CHEMBL4746231,CS[C@@H](Cn1nnc2cc(C#Cc3ccc(CN4CCOCC4)cc3)ccc21)N(O)C=O,0.09,CHEMBL 35
CHEMBL4649194,NCCOCCOCCOCCOCCOCCOCCOCCC(=O)N1CCC(c2ccc(-c3cc(C(=O)O)cc4cc(-c5ccc(C(F)(F)F)cc5)ccc34)cc2)CC1,0.0029,CHEMBL 35
CHEMBL4444341,C[C@@]1(c2ccc(F)cc2F)C[C@@H](c2cncnc2)SC(N)=N1,0.42,CHEMBL 35
CHEMBL4591797,O=C(NCc1cc(F)cc(F)c1)[C@@]1(O)CCN(c2cnc3[nH]cc(Cl)c3c2)C1=O,0.015,CHEMBL 35
CHEMBL4455718,COC(=O)N1CCN([C@H]2CC[C@H](Nc3ncnc4ccc(C#N)cc34)CC2)CC1,0.28,CHEMBL 35
CHEMBL4447185,O[C@@H]1c2cnccc2CC[C@H]1[C@H]1c2ccccc2-c2cncn21,0.07,CHEMBL 35
CHEMBL5417067,CCOc1ccccc1S(=O)(=O)N1CC(c2nc(-c3ccc(F)s3)no2)C1,0.024,CHEMBL 35
CHEMBL5405450,COC(=O)Nc1nc(C)c(S(=O)(=O)N2CCN(C[C@H](C)Nc3ncnc4c(-c5ccc(F)c(CN(C)C)c5)cccc34)CC2)s1,0.0086,CHEMBL 35
CHEMBL5283476,COc1cc(NC(=O)c2nnn(Cc3ccc(CN4CCOCC4)cc3)c2N)cc(OC)c1,0.93,CHEMBL 35
CHEMBL5284042,O=C(Nc1cnccc1-c1ccc(F)cc1)c1ccnn2cc(-c3ccccc3)nc12,0.002,CHEMBL 35
CHEMBL3949501,NC(=O)c1c(N)ncnc1N1CCC(c2nc(-c3ccc(F)c(C(F)(F)F)c3)cn2CCN2CCC2)CC1,0.21,CHEMBL 35
CHEMBL4456445,O=C(NO)C(c1ccc(-c2ncc(C(F)(F)F)cn2)cc1)c1ccccc1F,0.041,CHEMBL 35
CHEMBL4644426,Cc1cc(N2C[C@H]3CC[C@@H](C2)[C@@H]3Nc2nc3n(n2)CCCC[C@H]3c2ccc(F)c(F)c2F)ncn1,0.014,CHEMBL 35
CHEMBL4763134,C[C@H]1C[C@H](C(=O)O)CC[C@H]1C(=O)N1CC[C@@]2(S(=O)(=O)c3ccccc3)c3cc(F)c(C(F)(C(F)(F)F)C(F)(F)F)cc3CC[C@@H]12,0.016,CHEMBL 35
CHEMBL4878564,Cc1ccc(C2=C(c3nnn[nH]3)C(=O)N[C@@](c3ccc(OCCCCCC(F)(F)F)cc3)(C(F)(F)F)C2)cc1,0.014,CHEMBL 35
CHEMBL4761506,C[C@H](Nc1cc(Cl)nc2c1cnn2[C@@H]1O[C@H](COP(=O)(O)CP(=O)(O)O)[C@@H](O)[C@H]1O)c1ccc(F)cc1,0.0065,CHEMBL 35
CHEMBL4562895,CCS(=O)(=O)c1ccc([C@@H](NC(C)=O)C(=O)Nc2ccc(C(O)(C(F)(F)F)C(F)(F)F)cc2)cc1,0.12,CHEMBL 35
CHEMBL4216473,COCCOc1cc(F)c2c(Nc3ccc(NC(=O)Cn4cc(C(C)C)nn4)cc3)ncnc2c1,0.049,CHEMBL 35
CHEMBL5085809,C[C@@H]1CN(C(=O)[C@H](C)N2CCC(n3c(=O)[nH]c4ccccc43)CC2)C[C@@H](C)N1,0.175,CHEMBL 35
CHEMBL5422155,Cc1[nH]c(C(=O)Nc2nc3c(OCc4cc[n+](C)cc4)cc(C(=O)O)cc3s2)c(Cl)c1Cl,0.108,CHEMBL 35
CHEMBL5428079,Cc1[nH]c(C(=O)/N=c2\sc3cc(C(=O)O)ccc3n2Cc2ccc(S(C)(=O)=O)cc2)c(Cl)c1Cl,0.0037,CHEMBL 35
CHEMBL5432249,COCC(Oc1cc(C(=O)O)cc2sc(NC(=O)c3[nH]c(C)c(Cl)c3Cl)nc12)c1ccccc1,0.001,CHEMBL 35
CHEMBL5394803,Cc1[nH]c(C(=O)Nc2nc3c(O[C@@H](C)c4ccccc4)cc(C(=O)O)cc3s2)cc1F,0.007,CHEMBL 35
CHEMBL4650365,C[C@@H]1Cc2c(ccc3[nH]ncc23)[C@@H](c2ccc(NC3CN(CCCF)C3)cn2)N1CC(F)(F)F,0.23,CHEMBL 35
CHEMBL4742862,COc1cc(NC2CN(CCCF)C2)ccc1[C@@H]1c2ccc3[nH]ncc3c2C[C@@H](C)N1CC1(F)CC1,0.39,CHEMBL 35
CHEMBL5093161,Nc1ncnc2c1ncn2[C@@H]1O[C@@H]2CO[P@@](=O)(S)O[C@@H]3[C@H](O)[C@@H](CO[P@@](=O)(S)O[C@H]2[C@H]1O)O[C@H]3n1cnc2c(N)ncnc21,0.32,CHEMBL 35
CHEMBL4165392,Cc1ccc2nc(N3CCS(=O)(=O)c4ccccc4C3)cc(NCCN)c2c1,0.08,CHEMBL 35
CHEMBL4761695,[2H]C([2H])([2H])Oc1cc(F)cc2c(N3CCN(c4ccccc4F)CC3)c(C#N)cnc12,0.01,CHEMBL 35
CHEMBL5433271,C[C@]12C=CC(=O)C=C1CC[C@@H]1[C@@H]2[C@@H](O)C[C@@]2(C)[C@H]1C[C@H]1O[C@@H](c3ccc(Cc4cccc(N)c4)cc3)O[C@]12C(=O)CO,0.0001,CHEMBL 35
CHEMBL5200348,Cc1cc2c(Nc3ccccc3F)cc(C(=O)NC3CC3)nc2cn1,0.055,CHEMBL 35
CHEMBL5204251,Cc1ccc2nc(C(=O)NCCC#N)cc(Nc3ccccc3F)c2c1,0.018,CHEMBL 35
CHEMBL5410900,OC[C@H]1O[C@H](Sc2ccc(Cl)c(Cl)c2)[C@H](O)[C@@H](n2cc(-c3cscn3)nn2)[C@H]1O,0.033,CHEMBL 35
CHEMBL5279308,Cc1ncn(CC(=O)N2CCN(c3sc(C(F)(F)F)nc3-c3cnc(C(F)(F)F)nc3)C[C@H]2CCO)n1,0.1,CHEMBL 35
CHEMBL5284556,N[C@@H](Cc1c[nH]cn1)C(=O)NCc1cccc2cccnc12,0.0041,CHEMBL 35
CHEMBL4800248,CCOC(=O)c1ccc(-n2c(/C=C3\OC(=O)c4c3cc(C)[nH]c4=O)ccc2CO)cc1,0.0899,CHEMBL 35
CHEMBL4745050,O=C(Nc1ccccc1C(=O)O)c1ccc(SC(F)(F)F)cc1,0.081,CHEMBL 35
CHEMBL4759521,O=C(Nc1cc(F)c(Br)cc1C(=O)O)c1ccc(SC(F)(F)F)cc1,0.052,CHEMBL 35
CHEMBL5079507,Cc1ccc(Sc2ccc3n[nH]c(=O)n3n2)cc1,0.00011,CHEMBL 35
CHEMBL4788859,Cc1cc(-c2cnc3cc(-c4ccc(N5CCNCC5)cc4)ccn23)c2cc(F)ccc2n1,0.01,CHEMBL 35
CHEMBL5418199,COC(=O)Nc1nc(C)c(S(=O)(=O)N2CCN(C[C@H](C)Nc3ncnc4c(-c5ccc(C)nc5)cccc34)CC2)s1,0.0011,CHEMBL 35
CHEMBL5424571,COC(=O)Nc1nc(C)c(S(=O)(=O)N2CCN(C[C@H](C)Nc3ncnc4c(-c5cccc(CN(C)C)c5)cccc34)CC2)s1,0.0124,CHEMBL 35
CHEMBL5276709,Cc1[nH]c(C(=O)Nc2nc3c(N4[C@@H]5CC[C@H]4COC5)cc(C(=O)O)cc3s2)c(Cl)c1Cl,0.009,CHEMBL 35
CHEMBL5394590,OC[C@H]1O[C@H](Sc2ccc(Cl)c(Cl)c2)[C@H](O)[C@@H](n2cc(-c3ccsc3)nn2)[C@H]1O,0.015,CHEMBL 35
CHEMBL5092328,CCS(=O)(=O)[C@]1(C)CC[C@@](CF)(c2cc(NC(=O)c3cc4c(cn3)OC(F)(F)O4)ccc2F)N=C1N,0.035,CHEMBL 35
CHEMBL4165748,COc1ccc(-c2ccccc2-c2csc(N(C(=O)[C@@H](CC(=O)O)CC(C)C)C3CC3)n2)cn1,0.0107,CHEMBL 35
CHEMBL5395828,Cc1[nH]c(C(=O)Nc2nc3c(OC(C)c4ccc(CN5CCS(=O)(=O)CC5)cc4)cc(C(=O)O)cc3s2)c(Cl)c1Cl,0.001,CHEMBL 35
CHEMBL5436841,CC(=O)N/C(N)=N/C(=N/S(=O)(=O)c1ccc(Cl)cc1)N1C[C@H](c2ccccc2)C(c2ccc(Cl)cc2)=N1,1,CHEMBL 35
CHEMBL5174509,O=C(Cc1ncc(C(F)(F)F)cc1C(F)(F)F)N(CC#Cc1ccc(C2CCNC2)cn1)c1ccc(F)cc1,0.019,CHEMBL 35
CHEMBL5187422,Nc1ccc(C#CCN(C(=O)Cc2ncc(C(F)(F)F)cc2C(F)(F)F)c2ccc(F)cc2)nn1,0.052,CHEMBL 35
CHEMBL5197585,CC(C)(O)c1ccc(N2Cc3c(cc(C4(C)COC4)nc3-c3ccccc3OCC(F)F)C2=O)cc1,0.21,CHEMBL 35
CHEMBL4111330,O=C1[C@H](N2CCC(c3ccc(O)cc3)CC2)CCN1Cc1ccc(F)cc1,0.12,CHEMBL 35
CHEMBL5271811,Cc1[nH]c(C(=O)Nc2nc3c(N4C[C@H]5CC[C@@H](C4)O5)cc(C(=O)O)cc3s2)c(Cl)c1Cl,0.004,CHEMBL 35
CHEMBL4473871,Cn1ccc([C@H]2C[C@@H](C(F)(F)F)CCN2[C@H]2CCOc3cc(S(=O)(=O)Nc4ccncn4)c(F)cc32)n1,0.0001,CHEMBL 35
CHEMBL4530176,O=S(=O)(Nc1ccncn1)c1cc2c(cc1F)[C@@H](N1CC[C@H](C(F)(F)F)C[C@@H]1c1cnco1)CCO2,0.00027,CHEMBL 35
CHEMBL4637839,Cc1cc(N2C[C@H]3CC[C@@H](C2)[C@@H]3Nc2nc3c(O[C@@H](C)C(F)(F)F)cccn3n2)sn1,0.034,CHEMBL 35
CHEMBL4645326,Cc1cc(N2C[C@H]3CC[C@@H](C2)[C@@H]3Nc2nc3c(OCC(F)(F)C(F)(F)F)cccn3n2)on1,0.032,CHEMBL 35
CHEMBL5174376,Cn1nc(N)cc1C#CCN(C(=O)Cc1ncc(C(F)(F)F)cc1C(F)(F)F)c1ccc(F)cc1,0.044,CHEMBL 35
CHEMBL5197173,O=C(Cc1ncc(C(F)(F)F)cc1C(F)(F)F)N(CC#Cc1cnn(C2CNC2)c1)c1ccc(F)cc1,0.051,CHEMBL 35
CHEMBL4639184,Cc1nsc(N2C[C@H]3CC[C@@H](C2)[C@@H]3Nc2nc3c(OCC(F)(F)F)cccn3n2)n1,0.06,CHEMBL 35
CHEMBL4645821,Cc1cc(N2C[C@H]3CC[C@@H](C2)[C@@H]3Nc2nc3n(n2)CCCN3c2cc(F)cc(F)c2)ncn1,0.006,CHEMBL 35
CHEMBL4643134,CCn1nnc2c(C)c([C@@H](CC(=O)O)c3ccc4c(c3)CN(C(=O)c3c(C)c(C)cc(C)c3C)CC4)ccc21,0.00505,CHEMBL 35
CHEMBL4448852,C[C@@H]1Cc2c(ccc3[nH]ncc23)[C@@H](c2c(F)cc(/C=C/C(=O)O)cc2F)N1CC(C)(C)F,0.0095,CHEMBL 35
CHEMBL4472351,CCc1sc2ncnc(O[C@H](Cc3ccccc3)C(=O)O)c2c1-c1ccc(OCCN2CCN(C)CC2)c(Cl)c1C,0.002,CHEMBL 35
CHEMBL4531747,O=C(NCC1(O)CCCC(F)(F)C1)c1c(Cl)ccc2nc(N3CC[C@H](F)C3)ccc12,0.079,CHEMBL 35
CHEMBL4165309,Oc1ccc(F)cc1-c1cncn1Cc1cc2cc(F)ccc2[nH]1,0.0164,CHEMBL 35
CHEMBL4749141,Nc1ncc(-c2cnc(C3CCNCC3)s2)cc1OCc1ccncc1,0.38,CHEMBL 35
CHEMBL4436187,C[C@@H]1Cc2c(ccc3[nH]ncc23)[C@@H](c2c(F)cc(/C=C/C(=O)O)cc2F)N1CC(C)(F)F,0.021,CHEMBL 35
CHEMBL4569507,O=S(=O)(Nc1ccncn1)c1cc2c(cc1F)[C@@H](N1CC[C@H](C(F)(F)F)C[C@@H]1c1ccnnc1)CCO2,0.00105,CHEMBL 35
CHEMBL4462278,O=S(=O)(Nc1ccncn1)c1cc2c(cc1F)[C@@H](N1CC[C@H](C(F)(F)F)C[C@@H]1c1cc[nH]n1)CCO2,0.00013,CHEMBL 35
CHEMBL4864604,CC(=O)N1Cc2cc(S(C)(=O)=O)ccc2[C@@H]1C(=O)Nc1ccc(C(O)(C(F)(F)F)C(F)(F)F)cc1,0.21,CHEMBL 35
CHEMBL5182688,O=C1NCc2nc(-c3c(F)cccc3F)cc(Nc3ccc(C(=O)N4CCOCC4)cc3)c21,0.0024,CHEMBL 35
CHEMBL4750685,CCOC(=O)c1cnc2c(OC)cccc2c1-c1cnc(-c2ccccc2OC)c(OC)c1,0.01,CHEMBL 35
CHEMBL4290130,C[C@](O)(CO)CNc1cc(Nc2cccc(-c3ccc(C(F)(F)F)cc3F)c2)nn2c(C(N)=O)cnc12,0.012,CHEMBL 35
CHEMBL5415746,C[C@H]1Cn2ncc(N3CCCC3=O)c2CN1C(=O)Nc1cc(F)c(F)c(F)c1,0.18,CHEMBL 35
CHEMBL5430648,C#C[C@H](CC(N)=O)NC(=O)[C@@H]1CCCN1C(=O)[C@]1(c2ccc(OC(F)(F)F)cc2)C[C@H](OC)C1,0.31,CHEMBL 35
CHEMBL4470092,Oc1ccc(-c2cc(-c3ccccc3Cl)nc3c2Cc2c(O)cccc2-3)cc1,0.999,CHEMBL 35
CHEMBL5089326,O=C(c1ccco1)N1CCN([C@@H]2CC(=O)N(c3ccc(-c4ccc(F)cc4)cc3)C2)CC1,0.24,CHEMBL 35
CHEMBL5084823,CC(C)C[C@](C)(N)COc1ccc(-c2ccnc(C(F)F)c2)cc1C#N,0.079,CHEMBL 35
CHEMBL4160395,COc1cc(C(=O)Nc2cc(OC(F)(F)F)ccc2-n2cncn2)ccc1OC1CC1,0.039,CHEMBL 35
CHEMBL4645691,CCC(C)(C)NC(=O)COc1cccc(-c2nc3c(c(Nc4ccc(-c5cn[nH]c5)cc4)n2)COC3)c1,0.03,CHEMBL 35
CHEMBL5396733,Cc1cc(OCc2c(F)cccc2F)c2nc(C)c(C(=O)NCC(C)(C)N)n2c1,0.12,CHEMBL 35
CHEMBL4203270,CN(C)Cc1cc2cc3c(cc2n1C)OCCc1c-3[nH]c(=O)c(C(=O)O)c1O,0.21,CHEMBL 35
CHEMBL4208509,Cn1c(CN2CCCC2)cc2cc3c(cc21)CCCc1c-3[nH]c(=O)c(C(=O)O)c1O,0.11,CHEMBL 35
CHEMBL4297528,Cc1cn2nc(-c3cc(=O)n4cc(N5CCNC6(CC6)C5)ccc4n3)cc(C)c2n1,0.1,CHEMBL 35
CHEMBL4287506,CC(C)COc1ccc(-c2cn(C)c3cc(C(=O)NS(=O)(=O)C4CC4)c(F)cc23)cn1,0.006,CHEMBL 35
CHEMBL4779496,Cc1nnc(-c2cnc(Nc3ccc4c(c3)C(C)(C)OC4=O)nc2N[C@H](CO)c2ccccc2)o1,0.023,CHEMBL 35
CHEMBL4784784,CC1(C)OC(=O)c2ccc(Nc3ncc(-c4nnc(C5CC5)o4)c(N[C@H](CO)c4ccccc4)n3)cc21,0.008,CHEMBL 35
CHEMBL4564337,COc1cc2c(-c3cnc(-c4ccc[nH]4)o3)c[nH]c2cc1Br,0.003,CHEMBL 35
CHEMBL5219830,Nc1nc(Cl)cc(-c2nn(C(F)F)cc2Cc2ccccc2OCCN2CCOC[C@H]2CO)n1,0.0013,CHEMBL 35
CHEMBL5220051,O=C(CS(=O)(=O)O)Nc1nc2ccc([N+](=O)[O-])cc2s1,0.057,CHEMBL 35
CHEMBL4463968,Cc1c(N2CCN(C)[C@@H](C)C2)ccc2c3c(c(=O)oc12)CN(C(=O)c1ccc(NS(C)(=O)=O)c(OC(F)(F)F)c1)CC3,0.031,CHEMBL 35
CHEMBL4437833,Cc1ncc(-c2ccc(C(C(=O)NO)c3ccccc3F)cc2)cn1,0.11,CHEMBL 35
CHEMBL5410118,Cc1[nH]c(C(=O)Nc2nc3c(OCc4ccc[n+](C)c4)cc(C(=O)O)cc3s2)c(Cl)c1Cl,0.002,CHEMBL 35
CHEMBL5400605,Cc1[nH]c(C(=O)Nc2nc3c(OC(CN4CCOCC4)C4CC4)cc(C(=O)O)cc3s2)c(Cl)c1Cl,0.013,CHEMBL 35
CHEMBL5436207,Cc1[nH]c(C(=O)Nc2nc3c(OC(CN)c4ccccc4)cc(C(=O)O)cc3s2)c(Cl)c1Cl,0.0053,CHEMBL 35
CHEMBL4781814,COc1cc(F)cc2c(N3CCN(c4ccccc4F)CC3)c(C#N)cnc12,0.012,CHEMBL 35
CHEMBL4448724,O=C(NCc1cc(F)cc(Cl)c1)[C@@]1(O)CCN(c2cnc3[nH]ccc3c2)C1=O,0.034,CHEMBL 35
CHEMBL5170690,COc1ccc(-n2cc3cnc(NCC(F)(F)F)nc3c(-c3ccc(Br)cc3)c2=O)cc1,0.0064,CHEMBL 35
CHEMBL5282927,Cc1[nH]c(C(=O)Nc2nc3c(N4CCOC[C@H]4C)cc(C(=O)O)cc3s2)c(Cl)c1Cl,0.011,CHEMBL 35
CHEMBL3667410,NC1=N[C@@]2(c3cc(NC(=O)c4ccc(F)cn4)ccc3F)CN(c3ncc(F)cn3)C[C@H]2CS1,0.017,CHEMBL 35
CHEMBL5075263,CC(=O)N[C@H]1CCCCNC(=O)C[C@@H](C(=O)N[C@@H](CCCNC(=N)N)C(=O)c2nc3ccccc3s2)NC(=O)[C@H](CC(C)C)NC1=O,0.853,CHEMBL 35
CHEMBL4543884,O=S(=O)(Nc1ccncn1)c1cc2c(cc1F)[C@@H](N1CC[C@H](C(F)(F)F)C[C@@H]1c1cn[nH]c1)CCO2,0.00018,CHEMBL 35
CHEMBL4446868,Cn1nccc1[C@H]1C[C@@H](C(F)(F)F)CCN1[C@H]1CCOc2cc(S(=O)(=O)Nc3ccncn3)c(F)cc21,0.0001,CHEMBL 35
CHEMBL3291398,C=C[C@]1(C)C[C@@H](OC(=O)CS[C@@H]2CC[C@@H](N)C[C@H]2O)[C@]2(C)[C@H](C)CC[C@]3(CCC(=O)[C@H]32)[C@@H](C)[C@@H]1O,0.218,CHEMBL 35
CHEMBL4592244,C=C[C@]1(C)C[C@@H](OC(=O)CNc2ccc3c(c2)B(O)OC3CN)[C@]2(C)[C@H](C)CC[C@]3(CCC(=O)[C@H]32)[C@@H](C)[C@@H]1O,0.306,CHEMBL 35
CHEMBL5181334,Cn1cnc2cc(CN3CCC(OCc4cccc(C(F)(F)F)c4)CC3)ccc21,0.057,CHEMBL 35
CHEMBL4459971,CCc1nc(C)cn2nc(-c3cc(=O)n4cc(C5CCN(C)CC5)cc(C)c4n3)cc12,0.02,CHEMBL 35
CHEMBL4453785,O=C(NCC1CCC(F)(F)CC1)c1c(Cl)ccc2nc(N3CC[C@H](F)C3)ccc12,0.03,CHEMBL 35
CHEMBL4288391,CCOc1cc(CN2CCC3(CC2)CC(=O)N(c2ccc(C(=O)O)cc2)C3)cc(OCC)c1-c1ccc(F)cc1,0.046,CHEMBL 35
CHEMBL5401647,Cc1[nH]c(C(=O)Nc2nc3c(OCC(F)(F)F)cc(C(=O)O)cc3s2)c(Cl)c1Cl,0.0118,CHEMBL 35
CHEMBL5402834,[2H]C([2H])([2H])C([2H])([2H])Oc1ccccc1S(=O)(=O)N1CC(c2nc(-c3ccc(F)cc3)no2)C1,0.012,CHEMBL 35
CHEMBL5424662,COC(=O)Nc1nc(C)c(S(=O)(=O)N2CCN(C[C@H](C)Nc3ncnc4c(-c5cn(C)nc5C(F)(F)F)cccc34)CC2)s1,0.0015,CHEMBL 35
CHEMBL4163616,O[C@H]1CNCCC[C@@H]1n1c2ccc(C(F)(F)F)cc2c2cc(C(F)(F)F)ccc21,0.026,CHEMBL 35
CHEMBL4165629,COc1cnc(C(=O)Nc2ccc(F)c([C@@]3(C)N=C(N)CO[C@H]3C(F)(F)F)c2)cn1,0.155,CHEMBL 35
CHEMBL5418164,C[C@H](NC(=O)c1c(Nc2cccc(C(F)(F)F)c2)c2ccccc2n1C)c1ccc(C(=O)O)cc1,0.7047,CHEMBL 35
CHEMBL5403818,Cc1[nH]c(C(=O)Nc2nc3c(OCc4ncccn4)cc(C(=O)O)cc3s2)c(Cl)c1Cl,0.0005,CHEMBL 35
CHEMBL5406532,Cc1[nH]c(C(=O)Nc2nc3c(OC(CN4CCOCC4)c4ccccc4)cc(C(=O)O)cc3s2)c(Cl)c1Cl,0.003,CHEMBL 35
CHEMBL5430647,Cc1[nH]c(C(=O)Nc2nc3c(OC(CN4CCOCC4)c4ccccc4)cc(C(=O)O)cc3s2)cc1F,0.044,CHEMBL 35
CHEMBL5430695,Cc1[nH]c(C(=O)Nc2nc3c(OC(C)c4ccc(CN5CC[S+]([O-])CC5)cc4)cc(C(=O)O)cc3s2)c(Cl)c1Cl,0.002,CHEMBL 35
CHEMBL4161847,CCCOc1ccc(C(=O)Nc2cc(OC(F)(F)F)ccc2-n2cncn2)cc1OC,0.019,CHEMBL 35
CHEMBL4166405,COCc1ccc(-c2cc3c(N[C@@H](C)c4ccn(C)n4)c(C(N)=O)cnc3cc2F)cn1,0.17,CHEMBL 35
CHEMBL5397550,COC(=O)Nc1nc(C)c(S(=O)(=O)N2CCN(C[C@H](C)Nc3ncnc4c(-c5sc(C)nc5C)cccc34)CC2)s1,0.0372,CHEMBL 35
CHEMBL4451408,COc1nc(N[C@@H](C)c2cc3cc(Cl)ccc3[nH]c2=O)ncc1C#N,0.00019,CHEMBL 35
CHEMBL5424251,COC(=O)Nc1nc(C)c(S(=O)(=O)N2CCN(C[C@H](C)Nc3ncnc4c(-c5cccnc5)cccc34)CC2)s1,0.0025,CHEMBL 35
CHEMBL1464,CC(=O)CC(c1ccccc1)c1c(O)c2ccccc2oc1=O,0.0981,CHEMBL 35
CHEMBL4744634,N#Cc1cnc2c(OC3CCOC3)cccc2c1N1CCN(c2ccccc2F)CC1,0.02,CHEMBL 35
CHEMBL5272602,COc1ccc(-c2nc3cc(C(=O)NC[C@H](N)Cc4ccccc4)ccc3o2)cc1,0.012,CHEMBL 35
CHEMBL5284082,Cc1cn(-c2cncc(C(F)(F)F)c2)c2cc(F)c(C(=O)NS(=O)(=O)C3CC3)cc12,0.007,CHEMBL 35
CHEMBL4751083,CNC(=O)c1nn(C)c2ccc(Nc3nccc(-n4cc(CN(C)C)c(C)n4)n3)cc12,0.12,CHEMBL 35
CHEMBL5197708,CNC1=NC(=O)[C@H]([C@H](C)c2c[nH]c3cccc(F)c23)O1,0.2,CHEMBL 35
CHEMBL3893594,COc1ccc(NC(=O)C2=C(c3ccc(C)cc3)C[C@](c3ccc(OCCCC(F)(F)F)cc3)(C(F)(F)F)NC2=O)cc1,0.014,CHEMBL 35
CHEMBL4229092,Cc1cnc(C(=O)N[C@H]2CCOC[C@@H]2O)cc1Cc1ccc(-n2cccn2)cc1,0.00074,CHEMBL 35
CHEMBL5202450,COc1ccc(C#CCN(C(=O)Cc2ncc(C(F)(F)F)cc2C(F)(F)F)c2ccc(F)cc2)nn1,0.006,CHEMBL 35
CHEMBL5089071,CC(C)CS(=O)(=O)N[C@H]1CC[C@H](Nc2nc(N)c(C(=O)c3c(F)cccc3F)s2)CC1,0.0016,CHEMBL 35
CHEMBL4174117,Cc1cc(S(=O)(=O)N2CCCC2)c2cccnc2c1O,0.5,CHEMBL 35
CHEMBL4744558,CONC(=O)c1c(C)c(-c2ccc(-c3ccccc3F)cc2)nc2ccc(F)cc12,0.0077,CHEMBL 35
CHEMBL4453747,COc1ncc(N2CCc3ncnc(-c4ccnc(NC5CCN(C)CC5)c4)c3C2)cc1C,0.3,CHEMBL 35
CHEMBL4568404,C[C@H]1NC(=O)c2cc(-c3cccc4c(=O)n(C5(C)CC5)c(NC5(C)CC5)nc34)[nH]c21,0.033,CHEMBL 35
CHEMBL4546647,Cc1c(N2CCN(C)CC2)ccc2c3c(c(=O)oc12)CN(C(=O)c1ccc(NS(C)(=O)=O)c(Cl)c1)CC3,0.153,CHEMBL 35
CHEMBL5092926,N#Cc1cccc(C(=O)c2cnc(NC3(c4cncnc4)CC3)nc2)c1,0.0046,CHEMBL 35
CHEMBL4438243,C[C@@](CCN1Cc2cc(C#CC#C[C@H]3C[C@@H]3CO)cn2C1=O)(C(=O)NO)S(C)(=O)=O,0.00009,CHEMBL 35
CHEMBL4638937,FC(F)(F)COc1cccn2nc(N[C@@H]3[C@@H]4CC[C@H]3CN(c3ccnc(C(F)(F)F)c3)C4)nc12,0.02,CHEMBL 35
CHEMBL5193591,CCn1c(CO)nn(-c2nc(O[C@@H](C)C(F)(F)F)c(C(=O)Nc3c(C)ccnc3Cl)cc2F)c1=O,0.23,CHEMBL 35
CHEMBL4519174,COc1ccc(/C(=C(\c2ccc(/C=C/C(=O)O)cc2)c2ccc(-c3cn[nH]c3)cc2)C2CCC2)c(Cl)c1,0.002,CHEMBL 35
CHEMBL4169221,CC[C@@H](C)Nc1nc(Nc2cc(N3C[C@@H]4C[C@H]3CN4C)cnc2F)ncc1C,0.15,CHEMBL 35
CHEMBL333928,Nc1nc(OCc2ccccc2)c2[nH]nnc2n1,0.13,CHEMBL 35
CHEMBL4527346,Cn1cc(-c2ccc(C(F)(F)F)cc2)c2ccc(C(=O)NS(=O)(=O)C3CC3)cc21,0.004,CHEMBL 35
CHEMBL4283748,Cn1cc(-c2cnc(OCC3CC3)c(Cl)c2)c2ccc(C(=O)NS(=O)(=O)C3CC3)cc21,0.002,CHEMBL 35
CHEMBL4550045,CC(C)COc1ccc(-c2cn(C)c3cc(C(=O)NS(C)(=O)=O)c(F)cc23)cn1,0.014,CHEMBL 35
CHEMBL4474820,COc1ccc(/C(=C(\c2ccc(/C=C/C(=O)O)cc2)c2ccc3nccn3c2)C2CCC2)c(Cl)c1,0.015,CHEMBL 35
CHEMBL4436425,Cc1nc(C)c(C(=O)Nc2ccc(F)c(-c3nc4ncc(-c5cccnc5Cl)cn4n3)c2)o1,0.135,CHEMBL 35
CHEMBL5402339,Cc1[nH]c(C(=O)N(C)c2nc3ccc(C(=O)O)cc3s2)c(Cl)c1Cl,0.0143,CHEMBL 35
CHEMBL5426748,Cc1[nH]c(C(=O)Nc2nc3c(OC(C)c4ccccc4)cc(C(=O)O)cc3s2)c(Cl)c1Cl,0.0001,CHEMBL 35
CHEMBL5419564,Cc1[nH]c(C(=O)Nc2nc3c(OC(C)c4ccccc4)cc(C(=O)O)cc3s2)cc1F,0.003,CHEMBL 35
CHEMBL5416765,Cc1[nH]c(C(=O)Nc2nc3c(O[C@H](C)c4ccccc4)cc(C(=O)O)cc3s2)cc1F,0.007,CHEMBL 35
CHEMBL4284867,CC1(C)CCOc2c(Cl)cc(CN3CCC4(CC3)CC(=O)N(c3ccc(C(=O)O)cc3)C4)cc21,0.56,CHEMBL 35
CHEMBL4567446,COc1cc(C(=O)N2CCC3(CC2)CC(=O)c2c(cnn2C(C)C)C3)cc(-c2ccc(C(=O)O)cc2)n1,0.0392,CHEMBL 35
CHEMBL4451402,O=C(NCc1cc(F)cc(F)c1)[C@@]1(O)CCN(c2cnc3[nH]ccc3c2)C1=O,0.22,CHEMBL 35
CHEMBL4557144,C=C[C@]1(C)C[C@@H](OC(=O)COc2ccc3c(c2)B(O)NN=C3)[C@]2(C)[C@H](C)CC[C@]3(CCC(=O)[C@H]32)[C@@H](C)[C@@H]1O,0.008,CHEMBL 35
CHEMBL5181369,Nc1ncc(C#CCN(C(=O)Cc2ncc(C(F)(F)F)cc2C(F)(F)F)c2ccc(F)cc2)cn1,0.015,CHEMBL 35
CHEMBL5206029,Nc1cnc(C#CCN(C(=O)Cc2ncc(C(F)(F)F)cc2C(F)(F)F)c2ccc(F)cc2)cn1,0.018,CHEMBL 35
CHEMBL5199552,Fc1cccc(COC2CCN(Cc3ncn4ccccc34)CC2)c1,0.405,CHEMBL 35
CHEMBL5394686,COc1cc2ncnc(Nc3cccc(Cl)c3F)c2cc1OCCON1CCN(C)CC1,0.07,CHEMBL 35
CHEMBL4521915,O=C(Nc1ccc(F)c(-c2nc3ncc(-c4cccc(Cl)c4)cn3n2)c1)N1CCC(F)(F)C1,0.01,CHEMBL 35
CHEMBL4557050,COc1cc(OC)c2c(=O)cc(-c3cc(C)c(OC[C@H](O)CN4CCN(C)CC4)c(C)c3)oc2c1,0.12,CHEMBL 35
CHEMBL4642579,N#Cc1ccnc(Oc2nn([C@H]3C[C@H](F)C3)c3ncnc(N)c23)c1,0.293,CHEMBL 35
CHEMBL4521030,O=S(=O)(CCC(F)(F)F)N[C@H]1CC[C@H](Nc2ncc3c(-c4ccccn4)n[nH]c3n2)CC1,0.13,CHEMBL 35
CHEMBL4440539,CC(C)CS(=O)(=O)N[C@H]1CC[C@H](Nc2ncc3c(N4CCOCC4)n[nH]c3n2)CC1,0.37,CHEMBL 35
CHEMBL4585474,C=C[C@]1(C)C[C@@H](OC(=O)COc2cc3c(cc2F)COB3O)[C@]2(C)[C@H](C)CC[C@]3(CCC(=O)[C@H]32)[C@@H](C)[C@@H]1O,0.003,CHEMBL 35
CHEMBL4527402,C=C[C@]1(C)C[C@@H](OC(=O)COc2ccc3c(c2)B(O)OC3CN)[C@]2(C)[C@H](C)CC[C@]3(CCC(=O)[C@H]32)[C@@H](C)[C@@H]1O,0.116,CHEMBL 35
CHEMBL4450159,O=C(NCc1cc(F)cc(F)c1)[C@@]1(O)CCN(c2ccc3[nH]ncc3c2)C1=O,0.19,CHEMBL 35
CHEMBL4533310,C[C@@](CCN1Cc2cc(C#Cc3ccc([C@H](O)CO)cc3)cn2C1=O)(C(=O)NO)S(C)(=O)=O,0.00016,CHEMBL 35
CHEMBL4278328,CC(C)n1cc(CN2CCC3(CC2)CC(=O)N(c2ccc(C(=O)O)cc2)C3)c2c(C3CC3)cccc21,0.31,CHEMBL 35
CHEMBL4535824,C=C[C@]1(C)C[C@@H](OC(=O)COc2ccc3c(c2F)B(O)OC3)[C@]2(C)[C@H](C)CC[C@]3(CCC(=O)[C@H]32)[C@@H](C)[C@@H]1O,0.034,CHEMBL 35
CHEMBL4592079,C=C[C@]1(C)C[C@@H](OC(=O)COc2cc(CN)c3c(c2Cl)B(O)OC3)[C@]2(C)[C@H](C)CC[C@]3(CCC(=O)[C@H]32)[C@@H](C)[C@@H]1O,0.048,CHEMBL 35
CHEMBL4589897,C=C[C@]1(C)C[C@@H](OC(=O)CNc2ccc3c(c2)B(O)OC3)[C@]2(C)[C@H](C)CC[C@]3(CCC(=O)[C@H]32)[C@@H](C)[C@@H]1O,0.008,CHEMBL 35
CHEMBL4578840,C=C[C@]1(C)C[C@@H](OC(=O)COc2ccc3c(c2)B(O)N(S(C)(=O)=O)N=C3)[C@]2(C)[C@H](C)CC[C@]3(CCC(=O)[C@H]32)[C@@H](C)[C@@H]1O,0.058,CHEMBL 35
CHEMBL4566922,C=C[C@]1(C)C[C@@H](OC(=O)COc2ccc3c(c2)B(O)N(C(C)=O)N=C3)[C@]2(C)[C@H](C)CC[C@]3(CCC(=O)[C@H]32)[C@@H](C)[C@@H]1O,0.005,CHEMBL 35
CHEMBL4542784,C=C[C@]1(C)C[C@@H](OC(=O)COc2ccc3c(c2)B(O)N(C(=O)OC)N=C3)[C@]2(C)[C@H](C)CC[C@]3(CCC(=O)[C@H]32)[C@@H](C)[C@@H]1O,0.037,CHEMBL 35
CHEMBL5397445,CSc1ccc(C(N)=O)cc1-c1ccc2c(cnn2C)c1,0.069,CHEMBL 35
CHEMBL4867649,COc1cc(NC(=O)[C@H](N)CC(C)C)ccc1-c1cn[nH]c1,0.2,CHEMBL 35
CHEMBL5426983,Cc1c(OCCNCCCF)ncc(F)c1[C@@H]1c2[nH]c3ccccc3c2C[C@@H](C)N1C[C@@H](C)C(=O)O,0.26,CHEMBL 35
CHEMBL5418076,CC1(Nc2nc(N)nc3cc(-c4cc[nH]n4)ccc23)CC1,0.37,CHEMBL 35
CHEMBL4633982,O=C(O)c1cc(-c2ccc(C3CCNCC3)cc2)cc(-c2cn(-c3ccc(C(F)(F)F)cc3)nn2)c1,0.0133,CHEMBL 35
CHEMBL5093999,O=C1NC2(CC2)COc2ncc(F)cc2[C@H]2CCCCN2c2ccn3ncc1c3n2,0.02,CHEMBL 35
CHEMBL5401256,CO[C@@]1(CN2CCN3CCOC[C@@H]3C2)/C(F)=C/C[C@H](C)[C@@H](C)S(=O)(=O)NC(=O)c2ccc3c(c2)N(C[C@@H]2CCO[C@H]21)C[C@@]1(CCCc2cc(Cl)ccc21)CO3,0.0013,CHEMBL 35
CHEMBL4632769,Cc1cc(C)c(-c2ncc[nH]2)cc1NC(=O)c1ccc(OCc2ccccn2)cc1,0.033,CHEMBL 35
CHEMBL3685329,CNC[C@@H](Nc1ncnc2c(C(N)=O)cccc12)c1cccc(F)c1,0.22,CHEMBL 35
CHEMBL3134098,CCC1(C)NC(=O)c2cc(S(=O)(=O)Nc3ccc(F)cc3F)cc(Cl)c2NC1=O,0.037,CHEMBL 35
CHEMBL4240867,CC(C)Cc1ccc2nn(C)cc2c1NS(=O)(=O)c1ccc(CCCCC2CCN(C)CC2)cc1,0.062,CHEMBL 35
CHEMBL4451058,CC(C)CNC(=O)n1c(=O)oc2cc(C3CCN(C)CC3)ccc21,0.138,CHEMBL 35
CHEMBL4544957,CNC(=O)Nc1cc(Oc2cncc(C)c2)c([C@H]2C[C@@H](O)C2)cn1,0.094,CHEMBL 35
CHEMBL4646408,Nc1ncnc2c1c(Oc1cc(C(F)(F)F)ccn1)nn2[C@@H]1CCCC[C@H]1O,0.243,CHEMBL 35
CHEMBL5218807,Cc1c(Br)cc(NC(=O)NS(=O)(=O)O)cc1Br,0.024,CHEMBL 35
CHEMBL4462340,O=S(=O)(Nc1ccncn1)c1cc2c(cc1F)[C@@H](N1CC[C@H](C(F)(F)F)C[C@@H]1c1cnccn1)CCO2,0.00024,CHEMBL 35
CHEMBL4436786,OC[C@@]12C[C@@H]1[C@@H](n1cnc3c(NC(C4CCC4)C4CCC4)ncnc31)[C@H](O)[C@@H]2O,0.275,CHEMBL 35
CHEMBL4470752,COc1c(Cc2cccc(C)c2C)cc(=O)n2c1SCC2C(=O)Nc1cc(C)cc(F)c1,0.001,CHEMBL 35
CHEMBL5279683,NS(=O)(=O)c1nccc(-c2ccc(CO)cc2)c1-c1nn[nH]n1,0.43,CHEMBL 35
CHEMBL4643996,C[C@H](NS(=O)(=O)c1ccc(-c2sc(C(=O)NCC(C)(C)O)nc2C(=O)N2CCC(F)CC2)c(Cl)c1Cl)C(F)(F)F,0.15,CHEMBL 35
CHEMBL5276374,C=CC(=O)N1CCC([C@@H]2CCNc3c(C(N)=O)c(-c4cc(OC)c(C)c(OC)c4)nn32)CC1,0.134,CHEMBL 35
CHEMBL5074750,CC(=O)N[C@@H](CO)C(=O)N[C@@H](CCCCN)C(=O)N[C@@H](CC(C)C)C(=O)N[C@@H](CCCNC(=N)N)C(=O)c1nc2ccc(C(=O)N[C@H](C(N)=O)C(C)C)cc2s1,0.167,CHEMBL 35
CHEMBL5393904,O=C(c1cccc(CNc2n[nH]c3cccc(Cl)c23)c1)N1CCN(C(=O)c2ccc(Cl)cc2Cl)CC1,0.031,CHEMBL 35
CHEMBL4567962,COC(=O)C1=C(CN2CCOC[C@H]2C(=O)O)NC(c2nccs2)=N[C@H]1c1ccc(Cl)c(F)c1,0.04,CHEMBL 35
CHEMBL4877371,COc1cc(NC(=O)[C@H](N)CC(C)C)ccc1-c1cnco1,0.086,CHEMBL 35
CHEMBL5285988,COCCCO[C@H]1CN(c2ccc(O[C@@H]3CCN(c4cc(OC)ncc4Cl)C[C@H]3C)cc2)[C@@H](CC(=O)O)[C@@H]1C,0.009,CHEMBL 35
CHEMBL5196698,Cc1cc2c(Nc3c(F)cccc3F)cc(C(=O)NC3CC3)nc2cn1,0.073,CHEMBL 35
CHEMBL3634125,COc1cnc(C(=O)Nc2ccc(F)c([C@@]3(C)N=C(N)CO[C@@H]3F)c2)cn1,0.28,CHEMBL 35
CHEMBL5184104,COc1cnc2ccc(=O)n(CCN[C@H]3CC[C@H]4[C@H](C3)OC(=O)N4c3ccc4c(n3)NC(=O)CO4)c2c1,0.25,CHEMBL 35
CHEMBL5182200,COc1ccc2ccc(=O)n(CCN[C@H]3CC[C@H]4[C@H](C3)OC(=O)N4c3ccc4c(n3)NC(=O)CS4)c2n1,0.09,CHEMBL 35
CHEMBL5427161,COC(=O)Nc1nc(C)c(S(=O)(=O)N2CCN(C[C@H](C)Nc3ncnc4c(-c5ccc(CN6CCCC6)cc5)cccc34)CC2)s1,0.0049,CHEMBL 35
CHEMBL5396870,NC1(COc2cc(F)c3c(c2)CC(CNCCC2CN(c4cnc5c(n4)NC(=O)CO5)C(=O)O2)C3)CC1,0.4,CHEMBL 35
CHEMBL5413273,Cn1nc(Cc2ccc(NS(N)(=O)=O)cc2)c2ccccc2c1=O,0.09,CHEMBL 35
CHEMBL5435819,COc1cc(Nc2c(C#N)cnc3cc(OCCON4CCN(C)CC4)c(OC)cc23)c(Cl)cc1Cl,0.028,CHEMBL 35
CHEMBL5092803,N[C@@H](Cc1c[nH]cn1)C(=O)NCc1cccc2ccccc12,0.0045,CHEMBL 35
CHEMBL5408816,COC(=O)[C@H]1Cc2c([nH]c3ccccc23)[C@H](C2CCOCC2)N1C(=O)CCl,0.24,CHEMBL 35
CHEMBL4218734,COCc1ccc(-c2ccc3ncc(C(N)=O)c(N[C@@H](C)C4CCOCC4)c3c2)cn1,0.24,CHEMBL 35
CHEMBL5095220,CCc1cc2ncc(CN3CCN(c4ccc(C(=O)NC)nc4)CC3)cc2[nH]c1=O,0.073,CHEMBL 35
CHEMBL5179198,FC(F)(F)c1cccc(COC2CCN(Cc3cn4ccccc4n3)CC2)c1,0.171,CHEMBL 35
CHEMBL5204764,Cc1c(Cl)cccc1NC(=O)CN1CCC(OCc2ccc(F)c(F)c2)CC1,0.015,CHEMBL 35
CHEMBL5190013,Cc1ccc2nc(C(=O)NC[C@@H](F)CO)cc(Nc3ccccc3F)c2c1,0.02,CHEMBL 35
CHEMBL5189883,C/C=C/c1cnc(C(=O)NCCOC)cc1Nc1ccccc1F,0.039,CHEMBL 35
CHEMBL4250271,COc1ncc(-c2cc(OC[C@@H]3CCCN(CCC4CCOCC4)C3)c3cnn(C)c3n2)cc1NS(C)(=O)=O,0.23,CHEMBL 35
CHEMBL4450726,O=C(Nc1ccc(F)c(-c2nc3ncc(-c4ccccn4)cn3n2)c1)N1CCC(F)(F)C1,0.11,CHEMBL 35
CHEMBL4454106,O=C(Nc1ccc(F)c(-c2nc3ncc(-c4ccccc4)cn3n2)c1)N1CCC(F)(F)C1,0.04,CHEMBL 35
CHEMBL4520499,Cc1cn2cc(-c3cc(=O)n4cc(N5CCN(C)CC5)ccc4n3)cc(C)c2n1,0.16,CHEMBL 35
CHEMBL4587910,C=C[C@]1(C)C[C@@H](OC(=O)CSc2ccc3c(c2)B(O)OC3)[C@]2(C)[C@H](C)CC[C@]3(CCC(=O)[C@H]32)[C@@H](C)[C@@H]1O,0.008,CHEMBL 35
CHEMBL5403262,COCCOc1ncc(NC(=O)c2cc(C(F)(F)F)nc(-n3ccnc3)n2)cn1,0.078,CHEMBL 35
CHEMBL5441069,C[C@H]1CCN1c1nc(-c2cnn(CC(=O)N3CCNCC3)c2)cc(C(F)(F)F)n1,0.15,CHEMBL 35
CHEMBL5086569,CN(C)C(=O)COC(=O)c1cc(-c2ccc([C@@H]3C[C@@H]4C[C@H]3NC4=O)cc2)c2ccc(-c3ccc(C(F)(F)F)cc3)cc2c1,0,CHEMBL 35
CHEMBL5198005,CCNC(=O)c1ccc(Nc2cc(-c3c(F)cccc3F)nc3c2C(=O)NC3)nc1,0.0016,CHEMBL 35
CHEMBL5424717,Cc1[nH]c(C(=O)Nc2nc3c(OCc4ccncc4)cc(C(=O)O)cc3s2)c(Cl)c1Cl,0.0003,CHEMBL 35
CHEMBL5437465,Cc1[nH]c(C(=O)Nc2nc3c(OC(CO)c4ccccc4)cc(C(=O)O)cc3s2)c(Cl)c1Cl,0.001,CHEMBL 35
CHEMBL3918431,c1ccc2cc(NC3=NC[C@@]4(CN5CCC4CC5)O3)ncc2c1,0.23,CHEMBL 35
CHEMBL4277900,CC1=Nc2c(F)cc(-c3nc(Nc4ccc(C5CCN(C)CC5)cn4)ncc3F)cc2C12CCCC2,0.007,CHEMBL 35
CHEMBL4464990,O=S(=O)(Nc1ccncn1)c1cc2c(cc1F)[C@@H](N1CC[C@H](C(F)(F)F)C[C@@H]1c1ccccn1)CCO2,0.00009,CHEMBL 35
CHEMBL4164133,CC1=C(c2cccc(O)c2)[C@H](c2ccc(OC[C@H](C)N3CC[C@@H](C)C3)cc2)Oc2ccc(O)cc21,0.00016,CHEMBL 35
CHEMBL4464946,O=C(NCc1cc(F)cc(F)c1)[C@@]1(O)CCN(c2ccc3[nH]ccc3c2)C1=O,0.028,CHEMBL 35
CHEMBL5434096,COC(=O)Nc1nc(C)c(S(=O)(=O)N2CCN(C[C@H](C)Nc3ncnc4c(-c5cccnc5C)cccc34)CC2)s1,0.0616,CHEMBL 35
CHEMBL4634455,Nc1ncnc2c1c(Oc1cc(C(F)(F)F)ccn1)nn2C1CC1,0.156,CHEMBL 35
CHEMBL4753164,Cc1nnc(-c2nc(C)n3ccc(Nc4nccc(-c5cc(CN(C)C)n(C)n5)n4)cc23)o1,0.27,CHEMBL 35
CHEMBL1234521,C=C[C@]1(C)C[C@@H](OC(=O)CSCCN(CC)CC)[C@]2(C)[C@H](C)CC[C@]3(CCC(=O)[C@H]32)[C@@H](C)[C@@H]1O,0.26,CHEMBL 35
CHEMBL1658,C=C[C@]1(C)C[C@@H](OC(=O)CS[C@@H]2C[C@H]3CC[C@@H](C2)N3C)[C@]2(C)[C@H](C)CC[C@]3(CCC(=O)[C@H]32)[C@@H](C)[C@@H]1O,0.154,CHEMBL 35
CHEMBL3910697,C=CC(=O)Nc1ccccc1C1CCNc2c(C(N)=O)c(-c3ccc(Cl)cc3)nn21,0.165,CHEMBL 35
CHEMBL3908818,Cc1nc(C)n(CC(=O)N2CCN(c3sc(C(F)(F)F)nc3-c3nc4ccccc4[nH]3)C[C@H]2C)n1,0.041,CHEMBL 35
CHEMBL4283853,COCCCOc1cc2c(cc1OC)-c1cc(=O)c(C(=O)O)cn1[C@H](C(C)C)C2,0.352,CHEMBL 35
CHEMBL5086239,c1ccc2oc(-c3csc(C4CCN(Cc5nc6cnccc6[nH]5)CC4)n3)cc2c1,0.0059,CHEMBL 35
CHEMBL5081335,CC(=O)N[C@H]1CC(=O)NCCCCC[C@@H](C(=O)N[C@@H](CCCNC(=N)N)C(=O)c2nc3ccccc3s2)NC(=O)[C@H](CC(C)C)NC1=O,0.6,CHEMBL 35
CHEMBL5192928,N#Cc1ccc2c(c1)C[C@H](CO)N[C@@H]2c1cc(F)cc(Cl)c1,0.115,CHEMBL 35
CHEMBL5286088,COc1ccc(-c2nc3cc(-n4cc([C@H](N)Cc5ccccc5)nn4)ccc3o2)cc1,0.0065,CHEMBL 35
CHEMBL5205510,C/C=C/c1cnc(C(=O)NC[C@@H](F)CO)cc1Nc1ccccc1F,0.076,CHEMBL 35
CHEMBL5173978,CO[C@@H](CO)CNC(=O)c1cc(Nc2ccccc2F)c2cc(F)ccc2n1,0.23,CHEMBL 35
CHEMBL5286669,O=C(Nc1cnccc1-c1ccccc1)c1ccnn2cc(-c3ccccc3)nc12,0.003,CHEMBL 35
CHEMBL4470510,CS(=O)(=O)Nc1c(Cc2cccc3ccccc23)cc(=O)n2c1SCC2C(=O)Nc1ccccc1,0.0039,CHEMBL 35
CHEMBL4468006,OC[C@H]1O[C@@H](n2cnc3c(NC(C4CCC4)C4CCC4)nc(Cl)nc32)[C@H](O)[C@@H]1O,0.0474,CHEMBL 35
CHEMBL4556466,O[C@H]1[C@H](n2cnc3c(N[C@H]4C[C@H]5CC[C@@H]4C5)nc(Cl)nc32)[C@H]2C[C@@]2(CCl)[C@H]1O,0.0295,CHEMBL 35
CHEMBL4797139,FC(F)(F)c1nccc2cc(Nc3n[nH]c4ncccc34)ccc12,0.015,CHEMBL 35
CHEMBL5286709,COc1ncccc1-c1noc(-c2nnn(Cc3ccc(CN4CCOCC4)cc3)c2N)n1,0.66,CHEMBL 35
CHEMBL4551635,Cc1ccccc1Oc1cc(-n2c(=O)cc(C(F)(F)F)[nH]c2=O)c2ccccc2c1Cl,0.0014,CHEMBL 35
CHEMBL5422218,O=S(=O)(c1ccccc1OCC(F)(F)F)N1CC(c2nc(-c3ccc(F)cc3)no2)C1,0.012,CHEMBL 35
CHEMBL5424552,COC(=O)Nc1nc(C)c(S(=O)(=O)N2CCN(C[C@H](C)Nc3ncnc4c(C)csc34)CC2)s1,0.0023,CHEMBL 35
CHEMBL5438041,Nc1nc(NC2CC2)c2ccc(-c3cc[nH]n3)nc2n1,0.46,CHEMBL 35
CHEMBL5429684,Nc1cc(NCCn2cccn2)c2ccc(-n3cccn3)cc2n1,0.28,CHEMBL 35
CHEMBL4798829,c1ccc2oc(-c3csc(C4CCN(Cc5nc6ncccc6[nH]5)CC4)n3)cc2c1,0.0043,CHEMBL 35
CHEMBL5424036,NC(=O)CN(NC(=O)[C@@H]1CCCN1C(=O)C1(c2ccc(OC(F)(F)F)cc2)CC1)C(=O)CF,0.39,CHEMBL 35
CHEMBL5399273,C#C[C@H](CC(N)=O)NC(=O)[C@@H]1CCCN1C(=O)C1(c2ccc(OC(F)(F)F)cc2)CC1,0.21,CHEMBL 35
CHEMBL5193761,FC(F)(F)c1cccc(COC2CCN(Cc3cc4ccc(Cl)cc4[nH]3)CC2)c1,0.001,CHEMBL 35
CHEMBL1873475,C=CC(=O)N1CCC[C@@H](n2nc(-c3ccc(Oc4ccccc4)cc3)c3c(N)ncnc32)C1,0.017,CHEMBL 35
CHEMBL5178033,Cc1cc2c(c(-c3ccccc3OCC(F)(F)F)n1)CN(c1ccc(C(C)(C)O)cc1)C2=O,0.09,CHEMBL 35
CHEMBL5180050,O=C1NCc2nc(-c3c(F)cccc3F)cc(Nc3ccc(C(=O)N4CCCC4)cc3)c21,0.00061,CHEMBL 35
CHEMBL5206427,Fc1cc(COC2CCN(Cc3ncc4ccccn34)CC2)ccc1Cl,0.017,CHEMBL 35
CHEMBL5196715,Cc1ccc2nc(C(=O)NC[C@@H](O)CO)cc(Nc3ccccc3F)c2c1,0.03,CHEMBL 35
CHEMBL5196698,Cc1cc2c(Nc3c(F)cccc3F)cc(C(=O)NC3CC3)nc2cn1,0.073,CHEMBL 35
CHEMBL5198957,Cc1cc2c(Nc3ccccc3F)cc(C(=O)NCC(C)(C)C#N)nc2cn1,0.045,CHEMBL 35
CHEMBL5201368,O=C(NC[C@@H](F)CO)c1cc(Nc2ccccc2F)c2cc(Cl)ccc2n1,0.009,CHEMBL 35
CHEMBL1873475,C=CC(=O)N1CCC[C@@H](n2nc(-c3ccc(Oc4ccccc4)cc3)c3c(N)ncnc32)C1,0.017,CHEMBL 35
CHEMBL5418744,CNc1cc(Nc2cccn(-c3ncccc3F)c2=O)nc2c(C(=O)N[C@@H]3CC[C@H]3OC)cnn12,0.082,CHEMBL 35
CHEMBL4564735,NC1=N[C@@]2(CO1)c1cc(-c3cccnc3F)ccc1Oc1c2cc(C2=CCCOC2)nc1F,0.0174,CHEMBL 35
CHEMBL4577527,C#CCOc1cnc(C(=O)Nc2cc(F)c(F)c([C@@]3(C)N=C(N)S[C@@]4(C(F)F)C[C@@H]34)c2)cn1,0.013,CHEMBL 35
CHEMBL4440381,Cc1cc(-n2cc(C(=O)N3CCO[C@@H](C)C3)c3ccc(O[C@@H](C)c4ccc(F)cn4)nc32)n[nH]1,0.0008,CHEMBL 35
CHEMBL594671,CC(C)[C@H](C(=O)Nc1nccs1)c1ccc(Cl)cc1,0.0052,CHEMBL 35
CHEMBL4638642,Cc1nsc(N2C[C@H]3CC[C@@H](C2)[C@@H]3Nc2nc3c(OCCC(F)(F)F)cccn3n2)n1,0.0521,CHEMBL 35
CHEMBL4647782,Cc1nsc(N2C[C@H]3CC[C@@H](C2)[C@@H]3Nc2nc3c(O[C@@H](C)C(F)(F)F)cccn3n2)n1,0.06,CHEMBL 35
CHEMBL5270555,O=C(Nc1cnccc1N1CCC(F)(F)CC1)c1ccnn2cc(-c3ccccc3)nc12,0.002,CHEMBL 35
CHEMBL4217988,N#Cc1cc(S(=O)(=O)Nc2ncns2)ccc1Oc1ccc(-c2cccc(C(F)(F)F)c2)cc1-c1ccnc(CNCCC2CCNCC2)c1,0.00281,CHEMBL 35
CHEMBL5268094,N[C@@H](Cc1c[nH]cn1)C(=O)N[C@@H](Cc1cc2ccccc2[nH]1)C(=O)O,0.0093,CHEMBL 35
CHEMBL5079973,N[C@@H](Cc1c[nH]cn1)C(=O)NCCc1cc2ccccc2[nH]1,0.0063,CHEMBL 35
CHEMBL5429823,Cc1[nH]c(C(=O)Nc2nc3c(OC(C)c4ccc(CN5CCOCC5)cc4)cc(C(=O)O)cc3s2)cc1F,0.017,CHEMBL 35
CHEMBL5418727,Cc1[nH]c(C(=O)Nc2nc3c(OC(CN4CCOCC4)c4ccccc4)cc(C(=O)O)cc3s2)cc1Cl,0.005,CHEMBL 35
CHEMBL5425159,CO[C@@H](CNC(=O)[C@H](NC(=O)[C@H](O)[C@H](C)O)[C@H](O)c1cncn1C)[C@H](O)[C@H](O)C(=O)N(C)[C@@H](Cc1ccccc1)C(=O)NCC(=O)N[C@H](C(=O)N[C@@H](CO)C(=O)N[C@H](C(=O)N[C@H](C(=O)N[C@@H](CC(=O)O)C(=O)N1CCC[C@H]1C(=O)NCc1cc(=O)c(O)cn1O)C(C)(C)C)C(C)(C)O)C(C)(C)O,0.51,CHEMBL 35
CHEMBL4297482,Cc1c2c(nn1C)CSCc1cc(n(C)n1)CSc1cc(c3ccccc3c1)OCCCc1c(C(=O)O)n(C)c3c-2c(Cl)ccc13,0.0001,CHEMBL 35
CHEMBL3982804,C[C@@H]1CN(c2sc(C(F)(F)F)nc2-c2nc3ccccc3[nH]2)CCN1C(=O)Cn1cccn1,0.026,CHEMBL 35
CHEMBL4640098,Cc1nsc(N2CC[C@@H](Nc3nc4c(-c5ccc(F)c(F)c5F)cccn4n3)C(F)(F)C2)n1,0.0029,CHEMBL 35
CHEMBL5416023,N#C[C@H](CC(N)=O)NC(=O)[C@@H]1CCCN1C(=O)C1(c2ccc(OC(F)(F)F)cc2)CC1,0.19,CHEMBL 35
CHEMBL5203666,COc1ccc(-c2cc(=O)c3c(O)cc(OP(=O)([O-])[O-])c(-c4cc(-c5cc(=O)c6c(O)cc(OP(=O)([O-])[O-])cc6o5)ccc4OC)c3o2)cc1.[Na+].[Na+].[Na+].[Na+],0.02,CHEMBL 35
CHEMBL5197021,CC(C(N)=O)n1cc(C#CCN(C(=O)Cc2ncc(C(F)(F)F)cc2C(F)(F)F)c2ccc(F)cc2)cn1,0.044,CHEMBL 35
CHEMBL5200250,COc1ncc(C#CCN(C(=O)Cc2ncc(C(F)(F)F)cc2C(F)(F)F)c2ccc(F)cc2)cn1,0.013,CHEMBL 35
CHEMBL4460444,O=C(NCc1cc(F)cc(Cl)c1)[C@@]1(O)CCN(c2ccc3[nH]ncc3c2)C1=O,0.12,CHEMBL 35
CHEMBL4572028,O=C(NCc1cc(F)cc(Cl)c1)[C@@]1(O)CCN(c2cnc3[nH]cc(Cl)c3c2)C1=O,0.002,CHEMBL 35
CHEMBL5406873,COc1ccc(-c2cc(C(=O)N[C@H]3CCCN(C)C3)nn2C)c(Cl)c1,0.25,CHEMBL 35
CHEMBL4740381,Cc1cc(-c2cnc3cc(-c4ccc(N5CCNCC5)cc4)ccn23)c2ccccc2n1,0.018,CHEMBL 35
CHEMBL5183902,Fc1cccc(COC2CCN(Cc3cn4ccccc4n3)CC2)c1,0.355,CHEMBL 35
CHEMBL5179459,Cc1nc(CN2CCC(OCc3cccc(C(F)(F)F)c3)CC2)c2ccccn12,0.036,CHEMBL 35
CHEMBL5178902,Cn1cc2cc(-n3cc4cnc(NCC(F)(F)F)nc4c(-c4ccc(Cl)cc4)c3=O)ccc2n1,0.0028,CHEMBL 35
CHEMBL4582624,COC(=O)N1CCN([C@H]2CC[C@H](Nc3nc(Nc4cnn(C)c4)nc4ccc(CC#N)nc34)CC2)CC1,0.44,CHEMBL 35
CHEMBL4872886,CC(C)C[C@@H](N)C(=O)Nc1ccc(-c2cnco2)c(OC(F)F)c1,0.041,CHEMBL 35
CHEMBL4244722,CC(C)Cc1ccc2ncccc2c1NS(=O)(=O)c1ccc(CCCCN2CCCN(C)CC2)cc1,0.093,CHEMBL 35
CHEMBL5283073,Nc1c(C(=O)Nc2cccc(Cl)c2)nnn1Cc1ccc(CN2CCOCC2)cc1,0.88,CHEMBL 35
CHEMBL5432510,O=C(Nc1cnccc1-c1ccc(F)cc1)c1ccnc(Nc2ccc(Cl)cc2)n1,0.004,CHEMBL 35
CHEMBL5396945,COC(=O)[C@H]1Cc2c([nH]c3ccccc23)[C@H](c2ccc(F)cc2F)N1C(=O)CCl,0.22,CHEMBL 35
CHEMBL5396266,C#C[C@H](CC(N)=O)NC(=O)[C@@H]1C[C@@H](F)CN1C(=O)C1(c2ccc(OC(F)(F)F)cc2)CC1,0.19,CHEMBL 35
CHEMBL4518341,CN1CCCc2c1nc(N1CCC3(CC1)CN(CCO)c1cc(F)cc(F)c13)[nH]c2=O,0.002,CHEMBL 35
CHEMBL4789557,Cc1ccc(-n2c(C(=O)NC3CC3)cc3cccnc32)cc1Cl,0.006,CHEMBL 35
CHEMBL4747304,O=C(NC1CC1)c1nc2cccnc2n1-c1ccc(Cl)c(Cl)c1,0.006,CHEMBL 35
CHEMBL4783529,O=C(c1nc2cccnc2n1-c1ccc(Cl)c(Cl)c1)N1CC(F)(F)C1,0.027,CHEMBL 35
CHEMBL4759907,O=C(c1nc2cccnc2n1-c1ccc(Cl)c(Cl)c1)N1CC(C(F)(F)F)C1,0.022,CHEMBL 35
CHEMBL4793481,COc1c(F)cc(-n2c(C(=O)N3CC(F)C3)cc3cccnc32)cc1F,0.133,CHEMBL 35
CHEMBL4553907,CNC(=O)Nc1cc(Oc2cncc(OC)c2)c([C@H]2CCCOC2)cn1,0.14,CHEMBL 35
CHEMBL3301607,O=C(Nc1nc2cccc(-c3ccc(CN4CCS(=O)(=O)CC4)cc3)n2n1)C1CC1,0.316,CHEMBL 35
CHEMBL4242598,C=CC(=O)N1C[C@@H]2C[C@H]1CN2c1ccc(C(N)=O)c(Oc2ccc(Oc3ccccc3)cc2)n1,0.002,CHEMBL 35
CHEMBL5416485,OC[C@H]1O[C@H](Sc2cc(Cl)c(F)c(Cl)c2)[C@H](O)[C@@H](n2cc(-c3nccs3)nn2)[C@H]1O,0.013,CHEMBL 35
CHEMBL4638803,Cc1noc(N2C[C@H]3CC[C@@H](C2)[C@@H]3Nc2nc3c(OCC(F)(F)F)cccn3n2)n1,0.095,CHEMBL 35
CHEMBL4434842,C=CC(=O)N1CCN(c2nc(=O)n(-c3c(C(C)C)ncnc3C(C)C)c3nc(-c4c(O)cccc4F)c(Cl)cc23)[C@@H](C)C1,0.03,CHEMBL 35
CHEMBL2023402,COc1ccc(-c2ccn(CC[C@](C)(C(=O)NO)S(C)(=O)=O)c(=O)c2)c(F)c1,0.0031,CHEMBL 35
CHEMBL4476581,O=C(Nc1ccc(F)c(-c2nc3ncc(-c4cccnc4F)cc3[nH]2)c1)N1CCCC1,0.0493,CHEMBL 35
CHEMBL4650225,CO[C@]1(CN2CCN3CCCC[C@@H]3C2)/C=C/C[C@H](C)[C@@H](C)S(=O)(=O)NC(=O)c2ccc3c(c2)N(C[C@@H]2CC[C@H]21)C[C@@]1(CCCc2cc(Cl)ccc21)CO3,0.0004,CHEMBL 35
CHEMBL5408677,C[C@H]1Cn2ncc(N3CCOCC3=O)c2CN1C(=O)Nc1ccc(F)c(Cl)c1,0.31,CHEMBL 35
CHEMBL4517931,COc1cc(/C=C/C(=O)O)ccc1[C@@H]1c2ccc3[nH]ncc3c2C[C@@H](C)N1CC(C)(F)F,0.012,CHEMBL 35
CHEMBL5395244,COC(=O)Nc1nc(C)c(S(=O)(=O)N2CCN(C[C@H](C)Nc3ncnc4c(-c5cccc(CN6CCCC6)c5)cccc34)CC2)s1,0.0059,CHEMBL 35
CHEMBL4444707,CS(=O)(=O)NC(=O)c1cc(C2CC2)c(OCC2CCN(Cc3cc(C(F)(F)F)ccc3Cl)CC2)cc1F,0.002,CHEMBL 35
CHEMBL4594419,CC(=O)N[C@@H]1C[C@H](NC(C)(C)C)CC[C@@H]1N1CC[C@H](Nc2ncnc3cc(C(C)(C)C)nn23)C1=O,0.58,CHEMBL 35
CHEMBL5424652,O=C1CO[C@H]2CCN(C(=O)N3CC(CCc4c(F)cccc4C(F)(F)F)C3)C[C@H]2N1,0.1,CHEMBL 35
CHEMBL5410775,COc1nn(C)cc1C(=O)N[S@@]1(=O)=NC(=O)c2ccc3c(c2)N(C[C@@H]2CCO[C@H]2[C@@H](OC)/C(F)=C/C[C@H](C)C1)C[C@@]1(CCCc2cc(Cl)ccc21)CO3,0.0002,CHEMBL 35
CHEMBL5410847,COc1nn(C)cc1C(=O)N[S@@]1(=O)=NC(=O)c2ccc3c(c2)N(C[C@@H]2CCO[C@H]2[C@](CN2CCN4CCOC[C@@H]4C2)(OC)/C(F)=C/C[C@H](C)C1)C[C@@]1(CCCc2cc(Cl)ccc21)CO3,0.0008,CHEMBL 35
CHEMBL4446378,CO[C@H]1/C=C/C[C@H](C)[C@@H](C)S(=O)(=O)NC(=O)c2ccc3c(c2)N(C[C@@H]2CC[C@H]21)C[C@@]1(CCCc2cc(Cl)ccc21)CO3,0.0003,CHEMBL 35
CHEMBL4278502,N#Cc1ccc([C@H](C(=O)NCC(F)(F)C2CC2)N2CCN(C(=O)c3cc(F)ccc3Cl)CC2)cc1,0.11,CHEMBL 35
CHEMBL4292013,Cn1cc(-c2ccc(C(F)(F)F)cc2)c2cc(F)c(C(=O)NS(C)(=O)=O)cc21,0.005,CHEMBL 35
CHEMBL5202351,CC(C)C[C@H](N)c1cc(C#N)c2cc(-c3ccncc3)ccc2n1,0.14,CHEMBL 35
CHEMBL4519273,C=C[C@]1(C)C[C@@H](OC(=O)COc2cc(CN)c3c(c2)B(O)OC3)[C@]2(C)[C@H](C)CC[C@]3(CCC(=O)[C@H]32)[C@@H](C)[C@@H]1O,0.11,CHEMBL 35
CHEMBL4549065,C[C@@H]1CC[C@@]23CCC(=O)[C@H]2[C@]1(C)[C@H](OC(=O)COc1ccc2c(c1F)B(O)OC2)C[C@@](C)(CO)[C@@H](O)[C@@H]3C,0.033,CHEMBL 35
CHEMBL5200009,CNC1=NC(=O)[C@H]([C@H](C)c2c[nH]c3cccc(Cl)c23)O1,0.134,CHEMBL 35
CHEMBL5190916,Cc1cc(NC(=O)CNc2ccc(Cl)cc2Cl)n(C2CCS(=O)(=O)C2)n1,0.131,CHEMBL 35
CHEMBL4851439,FC(F)c1cncc(-c2ccc3ncc4nnc(C5=CCCOCC5)n4c3c2)c1,0.49,CHEMBL 35
CHEMBL5436244,CCOc1ccccc1S(=O)(=O)N1CC(c2nc(-c3ccc(F)cc3Cl)no2)C1,0.014,CHEMBL 35
CHEMBL5437294,Nc1ncnc2c1ncn2[C@@H]1O[C@@H]2CO[P@@](=O)(S)O[C@@H]3[C@H](O)[C@@H](CO[P@@](=O)(S)O[C@H]2[C@H]1F)O[C@H]3n1cnc2c(=O)[nH]ncc21,0.77,CHEMBL 35
CHEMBL5429721,COC(=O)[C@H]1Cc2c([nH]c3ccccc23)[C@H](c2ccc(F)cc2Cl)N1C(=O)CCl,0.015,CHEMBL 35
CHEMBL4287248,O=C(O)c1ccc(N2CC3(CCN(Cc4cc(Cl)c(-c5ccc(F)cc5F)c(C5CC5)c4)CC3)OC2=O)cc1,0.062,CHEMBL 35
CHEMBL4289325,O=C(O)c1ccc(N2CC3(CCN(Cc4cc(C(F)(F)F)ccc4C4CC4)CC3)OC2=O)cc1,0.023,CHEMBL 35
CHEMBL3978935,C[C@@H]1CN(c2sc(C(F)(F)F)nc2-c2nc3ccccc3[nH]2)CCN1C(=O)Cn1cnc2cccnc21,0.01,CHEMBL 35
CHEMBL3913741,Cc1nn(CC(=O)N2CCN(c3sc(C(F)(F)F)nc3-c3nc4ccccc4[nH]3)C[C@H]2C)cc1CN(C)C,0.053,CHEMBL 35
CHEMBL5409094,COc1nn(C)cc1C(=O)N[S@@]1(=O)=NC(=O)c2ccc3c(c2)N(C[C@@H]2CC[C@H]2[C@@H](OC)/C=C/C[C@H](C)C1)C[C@@]1(CCCc2cc(Cl)ccc21)CO3,0.0002,CHEMBL 35
CHEMBL5420347,CCOc1ccccc1S(=O)(=O)N1CC(c2nc(-c3ccc(F)cc3)no2)C1,0.012,CHEMBL 35
CHEMBL4162307,COc1ccc(-c2ccccc2-c2csc(N(C(=O)[C@@H](CC(=O)O)CC3CCCC3)C3CC3)n2)cn1,0.0023,CHEMBL 35
CHEMBL4177037,CC(C)C[C@H](CC(=O)O)C(=O)N(c1nc(-c2ccccc2-c2ccc(-n3cccn3)nc2)cs1)C1CC1,0.0075,CHEMBL 35
CHEMBL5402829,O=C(Nc1cnccc1-c1ccc(F)cc1)c1ccnc(Nc2ccc(F)cc2)n1,0.008,CHEMBL 35
CHEMBL5405569,CNc1cc(Nc2cccn(-c3ncccc3F)c2=O)nc2c(C(=O)N[C@@H]3C[C@@H]3F)cnn12,0.01,CHEMBL 35
CHEMBL4449082,C[C@@H]1CN(c2cc(F)c3c(c2)N(C)C(=O)C32CCN(c3nc4c(c(=O)[nH]3)CCCN4C)CC2)C[C@H](C)O1,0.006,CHEMBL 35
CHEMBL4544881,Cc1cn2cc(-c3cc(=O)n4cc(N5CCN(C)CC5)ccc4n3)cc(F)c2n1,0.17,CHEMBL 35
CHEMBL5285251,Cc1[nH]c(C(=O)Nc2nc3c(N4CCOC[C@@H]4C)cc(C(=O)O)cc3s2)c(Cl)c1Cl,0.011,CHEMBL 35
CHEMBL5416167,Cc1[nH]c(C(=O)Nc2nc3c(OCc4ccc(S(C)(=O)=O)cc4)cc(C(=O)O)cc3s2)c(Cl)c1Cl,0.0027,CHEMBL 35
CHEMBL4871682,Cc1[nH]c(C(=O)Nc2nc3c(OCc4cccc(F)c4)cc(C(=O)O)cc3s2)c(Cl)c1Cl,0.0059,CHEMBL 35
CHEMBL5394750,Cc1[nH]c(C(=O)/N=c2\sc3cc(C(=O)O)ccc3n2CC(=O)c2ccc(S(C)(=O)=O)cc2)c(Cl)c1Cl,0.0007,CHEMBL 35
CHEMBL5187543,CNC(=O)c1ccc(-c2nnc(Cc3c[nH]c4cnccc34)nc2-c2ccccc2)cc1,0.038,CHEMBL 35
CHEMBL3917571,Cc1cc(S(=O)(=O)[C@@]2(c3ccc(C(F)(C(F)(F)F)C(F)(F)F)cc3)CCN(C(=O)[C@H]3CC[C@H](C(=O)O)CC3)C2)ccc1F,0.029,CHEMBL 35
CHEMBL5069779,Cc1cc(-c2ccc(OC[C@@](C)(N)CC(C)C)c(C(F)(F)F)c2)ccn1,0.017,CHEMBL 35
CHEMBL5400556,CC1(Nc2nc(N)nc3nc(-c4cc[nH]n4)ccc23)CC1,0.43,CHEMBL 35
CHEMBL4107402,C=CC(=O)N1CCC([C@H]2CCNc3c(C(N)=O)c(-c4ccc(Oc5ccccc5)cc4)nn32)CC1,0.051,CHEMBL 35
CHEMBL5419663,CCC[C@@H](CCO)Nc1nc(N)nc2cnn(Cc3ccc(CNC4CCOCC4)cc3OC)c12,0.41,CHEMBL 35
CHEMBL5189938,Cc1cc2c(Nc3ccccc3F)cc(C(=O)NC3CCOCC3)nc2cn1,0.118,CHEMBL 35
CHEMBL5190013,Cc1ccc2nc(C(=O)NC[C@@H](F)CO)cc(Nc3ccccc3F)c2c1,0.014,CHEMBL 35
CHEMBL5202890,O=C(NC[C@@H](F)CO)c1cc(Nc2ccccc2F)c2cc(Br)ccc2n1,0.006,CHEMBL 35
CHEMBL4557670,C[C@H]1SC(N)=N[C@](C)(c2cc(NC(=O)c3cnc(OCF)cn3)ccc2F)[C@H]1F,0.15,CHEMBL 35
CHEMBL5085580,CC(O)c1cn(CCNc2nonc2/C(=N/O)Nc2ccc(F)c(Br)c2)nn1,0.0584,CHEMBL 35
CHEMBL5177641,Fc1ccc(CO[C@H]2CCCN(Cc3cn4ccccc4n3)C2)cc1F,0.087,CHEMBL 35
CHEMBL5080010,O=C1NC2(CC2)COc2ncc(F)cc2[C@H]2COCCN2c2ccn3ncc1c3n2,0.11,CHEMBL 35
CHEMBL5406857,Cc1[nH]c(C(=O)N(C)c2nc3c(O)cc(C(=O)O)cc3s2)c(Cl)c1Cl,0.0444,CHEMBL 35
CHEMBL5092306,Cc1cc(-c2ccc(OC[C@@](C)(N)CC(C)C)c(C(F)F)c2)ccn1,0.02,CHEMBL 35
CHEMBL5088205,CC(C)C[C@](C)(N)COc1ccc(-c2ccnc(C(F)F)c2)cc1C(F)F,0.018,CHEMBL 35
CHEMBL5089410,CC(C)C[C@](C)(N)COc1ccc(-c2ccnc(C(F)F)c2)nc1C(F)F,0.046,CHEMBL 35
CHEMBL5175548,Cn1ncc2cc(CN3CCC(OCc4cccc(C(F)(F)F)c4)CC3)ccc21,0.057,CHEMBL 35
CHEMBL3945969,COc1cc(-c2cc(F)cc(Cl)c2)c(F)cc1-n1c(=O)ccc2cc(S(=O)(=O)Nc3ccon3)ccc21,0.014,CHEMBL 35
CHEMBL5208293,CCc1nc([C@@H](N)CC(C)C)nc2ccc(-c3cnco3)cc12,0.11,CHEMBL 35
CHEMBL32,COc1c(N2C[C@@H]3CCCN[C@@H]3C2)c(F)cc2c(=O)c(C(=O)O)cn(C3CC3)c12,0.8,CHEMBL 35
CHEMBL5206101,O=C(Nc1nc2cccc(C3CCC4(CC3)CCN(C(=O)[C@@H]3CC3(F)F)C4)n2n1)C1CC1,0.112,CHEMBL 35
CHEMBL5172397,O=C(Nc1nc2cccc(C3CCC4(CC3)CN(C(=O)[C@@H]3CC3(F)F)C4)n2n1)C1CC1,0.259,CHEMBL 35
CHEMBL4802040,O=C(c1cnc(NCc2cnccn2)nc1)N1CCC2(CCOCC2)C1,0.941,CHEMBL 35
CHEMBL5407965,Cc1[nH]c(C(=O)Nc2nc3c(OC(C)c4ccc(CN5CCOCC5)cc4)cc(C(=O)O)cc3s2)cc1C#N,0.05,CHEMBL 35
CHEMBL5400350,Cc1[nH]c(C(=O)Nc2nc3c(OC(CN4CCOCC4)C(F)(F)F)cc(C(=O)O)cc3s2)c(Cl)c1Cl,0.001,CHEMBL 35
CHEMBL5083414,NC(=O)[C@@H]1C[C@H](F)CN1Cc1ccc(OCc2cccc(F)c2)cc1,0.0516,CHEMBL 35
CHEMBL5407700,O=c1nc(NC2CC2)n2ccc(C(F)(F)F)cc2c1-c1cccnc1F,0.091,CHEMBL 35
CHEMBL4107804,Cc1cccnc1N(C(=O)c1ccc(-c2cnn3cccnc23)cc1)[C@@H]1CCCNC1,0.0037,CHEMBL 35
CHEMBL5397170,OC[C@H]1O[C@H](Sc2cc(Cl)c(F)c(Cl)c2)[C@H](O)[C@@H](n2cc(-c3cscn3)nn2)[C@H]1O,0.015,CHEMBL 35
CHEMBL4237244,CC(C)Cc1ccc2ncccc2c1NS(=O)(=O)c1ccc(CCCO[C@@H]2C[C@H]3CC[C@@H](C2)N3C)cc1,0.18,CHEMBL 35
CHEMBL5283284,CC(C)(C(=O)Nc1ccc(-c2cncc(C(F)(F)F)n2)cn1)c1csc(NS(=O)(=O)C2CC2)n1,0.01,CHEMBL 35
CHEMBL4169078,N#Cc1cnc(Nc2cc(NC[C@H]3CNCCO3)c(C(F)(F)F)cn2)cn1,0.0019,CHEMBL 35
CHEMBL4788846,O=c1[nH]nc(-c2ccc(Cl)c(C(F)(F)F)c2)o1,0.069,CHEMBL 35
CHEMBL5288931,Cc1ncc(-c2nc3c(OC4(C)CC4)nc(Nc4cnn(C5CCN(C)CC5)c4)nc3cc2F)cn1,0.16,CHEMBL 35
CHEMBL2059865,Cc1ccc(-c2ncc[nH]2)cc1NC(=O)c1ccc(OCc2ccccn2)cc1,0.04,CHEMBL 35
CHEMBL4634542,C[C@H]1C[C@H](C(=O)O)CC[C@H]1C(=O)N1CC[C@@]2(S(=O)(=O)c3ccc(F)cc3)c3ccc(C(F)(C(F)(F)F)C(F)(F)F)cc3CC[C@@H]12,0.016,CHEMBL 35
CHEMBL4159471,Cc1cc(NC(=O)c2cccc(S(=O)(=O)N[C@H]3CCOC3)c2)ccc1F,0.126,CHEMBL 35
CHEMBL5276028,COc1cc(NC(=O)c2nnn(Cc3ccc(CN4CCOCC4)cc3)c2N)nc(OC)n1,0.69,CHEMBL 35
CHEMBL5287784,Cc1cn(-c2ccc(C(F)(F)F)nc2)c2ccc(C(=O)NS(=O)(=O)C3CC3)cc12,0.014,CHEMBL 35
CHEMBL4285417,C[C@@H]1COCCN1c1cc(C2([S@](C)(=N)=O)CC2)nc(-c2cc[nH]c3nccc2-3)n1,0.54,CHEMBL 35
CHEMBL1464,CC(=O)CC(c1ccccc1)c1c(O)c2ccccc2oc1=O,0.098,CHEMBL 35
CHEMBL5437247,COCCOCCn1nc(C)c2c1CSCc1cc(n(C)n1)CSc1cc(c3ccccc3c1)OCCCn1c(C(=O)O)c(C)c3c-2c(Cl)ccc31,0.0003,CHEMBL 35
CHEMBL5083517,CC(=O)N[C@H]1CCCCNC(=O)CC[C@@H](C(=O)N[C@@H](CCCNC(=N)N)C(=O)c2nc3ccccc3s2)NC(=O)[C@H](CC(C)C)NC1=O,0.184,CHEMBL 35
CHEMBL5423328,CC(=O)N/C(N)=N/C(=N/S(=O)(=O)c1ccc(I)cc1)N1C[C@H](c2ccccc2)C(c2ccc(Cl)cc2)=N1,0.998,CHEMBL 35
CHEMBL5191228,O=C(Nc1nc2cccc(C3CCC4(CC3)CCN(C(=O)[C@@H]3CC3(F)F)CC4)n2n1)C1CC1,0.057,CHEMBL 35
CHEMBL1688852,C=C[C@]1(C)C[C@@H](OC(=O)CSC(C)(C)CNC(=O)[C@H](N)C(C)C)[C@]2(C)[C@H](C)CC[C@]3(CCC(=O)[C@H]32)[C@@H](C)[C@@H]1O,0.05,CHEMBL 35
CHEMBL2325503,CS(=O)(=O)c1ccc(-c2nnc(/C=C/c3nnc(-c4ccc(C#N)cc4)o3)n2-c2ccccc2Cl)nc1,0.035,CHEMBL 35
CHEMBL4215835,CC(CC(=O)O)c1cccc(-n2c(C(N)=O)cc3ccc(OC(F)(F)F)cc32)n1,0.05,CHEMBL 35
CHEMBL4165849,COc1cc(C(=O)Nc2cc(OC(F)(F)F)ccc2-n2cncn2)ccc1OC(C)C,0.063,CHEMBL 35
CHEMBL5276801,Cc1cn(-c2cccc(C(F)(F)F)c2)c2cc(F)c(C(=O)NS(C)(=O)=O)cc12,0.004,CHEMBL 35
CHEMBL4172928,O=C(O)C[C@@H](Cc1ccccc1)C(=O)N(c1nc(-c2cc(Cl)ccc2Cl)cs1)C1CC1,0.0001,CHEMBL 35
CHEMBL3544964,Cn1nccc1Nc1nccc(-c2ccn([C@H](CO)c3ccc(Cl)c(F)c3)c(=O)c2)n1,0.058,CHEMBL 35
CHEMBL3966250,C[C@@H]1CN(c2sc(C(F)(F)F)nc2-c2nc3cc(OCCO)ccc3[nH]2)CCN1C(=O)Cn1cnc2cccnc21,0.03,CHEMBL 35
CHEMBL3926191,C=CC(=O)Nc1ccccc1C1CCNc2c(C(N)=O)c(-c3ccc(OC)cc3)nn21,0.283,CHEMBL 35
CHEMBL3979678,C[C@H]1NC(=O)c2cc(-c3cccc4c(=O)n(C)c(NC(C)(C)C)nc34)[nH]c21,0.084,CHEMBL 35
CHEMBL5185192,O=C(Nc1nc2cccc(C3CCC(NC(=O)C4(F)CC4)CC3)n2n1)C1CC1,0.28,CHEMBL 35
CHEMBL5393777,COC(=O)Nc1nc(C)c(S(=O)(=O)N2CCN(C[C@H](C)Nc3ncnc4c(-c5c(C)noc5C)cccc34)CC2)s1,0.0043,CHEMBL 35
CHEMBL2325697,C[C@@H]1COCCN1c1cc(C2(S(C)(=O)=O)CC2)nc(-c2cccc3[nH]ccc23)n1,0.14,CHEMBL 35
CHEMBL5208124,Fc1ccc(COC2CCN(Cc3cn4ccccc4n3)CC2)cc1F,0.428,CHEMBL 35
CHEMBL4802043,CCOc1ccc(S(=O)(=O)Nc2ccc(Cl)cc2C#Cc2cnc(C(=O)O)cc2OC)c2ncccc12,0.006,CHEMBL 35
CHEMBL5202890,O=C(NC[C@@H](F)CO)c1cc(Nc2ccccc2F)c2cc(Br)ccc2n1,0.008,CHEMBL 35
CHEMBL4439276,Cc1c(-c2c(-c3ccc(F)o3)sc3ncnc(O[C@H](Cc4ccccc4OCc4ccnn4CC(F)(F)F)C(=O)O)c23)ccc(OCCN2CCN(C)CC2)c1Cl,0.0002,CHEMBL 35
CHEMBL3984425,C[C@H](NC(=O)c1c(N)nn2cccnc12)c1cc2cccc(C#Cc3cnn(C)c3)c2c(=O)n1-c1ccccc1,0.022,CHEMBL 35
CHEMBL3581693,CC/C(=C(/c1ccc(/C=C/C(=O)O)cc1)c1ccc2[nH]ncc2c1)c1ccc(F)cc1Cl,0.011,CHEMBL 35
CHEMBL5087151,Cc1ccc(NC(=O)c2ccnc(C(F)(F)F)c2)cc1-c1ccc2c(c1)OC1(CCOCC1)CC(=O)N2,0.012,CHEMBL 35
CHEMBL4522981,CCn1c(=O)c2c(C)c(C(=O)N3CCC(O)CC3)sc2n(CCC(F)(F)F)c1=O,0.3,CHEMBL 35
CHEMBL4297627,C[C@@H]1CCc2ncc(F)cc2[C@H]2CCCN2c2ccn3ncc(c3n2)C(=O)N1,0.02,CHEMBL 35
CHEMBL4748154,CC1(C)OC(=O)c2ccc(Nc3ncc(-c4nnco4)c(N[C@H](CO)c4ccccc4)n3)cc21,0.021,CHEMBL 35
CHEMBL4206619,O=C(Nc1ccc(O)c(C(=O)O)c1)c1ccc(NC(=O)c2ccco2)cc1,0.029,CHEMBL 35
CHEMBL5207823,c1ccc(-c2nnc(Cc3c[nH]c4cnccc34)nc2-c2ccccc2)cc1,0.019,CHEMBL 35
CHEMBL4459971,CCc1nc(C)cn2nc(-c3cc(=O)n4cc(C5CCN(C)CC5)cc(C)c4n3)cc12,0.02,CHEMBL 35
CHEMBL1542244,c1csc(-c2nnc(Cc3cccc4ccccc34)o2)c1,0.011,CHEMBL 35
CHEMBL38434,Cc1c(-c2ccc(-c3ccccc3F)cc2)nc2ccc(F)cc2c1C(=O)O,0.0073,CHEMBL 35
CHEMBL5275604,Cc1[nH]c(C(=O)Nc2nc3c(N4CCOCC4C)cc(C(=O)O)cc3s2)c(Cl)c1Cl,0.011,CHEMBL 35
CHEMBL5268278,COc1cccc(NC(=O)c2nnn(Cc3ccc(CN4CCOCC4)cc3)c2N)c1,0.8,CHEMBL 35
CHEMBL5209079,Fc1ccc(CO[C@H]2CCCN(Cc3ncn4ccccc34)C2)cc1F,0.181,CHEMBL 35
CHEMBL5201507,Cn1ncc2cc(CN3CCC(OCc4ccc(Cl)c(F)c4)CC3)ccc21,0.052,CHEMBL 35
CHEMBL3421729,C[C@H]1c2cccc(CCC(C)(C)O)c2C[C@H](CO)N1C(=O)Cc1c(Cl)cccc1Cl,0.024,CHEMBL 35
CHEMBL4588277,C=CC(=O)N1CCN(c2nc(=O)n(-c3c(C4CC4)ncnc3C3CC3)c3nc(-c4c(O)cccc4F)c(Cl)cc23)[C@@H](C)C1,0.08,CHEMBL 35
CHEMBL4112930,C[C@]12CCCN1CC1=NNC(=O)c3cc(F)cc4[nH]c2c1c34,0.15,CHEMBL 35
CHEMBL4648137,O=C(CCCCCc1ccccc1)N[C@H]1CC[C@H](O)CC1,0.00033,CHEMBL 35
CHEMBL3115821,O=C(Nc1ccc(F)c(-c2nc3cc(-c4ccccc4)cnc3[nH]2)c1)N1CCCC1,0.027,CHEMBL 35
CHEMBL5282643,COc1cc(F)cc2c(N3CCN4c5c(F)cccc5OC[C@@H]4C3)c(C#N)nnc12,0.024,CHEMBL 35
CHEMBL4445645,C[C@@H]1CN(c2ncc(Cl)c(Nc3ccc4c(c3)n(CCC(C)(C)O)c(=O)n4C)n2)C[C@H](C)C1(F)F,0.0007,CHEMBL 35
CHEMBL5195115,CNC1=NC(=O)[C@H]([C@H](C)c2c[nH]c3cccc(C)c23)O1,0.276,CHEMBL 35
CHEMBL3985767,Cc1ccc(S(=O)(=O)[C@@]2(c3ccc(C(F)(C(F)(F)F)C(F)(F)F)cc3)CCN(C(=O)[C@H]3CC[C@H](C(=O)O)CC3)C2)cc1,0.026,CHEMBL 35
CHEMBL3662190,CC1(COc2cc(F)c(C(=O)NS(=O)(=O)C3CC3)cc2C2CC2)CCC2(CC1)CC2,0.001,CHEMBL 35
CHEMBL5209344,Cn1ncc2cc(CN3CCC(OCc4ccc(F)c(F)c4)CC3)ccc21,0.166,CHEMBL 35
CHEMBL5196102,Fc1cc(COC2CCN(Cc3cn4ccccc4n3)CC2)ccc1Cl,0.224,CHEMBL 35
CHEMBL4447340,CC1=C(c2cccc(O)c2)[C@H](c2ccc(OCCN3CC(CF)C3)cc2)Oc2ccc(O)cc21,0.00019,CHEMBL 35
CHEMBL4438260,CC1=C(c2ccc(F)cc2)[C@H](c2ccc(OCCN3CC(CF)C3)cc2)Oc2ccc(O)cc21,0.00004,CHEMBL 35
CHEMBL5182222,OC[C@H]1O[C@H](Sc2cncc(Br)c2)[C@H](O)[C@@H](n2cc(-c3cc(F)c(F)c(F)c3)nn2)[C@H]1O,0.042,CHEMBL 35
CHEMBL5170381,Fc1ccc(COC2CCN(Cc3ccc4[nH]cnc4c3)CC2)cc1F,0.401,CHEMBL 35
CHEMBL3917026,C=CC(=O)Nc1ccccc1C1CCNc2c(C(N)=O)c(-c3ccc(OCC4CC4)cc3)nn21,0.0395,CHEMBL 35
CHEMBL5178575,FC(F)(F)c1c(Cl)ccc(-n2ccnn2)c1Cl,0.042,CHEMBL 35
CHEMBL4573938,COc1ccc(-c2c(Nc3ccccn3)[nH]c3c(C4=CCCCC4)c(-c4ccccc4)nn3c2=O)cc1,0.0028,CHEMBL 35
CHEMBL3409588,O=c1cc(-c2ccnc(NC3CCOCC3)n2)ccn1[C@H](CO)c1ccc(Cl)c(F)c1,0.058,CHEMBL 35
CHEMBL5190239,Cc1nc(CN2CCC(OCc3ccc(Cl)c(F)c3)CC2)c2ccccn12,0.132,CHEMBL 35
CHEMBL5087121,CN(C)C(=O)COC(=O)c1cc(-c2ccc([C@H]3C[C@H]4C[C@@H]3CN4)cc2)c2ccc(-c3ccc(C(F)(F)F)cc3)cc2c1,0,CHEMBL 35
CHEMBL473417,CS(=O)(=O)c1ccc(C(=O)Nc2ccc(Cl)c(-c3ccccn3)c2)c(Cl)c1,0.026,CHEMBL 35
CHEMBL4212721,NCCCNC(=O)c1ccc(-c2cc(C(=O)O)cc(-n3cc(-c4ccc(C(F)(F)F)cc4)nn3)c2)s1,0.0083,CHEMBL 35
CHEMBL3912712,Cc1ccc(C2=C(c3nn[nH]n3)C(O)=N[C@@](c3ccc(OCCCC(F)(F)F)cc3)(C(F)(F)F)C2)cc1,0.019,CHEMBL 35
CHEMBL4872886,CC(C)C[C@@H](N)C(=O)Nc1ccc(-c2cnco2)c(OC(F)F)c1,0.041,CHEMBL 35
CHEMBL4298138,C[C@H]1CNC(=O)c2cnn3ccc(nc23)N[C@H](C)c2cc(F)ccc2O1,0.05,CHEMBL 35
CHEMBL3421730,C[C@H]1c2cccc(C(C)(C)O)c2C[C@H](CO)N1C(=O)Cc1c(Cl)cccc1Cl,0.051,CHEMBL 35
CHEMBL4278903,CC(C)C(=O)N1CCC(c2cn(C)c3ncc(NC(=O)c4cccc(C#N)c4)c(C(F)(F)F)c23)CC1,0.62,CHEMBL 35
CHEMBL4448872,O=c1[nH]c(N2CCC3(CC2)CN(CCO)c2cc(F)cc(F)c23)nc2c1CCCC2,0.004,CHEMBL 35
CHEMBL5091825,OCCOCc1cn(CCNc2nonc2/C(=N/O)Nc2ccc(F)c(Br)c2)nn1,0.0968,CHEMBL 35
CHEMBL3945969,COc1cc(-c2cc(F)cc(Cl)c2)c(F)cc1-n1c(=O)ccc2cc(S(=O)(=O)Nc3ccon3)ccc21,0.0017,CHEMBL 35
CHEMBL4650215,C[C@H](Nc1ccc2c(c1)OCCn1cc(N3C(=O)OC[C@H]3C(F)F)nc1-2)C(N)=O,0.261,CHEMBL 35
CHEMBL5170670,Fc1ccc(COC2CCN(Cc3cc4ccc(Cl)cc4[nH]3)CC2)cc1F,0.004,CHEMBL 35
CHEMBL2347208,C[C@@]1(c2cc(NC(=O)c3ccc(C#N)cn3)ccc2F)C[C@@H](C(F)(F)F)OC(N)=N1,0.24,CHEMBL 35
CHEMBL4176971,COc1ccc(C(=O)Nc2cc(OC(F)(F)F)ccc2-n2cncn2)cc1OC,0.178,CHEMBL 35
CHEMBL3936761,C=CC(=O)N1CCC([C@@H]2CCNc3c(C(N)=O)c(-c4ccc(Oc5ccccc5)cc4)nn32)CC1,0.051,CHEMBL 35
CHEMBL5187721,Fc1cc(COC2CCN(Cc3ccc4[nH]cnc4c3)CC2)ccc1Cl,0.171,CHEMBL 35
CHEMBL4541614,Cc1nc(C)c(C(=O)Nc2ccc(F)c(-c3nc4ncc(-c5ccccn5)cn4n3)c2)o1,0.127,CHEMBL 35
CHEMBL5194899,CC(C)C[C@H](N)c1cc(C#N)c2cc(-c3cnco3)ccc2n1,0.03,CHEMBL 35
CHEMBL5181579,OC[C@H]1O[C@H](Sc2ccc(Cl)c(Cl)c2)[C@H](O)[C@@H](n2cc(-c3cc(F)c(F)c(F)c3)nn2)[C@H]1O,0.0078,CHEMBL 35
CHEMBL256470,Cc1csc2c(N[C@@H](C)CN3CCN(S(=O)(=O)c4ccc(Cl)c(Cl)c4)CC3)ncnc12,0.0065,CHEMBL 35
