Molecule_Name,Smiles,rat_VDss_L_kg,Source
CHEMBL4854326,CC1(C)CC(Nc2cc(NCc3cnccc3C(F)(F)F)ncc2C#N)CC(C)(C)N1,27.7,CHEMBL 35
CHEMBL4763279,Cc1ccc(C(=O)NC2CC2)cc1-n1ccnc(N[C@@H](c2ccccc2)[C@@H](C)CN2CCCCC2)c1=O,5.5,CHEMBL 35
CHEMBL2031465,Cc1ccc(C(=O)NC2CC2)cc1-n1cnc2ccc(N3CCN(C)CC3)cc2c1=O,1.9,CHEMBL 35
CHEMBL365049,CCCC[C@H](NC(=O)O[C@H](Cn1ccc(-c2ccc(C(F)(F)F)cc2)n1)C(C)(C)C)C(=O)C(=O)NCc1ccno1,1.7,CHEMBL 35
CHEMBL192530,CCN1c2ncc(CCOc3ccc(C(=O)O)cc3C)cc2C(=O)N(C)c2cccnc21,4.6,CHEMBL 35
CHEMBL4640438,O=C(N[C@H]1CN(S(=O)(=O)c2ccccc2)C[C@@H]1C(=O)N[C@H]1CCCNC1)c1cc(-c2ccccc2)on1,7.3,CHEMBL 35
CHEMBL4645570,COc1ncc(N2CCOc3ccc(CN(C)C)cc32)cc1NS(C)(=O)=O,8.5,CHEMBL 35
CHEMBL191584,CCCC[C@H](NC(=O)O[C@H](Cn1cnc(-c2ccc(C(F)(F)F)cc2)c1)C(C)(C)C)C(=O)C(=O)Nc1ccn[nH]1,2.4,CHEMBL 35
CHEMBL188929,CCCC[C@H](NC(=O)O[C@H](Cn1ccc(-c2ccc(C(F)(F)F)cc2)n1)C(C)(C)C)C(=O)C(=O)Nc1ccccn1,1.8,CHEMBL 35
CHEMBL3972870,Cc1cnc(Oc2cc(Cl)c(F)c(-c3ccc4c(c3)CC[C@H](CCC(=O)O)O4)c2)s1,0.14,CHEMBL 35
CHEMBL3980898,CO[C@H]1C[C@H](Oc2cc(F)c(F)c(-c3ccc4c(c3)CC[C@H](CCC(=O)O)O4)n2)C1,0.24,CHEMBL 35
CHEMBL426617,CCCC[C@H](NC(=O)OC(Cc1nnc(-c2ccc(F)cc2)o1)C(C)(C)C)C(=O)C(=O)N[C@H]1CCCNC1=O,1.4,CHEMBL 35
CHEMBL4573635,C[C@H](C(=O)Nc1nnc(N[C@@H]2CCN(c3cccnn3)C2)s1)c1ccccc1,1.9,CHEMBL 35
CHEMBL3808443,CO[C@H](C(=O)Nc1nnc(N[C@@H]2CCN(c3nccnn3)C2)s1)c1ccccc1,0.6,CHEMBL 35
CHEMBL4539521,CC(C)(C#N)c1cccc(-c2ccnc3[nH]ncc23)n1,1.22,CHEMBL 35
CHEMBL189417,CCCC[C@H](NC(=O)O[C@H](Cc1nnc(-c2ccc(F)cc2)o1)C(C)(C)C)C(=O)C(=O)NCc1cccnc1,1.4,CHEMBL 35
CHEMBL365822,CCCC[C@H](NC(=O)O[C@H](Cc1nnc(-c2ccc(C(F)(F)F)cc2)o1)C(C)(C)C)C(=O)C(=O)NN1CCOC1=O,3.1,CHEMBL 35
CHEMBL186149,CCCC[C@H](NC(=O)O[C@H](Cc1nnc(-c2ccc(F)cc2)o1)C(C)(C)C)C(=O)C(=O)Nc1cc[nH]n1,3.6,CHEMBL 35
CHEMBL190874,O=C(/C=C/c1ccc(C(F)(F)F)nc1N1CCCCC1)Nc1ccc2cccnc2c1,2.8,CHEMBL 35
CHEMBL194068,CCCC[C@H](NC(=O)O[C@@H]1C(=O)NCC1(C)C)C(=O)C(=O)N[C@H](C)c1ccccc1,1.3,CHEMBL 35
CHEMBL4588443,O=C(NC1CC(F)(F)C1)c1nsc2cc(Nc3n[nH]c4cccnc34)ccc12,1.6,CHEMBL 35
CHEMBL4792347,CNCCOc1ccccc1C(C)(C)Nc1nccn(-c2cc(C(=O)NC3CC3)ccc2C)c1=O,31.6,CHEMBL 35
CHEMBL4865816,C[C@H]([C@H](C(=O)Nc1cc(C[C@H](C)C(=O)O)ccc1Cl)c1ccc(Cl)cc1)C(F)(F)F,2,CHEMBL 35
CHEMBL4450838,Cc1cc(-c2ccc(C(=O)[C@@H]3CCCC[C@H]3C(=O)Nc3cn(C)nc3C(N)=O)cc2)[nH]n1,0.64,CHEMBL 35
CHEMBL4554158,Cc1nn(C)cc1NC(=O)[C@@H]1CCCC[C@H]1C(=O)c1ccc(-c2cc[nH]n2)cc1F,1.1,CHEMBL 35
CHEMBL4303782,COc1cc2c(c(OC)n1)[C@]1(O)[C@H](O)[C@H](CN(C)C)[C@@H](c3ccccc3)[C@]1(c1ccc(C#N)cc1)O2,13,CHEMBL 35
CHEMBL4483053,Cc1noc2ccc(Nc3n[nH]c4cc(F)cnc34)cc12,2,CHEMBL 35
CHEMBL4473211,Cc1noc2ccc(Nc3n[nH]c4ncccc34)cc12,2.5,CHEMBL 35
CHEMBL4858934,C[C@H]([C@H](C(=O)Nc1cc(CC2(C(=O)O)CC2)ccc1Cl)c1ccc(Cl)cc1)C(F)(F)F,1.5,CHEMBL 35
CHEMBL4459205,Cc1noc2c(F)cc(Nc3n[nH]c4cccnc34)cc12,3.1,CHEMBL 35
CHEMBL4582128,Cc1noc2c(F)cc(Nc3n[nH]c4ncccc34)cc12,1.2,CHEMBL 35
CHEMBL4559701,CC(C)(C#N)c1cccc(-c2ccnc3[nH]ncc23)c1,0.94,CHEMBL 35
CHEMBL3946820,O=C(O)CC[C@H]1CCc2cc(-c3nc(OC4CCC4)ccc3F)ccc2O1,0.23,CHEMBL 35
CHEMBL4643660,CNC(=O)c1cc(C(=O)NC2CC2)cc2c1O[C@H](C)[C@H]2c1ccccc1,2.3,CHEMBL 35
CHEMBL3947070,O=C(O)CC[C@H]1CCc2cc(-c3cc(OC4CCC4)cc(F)c3F)ccc2O1,0.45,CHEMBL 35
CHEMBL4639111,O=C(N[C@H]1CN(S(=O)(=O)c2ccccc2)C[C@@H]1C(=O)N[C@H]1CCCNC1)c1cc(-c2ccccc2Cl)on1,5.5,CHEMBL 35
CHEMBL2113096,Cc1nccn1-c1sc(Nc2cnccn2)nc1-c1cccc(C#N)c1,3.02,CHEMBL 35
CHEMBL4453941,CC(C)(C#N)c1cccc(-c2ccnc3[nH]ccc23)n1,0.99,CHEMBL 35
CHEMBL190053,CCCC[C@H](NC(=O)O[C@H](Cn1cc(-c2ccc(C(F)(F)F)cc2)cn1)C(C)(C)C)C(=O)C(=O)Nc1ccn[nH]1,2.1,CHEMBL 35
CHEMBL191247,O=C(/C=C/c1ccc(C(F)(F)F)nc1N1CCOCC1)Nc1ccc2cccnc2c1,1.1,CHEMBL 35
CHEMBL4642745,CNC(=O)c1cc(C(=O)NC2CC2)cc2c1O[C@H](CO)[C@H]2c1ccccc1,1.4,CHEMBL 35
CHEMBL4847762,CC(C)C1OC(=O)N(C2CCCC2)c2nc(Nc3cc(F)c(O)c(F)c3)ncc21,1.28,CHEMBL 35
CHEMBL4470860,Cc1nc2c(-c3nnc[nH]3)cc(-c3ccnc(N)c3F)cc2n1-c1ccnc2c(F)ccc(F)c12,2.7,CHEMBL 35
CHEMBL4760873,Cc1ccc(C(=O)NC2CC2)cc1-n1ccnc(NC(C)(C)c2ccccc2OCCN2CCCC2)c1=O,16.6,CHEMBL 35
CHEMBL364838,COC[C@@H](NC(=O)c1ccc(Cl)s1)C(=O)Nc1ccc(N2CCOCC2=O)c(C)c1,1.6,CHEMBL 35
CHEMBL4534060,Cn1ncc(NC(=O)[C@@H]2CCCC[C@H]2C(=O)c2ccc(-c3cc[nH]n3)cc2)c1C(F)(F)F,0.97,CHEMBL 35
CHEMBL3707392,O=C1c2cc(-c3ccc(OC(F)(F)F)cc3)ccc2OCCN1Cc1ncccn1,2.5,CHEMBL 35
CHEMBL4638471,COc1ncc2cc1NS(=O)(=O)CCN(C)Cc1ccc3c(c1)N2CCO3,1.8,CHEMBL 35
CHEMBL191178,CCCC[C@H](NC(=O)O[C@H](CN1CCN(c2ccc(C(F)(F)F)cc2)C1=O)C(C)(C)C)C(=O)C(=O)Nc1ccn[nH]1,5,CHEMBL 35
CHEMBL4753854,N#Cc1ccc(OC[C@@H](N)CCNS(=O)(=O)c2ccc(Cl)cc2Cl)cc1F,1.8,CHEMBL 35
CHEMBL196896,CCCC[C@H](NC(=O)O[C@@H]1C(=O)OCC1(C)C)C(=O)C(=O)N[C@H](C)c1ccccc1,3.4,CHEMBL 35
CHEMBL3943315,COc1cc(Oc2ncc(C)s2)cc(-c2ccc3c(c2)CC[C@H](CCC(=O)O)O3)c1F,0.15,CHEMBL 35
CHEMBL188400,CCCC[C@H](NC(=O)O[C@H](Cc1nnc(-c2ccc(C(F)(F)F)cc2)o1)C(C)(C)C)C(=O)C(=O)Nc1ccn[nH]1,1.9,CHEMBL 35
CHEMBL4449727,O=C1CN(c2cn[nH]c(=O)c2Cl)CCN1Cc1ccc(F)cc1C(F)(F)F,1.81,CHEMBL 35
CHEMBL4637298,CNC(=O)c1cc(C(=O)N[C@@H]2[C@@H]3COC[C@@H]32)cc2c1O[C@H](CF)[C@H]2c1ccccc1,2.1,CHEMBL 35
CHEMBL4632904,COc1cncc2c1[C@]1(O)[C@H](O)[C@H](CN(C)C)[C@@H](c3ccccc3)[C@]1(c1ccc(C#N)cc1)O2,5.2,CHEMBL 35
CHEMBL4645423,COc1nc(C#N)cc2c1[C@]1(O)[C@H](O)[C@H](CN(C)C)[C@@H](c3ccccc3)[C@]1(c1ccc(C#N)cc1)O2,10.3,CHEMBL 35
CHEMBL4528928,Cc1cc(-c2ccc(C(=O)[C@@H]3CCCC[C@H]3C(=O)Nc3cn(C)nc3C)cc2)n[nH]1,0.83,CHEMBL 35
CHEMBL4527700,Cn1ncc(NC(=O)[C@@H]2C[C@@H]3C[C@@H]3C[C@H]2C(=O)c2ccc(-c3cc[nH]n3)cc2)c1C(F)(F)F,1.1,CHEMBL 35
CHEMBL4639701,Cc1cc(-c2ccc(N3CCC(c4nc(C(C)C)no4)CC3)nc2)c(C#N)cc1C#N,3,CHEMBL 35
CHEMBL4647044,CNC(=O)c1cc(C(=O)N[C@@H]2C[C@H]2CO)cc2c1O[C@H](CF)[C@H]2c1ccccc1,1.7,CHEMBL 35
CHEMBL4172540,C[C@@H](COc1ccn(-c2ccc(F)cc2)c(=O)c1)Oc1ccccc1,2.05,CHEMBL 35
CHEMBL187864,CCCC[C@H](NC(=O)O[C@H](Cn1cnc(-c2ccc(C(F)(F)F)cc2)c1)C(C)(C)C)C(=O)C(=O)Nc1nccs1,1.8,CHEMBL 35
CHEMBL4475970,O=C1CN(c2cn[nH]c(=O)c2Cl)CCN1Cc1ccccc1OC(F)(F)F,1.2,CHEMBL 35
CHEMBL4777574,O=C(Nc1noc2ccccc12)N1C[C@H]2CN(Cc3cccc(Oc4ccc(Cl)cc4)c3)C[C@H]2C1,1.43,CHEMBL 35
CHEMBL195789,CC(C)(C)c1ccc(/C=C/C(=O)Nc2ccc3c(c2)OCCO3)cc1,2.1,CHEMBL 35
CHEMBL4451827,Cc1noc2ccc(Nc3n[nH]c4nccnc34)cc12,0.9,CHEMBL 35
CHEMBL4635048,CNC(=O)c1cc(C(=O)NCCC[C@H]2OC[C@H](N)CO2)cc2c1O[C@H](CF)[C@H]2c1ccccc1,2.1,CHEMBL 35
CHEMBL4463314,Cn1cc(NC(=O)[C@@H]2CCCC[C@H]2C(=O)c2ccc(-c3cc[nH]n3)cc2)c(C(F)(F)F)n1,1,CHEMBL 35
CHEMBL234367,CCCC[C@H](NC(=O)O[C@H](Cn1ccc(-c2ccc(C(F)(F)F)cc2)n1)C(C)(C)C)C(=O)C(=O)Nc1ccn[nH]1,0.32,CHEMBL 35
CHEMBL3960231,O=C(O)CC[C@H]1CCc2cc(-c3cc(OC(F)(F)F)ccc3F)ccc2O1,0.64,CHEMBL 35
CHEMBL4569479,CCC(C)(CN)c1cccc(-c2ccnc3[nH]nc(C(F)(F)F)c23)c1,2.7,CHEMBL 35
CHEMBL4436540,CN1Cc2cc(Cl)ccc2-n2c(nnc2-c2ccc(-c3ccccc3)cc2)C1,4,CHEMBL 35
CHEMBL5188786,C=CC(=O)N(C)CCOc1c(N)ncnc1-c1ccc(CN2CCN(CC(C)C)CC2=O)c(C)c1,126,CHEMBL 35
CHEMBL4437106,CO[C@H](C(=O)Nc1nnc(N[C@@H]2CCN(c3cccnn3)C2)s1)c1ccccc1,2.4,CHEMBL 35
CHEMBL3952043,COc1cc(O[C@H]2C[C@H](OC)C2)nc(-c2ccc3c(c2)CC[C@H](CCC(=O)O)O3)c1F,0.49,CHEMBL 35
CHEMBL4638120,COc1cncc2c1[C@]1(O)[C@H](O)[C@H](C(=O)N(C)C)[C@@H](c3ccccc3)[C@]1(c1ccc(C#N)cc1)O2,1.1,CHEMBL 35
CHEMBL779,CN1CC(=O)N2[C@H](c3ccc4c(c3)OCO4)c3[nH]c4ccccc4c3C[C@@H]2C1=O,5.2,CHEMBL 35
CHEMBL4647791,Cc1nc2c(-c3nnc[nH]3)cc(-c3ccnc(C#N)c3)cc2n1-c1ccnc2c(F)ccc(F)c12,2.5,CHEMBL 35
CHEMBL3639788,O=C(Cc1cccc(OC(F)(F)F)c1)Nc1ccc(CCCCc2nnc(NC(=O)Cc3ccccn3)s2)nn1,3,CHEMBL 35
CHEMBL4469711,O=C(Cc1ccccc1)Nc1nnc(N[C@@H]2CCN(c3cccnn3)C2)s1,1.6,CHEMBL 35
5-Fluorouracil,FC=1C(=O)NC(=O)NC=1,0.25,10.1021/acs.jcim.2c00318
7-Hydroxystaurosporine,O(C)[C@@H]1[C@H](NC)C[C@H]2O[C@]1(C)n1c3c4n2c2c(c4c4C(=O)N[C@H](O)c4c3c3c1cccc3)cccc2,16.7,10.1021/acs.jcim.2c00318
9-Aminocamptothecin,O=C1[C@](O)(CC)C2=C(C(=O)N3C(c4nc5c(c(N)ccc5)cc4C3)=C2)CO1,5,10.1021/acs.jcim.2c00318
Acecainide,O=C(Nc1ccc(C(=O)NCCN(CC)CC)cc1)C,2.9,10.1021/acs.jcim.2c00318
Acetaminophen,O=C(Nc1ccc(O)cc1)C,0.92,10.1021/acs.jcim.2c00318
Acetazolamide,S(=O)(=O)(N)c1sc(NC(=O)C)nn1,0.21,10.1021/acs.jcim.2c00318
Acetylsalicylic Acid,O=C(Oc1c(C(=O)O)cccc1)C,0.4,10.1021/acs.jcim.2c00318
Acivicin,ClC1=NO[C@H]([C@H](N)C(=O)O)C1,0.74,10.1021/acs.jcim.2c00318
Actisomide,O=C1[C@](CCN(C(C)C)C(C)C)(c2ccccc2)[C@@H]2N(C(C)=N1)CCCC2,4.2,10.1021/acs.jcim.2c00318
Acyclovir,O(CCO)Cn1c2NC(N)=NC(=O)c2nc1,0.7,10.1021/acs.jcim.2c00318
Adefovir,P(=O)(O)(O)COCCn1c2ncnc(N)c2nc1,1.6,10.1021/acs.jcim.2c00318
Albuterol,OC(CNC(C)(C)C)c1cc(CO)c(O)cc1,30,10.1021/acs.jcim.2c00318
Alfentanil,O=C(N(c1ccccc1)C1(COC)CCN(CCN2C(=O)N(CC)N=N2)CC1)CC,0.54,10.1021/acs.jcim.2c00318
Almotriptan,S(=O)(=O)(Cc1cc2c(CCN(C)C)c[nH]c2cc1)N1CCCC1,2.7,10.1021/acs.jcim.2c00318
Alprazolam,Clc1cc2C(c3ccccc3)=NCc3n(c(C)nn3)-c2cc1,2.7,10.1021/acs.jcim.2c00318
Amantadine,NC12CC3CC(C1)CC(C2)C3,6.4,10.1021/acs.jcim.2c00318
Amifloxacin,Fc1c(N2CCN(C)CC2)cc2N(NC)C=C(C(=O)O)C(=O)c2c1,3.6,10.1021/acs.jcim.2c00318
Amikacin,O=C(N[C@H]1[C@H](O[C@@H]2[C@H](O)[C@@H](N)[C@H](O)[C@@H](CO)O2)[C@@H](O)[C@H](O[C@@H]2[C@H](O)[C@@H](O)[C@H](O)[C@@H](CN)O2)[C@@H](N)C1)[C@@H](O)CCN,0.16,10.1021/acs.jcim.2c00318
Aminocyclopropanecarboxylic Acid,O=C(O)C1(N)CC1,0.64,10.1021/acs.jcim.2c00318
Amiodarone,Ic1c(OCCN(CC)CC)c(I)cc(C(=O)c2c(CCCC)oc3c2cccc3)c1,21,10.1021/acs.jcim.2c00318
Amitriptyline,N(CCC=C1c2c(cccc2)CCc2c1cccc2)(C)C,11,10.1021/acs.jcim.2c00318
Amlodipine,Clc1c(C2C(C(=O)OCC)=C(COCCN)NC(C)=C2C(=O)OC)cccc1,32,10.1021/acs.jcim.2c00318
Amoxicillin,O=C(N[C@@H]1C(=O)N2[C@@H](C(=O)O)C(C)(C)S[C@H]12)[C@H](N)c1ccc(O)cc1,0.5,10.1021/acs.jcim.2c00318
Amphotericin B,O=C(O)[C@@H]1[C@@H](O)C[C@]2(O)O[C@H]1C[C@@H](O[C@H]1[C@@H](O)[C@@H](N)[C@H](O)[C@@H](C)O1)/C=C/C=C/C=C/C=C/C=C/C=C/C=C/[C@H](C)[C@@H](O)[C@@H](C)[C@H](C)OC(=O)C[C@H](O)C[C@H](O)CC[C@@H](O)[C@H](O)C[C@H](O)C2,2.3,10.1021/acs.jcim.2c00318
Ampicillin,O=C(N[C@@H]1C(=O)N2[C@@H](C(=O)O)C(C)(C)S[C@H]12)[C@H](N)c1ccccc1,1.1,10.1021/acs.jcim.2c00318
Amsacrine,S(=O)(=O)(Nc1cc(OC)c(Nc2c3c(nc4c2cccc4)cccc3)cc1)C,4.5,10.1021/acs.jcim.2c00318
Amsalog,S(=O)(=O)(Nc1cc(OC)c(Nc2c3c(c(C(=O)NC)ccc3)nc3c(C)cccc23)cc1)C,2,10.1021/acs.jcim.2c00318
Antipyrine,O=C1N(N(C)C(C)=C1)c1ccccc1,0.81,10.1021/acs.jcim.2c00318
Aprepitant,FC(F)(F)c1cc([C@H](O[C@@H]2[C@@H](N(CC3=NC(=O)NN3)CCO2)c2ccc(F)cc2)C)cc(C(F)(F)F)c1,3.2,10.1021/acs.jcim.2c00318
Artesute,O=C(O[C@H]1[C@H](C)[C@H]2[C@@]34OO[C@@](C)(O[C@H]3O1)CC[C@H]4[C@H](C)CC2)CCC(=O)O,4,10.1021/acs.jcim.2c00318
Atenolol,O=C(N)Cc1ccc(OCC(O)CNC(C)C)cc1,5.4,10.1021/acs.jcim.2c00318
Atomoxetine,O([C@H](CCNC)c1ccccc1)c1c(C)cccc1,4.3,10.1021/acs.jcim.2c00318
Atropine,O=C(OC1C[C@@H]2N(C)[C@H](C1)CC2)C(CO)c1ccccc1,23,10.1021/acs.jcim.2c00318
Azelastine,Clc1ccc(CC2=NN(C(=O)c3c2cccc3)C2CCN(C)CCC2)cc1,1.8,10.1021/acs.jcim.2c00318
Azithromycin,O([C@@H]1[C@@H](C)[C@H](O[C@@H]2O[C@@H](C)[C@H](O)[C@@](OC)(C)C2)[C@@H](C)C(=O)O[C@H](CC)[C@](O)(C)[C@H](O)[C@@H](C)N(C)C[C@H](C)C[C@]1(O)C)[C@H]1[C@H](O)[C@@H](N(C)C)C[C@@H](C)O1,84,10.1021/acs.jcim.2c00318
Aztreom,S(=O)(=O)(O)N1[C@@H](C)[C@H](NC(=O)/C(=N\OC(C(=O)O)(C)C)/c2nc(N)sc2)C1=O,0.41,10.1021/acs.jcim.2c00318
Betamethasone,F[C@]12[C@@H](O)C[C@]3(C)[C@@](O)(C(=O)CO)[C@@H](C)C[C@H]3[C@@H]1CCC=1[C@]2(C)C=CC(=O)C=1,0.68,10.1021/acs.jcim.2c00318
Betamipron,O=C(O)CCNC(=O)c1ccccc1,0.23,10.1021/acs.jcim.2c00318
Betaxolol,O(CCc1ccc(OCC(O)CNC(C)C)cc1)CC1CC1,12,10.1021/acs.jcim.2c00318
Biapenem,S(C=1[C@H](C)[C@@H]2[C@@H]([C@H](O)C)C(=O)N2C=1C(=O)[O-])C1C[n+]2n(cnc2)C1,0.19,10.1021/acs.jcim.2c00318
Bilobalide,O=C1[C@H](O)[C@]23[C@](O)(C(C)(C)C)C[C@@H]4OC(=O)C[C@]24C(=O)O[C@@H]3O1,10,10.1021/acs.jcim.2c00318
Biperiden,OC(CCN1CCCCC1)(c1ccccc1)C1C2C=CC(C1)C2,12,10.1021/acs.jcim.2c00318
Bisoprolol,O(C(C)C)CCOCc1ccc(OCC(O)CNC(C)C)cc1,1.4,10.1021/acs.jcim.2c00318
Brotizolam,Brc1sc2-n3c(C)nnc3CN=C(c3c(Cl)cccc3)c2c1,3,10.1021/acs.jcim.2c00318
Budesonide,O=C(CO)[C@]12[C@]3(C)[C@H]([C@H]4[C@H]([C@@H](O)C3)[C@]3(C)C(=CC(=O)C=C3)CC4)C[C@H]1OC(CCC)O2,29.2,10.1021/acs.jcim.2c00318
Bupivacaine,O=C(Nc1c(C)cccc1C)C1N(CCCC)CCCC1,2.4,10.1021/acs.jcim.2c00318
Buprenorphine,O(C)[C@]12[C@@H]([C@](O)(C(C)(C)C)C)C[C@@]3([C@@H]4N(CC5CC5)CC[C@@]53[C@H]1Oc1c(O)ccc(c51)C4)CC2,8.37,10.1021/acs.jcim.2c00318
Busulphan,S(=O)(=O)(OCCCCOS(=O)(=O)C)C,0.68,10.1021/acs.jcim.2c00318
Butorphanol,Oc1cc2c(cc1)C[C@@H]1N(CC3CCC3)CC[C@]32[C@@]1(O)CCCC3,4.8,10.1021/acs.jcim.2c00318
Caffeine,O=C1N(C)C(=O)c2n(C)cnc2N1C,0.92,10.1021/acs.jcim.2c00318
Captopril,SC[C@H](C(=O)N1[C@H](C(=O)O)CCC1)C,1.7,10.1021/acs.jcim.2c00318
Carumom,S(=O)(=O)(O)N1[C@H](COC(=O)N)[C@H](NC(=O)/C(=N\OCC(=O)O)/c2nc(N)sc2)C1=O,0.1,10.1021/acs.jcim.2c00318
Caspofungin,O=C(N[C@@H]1C(=O)N[C@@H]([C@H](O)C)C(=O)N2[C@H](C(=O)N[C@@H]([C@H](O)[C@@H](O)c3ccc(O)cc3)C(=O)N[C@@H]([C@H](O)CCN)C(=O)N3[C@@H]([C@@H](O)CC3)C(=O)N[C@H](NCCN)[C@H](O)C1)C[C@@H](O)C2)CCCCCCCCC(CC(CC)C)C,0.5,10.1021/acs.jcim.2c00318
Cefamandole,S(CC1=C(C(=O)O)N2C(=O)[C@@H](NC(=O)[C@H](O)c3ccccc3)[C@H]2SC1)c1n(C)nnn1,0.25,10.1021/acs.jcim.2c00318
Cefazolin,S(CC1=C(C(=O)O)N2C(=O)[C@@H](NC(=O)Cn3nnnc3)[C@H]2SC1)c1sc(C)nn1,0.17,10.1021/acs.jcim.2c00318
Cefclidin,O=C(N[C@@H]1C(=O)N2C(C(=O)O)=C(C[N+]34CCC(C([O-])=N)(CC3)CC4)CS[C@H]12)/C(=N\OC)/c1nc(N)sn1,0.22,10.1021/acs.jcim.2c00318
Cefepime,O=C(N[C@@H]1C(=O)N2C(C(=O)[O-])=C(C[N+]3(C)CCCC3)CS[C@H]12)/C(=N\OC)/c1nc(N)sc1,0.38,10.1021/acs.jcim.2c00318
Cefixime,O=C(N[C@@H]1C(=O)N2C(C(=O)O)=C(C=C)CS[C@H]12)/C(=N\OCC(=O)O)/c1nc(N)sc1,0.4,10.1021/acs.jcim.2c00318
Cefmenoxime,S(CC1=C(C(=O)O)N2C(=O)[C@@H](NC(=O)/C(=N\OC)/c3nc(N)sc3)[C@H]2SC1)c1n(C)nnn1,0.28,10.1021/acs.jcim.2c00318
Cefmetazole,S(CC#N)CC(=O)N[C@]1(OC)C(=O)N2C(C(=O)O)=C(CSc3n(C)nnn3)CS[C@H]12,0.35,10.1021/acs.jcim.2c00318
Cefodizime,S(CC1=C(C(=O)O)N2C(=O)[C@@H](NC(=O)/C(=N\OC)/c3nc(N)sc3)[C@H]2SC1)c1sc(CC(=O)O)c(C)n1,0.18,10.1021/acs.jcim.2c00318
Cefoperazone,S(CC1=C(C(=O)O)N2C(=O)[C@@H](NC(=O)[C@H](NC(=O)N3C(=O)C(=O)N(CC)CC3)c3ccc(O)cc3)[C@H]2SC1)c1n(C)nnn1,0.39,10.1021/acs.jcim.2c00318
Ceforanide,S(CC1=C(C(=O)O)N2C(=O)[C@@H](NC(=O)Cc3c(CN)cccc3)[C@H]2SC1)c1n(CC(=O)O)nnn1,0.5,10.1021/acs.jcim.2c00318
Cefoselis,O=C(N[C@@H]1C(=O)N2C(C(=O)[O-])=C(C[n+]3n(CCO)c(N)cc3)CS[C@H]12)/C(=N\OC)/c1nc(N)sc1,0.2,10.1021/acs.jcim.2c00318
Cefotetan,S(CC1=C(C(=O)O)N2C(=O)[C@@](OC)(NC(=O)C3SC(=C(C(=O)O)C(=O)N)S3)[C@H]2SC1)c1n(C)nnn1,0.25,10.1021/acs.jcim.2c00318
Cefozopran,O=C(N[C@@H]1C(=O)N2C(C(=O)[O-])=C(Cn3c4[n+](nccc4)cc3)CS[C@H]12)/C(=N\OC)/c1nc(N)sn1,0.2,10.1021/acs.jcim.2c00318
Cefpiramide,S(CC1=C(C(=O)O)N2C(=O)[C@@H](NC(=O)[C@H](NC(=O)C=3C(=O)C=C(C)NC=3)c3ccc(O)cc3)[C@H]2SC1)c1n(C)nnn1,0.26,10.1021/acs.jcim.2c00318
Cefpirome,O=C(N[C@@H]1C(=O)N2C(C(=O)[O-])=C(C[n+]3c4c(ccc3)CCC4)CS[C@H]12)/C(=N\OC)/c1nc(N)sc1,0.3,10.1021/acs.jcim.2c00318
Ceftazidime,O(/N=C(\C(=O)N[C@@H]1C(=O)N2C(C(=O)[O-])=C(C[n+]3ccccc3)CS[C@H]12)/c1nc(N)sc1)C(C(=O)O)(C)C,0.3,10.1021/acs.jcim.2c00318
Ceftizoxime,O=C(N[C@@H]1C(=O)N2C(C(=O)O)=CCS[C@H]12)/C(=N\OC)/c1nc(N)sc1,0.54,10.1021/acs.jcim.2c00318
Ceftriaxone,S(CC1=C(C(=O)O)N2C(=O)[C@@H](NC(=O)/C(=N\OC)/c3nc(N)sc3)[C@H]2SC1)C=1N(C)NC(=O)C(=O)N=1,1,10.1021/acs.jcim.2c00318
Cefuroxime,O=C(OCC1=C(C(=O)O)N2C(=O)[C@@H](NC(=O)/C(=N\OC)/c3occc3)[C@H]2SC1)N,0.2636,10.1021/acs.jcim.2c00318
Cephalexin,O=C(N[C@@H]1C(=O)N2C(C(=O)O)=C(C)CS[C@H]12)[C@H](N)c1ccccc1,0.85,10.1021/acs.jcim.2c00318
Cephradine,O=C(N[C@@H]1C(=O)N2C(C(=O)O)=C(C)CS[C@H]12)[C@H](N)C1=CCC=CC1,1.1,10.1021/acs.jcim.2c00318
Cerivastatin,Fc1ccc(-c2c(/C=C/[C@@H](O)C[C@@H](O)CC(=O)O)c(C(C)C)nc(C(C)C)c2COC)cc1,3,10.1021/acs.jcim.2c00318
Chlordiazepoxide,ClC1=CC2=C(N(O)C/C(=N/C)/N=C2C=C1)c1ccccc1,1.3,10.1021/acs.jcim.2c00318
Cicaprost,O=C(O)COC/C=C\1/C[C@@H]2[C@@H](C#C[C@@H](O)[C@H](CC#CCC)C)[C@H](O)C[C@@H]2C/1,1,10.1021/acs.jcim.2c00318
Cidofovir,P(=O)(O)(O)CO[C@H](CO)CN1C(=O)N=C(N)C=C1,2,10.1021/acs.jcim.2c00318
Ciprofloxacin,Fc1c(N2CCNCC2)cc2N(C3CC3)C=C(C(=O)O)C(=O)c2c1,4.6,10.1021/acs.jcim.2c00318
Citalopram,Fc1ccc(C2(CCCN(C)C)OCc3c2ccc(C#N)c3)cc1,21,10.1021/acs.jcim.2c00318
Cladribine,Clc1nc(N)c2ncn([C@@H]3O[C@H](CO)[C@@H](O)C3)c2n1,4.5,10.1021/acs.jcim.2c00318
Clazosentan,S(=O)(=O)(Nc1c(Oc2c(OC)cccc2)c(OCCO)nc(-c2cc(-c3n[nH]nn3)ncc2)n1)c1ncc(C)cc1,0.32,10.1021/acs.jcim.2c00318
Clevidipine,Clc1c(Cl)cccc1C1C(C(=O)OCOC(=O)CCC)=C(C)NC(C)=C1C(=O)OC,0.44,10.1021/acs.jcim.2c00318
Clindamycin,Cl[C@H]([C@@H](NC(=O)[C@H]1N(C)C[C@H](CCC)C1)[C@@H]1[C@H](O)[C@H](O)[C@@H](O)[C@@H](SC)O1)C,1.4,10.1021/acs.jcim.2c00318
Clozapine,Clc1cc2NC(N3CCN(C)CC3)=C3C(=Nc2cc1)C=CC=C3,8.68,10.1021/acs.jcim.2c00318
Clozepam,Clc1c(C2=NCC(=O)Nc3c2cc([N+](=O)[O-])cc3)cccc1,3.1,10.1021/acs.jcim.2c00318
Cocaine,O=C(OC)[C@H]1[C@@H](OC(=O)c2ccccc2)C[C@H]2N(C)[C@@H]1CC2,16.4,10.1021/acs.jcim.2c00318
Codeine,O(C)c1c2O[C@H]3[C@@H](O)C=C[C@H]4[C@@H]5N(C)CC[C@]34c2c(cc1)C5,5.1,10.1021/acs.jcim.2c00318
Colchicine,O=C(N[C@@H]1C=2C(c3c(OC)c(OC)c(OC)cc3CC1)=CC=C(OC)C(=O)C=2)C,31.4,10.1021/acs.jcim.2c00318
Cyclophosphamide,ClCCN(CCCl)P1(=O)OCCCN1,0.67,10.1021/acs.jcim.2c00318
Cyclosporine,O=C1N(C)[C@@H]([C@H](O)[C@@H](C/C=C/C)C)C(=O)N[C@@H](CC)C(=O)N(C)CC(=O)N(C)[C@@H](CC(C)C)C(=O)N[C@@H](C(C)C)C(=O)N(C)[C@@H](CC(C)C)C(=O)N[C@@H](C)C(=O)N[C@H](C)C(=O)N(C)[C@@H](CC(C)C)C(=O)N(C)[C@@H](CC(C)C)C(=O)N(C)[C@H]1C(C)C,2.56,10.1021/acs.jcim.2c00318
d-Amphetamine,N[C@H](Cc1ccccc1)C,6.6,10.1021/acs.jcim.2c00318
Dapsone,S(=O)(=O)(c1ccc(N)cc1)c1ccc(N)cc1,1.6,10.1021/acs.jcim.2c00318
Darifecin,O=C(N)C([C@H]1CN(CCc2cc3c(OCC3)cc2)CC1)(c1ccccc1)c1ccccc1,7,10.1021/acs.jcim.2c00318
Decitabine,O=C1N([C@@H]2O[C@H](CO)[C@@H](O)C2)C=NC(N)=N1,1.8,10.1021/acs.jcim.2c00318
Deferasirox,O=C(O)c1ccc(N2C(=C3C(=O)C=CC=C3)NC(=C3C(=O)C=CC=C3)N2)cc1,0.46,10.1021/acs.jcim.2c00318
Desipramine,N(CCCN1c2c(cccc2)CCc2c1cccc2)C,19.8,10.1021/acs.jcim.2c00318
Desmethyldiazepam,Clc1cc2C(c3ccccc3)=NCC(=O)Nc2cc1,3.03,10.1021/acs.jcim.2c00318
Dexamethasone,F[C@]12[C@@H](O)C[C@]3(C)[C@@](O)(C(=O)CO)[C@H](C)C[C@H]3[C@@H]1CCC=1[C@]2(C)C=CC(=O)C=1,1.1,10.1021/acs.jcim.2c00318
Dexloxiglumide,Clc1c(Cl)ccc(C(=O)N[C@@H](C(=O)N(CCCOC)CCCCC)CCC(=O)O)c1,0.98,10.1021/acs.jcim.2c00318
Dexmedetomidine,[C@H](C)(c1c(C)c(C)ccc1)c1[nH]cnc1,3.24,10.1021/acs.jcim.2c00318
Dexrazoxane,O=C1NC(=O)CN([C@H](CN2CC(=O)NC(=O)C2)C)C1,1.1,10.1021/acs.jcim.2c00318
Diazepam,Clc1cc2C(c3ccccc3)=NCC(=O)N(C)c2cc1,11.6,10.1021/acs.jcim.2c00318
Diclofec,Clc1c(Nc2c(CC(=O)O)cccc2)c(Cl)ccc1,1.39,10.1021/acs.jcim.2c00318
Didanosine,O=C1N=CNc2n([C@@H]3O[C@H](CO)CC3)cnc12,1.3,10.1021/acs.jcim.2c00318
Diflomotecan,Fc1c(F)cc2c(nc3c(c2)CN2C(=O)C4=C([C@@](O)(CC)CC(=O)OC4)C=C32)c1,2,10.1021/acs.jcim.2c00318
Diflunisal,Fc1c(-c2cc(C(=O)O)c(O)cc2)ccc(F)c1,0.15,10.1021/acs.jcim.2c00318
Digoxin,O([C@@H]1[C@@H](C)O[C@@H](O[C@@H]2C[C@@H]3[C@@](C)([C@@H]4[C@H]([C@]5(O)[C@](C)([C@H](O)C4)[C@@H](C4=CC(=O)OC4)CC5)CC3)CC2)C[C@@H]1O)[C@@H]1O[C@H](C)[C@@H](O[C@@H]2O[C@H](C)[C@@H](O)[C@@H](O)C2)[C@@H](O)C1,16.9,10.1021/acs.jcim.2c00318
Diprophylline,O=C1N(C)C(=O)c2n(CC(O)CO)cnc2N1C,1.04,10.1021/acs.jcim.2c00318
Disopyramide,O=C(N)C(CCN(C(C)C)C(C)C)(c1ncccc1)c1ccccc1,6.2,10.1021/acs.jcim.2c00318
Dofetilide,S(=O)(=O)(Nc1ccc(OCCN(CCc2ccc(NS(=O)(=O)C)cc2)C)cc1)C,2.28,10.1021/acs.jcim.2c00318
Dolasetron,O=C(OC1C[C@H]2N3C(C1)CC(C(=O)C3)C2)c1c2c([nH]c1)cccc2,26,10.1021/acs.jcim.2c00318
Doripenem,S(=O)(=O)(NC[C@H]1[NH2+]C[C@@H](SC=2[C@H](C)[C@@H]3[C@@H]([C@H](O)C)C(=O)N3C=2C(=O)[O-])C1)N,0.27,10.1021/acs.jcim.2c00318
Doxazosin,O=C(N1CCN(c2nc(N)c3c(n2)cc(OC)c(OC)c3)CC1)C1Oc2c(OC1)cccc2,3,10.1021/acs.jcim.2c00318
Doxorubicin,O=C(CO)[C@@]1(O)C[C@H](O[C@@H]2O[C@@H](C)[C@@H](O)[C@@H](N)C2)c2c(O)c3C(=O)c4c(OC)cccc4C(=O)c3c(O)c2C1,5.5,10.1021/acs.jcim.2c00318
Enoxacin,Fc1c(N2CC[NH2+]CC2)nc2N(CC)C=C(C(=O)[O-])C(=O)c2c1,1.8,10.1021/acs.jcim.2c00318
Enprofylline,O=C1N(CCC)c2nc[nH]c2C(=O)N1,0.27,10.1021/acs.jcim.2c00318
Entacapone,O=[N+]([O-])c1c(O)c(O)cc(/C=C(/C(=O)N(CC)CC)\C#N)c1,0.24,10.1021/acs.jcim.2c00318
Epirubicin,O=C(CO)[C@@]1(O)C[C@H](O[C@@H]2O[C@@H](C)[C@H](O)[C@@H](N)C2)c2c(O)c3C(=O)c4c(OC)cccc4C(=O)c3c(O)c2C1,0.17,10.1021/acs.jcim.2c00318
Eptaloprost,O=C(O)CCCOC/C=C\1/C[C@@H]2[C@@H](C#C[C@@H](O)[C@H](CC#CCC)C)[C@H](O)C[C@@H]2C/1,1.5,10.1021/acs.jcim.2c00318
Eritoran,P(=O)(O[C@H]1[C@H](OCC[C@H](OC)CCCCCCC)[C@@H](NC(=O)CCCCCCCCC/C=C\CCCCCC)[C@H](OC[C@@H]2[C@@H](O)[C@H](OCCCCCCCCCC)[C@@H](NC(=O)CC(=O)CCCCCCCCCCC)[C@@H](OP(=O)(O)O)O2)O[C@@H]1COC)(O)O,0.08,10.1021/acs.jcim.2c00318
Ertapenem,S([C@H]1C[C@@H](C(=O)Nc2cc(C(=O)O)ccc2)NC1)C=1[C@H](C)[C@@H]2[C@@H]([C@H](O)C)C(=O)N2C=1C(=O)O,0.34,10.1021/acs.jcim.2c00318
Erythromycin,O([C@@H]1[C@@H](C)[C@H](O[C@@H]2O[C@@H](C)[C@H](O)[C@@](OC)(C)C2)[C@@H](C)C(=O)O[C@H](CC)[C@](O)(C)[C@H](O)[C@@H](C)C(=O)[C@H](C)C[C@]1(O)C)[C@H]1[C@H](O)[C@@H](N(C)C)C[C@@H](C)O1,9.3,10.1021/acs.jcim.2c00318
Estradiol,O[C@@H]1[C@]2(C)[C@H]([C@H]3[C@@H](c4c(cc(O)cc4)CC3)CC2)CC1,5.9,10.1021/acs.jcim.2c00318
Ethinylestradiol,Oc1cc2c([C@@H]3[C@H]([C@H]4[C@@](C)([C@](O)(C#C)CC4)CC3)CC2)cc1,5.7,10.1021/acs.jcim.2c00318
Etomidate,O=C(OCC)c1n(C(C)c2ccccc2)cnc1,4.03,10.1021/acs.jcim.2c00318
Etoposide,O([C@H]1[C@H](O)[C@@H](O)[C@@H]2O[C@H](C)OC[C@H]2O1)[C@H]1[C@@H]2[C@@H]([C@H](c3cc(OC)c(O)c(OC)c3)c3c1cc1OCOc1c3)C(=O)OC2,0.58,10.1021/acs.jcim.2c00318
Famotidine,S(=O)(=O)(N=C(N)CCSCc1nc(N=C(N)N)sc1)N,0.8,10.1021/acs.jcim.2c00318
Felodipine,Clc1c(Cl)cccc1C1C(C(=O)OCC)=C(C)NC(C)=C1C(=O)OC,15,10.1021/acs.jcim.2c00318
Fenoterol,OC(CNC(Cc1ccc(O)cc1)C)c1cc(O)cc(O)c1,1.1,10.1021/acs.jcim.2c00318
Fentanyl,O=C(N(c1ccccc1)C1CCN(CCc2ccccc2)CC1)CC,3.8,10.1021/acs.jcim.2c00318
Flecainide,FC(F)(F)COc1c(C(=O)NCC2NCCCC2)cc(OCC(F)(F)F)cc1,6.9,10.1021/acs.jcim.2c00318
Fleroxacin,FCCN1c2c(F)c(N3CCN(C)CC3)c(F)cc2C(=O)C(C(=O)O)=C1,1.3,10.1021/acs.jcim.2c00318
Flucozole,Fc1c(C(O)(Cn2ncnc2)Cn2ncnc2)ccc(F)c1,0.97,10.1021/acs.jcim.2c00318
Flumazenil,Fc1cc2C(=O)N(C)Cc3c(C(=O)OCC)ncn3-c2cc1,1.3,10.1021/acs.jcim.2c00318
Flunitrazepam,Fc1c(C2=NCC(=O)N(C)c3c2cc([N+](=O)[O-])cc3)cccc1,3.8,10.1021/acs.jcim.2c00318
Furosemide,Clc1c(S(=O)(=O)N)cc(C(=O)O)c(NCc2occc2)c1,0.12,10.1021/acs.jcim.2c00318
Gabapentin,O=C(O)CC1(CN)CCCCC1,1.1,10.1021/acs.jcim.2c00318
Galanthamine,O(C)c1c2O[C@@H]3[C@]4(c2c(cc1)CN(C)CC4)C=C[C@H](O)C3,5.2,10.1021/acs.jcim.2c00318
Garenoxacin,FC(F)Oc1c(-c2cc3c([C@@H](C)NC3)cc2)ccc2C(=O)C(C(=O)O)=CN(C3CC3)c12,0.9,10.1021/acs.jcim.2c00318
Gatifloxacin,Fc1c(N2CC(C)[NH2+]CC2)c(OC)c2N(C3CC3)C=C(C(=O)[O-])C(=O)c2c1,2.5,10.1021/acs.jcim.2c00318
Gavestinel,Clc1c2c(/C=C/C(=O)Nc3ccccc3)c(C(=O)[O-])[nH]c2cc(Cl)c1,0.3,10.1021/acs.jcim.2c00318
Gemcitabine,FC1(F)[C@H](O)[C@@H](CO)O[C@H]1N1C(=O)N=C(N)C=C1,1,10.1021/acs.jcim.2c00318
Gentamicin,O(C1C(O)C(OC2C(O)C(NC)C(O)(C)CO2)C(N)CC1N)C1C(N)CCC(C(NC)C)O1,0.33,10.1021/acs.jcim.2c00318
Ginkgolide A,O=C1[C@@H](C)[C@@]2(O)[C@@H](O1)C[C@]13[C@@H]4OC(=O)[C@]21O[C@@H]1OC(=O)[C@H](O)[C@]31[C@H](C(C)(C)C)C4,4.3,10.1021/acs.jcim.2c00318
Ginkgolide B,O=C1[C@@H](C)[C@@]2(O)[C@H]([C@H](O)[C@]34[C@@H]5OC(=O)[C@]23O[C@@H]2OC(=O)[C@H](O)[C@]42[C@H](C(C)(C)C)C5)O1,3.5,10.1021/acs.jcim.2c00318
Glipizide,S(=O)(=O)(NC(=O)NC1CCCCC1)c1ccc(CCNC(=O)c2ncc(C)nc2)cc1,0.3,10.1021/acs.jcim.2c00318
Granisetron,O=C(NC1C[C@@H]2N(C)C(C1)CCC2)c1nn(C)c2c1cccc2,16.7,10.1021/acs.jcim.2c00318
Haloperidol,Clc1ccc(C2(O)CCN(CCCC(=O)c3ccc(F)cc3)CC2)cc1,10.4,10.1021/acs.jcim.2c00318
Hexobarbital,O=C1N(C)C(=O)NC(=O)C1(C)C1=CCCCC1,2.5,10.1021/acs.jcim.2c00318
Hydralazine,N(N)c1nncc2c1cccc2,2.76,10.1021/acs.jcim.2c00318
Hydroxychloroquine,Clc1cc2nccc(NC(CCCN(CCO)CC)C)c2cc1,14.6,10.1021/acs.jcim.2c00318
Ibuprofen,O=C(O)C(C)c1ccc(CC(C)C)cc1,0.55,10.1021/acs.jcim.2c00318
Idarubicin,O=C(C)[C@@]1(O)C[C@H](O[C@@H]2O[C@@H](C)[C@@H](O)[C@@H](N)C2)c2c(O)c3C(=O)c4c(C(=O)c3c(O)c2C1)cccc4,36.5,10.1021/acs.jcim.2c00318
Idazoxan,C1(C2Oc3c(OC2)cccc3)=NCCN1,3.1,10.1021/acs.jcim.2c00318
Ifetroban,O=C(O)CCc1c(C[C@@H]2[C@H](c3occ(C(=O)NCCCCC)n3)C3OC2CC3)cccc1,2.8,10.1021/acs.jcim.2c00318
Iloprost,O=C(O)CCC/C=C\1/C[C@@H]2[C@@H](/C=C/[C@@H](O)C(CC#CC)C)[C@H](O)C[C@@H]2C/1,0.79,10.1021/acs.jcim.2c00318
Imatinib,O=C(Nc1cc(Nc2nc(-c3cnccc3)ccn2)c(C)cc1)c1ccc(CN2CCN(C)CC2)cc1,3.1,10.1021/acs.jcim.2c00318
Imipenem,S(CC/N=C/N)C1=C(C(=O)O)N2C(=O)[C@H]([C@H](O)C)[C@H]2C1,0.24,10.1021/acs.jcim.2c00318
Imipramine,N(CCCN1c2c(cccc2)CCc2c1cccc2)(C)C,19.9,10.1021/acs.jcim.2c00318
Indivir,O=C(N[C@@H]1[C@H](O)Cc2c1cccc2)[C@@H](C[C@H](O)CN1[C@H](C(=O)NC(C)(C)C)CN(Cc2cnccc2)CC1)Cc1ccccc1,2.2,10.1021/acs.jcim.2c00318
Inogatran,O=C(O)CN[C@@H](C(=O)N1[C@H](C(=O)NCCCN=C(N)N)CCCC1)CC1CCCCC1,0.77,10.1021/acs.jcim.2c00318
Iododoxorubicin,I[C@@H]1[C@H](C)O[C@@H](O[C@@H]2c3c(O)c4C(=O)c5c(OC)cccc5C(=O)c4c(O)c3C[C@@](O)(C(=O)CO)C2)C[C@@H]1N,14,10.1021/acs.jcim.2c00318
Iohexol,Ic1c(N(C(=O)C)CC(O)CO)c(I)c(C(=O)NCC(O)CO)c(I)c1C(=O)NCC(O)CO,0.57399,10.1021/acs.jcim.2c00318
Iomeprol,Ic1c(N(C(=O)CO)C)c(I)c(C(=O)NCC(O)CO)c(I)c1C(=O)NCC(O)CO,0.22,10.1021/acs.jcim.2c00318
Iopamidol,Ic1c(NC(=O)[C@@H](O)C)c(I)c(C(=O)NC(CO)CO)c(I)c1C(=O)NC(CO)CO,0.19456,10.1021/acs.jcim.2c00318
Ipratropium,O=C(OC1CC2[N+](C(C)C)(C)C(C1)CC2)C(CO)c1ccccc1,7.5,10.1021/acs.jcim.2c00318
Irinotecan,O=C(Oc1cc2c(CC)c3c(nc2cc1)C=1N(C(=O)C2=C([C@@](O)(CC)C(=O)OC2)C=1)C3)N1CCC(N2CCCCC2)CC1,4.3,10.1021/acs.jcim.2c00318
Isoglycirrhizite,O=C(O)[C@@H]1[C@@H](O)[C@H](O)[C@@H](O[C@@H]2[C@@H](O)[C@H](O)[C@@H](O)[C@H](C(=O)O)O2)[C@@H](O[C@@H]2C(C)(C)[C@H]3[C@@](C)([C@H]4C(=O)C=C5[C@](C)([C@]4(C)CC3)CC[C@]3(C)[C@H]5C[C@](C(=O)O)(C)CC3)CC2)O1,0.25,10.1021/acs.jcim.2c00318
Isosorbide Dinitrate,O=[N+](O[C@H]1[C@H]2OC[C@H](O[N+](=O)[O-])[C@H]2OC1)[O-],2.6,10.1021/acs.jcim.2c00318
Isosorbide-5-Mononitrate,O=[N+](O[C@H]1[C@H]2OC[C@H](O)[C@H]2OC1)[O-],0.97,10.1021/acs.jcim.2c00318
Itracozole,Clc1c([C@]2(Cn3ncnc3)O[C@@H](COc3ccc(N4CCN(c5ccc(N6C(=O)N(C(CC)C)N=C6)cc5)CC4)cc3)CO2)ccc(Cl)c1,5.07,10.1021/acs.jcim.2c00318
Ketamine,Clc1c(C2(NC)C(=O)CCCC2)cccc1,3.68,10.1021/acs.jcim.2c00318
Ketanserin,Fc1ccc(C(=O)C2CCN(CCN3C(=O)Nc4c(C3=O)cccc4)CC2)cc1,0.67,10.1021/acs.jcim.2c00318
Ketoprofen,O=C(O)C(C)c1cc(C(=O)c2ccccc2)ccc1,1.19,10.1021/acs.jcim.2c00318
Ketorolac,O=C(c1n2c(C(C(=O)O)CC2)cc1)c1ccccc1,0.334,10.1021/acs.jcim.2c00318
L-692429,O=C(N[C@H]1C(=O)N(Cc2ccc(-c3c(-c4n[nH]nn4)cccc3)cc2)c2c(cccc2)CC1)CC(N)(C)C,0.15,10.1021/acs.jcim.2c00318
Lamifiban,O=C(O)COC1CCN(C(=O)[C@@H](NC(=O)c2ccc(C(=N)N)cc2)Cc2ccc(O)cc2)CC1,0.24,10.1021/acs.jcim.2c00318
Lamivudine,O=C1N([C@H]2O[C@@H](CO)SC2)C=CC(N)=N1,1.96,10.1021/acs.jcim.2c00318
lbuphine,O[C@@H]1[C@@H]2Oc3c(O)ccc4c3[C@@]32[C@](O)([C@H](N(CC2CCC2)CC3)C4)CC1,11,10.1021/acs.jcim.2c00318
Letrozole,N#Cc1ccc(C(n2ncnc2)c2ccc(C#N)cc2)cc1,2.02,10.1021/acs.jcim.2c00318
Levocabastine,Fc1ccc(C2(C#N)CCC(N3C[C@@H](C)[C@@](C(=O)O)(c4ccccc4)CC3)CC2)cc1,1.36,10.1021/acs.jcim.2c00318
Levodopa,O=C(O)[C@@H](N)Cc1cc(O)c(O)cc1,3.81,10.1021/acs.jcim.2c00318
Levonorgestrel,O=C1C=C2[C@@H]([C@@H]3[C@H]([C@H]4[C@@](CC)([C@](O)(C#C)CC4)CC3)CC2)CC1,0.74,10.1021/acs.jcim.2c00318
Lidocaine,O=C(Nc1c(C)cccc1C)CN(CC)CC,2.52,10.1021/acs.jcim.2c00318
Lorcainide,Clc1ccc(N(C(=O)Cc2ccccc2)C2CCN(C(C)C)CC2)cc1,15.7,10.1021/acs.jcim.2c00318
Lubeluzole,Fc1c(F)ccc(OC[C@@H](O)CN2CCC(N(C)c3sc4c(n3)cccc4)CC2)c1,4.24,10.1021/acs.jcim.2c00318
Maraviroc,FC1(F)CCC(C(=O)N[C@@H](CCN2[C@H]3CC(n4c(C(C)C)nnc4C)C[C@@H]2CC3)c2ccccc2)CC1,2.53,10.1021/acs.jcim.2c00318
Maxipost,Clc1cc(c(OC)cc1)[C@]1(F)C(=O)Nc2c1ccc(C(F)(F)F)c2,6.3,10.1021/acs.jcim.2c00318
Mazapertine,O=C(N1CCCCC1)c1cc(CN2CCN(c3c(OC(C)C)cccc3)CC2)ccc1,1.73,10.1021/acs.jcim.2c00318
Mebendazole,O=C(OC)Nc1[nH]c2c(n1)ccc(C(=O)c1ccccc1)c2,2.6,10.1021/acs.jcim.2c00318
Melagatran,O=C(O)CN[C@@H](C(=O)N1[C@H](C(=O)NCc2ccc(C(=N)N)cc2)CC1)C1CCCCC1,0.39,10.1021/acs.jcim.2c00318
Meloxicam,O=C(Nc1sc(C)cn1)C=1N(C)S(=O)(=O)c2c(C=1O)cccc2,0.26,10.1021/acs.jcim.2c00318
MEN-10755,O=C(CO)[C@@]1(O)C[C@H](O[C@@H]2O[C@@H](C)[C@H](O[C@@H]3O[C@@H](C)[C@@H](O)[C@@H](N)C3)[C@@H](O)C2)c2c(O)c3C(=O)c4c(C(=O)c3c(O)c2C1)cccc4,13.3,10.1021/acs.jcim.2c00318
Meperidine,O=C(OCC)C1(c2ccccc2)CCN(C)CC1,9.2,10.1021/acs.jcim.2c00318
Meptazinol,Oc1cc(C2(CC)CN(C)CCCC2)ccc1,4.4,10.1021/acs.jcim.2c00318
Meropenem,S([C@H]1C[C@@H](C(=O)N(C)C)[NH2+]C1)C=1[C@H](C)[C@@H]2[C@@H]([C@H](O)C)C(=O)N2C=1C(=O)[O-],0.14,10.1021/acs.jcim.2c00318
Metazosin,O=C(C(OC)C)N1CCN(c2nc(N)c3c(n2)cc(OC)c(OC)c3)CC1,5.9,10.1021/acs.jcim.2c00318
Metformin,N(C(N(C)C)=N)=C(N)N,0.54,10.1021/acs.jcim.2c00318
Methadone,O=C(C(CC(N(C)C)C)(c1ccccc1)c1ccccc1)CC,8.28,10.1021/acs.jcim.2c00318
Methamphetamine,N([C@H](Cc1ccccc1)C)C,9,10.1021/acs.jcim.2c00318
Methotrexate,O=C(O)[C@@H](NC(=O)c1ccc(N(Cc2nc3c(N)nc(N)nc3nc2)C)cc1)CCC(=O)O,0.16,10.1021/acs.jcim.2c00318
Methylphenidate,O=C(OC)C(c1ccccc1)C1NCCCC1,3,10.1021/acs.jcim.2c00318
Methylprednisolone,O=C(CO)[C@]1(O)[C@]2(C)[C@H]([C@H]3[C@H]([C@@H](O)C2)[C@]2(C)C([C@@H](C)C3)=CC(=O)C=C2)CC1,1.4,10.1021/acs.jcim.2c00318
Metoclopramide,Clc1c(N)cc(OC)c(C(=O)NCCN(CC)CC)c1,3.3,10.1021/acs.jcim.2c00318
Metoprolol,O(CCc1ccc(OCC(O)CNC(C)C)cc1)C,6.3,10.1021/acs.jcim.2c00318
Metronidazole,O=[N+]([O-])c1n(CCO)c(C)nc1,1.2,10.1021/acs.jcim.2c00318
Mezlocillin,S(=O)(=O)(C)N1C(=O)N(C(=O)N[C@@H](C(=O)N[C@@H]2C(=O)N3[C@@H](C(=O)O)C(C)(C)S[C@H]23)c2ccccc2)CC1,0.3,10.1021/acs.jcim.2c00318
Mibefradil,Fc1cc2c([C@H](C(C)C)[C@@](OC(=O)COC)(CCN(CCCc3[nH]c4c(n3)cccc4)C)CC2)cc1,22,10.1021/acs.jcim.2c00318
Micafungin,S(=O)(=O)(Oc1c(O)ccc([C@H](O)[C@@H](O)[C@H]2C(=O)N[C@@H]([C@H](O)CC(=O)N)C(=O)N3[C@@H]([C@@H](O)[C@@H](C)C3)C(=O)N[C@H](O)[C@H](O)C[C@H](NC(=O)c3ccc(-c4noc(-c5ccc(OCCCCC)cc5)c4)cc3)C(=O)N[C@@H]([C@H](O)C)C(=O)N3[C@H](C(=O)N2)C[C@@H](O)C3)c1)O,0.38,10.1021/acs.jcim.2c00318
Midazolam,Clc1cc2C(c3c(F)cccc3)=NCc3n(c(C)nc3)-c2cc1,2.6,10.1021/acs.jcim.2c00318
Mivacurium,O=C(OCCC[N+]1(C)[C@H](Cc2cc(OC)c(OC)c(OC)c2)c2c(cc(OC)c(OC)c2)CC1)CC/C=C/CCC(=O)OCCC[N+]1(C)[C@H](Cc2cc(OC)c(OC)c(OC)c2)c2c(cc(OC)c(OC)c2)CC1,0.65,10.1021/acs.jcim.2c00318
Morphine,O[C@@H]1[C@@H]2Oc3c(O)ccc4c3[C@@]32[C@H]([C@H](N(C)CC3)C4)C=C1,14.9,10.1021/acs.jcim.2c00318
Moxalactam,S(CC1=C(C(=O)O)N2C(=O)[C@@](OC)(NC(=O)C(C(=O)O)c3ccc(O)cc3)[C@H]2OC1)c1n(C)nnn1,0.25,10.1021/acs.jcim.2c00318
Moxifloxacin,Fc1c(N2C[C@H]3NCCC[C@H]3C2)c(OC)c2N(C3CC3)C=C(C(=O)O)C(=O)c2c1,3.6,10.1021/acs.jcim.2c00318
Moxonidine,Clc1c(NC2=NCCN2)c(OC)nc(C)n1,3.2,10.1021/acs.jcim.2c00318
Nebivolol,Fc1cc2c(OC(C(O)CNCC(O)C3Oc4c(cc(F)cc4)CC3)CC2)cc1,6.2,10.1021/acs.jcim.2c00318
Nicardipine,O=[N+]([O-])c1cc(C2C(C(=O)OCCN(Cc3ccccc3)C)=C(C)NC(C)=C2C(=O)OC)ccc1,1.9,10.1021/acs.jcim.2c00318
Nicotine,CN1[C@H](c2cnccc2)CCC1,2.77,10.1021/acs.jcim.2c00318
Nifedipine,O=[N+]([O-])c1c(C2C(C(=O)OC)=C(C)NC(C)=C2C(=O)OC)cccc1,0.27,10.1021/acs.jcim.2c00318
Nimodipine,O=[N+]([O-])c1cc(C2C(C(=O)OC(C)C)=C(C)NC(C)=C2C(=O)OCCOC)ccc1,5.5,10.1021/acs.jcim.2c00318
Nisoldipine,O=[N+]([O-])c1c(C2C(C(=O)OCC(C)C)=C(C)NC(C)=C2C(=O)OC)cccc1,0.89,10.1021/acs.jcim.2c00318
Nitrofurantoin,O=[N+]([O-])c1oc(/C=N/N2C(=O)NC(=O)C2)cc1,0.34,10.1021/acs.jcim.2c00318
Ofloxacin,Fc1c(N2CC[NH+](C)CC2)c2OCC(C)N3c2c(C(=O)C(C(=O)[O-])=C3)c1,1.42,10.1021/acs.jcim.2c00318
Oleandomycin,O=C1C2(OC2)CC(C)C(OC2C(O)C(N(C)C)CC(C)O2)C(C)C(OC2OC(C)C(O)C(OC)C2)C(C)C(=O)OC(C)C(C)C(O)C1C,6.8,10.1021/acs.jcim.2c00318
Omeprazole,[SH0](=O)(Cc1c(C)c(OC)c(C)cn1)c1[nH]c2c(n1)ccc(OC)c2,0.44,10.1021/acs.jcim.2c00318
Oseltamivir acid,O=C(N[C@H]1[C@H](OC(CC)CC)C=C(C(=O)[O-])C[C@@H]1[NH3+])C,1.3,10.1021/acs.jcim.2c00318
Oxazepam,Clc1cc2C(c3ccccc3)=NC(O)C(=O)Nc2cc1,2,10.1021/acs.jcim.2c00318
Oxycodone,O(C)c1c2O[C@H]3C(=O)CC[C@@]4(O)[C@@H]5N(C)CC[C@]34c2c(cc1)C5,2.8,10.1021/acs.jcim.2c00318
Paclitaxel,O=C(O[C@@H]1C(C)=C2[C@@H](OC(=O)C)C(=O)[C@]3(C)[C@@H](O)C[C@@H]4[C@](OC(=O)C)([C@H]3[C@H](OC(=O)c3ccccc3)[C@@](O)(C2(C)C)C1)CO4)[C@H](O)[C@@H](NC(=O)c1ccccc1)c1ccccc1,3.1,10.1021/acs.jcim.2c00318
Pamidronic acid,P(=O)(O)(O)C(P(=O)(O)[O-])(O)CC[NH3+],0.18,10.1021/acs.jcim.2c00318
Panipenem,S([C@@H]1C/[N+](=C(/N)\C)/CC1)C1=C(C(=O)[O-])N2C(=O)[C@H]([C@H](O)C)[C@H]2C1,0.2,10.1021/acs.jcim.2c00318
Pantoprazole,[SH0](=O)(Cc1c(OC)c(OC)ccn1)c1[nH]c2c(n1)ccc(OC(F)F)c2,0.35,10.1021/acs.jcim.2c00318
Pefloxacin,Fc1c(N2CCN(C)CC2)cc2N(CC)C=C(C(=O)O)C(=O)c2c1,2.79,10.1021/acs.jcim.2c00318
Pentamidine,O(CCCCCOc1ccc(C(=N)N)cc1)c1ccc(C(=N)N)cc1,10.1,10.1021/acs.jcim.2c00318
Pentobarbital,O=C1C(C(CCC)C)(CC)C(=O)NC(=O)N1,1.64,10.1021/acs.jcim.2c00318
Pentoxifylline,O=C(CCCCN1C(=O)N(C)c2ncn(C)c2C1=O)C,0.1,10.1021/acs.jcim.2c00318
Phecetin,O=C(Nc1ccc(OCC)cc1)C,2.87,10.1021/acs.jcim.2c00318
Phencyclidine,N1(C2(c3ccccc3)CCCCC2)CCCCC1,12.6,10.1021/acs.jcim.2c00318
Phenobarbital,O=C1C(CC)(c2ccccc2)C(=O)NC(=O)N1,1.02,10.1021/acs.jcim.2c00318
Pimobendan,O(C)c1ccc(-c2[nH]c3c(n2)ccc(C=2C(C)CC(=O)NN=2)c3)cc1,3.5,10.1021/acs.jcim.2c00318
Pindolol,O(CC(O)CNC(C)C)c1c2c([nH]cc2)ccc1,1.36,10.1021/acs.jcim.2c00318
Piperacillin,O=C(N[C@@H]1C(=O)N2[C@@H](C(=O)O)C(C)(C)S[C@H]12)[C@H](NC(=O)N1C(=O)C(=O)N(CC)CC1)c1ccccc1,0.39,10.1021/acs.jcim.2c00318
Pirmenol,OC(CCCN1[C@@H](C)CCC[C@H]1C)(c1ncccc1)c1ccccc1,2.6,10.1021/acs.jcim.2c00318
Pravastatin,O=C(O[C@@H]1[C@@H]2[C@@H](CC[C@@H](O)C[C@@H](O)CC(=O)O)[C@@H](C)C=CC2=C[C@@H](O)C1)[C@H](CC)C,0.19,10.1021/acs.jcim.2c00318
Prazosin,O=C(N1CCN(c2nc(N)c3c(n2)cc(OC)c(OC)c3)CC1)c1occc1,5.11,10.1021/acs.jcim.2c00318
Prednisolone,O=C(CO)[C@]1(O)[C@]2(C)[C@H]([C@H]3[C@H]([C@@H](O)C2)[C@]2(C)C(=CC(=O)C=C2)CC3)CC1,1.74,10.1021/acs.jcim.2c00318
Prednisone,O=C(CO)[C@]1(O)[C@]2(C)[C@H]([C@H]3[C@@H]([C@]4(C)C(=CC(=O)C=C4)CC3)C(=O)C2)CC1,1.3,10.1021/acs.jcim.2c00318
Procaimide,O=C(NCCN(CC)CC)c1ccc(N)cc1,4.86,10.1021/acs.jcim.2c00318
Propafenone,O=C(CCc1ccccc1)c1c(OCC(O)CNCCC)cccc1,1.4,10.1021/acs.jcim.2c00318
Propofol,Oc1c(C(C)C)cccc1C(C)C,1.37,10.1021/acs.jcim.2c00318
Propranolol,O(CC(O)CNC(C)C)c1c2c(ccc1)cccc2,4.58,10.1021/acs.jcim.2c00318
psagatran,S(=O)(=O)(N[C@H](C(=O)N(CC(=O)O)C1CC1)CC(=O)NC[C@H]1CN(C(=N)N)CCC1)c1cc2c(cc1)cccc2,0.6,10.1021/acs.jcim.2c00318
Quercetin,O=C1C(O)=C(c2cc(O)c(O)cc2)Oc2c1c(O)cc(O)c2,0.28,10.1021/acs.jcim.2c00318
Quinidine,O(C)c1cc2c([C@H](O)[C@@H]3N4C[C@H](C=C)[C@H](C3)CC4)ccnc2cc1,5.28,10.1021/acs.jcim.2c00318
Quinine,O(C)c1cc2c(C(O)C3N4CC(C=C)[C@H](C3)CC4)ccnc2cc1,6.12,10.1021/acs.jcim.2c00318
Rabeprazole,[SH0](=O)(Cc1c(C)c(OCCCOC)ccn1)c1[nH]c2c(n1)cccc2,1.04,10.1021/acs.jcim.2c00318
Ranitidine,S(CCN/C(/NC)=C/[N+](=O)[O-])Cc1oc(CN(C)C)cc1,2.87,10.1021/acs.jcim.2c00318
R-Apomorphine,Oc1c(O)ccc2c1-c1c3[C@H](N(C)CCc3ccc1)C2,2.7,10.1021/acs.jcim.2c00318
Recaim,O=C(NCCCNC(C)C)Nc1c(C)cccc1C,3.2,10.1021/acs.jcim.2c00318
Remifentanil,O=C(OC)CCN1CCC(N(C(=O)CC)c2ccccc2)(C(=O)OC)CC1,1,10.1021/acs.jcim.2c00318
Remikiren,S(=O)(=O)(C(C)(C)C)C[C@H](C(=O)N[C@H](C(=O)N[C@H]([C@@H](O)[C@@H](O)C1CC1)CC1CCCCC1)Cc1[nH]cnc1)Cc1ccccc1,4.4,10.1021/acs.jcim.2c00318
Remoxipride,Brc1c(OC)c(C(=O)NC[C@H]2N(CC)CCC2)c(OC)cc1,4.5,10.1021/acs.jcim.2c00318
Repinotan,O=S1(=O)N(CCCCNC[C@@H]2Oc3c(cccc3)CC2)C(=O)c2c1cccc2,1.48,10.1021/acs.jcim.2c00318
Ribavirin,O=C(N)c1nn([C@H]2[C@H](O)[C@H](O)[C@@H](CO)O2)cn1,11.4,10.1021/acs.jcim.2c00318
Ridogrel,FC(F)(F)c1cc(/C(=N\OCCCCC(=O)O)/c2cnccc2)ccc1,0.78,10.1021/acs.jcim.2c00318
Risperidone,Fc1cc2onc(C3CCN(CCC=4C(=O)N5C(=NC=4C)CCCC5)CC3)c2cc1,3.6,10.1021/acs.jcim.2c00318
Ritanserin,Fc1ccc(C(c2ccc(F)cc2)=C2CCN(CCC=3C(=O)N4C(SC=C4)=NC=3C)CC2)cc1,8,10.1021/acs.jcim.2c00318
Ritipenem,O=C(OCC1=C(C(=O)O)N2C(=O)[C@H]([C@H](O)C)[C@H]2S1)N,0.05,10.1021/acs.jcim.2c00318
Ro25-6833,FC(F)(F)CN1C(=O)/C(=C/C2=C(C(=O)O)N3C(=O)[C@@H](NC(=O)/C(=N\O)/c4nc(N)sc4)[C@H]3SC2)/CC1,0.15,10.1021/acs.jcim.2c00318
Romidepsin,O=C1C(C(C)C)NC(=O)/C(=C/C)/NC(=O)[C@@H]2NC(=O)C(C(C)C)NC(=O)C[C@H](O1)/C=C\CCSSC2,63.8,10.1021/acs.jcim.2c00318
Ropivacaine,O=C(Nc1c(C)cccc1C)[C@H]1N(CCC)CCCC1,3.64,10.1021/acs.jcim.2c00318
Roquinimex,O=C(N(C)c1ccccc1)C=1C(=O)N(C)c2c(C=1O)cccc2,0.32,10.1021/acs.jcim.2c00318
Rosiglitazone,O(CCN(C)c1ncccc1)c1ccc(CC2C(=O)NC(=O)S2)cc1,0.2,10.1021/acs.jcim.2c00318
Sabeluzole,Fc1ccc(OCC(O)CN2CCC(N(C)c3sc4c(n3)cccc4)CC2)cc1,5.8,10.1021/acs.jcim.2c00318
Saquivir,O=C(N[C@H]([C@H](O)CN1[C@H](C(=O)NC(C)(C)C)C[C@H]2[C@@H](C1)CCCC2)Cc1ccccc1)[C@@H](NC(=O)c1nc2c(cc1)cccc2)CC(=O)N,3,10.1021/acs.jcim.2c00318
Sch34343,S(CCOC(=O)N)C1=C(C(=O)O)N2C(=O)[C@H]([C@H](O)C)[C@H]2S1,0.14,10.1021/acs.jcim.2c00318
Selegiline,N([C@@H](Cc1ccccc1)C)(CC#C)C,44.8,10.1021/acs.jcim.2c00318
Sematilide,S(=O)(=O)(Nc1ccc(C(=O)NCCN(CC)CC)cc1)C,2.08,10.1021/acs.jcim.2c00318
Semaxanib,O=C1/C(=C\c2c(C)cc(C)[nH]2)/c2c(N1)cccc2,1.6,10.1021/acs.jcim.2c00318
Sildefil,S(=O)(=O)(N1CCN(C)CC1)c1cc(c(OCC)cc1)C1=NC(=O)c2n(C)nc(CCC)c2N1,1.1,10.1021/acs.jcim.2c00318
Sinitrodil,O=[N+](OCCN1C(=O)c2c(OC1)cccc2)[O-],1.99,10.1021/acs.jcim.2c00318
Sitagliptin,FC(F)(F)c1n2c(nn1)CN(C(=O)C[C@H](N)Cc1c(F)cc(F)c(F)c1)CC2,8.1,10.1021/acs.jcim.2c00318
Sparfloxacin,Fc1c(N2C[C@@H](C)N[C@@H](C)C2)c(F)c2N(C3CC3)C=C(C(=O)O)C(=O)c2c1N,3.5,10.1021/acs.jcim.2c00318
Sparfosic Acid,P(=O)(O)(O)CC(=O)N[C@H](C(=O)O)CC(=O)O,1.1,10.1021/acs.jcim.2c00318
Stavudine,O=C1N([C@@H]2O[C@H](CO)C=C2)C=C(C)C(=O)N1,1.09,10.1021/acs.jcim.2c00318
Sulfadiazine,S(=O)(=O)(Nc1ncccn1)c1ccc(N)cc1,0.34,10.1021/acs.jcim.2c00318
Sulfinpyrazone,[SH0](=O)(CCC1C(=O)N(N(c2ccccc2)C1=O)c1ccccc1)c1ccccc1,0.43,10.1021/acs.jcim.2c00318
Sulfisoxazole,S(=O)(=O)(Nc1c(C)c(C)no1)c1ccc(N)cc1,0.25,10.1021/acs.jcim.2c00318
Sumatriptan,S(=O)(=O)(NC)Cc1cc2c(CCN(C)C)c[nH]c2cc1,1.15,10.1021/acs.jcim.2c00318
Suramin,[S+](=O)(O)(O)c1c2c(NC(=O)c3cc(NC(=O)c4cc(NC(=O)Nc5cc(C(=O)Nc6c(C)ccc(C(=O)Nc7c8c([S+](=O)(O)O)cc(S(=O)(=O)O)cc8c(S(=O)(=O)[O-])cc7)c6)ccc5)ccc4)c(C)cc3)ccc(S(=O)(=O)[O-])c2cc(S(=O)(=O)O)c1,0.75,10.1021/acs.jcim.2c00318
Susalimod,S(=O)(=O)(Nc1c(C)cccn1)c1ccc(C#Cc2cc(C(=O)O)c(O)cc2)cc1,1.2,10.1021/acs.jcim.2c00318
Tacrolimus,O(C)[C@H]1[C@H](O)CC[C@@H](/C=C(\C)/[C@@H]2[C@H](C)[C@@H](O)CC(=O)[C@H](CC=C)/C=C(\C)/C[C@H](C)C[C@H](OC)[C@@H]3[C@@H](OC)C[C@@H](C)[C@](O)(C(=O)C(=O)N4[C@H](C(=O)O2)CCCC4)O3)C1,8.95,10.1021/acs.jcim.2c00318
Talinolol,O=C(Nc1ccc(OCC(O)CNC(C)(C)C)cc1)NC1CCCCC1,4.5,10.1021/acs.jcim.2c00318
Tamsulosin,S(=O)(=O)(N)c1c(OC)ccc(C[C@H](NCCOc2c(OCC)cccc2)C)c1,3.25,10.1021/acs.jcim.2c00318
Tebufelone,O=C(CCCC#C)c1cc(C(C)(C)C)c(O)c(C(C)(C)C)c1,7.9,10.1021/acs.jcim.2c00318
Telithromycin,O([C@@H]1[C@@H](C)C(=O)[C@@H](C)C(=O)O[C@H](CC)[C@@]2(C)OC(=O)N(CCCCn3cc(-c4cnccc4)nc3)[C@@H]2[C@@H](C)C(=O)[C@H](C)C[C@@]1(OC)C)[C@H]1[C@H](O)[C@@H](N(C)C)C[C@@H](C)O1,3.3,10.1021/acs.jcim.2c00318
Temozolomide,O=C(N)c1ncn2C(=O)N(C)N=Nc12,0.92,10.1021/acs.jcim.2c00318
Tenoxicam,O=C(Nc1ncccc1)C=1N(C)S(=O)(=O)c2c(C=1O)scc2,0.22,10.1021/acs.jcim.2c00318
Terazosin,O=C(N1CCN(c2nc(N)c3c(n2)cc(OC)c(OC)c3)CC1)C1OCCC1,2,10.1021/acs.jcim.2c00318
Terbutaline,OC(CNC(C)(C)C)c1cc(O)cc(O)c1,3.3,10.1021/acs.jcim.2c00318
Tetracycline,O=C(N)C=1C(=O)[C@@H](N(C)C)[C@H]2[C@@](O)(C=1O)C(=O)C1=C(O)c3c(O)cccc3[C@](O)(C)[C@H]1C2,2.2,10.1021/acs.jcim.2c00318
Tezosentan,S(=O)(=O)(Nc1c(Oc2c(OC)cccc2)c(OCCO)nc(-c2cc(-c3n[nH]nn3)ncc2)n1)c1ncc(C(C)C)cc1,0.27,10.1021/acs.jcim.2c00318
Theophylline,O=C1N(C)C(=O)c2[nH]cnc2N1C,0.55,10.1021/acs.jcim.2c00318
Tiagabine,O=C([O-])[C@H]1C[NH+](CCC=C(c2c(C)ccs2)c2c(C)ccs2)CCC1,2.05,10.1021/acs.jcim.2c00318
Tirofiban,S(=O)(=O)(N[C@H](C(=O)[O-])Cc1ccc(OCCCCC2CC[NH2+]CC2)cc1)CCCC,1.42,10.1021/acs.jcim.2c00318
Tobramycin,O([C@@H]1[C@@H](O)[C@H](O[C@@H]2[C@H](N)C[C@H](O)[C@@H](CN)O2)[C@@H](N)C[C@H]1N)[C@@H]1[C@H](O)[C@@H](N)[C@H](O)[C@@H](CO)O1,0.68,10.1021/acs.jcim.2c00318
Tocainide,O=C(Nc1c(C)cccc1C)C(N)C,5,10.1021/acs.jcim.2c00318
Tolbutamide,S(=O)(=O)(NC(=O)NCCCC)c1ccc(C)cc1,0.13,10.1021/acs.jcim.2c00318
Tolcapone,O=[N+]([O-])c1c(O)c(O)cc(C(=O)c2ccc(C)cc2)c1,0.21,10.1021/acs.jcim.2c00318
Tomopenem,S([C@@H]1CN(C)[C@H](C(=O)N2C[C@@H](NC(=O)CN=C(N)N)CC2)C1)C=1[C@H](C)[C@@H]2[C@@H]([C@H](O)C)C(=O)N2C=1C(=O)O,0.2,10.1021/acs.jcim.2c00318
Topotecan,O=C1[C@](O)(CC)C2=C(C(=O)N3C(c4nc5c(c(CN(C)C)c(O)cc5)cc4C3)=C2)CO1,3.08,10.1021/acs.jcim.2c00318
Torsemide,S(=O)(=O)(NC(=O)NC(C)C)c1c(Nc2cc(C)ccc2)ccnc1,0.23,10.1021/acs.jcim.2c00318
Tramadol,O(C)c1cc([C@]2(O)[C@@H](CN(C)C)CCCC2)ccc1,3.86,10.1021/acs.jcim.2c00318
Trazodone,Clc1cc(N2CCN(CCCN3C(=O)N4C(=N3)C=CC=C4)CC2)ccc1,1.76,10.1021/acs.jcim.2c00318
Triamterene,Nc1c(-c2ccccc2)nc2c(N)nc(N)nc2n1,2.2,10.1021/acs.jcim.2c00318
Triazolam,Clc1c(C2=NCc3n(c(C)nn3)-c3c2cc(Cl)cc3)cccc1,3.4,10.1021/acs.jcim.2c00318
Trimethoprim,O(C)c1c(OC)cc(Cc2c(N)nc(N)nc2)cc1OC,2.1,10.1021/acs.jcim.2c00318
Trimetrexate,O(C)c1c(OC)cc(NCc2c(C)c3c(N)nc(N)nc3cc2)cc1OC,9.2,10.1021/acs.jcim.2c00318
Trospectomycin,O=C1[C@]2(O)O[C@@H]3[C@@H](NC)[C@@H](O)[C@@H](NC)[C@H](O)[C@H]3O[C@@H]2O[C@H](CCCC)C1,4.46,10.1021/acs.jcim.2c00318
Trovafloxacin,Fc1c(N2c3nc(N4C[C@H]5C([NH3+])[C@H]5C4)c(F)cc3C(=O)C(C(=O)[O-])=C2)ccc(F)c1,0.75,10.1021/acs.jcim.2c00318
Troxacitabine,O=C1N([C@H]2O[C@@H](CO)OC2)C=CC(N)=N1,1.42,10.1021/acs.jcim.2c00318
TZP-101,Fc1ccc(C[C@@H]2C(=O)NCCCc3c(O[C@H](C)CN[C@H](C(=O)N(C)[C@H](C)C(=O)N2)C2CC2)cccc3)cc1,0.45,10.1021/acs.jcim.2c00318
UK-240 455,Clc1c(N(S(=O)(=O)C)CCO)c2NC(=O)C(=O)Nc2cc1Cl,0.4,10.1021/acs.jcim.2c00318
Valproic Acd,O=C(O)CCCCCCCCCCCCCCCCCCC,0.66,10.1021/acs.jcim.2c00318
Valspodar,O=C([C@@H](C/C=C/C)C)[C@@H]1N(C)C(=O)[C@H](C(C)C)N(C)C(=O)[C@H](CC(C)C)N(C)C(=O)[C@H](CC(C)C)N(C)C(=O)[C@@H](C)NC(=O)[C@H](C)NC(=O)[C@H](CC(C)C)N(C)C(=O)[C@H](C(C)C)NC(=O)[C@H](CC(C)C)N(C)C(=O)CN(C)C(=O)[C@H](C(C)C)NC1=O,3.9,10.1021/acs.jcim.2c00318
Vancomycin,Clc1c2Oc3c(O[C@H]4[C@H](O[C@@H]5O[C@@H](C)[C@@H](O)[C@](N)(C)C5)[C@@H](O)[C@H](O)[C@@H](CO)O4)c4Oc5c(Cl)cc([C@@H](O)[C@H]6C(=O)N[C@H](C(=O)O)c7c(c(O)cc(O)c7)-c7c(O)ccc([C@H](C(=O)N6)NC(=O)[C@H](NC(=O)[C@H](CC(=O)N)NC(=O)[C@H](NC(=O)[C@H](NC)CC(C)C)[C@H](O)c(c1)cc2)c(c3)c4)c7)cc5,0.8,10.1021/acs.jcim.2c00318
Venlafaxine,O(C)c1ccc(C(CN(C)C)C2(O)CCCCC2)cc1,6.6,10.1021/acs.jcim.2c00318
Verapamil,O(C)c1c(OC)ccc(C(C#N)(C(C)C)CCCN(CCc2cc(OC)c(OC)cc2)C)c1,2.15,10.1021/acs.jcim.2c00318
Vildagliptin,O=C(CNC12CC3(O)CC(C1)CC(C3)C2)N1[C@H](C#N)CCC1,8.6,10.1021/acs.jcim.2c00318
Vinblastine,O=C(O[C@H]1[C@](O)(C(=O)OC)[C@@H]2N(C)c3c(cc(c(OC)c3)[C@]3(C(=O)OC)c4[nH]c5c(c4CCN4C[C@](O)(CC)C[C@@H](C3)C4)cccc5)[C@@]32[C@@H]2[C@@]1(CC)C=CCN2CC3)C,11.46,10.1021/acs.jcim.2c00318
Vincristine,O=C(O[C@H]1[C@](O)(C(=O)OC)[C@@H]2N(C=O)c3c(cc(c(OC)c3)[C@]3(C(=O)OC)c4[nH]c5c(c4CCN4C[C@](O)(CC)C[C@H](C3)C4)cccc5)[C@@]32[C@@H]2[C@@]1(CC)C=CCN2CC3)C,0.41,10.1021/acs.jcim.2c00318
Voricozole,Fc1c([C@](O)([C@@H](C)c2c(F)cncn2)Cn2ncnc2)ccc(F)c1,1.78,10.1021/acs.jcim.2c00318
Vorinostat,O=C(NO)CCCCCCC(=O)Nc1ccccc1,1.6,10.1021/acs.jcim.2c00318
Warfarin,O=C(CC(c1ccccc1)C=1C(=O)Oc2c(C=1O)cccc2)C,0.24,10.1021/acs.jcim.2c00318
Zalcitabine,O=C1N([C@@H]2O[C@H](CO)CC2)C=CC(N)=N1,1,10.1021/acs.jcim.2c00318
Zaleplon,O=C(N(CC)c1cc(C=2n3ncc(C#N)c3N=CC=2)ccc1)C,1.72,10.1021/acs.jcim.2c00318
Zamivir,O=C(N[C@H]1[C@H]([C@H](O)[C@H](O)CO)OC(C(=O)[O-])=C[C@@H]1[NH+]=C(N)N)C,0.8,10.1021/acs.jcim.2c00318
Zidovudine,O=C1N([C@@H]2O[C@H](CO)[C@@H](N=[N+]=[N-])C2)C=C(C)C(=O)N1,0.86,10.1021/acs.jcim.2c00318
Zolmitriptan,O=C1OC[C@H](Cc2cc3c(CCN(C)C)c[nH]c3cc2)N1,3.53,10.1021/acs.jcim.2c00318
Zolpidem,O=C(N(C)C)Cc1c(-c2ccc(C)cc2)nc2n1C=C(C)C=C2,1.05,10.1021/acs.jcim.2c00318
CHEMBL126,Fc1c(N2CCOCC2)ccc(N2C(=O)O[C@@H](CNC(=O)C)C2)c1,0.72,10.1021/acs.jcim.2c00318
CHEMBL1928262,S(=O)(=O)(N1CCN(CC)CC1)c1cc(c(OCC)nc1)C1=Nc2c(CC)n(CCOC)nc2C(=O)N1,2.2,10.1021/acs.jcim.2c00318
CHEMBL2063869,O=C(N[C@H](C(=O)N1[C@H](C(=O)Nc2c(-c3ccccc3)nns2)CCC1)C1CCCCC1)[C@@H](NC)C,1.85,10.1021/acs.jcim.2c00318
CHEMBL351706,S(=O)(=O)(N1[C@H](Cc2ccccc2)CN(Cc2nc[nH]c2)c2c(cc(C#N)cc2)C1)c1sccc1,1.4,10.1021/acs.jcim.2c00318
CHEMBL3545252,O=C(OC(C)(C)C)N[C@H]([C@@H](O)C(=O)O[C@@H]1C(C)=C2[C@@H](O)C(=O)[C@]3(C)[C@@H](O)C[C@@H]4[C@](OC(=O)C)([C@H]3[C@H](OC(=O)c3ccccc3)[C@@](O)(C2(C)C)C1)CO4)c1ccccc1,78.8,10.1021/acs.jcim.2c00318
CHEMBL376140,O=C(Nc1c(O)c2C(=O)C3=C(O)[C@]4(O)C(=O)C(C(=O)N)=C(O)[C@@H](N(C)C)[C@@H]4C[C@@H]3Cc2c(N(C)C)c1)CNC(C)(C)C,6.119666667,10.1021/acs.jcim.2c00318
CHEMBL398110,O=C(O)[C@@H](CCCN)Cc1ncn(CCC)c1,1.9,10.1021/acs.jcim.2c00318
CHEMBL484528,Fc1c(F)cc(C[C@@H](N)C2CCN(C(=O)C3=C(C)n4nc(C)cc4N=C3)CC2)c(F)c1,2.2,10.1021/acs.jcim.2c00318
CHEMBL64360,S(=O)(=O)(C)c1c(-n2cccc2)cc(C)c(C(=O)N=C(N)N)c1,0.5,10.1021/acs.jcim.2c00318
CHEMBL939,Clc1c(F)ccc(Nc2ncnc3c2cc(OCCCN2CCOCC2)c(OC)c3)c1,6.9,10.1021/acs.jcim.2c00318
,CCN1C(C(C2=CC=C(Cl)C=C2Cl)=CC3=C1N=C(NC4=CC=C(N5CCNCC5)C(F)=C4)N=C3)=O,23.10 ,10.1021/acs.molpharmaceut.4c00406
,FC(C1=NN(C2=C(Cl)C=CC=C2Cl)C(C3=CN=C(NC(C(C)C)=O)S3)=C1)F,2.00 ,10.1021/acs.molpharmaceut.4c00406
,CN(C(OC1=CC(NC(C2(CCN(C3=NC=NC4=C3C(C)=CN4)CC2)CN)=O)=CC=C1)=O)C,6.40 ,10.1021/acs.molpharmaceut.4c00406
,CC1=CNC2=C1C(C3=CC=C(NC(N(C4=CC=CC=C4)CCO)=O)C=C3)=NC=N2,0.50 ,10.1021/acs.molpharmaceut.4c00406
,CN1C([C@@H](N2CCC3=C(C(N)=O)N(CC4=CC=CC=C4)N=C3C2=O)COC5=CC(Cl)=CC=C51)=O,1.70 ,10.1021/acs.molpharmaceut.4c00406
,C[C@@](C1=CC=C(C=NC(NC2=CC(N3CCOCC3)=NC=C2F)=C4)C4=N1)(O)C5CCN(C)CC5,9.40 ,10.1021/acs.molpharmaceut.4c00406
,O[C@@](C1CCN(C)CC1)(C)C2=NC3=CC(NC4=CC(C(F)(F)F)=NC=C4F)=NC=C3C=C2,7.30 ,10.1021/acs.molpharmaceut.4c00406
,COCc1nn(cc1C(=O)NCc1c(c(ccc1C#N)OC)F)Cc1ccc(cc1)CN1C=CC=CC1=O,0.60 ,10.1021/acs.molpharmaceut.4c00406
,COCc1nn(cc1C(=O)NCc1nccc(c1C)OC)Cc1ccc(cc1)CN1C=CC=CC1=O,0.21 ,10.1021/acs.molpharmaceut.4c00406
,COCc1nn(cc1C(=O)NCc1c(ccc(c1F)OC)F)Cc1ccc(cc1)CN1C=CC=CC1=O,0.39 ,10.1021/acs.molpharmaceut.4c00406
,COCc1nn(cc1C(=O)NCc1nccc(c1F)OC)Cc1ccc(cc1)CN1C=CC=CC1=O,0.50 ,10.1021/acs.molpharmaceut.4c00406
,COc1ccnc(c1F)CNC(=O)c1cn(nc1C(F)(F)F)Cc1ccc(cc1)CN1C=CC=CC1=O,0.31 ,10.1021/acs.molpharmaceut.4c00406
,FC(C1=CC=C(C2=NOC(CN3CC(CN4CCOCC4)CCC3)=N2)C=C1)(F)F,18.05 ,10.1021/acs.molpharmaceut.4c00406
,CCOC1=CC=CN=C1OC1=CN=CC(=C1)C1=NC=C(C=N1)C(=O)N[C@H]1CCOC1,0.90 ,10.1021/acs.molpharmaceut.4c00406
,Cn1ccnc1SC[C@H]1CCN(C[C@@H]1F)S(=O)(=O)c1ccc2c(c1)CCO2,36.60 ,10.1021/acs.molpharmaceut.4c00406
,FC(C=C(C#N)C=C1)=C1COC2=CC=CC(C3CCN(CC4=NC5=CC=C(C(O)=O)C=C5N4C[C@@H]6CCO6)CC3)=N2,0.86 ,10.1021/acs.molpharmaceut.4c00406
,O=C1C(C)(C)OC2=CC(NS(C)(=O)=O)=CC=C2N1C3=CC=C(F)C=C3,1.08 ,10.1021/acs.molpharmaceut.4c00406
,Cc1cc(cc(n1)C#Cc2ccc3c4C(=O)c5ccc(NS(=O)(=O)C)cc5C(C)(C)c4oc3c2)C(=O)NC(C)(C)C,0.59 ,10.1021/acs.molpharmaceut.4c00406
,O=C(C1=CN(C)N=C1)NC2=C(C#N)C3=C(S2)CN(C(NC4=CC=C(OC)C=C4)=O)CC3,0.40 ,10.1021/acs.molpharmaceut.4c00406
,OC(C1=C[C@@H](OC(CC)CC)[C@H](NC(C)=O)[C@@H](NCC2=C(OC)C=C(C3=CC=CS3)C=C2)C1)=O,0.19 ,10.1021/acs.molpharmaceut.4c00406
,OC(C1=C[C@@H](OC(CC)CC)[C@H](NC(C)=O)[C@@H](NCC2=C(OC)C=C(C3=CSC=C3)C=C2)C1)=O,0.18 ,10.1021/acs.molpharmaceut.4c00406
,CC(=O)N1CCC(COc2ccc(nc2)c3ccn[nH]3)CC1,0.84 ,10.1021/acs.molpharmaceut.4c00406
,O=C1NCC[C@H]1C[C@@H](C(C2=NC(C=CC=C3)=C3S2)=O)NC([C@H](CC(C)C)NC(C4=CC(C(OC)=CC=C5)=C5N4)=O)=O,3.51 ,10.1021/acs.molpharmaceut.4c00406
,O=C(C1=C2C(NC=C2)=NC(C3=CN=CS3)=C1)N[C@H]4CC[C@H](OCCOC)CC4,0.90 ,10.1021/acs.molpharmaceut.4c00406
,CC1=CC(NC2=NC=NC3=CC(OCC)=C(NC(/C=C/[C@H]4CCCN4C)=O)C=C32)=CC=C1OC5=CC6=NC=NN6C=C5,10.60 ,10.1021/acs.molpharmaceut.4c00406
,CC1=CC(NC2=NC=NC3=CC(OCC)=C(NC(/C(F)=C/[C@H]4CCCN4C)=O)C=C32)=CC=C1OC5=CC6=NC=NN6C=C5,3.55 ,10.1021/acs.molpharmaceut.4c00406
,CC1=CC(NC2=NC=NC3=CC(OCC)=C(NC(/C(F)=C\[C@H]4CCCN4C)=O)C=C32)=CC=C1OC5=CC6=NC=NN6C=C5,23.64 ,10.1021/acs.molpharmaceut.4c00406
,CCCCNC(=O)C1=C(O)C2=C(C=CS2)N(CC2=CC=CC=C2)C1=O,7.12 ,10.1021/acs.molpharmaceut.4c00406
,O=C(NCC(O)=O)C1=C(O)C2=CC=C(OC3=C(C)C=C(C(C4=CC(OC)=CC(F)=C4)=O)C=C3C)C=C2C(OC)=N1,0.72 ,10.1021/acs.molpharmaceut.4c00406
,C1(NC2=C3C=C(NCC4=CC(OC5=CC(OCO6)=C6C=C5)=CC=C4)N=C2)=C3C=CC=C1,8.08 ,10.1021/acs.molpharmaceut.4c00406
,O=C1N(C2=CN=CC=C2)C([C@H]3N(C4=NC(N)=NC(N)=C4C#N)[C@@H](C)CC3)=NC5=CC=CC(Cl)=C51,2.86 ,10.1021/acs.molpharmaceut.4c00406
,O=C1C2=CC=CC=C2N=C([C@@H]2CC[C@H](C)N2C2C(C#N)=C(N=C(N)N=2)N)N1C1C=CC=NC=1,1.66 ,10.1021/acs.molpharmaceut.4c00406
,ClC1=C(C2=C(N)N=C(N3CCC(NCC4=CC=C(C(NCC5=CC=C(/C=C/C(NO)=O)C=C5)=O)C=C4)(C)CC3)C=N2)C=CC=C1Cl,2.71 ,10.1021/acs.molpharmaceut.4c00406
,O=C(NC1=CC=C(S(=O)(N2CCC[C@H]2CN3CCOCC3)=O)C=C1)NC4=CC=C(C(F)(F)F)C=C4,16.00 ,10.1021/acs.molpharmaceut.4c00406
,O=C(NC1=CC=C(S(=O)(N2CCC[C@H]2CN3CCC(O)CC3)=O)C=C1)NC4=CC=C(C(F)(F)F)C=C4,105.00 ,10.1021/acs.molpharmaceut.4c00406
,C[C@@H]1C[C@@H](CCO1)N1C(=N)N[C@@](C)(CC1=O)c1cccc(c1Cl)Nc1ccc(nc1)C1CC1,11.70 ,10.1021/acs.molpharmaceut.4c00406
,C[C@@H]1C[C@@H](CCO1)N1C(=N)N[C@@](C)(CC1=O)c1cccc(c1Cl)NC(=O)c1cccc(c1)C#N,5.72 ,10.1021/acs.molpharmaceut.4c00406
,CC(C)C[C@](C)(N)COC(C(C(F)F)=N1)=CC=C1C2=CC=NC(C(F)F)=C2,19.60 ,10.1021/acs.molpharmaceut.4c00406
,O=C1C(N2)=C3C(C4=C1C(O)=C(C)C(O[C@]5(C)O/C=C/[C@H](OC)[C@@H](C)[C@@H](OC(C)=O)[C@H](C)[C@H](O)[C@H](C)[C@@H](O)[C@@H](C)/C=C/C=C(C)\C2=O)=C4C5=O)=NC6(CCN(CCN7C([N+]([O-])=O)=CN=C7C)CC6)N3,1.60 ,10.1021/acs.molpharmaceut.4c00406
,NC1=NN2C=CC(C3=CC(CN([C@H](C4CC4)C)C5=O)=C5C(OC(F)F)=C3)=NC2=C1C(N[C@@H]6CC[C@@](O)(C)CC6)=O,2.91 ,10.1021/acs.molpharmaceut.4c00406
,NC1=NN2C=CC(C3=CC(CN([C@H](C4CC4)C)C5=O)=C5C(OC(F)(F)F)=C3)=NC2=C1C(N[C@@H]6CC[C@@](O)(C)CC6)=O,3.03 ,10.1021/acs.molpharmaceut.4c00406
,Cc1nc(C)c(-c2ccc(OCCc3ccc(F)cc3)cc2)c(N2CCC(C)(C)CC2)c1[C@H](OC(C)(C)C)C(O)=O,1.80 ,10.1021/acs.molpharmaceut.4c00406
,CC(C)(F)C1=NC(=NO1)C12CCC(CN(C(=O)[C@H]3C[C@@](O)(C3)C(F)(F)F)C3=CC=CC(=C3)C3=CC=C(C=C3)C(C)(C)O)(CC1)CC2,5.20 ,10.1021/acs.molpharmaceut.4c00406
,C[C@@H](C1=CC=CC=C1)OC(C=C2)=CC=C2C3=CC4=C(C5=CCNCC5)N=CN=C4N3,62.50 ,10.1021/acs.molpharmaceut.4c00406
,O=C(NC1=NN(CP(OCC)(OCC)=O)C=C1)C2=CC(OC(C)C)=CC(OC3=CN=C(C(N4CCC4)=O)C=N3)=C2,0.30 ,10.1021/acs.molpharmaceut.4c00406
,O=C(C1CCCCC1)N(CC2=CC(C#N)=C(C3=CC=C(N(C)C)C=C3)C=C2)C4=CC(/C=C/C(OC)=O)=CC(F)=C4,0.70 ,10.1021/acs.molpharmaceut.4c00406
,O=C(C1CCCCC1)N(C1C=C(C=C(C=1)/C=C/C(O)=O)F)CC1C=CC(=C(C=1)C#N)C1=CC=C(C=C1)N(C)C,1.40 ,10.1021/acs.molpharmaceut.4c00406
,Oc1ccccc1C3=NNC(c2ccc(Cl)cc2)C3,11.50 ,10.1021/acs.molpharmaceut.4c00406
,Oc1ccccc1C3=NNC(c2ccc(Br)cc2)C3,17.30 ,10.1021/acs.molpharmaceut.4c00406
,CC(=O)N1CCC2=NC(OCC3=C(C)N=NN3C3=CC=C(F)C=C3)=CC=C2C1,1.36 ,10.1021/acs.molpharmaceut.4c00406
,CC(=O)N1CC2=C(C1)N=C(OCC1=C(C)N=NN1C1=CC=C(F)C=C1)C=C2,1.09 ,10.1021/acs.molpharmaceut.4c00406
,CC1=C(COC2=NC3=C(CN(CC3)C(=O)CS(C)(=O)=O)C=C2)C(=NO1)C1=CC=C(F)C=C1,1.90 ,10.1021/acs.molpharmaceut.4c00406
,CC(C)C1=NNC(C(N2CC[C@@H](NC(NC3CC3)=O)C2)=O)=C1,2.70 ,10.1021/acs.molpharmaceut.4c00406
,O=C(NC1=CC=C2NN=CC2=N1)[C@H]1CCCN1C(=O)C1(CCC1)C1=CC=C(C=C1)C#N,2.70 ,10.1021/acs.molpharmaceut.4c00406
,FC1(F)CC(C1)(C(=O)N1CCC[C@@H]1C(=O)NC1=NC2=C(NN=C2)C=C1)C1=CC=C(Cl)C=C1,4.30 ,10.1021/acs.molpharmaceut.4c00406
,F[C@@H]1C[C@@H](N(C1)C(=O)C1(CCC1)C1=CC=C(Cl)C=C1)C(=O)NC1=NC2=C(NN=C2)C=C1,2.80 ,10.1021/acs.molpharmaceut.4c00406
,F[C@@H]1C[C@@H](N(C1)C(=O)C1(CC(F)(F)C1)C1=CC=C(Cl)C=C1)C(=O)NC1=NC2=C(NN=C2)C=C1,2.00 ,10.1021/acs.molpharmaceut.4c00406
,O=C1N(CCC2=CC3=CC(C4=CN(CCCCN5)N=C4)=CN=C3C=C2)N=C(C6=CC(C(F)(F)F)=C(C5=O)C=C6)C=C1,3.47 ,10.1021/acs.molpharmaceut.4c00406
,FC(F)(F)c1c(ccc(c1Cl)-n1ccnn1)Cl,2.00 ,10.1021/acs.molpharmaceut.4c00406
,OB([C@H](CC(C)C)NC([C@H](CC1=CC=CC=C1)NC(C2=C(F)C=CC=C2F)=O)=O)O,7.70 ,10.1021/acs.molpharmaceut.4c00406
,CC1=NC2=C(N1C3=CN=C(C(C)(C)C#N)C=C3)C4=CC(C5=CC=C(C=CN6)C6=N5)=CC=C4N=C2,1.53 ,10.1021/acs.molpharmaceut.4c00406
,ClC1=CC(/C=C/C(N[C@@H](CC(N2CCN(C3=CC=CC=C3)CC2)=O)C(NC4=CC=C(C(O)=O)C=C4)=O)=O)=C(N5C=NN=N5)C=C1,0.97 ,10.1021/acs.molpharmaceut.4c00406
,OC1=C(C2=C(C3=CC=C(CN4CCOCC4)C=C3)C(C(NCC)=O)=NO2)C=C(C5=CC=C(C)C=C5)C(O)=C1,11.25 ,10.1021/acs.molpharmaceut.4c00406
,O=C1C2=C(OC)C=C(OC)C=C2N=C(C3=CC(CC(C4=CC=CC=C45)=NNC5=O)=CC=C3)N1,21.10 ,10.1021/acs.molpharmaceut.4c00406
,O(C)C1C=C(C(=C(C=1Cl)C1=CC2=C(C=C1)N=C(N[C@@H]1COCC[C@@H]1NC(C=C)=O)N=C2)Cl)OC,1.40 ,10.1021/acs.molpharmaceut.4c00406
,O=C(C(C1=C(Cl)C(OC)=CC(OC)=C1Cl)=C2)N(CC)C3=C2C=NC(C4=C(OC)C=C(N5[C@H](C6)CO[C@H]6C5)C(NC(C#CC)=O)=C4)=C3,1.10 ,10.1021/acs.molpharmaceut.4c00406
,S2C1=NC(=C([N]1C=C2)C3=CC=NC(=N3)NCCN4[S](N(CC4)C)(=O)=O)C5=CC(=CC=C5)O,0.58 ,10.1021/acs.molpharmaceut.4c00406
,CCOC(=O)c1sc(nc1O)-c1cccc(c1)F,0.26 ,10.1021/acs.molpharmaceut.4c00406
,CCn1nnc(n1)-c1sc(nc1O)-c1cccc(c1)F,0.08 ,10.1021/acs.molpharmaceut.4c00406
,CCC(=O)c1sc(nc1O)-c1cccc(c1)F,1.69 ,10.1021/acs.molpharmaceut.4c00406
,NC(C(Cl)=NC=N1)=C1NC2=C(N3CCN(C)CC3)C=C(F)C(C4=CC=C(C(N(C)C)=O)C=C4)=C2,12.20 ,10.1021/acs.molpharmaceut.4c00406
,c1c(cnc(n1)N)c2c(c(nc(n2)N3CCOCC3)N[C@]4(CCN(C4)C(=O)OCC(F)F)CO)F,3.00 ,10.1021/acs.molpharmaceut.4c00406
,c1c(cnc(n1)N)c2c(c(nc(n2)N3CCOCC3)N[C@]4(CCN(C4)C(=O)OCC(F)F)COP(=O)(O)O)F,0.34 ,10.1021/acs.molpharmaceut.4c00406
,O=C(C1=CN(C)N=C1)NC1CCC2C=C(C=CC=21)C1N=C(CC)ON=1,0.53 ,10.1021/acs.molpharmaceut.4c00406
,O=C1N(CC2=NC3=C(C=CC(CN)=C3)N2CCCC(F)(F)F)C4=CC(F)=CC=C4C15CC5,22.00 ,10.1021/acs.molpharmaceut.4c00406
,O=C1N(CC2=NC3=C(C=CC(CN)=C3)N2CCCC(F)(F)F)C4=C(F)C=CC=C4C15CC5,11.00 ,10.1021/acs.molpharmaceut.4c00406
,O=C(C1(CC1)C2=CC=CC=C2F)NC(C=C3)=NN3C4=CC=NC(F)=C4,4.00 ,10.1021/acs.molpharmaceut.4c00406
,CC(=O)NCCn(c(n1)OCC)c(c12)cc(cc2)OC,0.69 ,10.1021/acs.molpharmaceut.4c00406
,CC(=O)NCCn1c(OC)nc(c12)ccc(c2)OC,0.92 ,10.1021/acs.molpharmaceut.4c00406
,CC(=O)NCCn(c(n1)OCC)c(c12)cc(c(Cl)c2)OC,0.43 ,10.1021/acs.molpharmaceut.4c00406
,CC(=O)NCCn(c(n1)OC)c(c12)cc(c(Cl)c2)OC,0.52 ,10.1021/acs.molpharmaceut.4c00406
,CC(=O)NCCCn1c(OCC)nc(c12)ccc(c2)OC,0.58 ,10.1021/acs.molpharmaceut.4c00406
,CC(=O)NCCCn(c(n1)OC)c(c12)cc(cc2)OC,0.65 ,10.1021/acs.molpharmaceut.4c00406
,CC(=O)NCCCn(c(n1)OCC)c(c12)cc(c(Cl)c2)OC,0.32 ,10.1021/acs.molpharmaceut.4c00406
,CC(=O)NCCn1c(OC)nc(c1c23)ccc2OCC3,0.96 ,10.1021/acs.molpharmaceut.4c00406
,N(C(C)=O)CCC1=CNC2=CC=C(C=C12)OC,1.05 ,10.1021/acs.molpharmaceut.4c00406
,CC(=O)NCCn(c(n1)OC)c(c12)cc(c(Cl)c2)OC,0.56 ,10.1021/acs.molpharmaceut.4c00406
,CC(=O)NCCCn(c(n1)OCC)c(c12)cc(c(Cl)c2)OC,0.27 ,10.1021/acs.molpharmaceut.4c00406
,CC(=O)NCCn1c(OC)nc(c1c23)ccc2OCC3,1.29 ,10.1021/acs.molpharmaceut.4c00406
,FC(C(Br)=C1)=CC=C1N/C(C2=NON=C2NCCN3N=NC(C(O)C)=C3)=N\O,1.20 ,10.1021/acs.molpharmaceut.4c00406
,FC(C(Br)=C1)=CC=C1N/C(C2=NON=C2NCCN3N=NC(COCCO)=C3)=N\O,0.88 ,10.1021/acs.molpharmaceut.4c00406
,COc1cc(F)cc(c1)[C@@H](CO)NC(=O)[C@@H](C)N2Cc3ccc(cc3C2=O)c4nc(NC5CCOCC5)ncc4Cl,0.77 ,10.1021/acs.molpharmaceut.4c00406
,CN(C)C1=NC(C2=C3C=CC=NN3N=C2)=CC=N1,0.80 ,10.1021/acs.molpharmaceut.4c00406
,FC(F)(F)CN1CCN(NC2=C(C(OCC)=O)C(/C(O2)=C/C3=CNC4=C3C=CC=N4)=O)CC1,3.24 ,10.1021/acs.molpharmaceut.4c00406
,O=C(C1=C[C@H]([C@@H]([C@H](C1)NCC1=CC2=C(C=C1)SC1C=CC=CC=12)NC(C)=O)OC(CC)CC)O,0.16 ,10.1021/acs.molpharmaceut.4c00406
,FC1=C2C(C=CN(C3=C(CO)C(C4=NC(N)=NC5=C4C=C(C6=CCN(C7COC7)CC6)N5)=CC=C3)C2=O)=CC(C8CC8)=C1,3.64 ,10.1021/acs.molpharmaceut.4c00406
,C[C@@]1(N=C(N)SC=C1)C2=CC(NC(C3=NC=C(C#N)C=C3)=O)=CC=C2F,4.46 ,10.1021/acs.molpharmaceut.4c00406
,CN(C)C1=CC(N=CN=C2OC3=CC=C(NC(NCC4=CC=C(F)C=C4)=O)C=C3)=C2C=C1,1.40 ,10.1021/acs.molpharmaceut.4c00406
,CN(C)C1=CC=C2C(N=CN=C2OC3=CC=C(NC(NCC4=CC=C(C(F)(F)F)N=C4)=O)C=C3)=C1,0.60 ,10.1021/acs.molpharmaceut.4c00406
,CN(C)C1=CC2=C(C=C1)C(OC3=CC=C(NC(NC4=CC=C(OC)C=C4)=O)C=C3)=NC=N2,0.70 ,10.1021/acs.molpharmaceut.4c00406
,CN(C)C1=CC2=C(C=C1)C(OC3=CC=C(NC(NCC4=CC=C(C)N=C4)=O)C=C3)=NC=N2,1.50 ,10.1021/acs.molpharmaceut.4c00406
,CN(C)C1=CC2=C(C=C1)C(OC3=CC=C(NC(NCC4=CC=C(OC)N=C4)=O)C=C3)=NC=N2,1.40 ,10.1021/acs.molpharmaceut.4c00406
,CN1CCN(C2=CC=C(C=C2)C3=CC4=C(N5CCN(C(NC6=CC=C(Cl)C(C(F)(F)F)=C6)=O)CC5)N=CN=C4S3)CC1,5.40 ,10.1021/acs.molpharmaceut.4c00406
,O=C(C1=CC=C(S1)CN2C(C)=CC(C)=N2)NC3=CC(Cl)=C(Cl)C=C3,1.27 ,10.1021/acs.molpharmaceut.4c00406
,O=C1N(C2=CC(F)=CC=C2)C([C@H]3N(C4=NC=NC5=C4N=CN5)[C@@H](C)CC3)=NC6=CC=CC(Cl)=C61,7.16 ,10.1021/acs.molpharmaceut.4c00406
,CCS(=O)(=O)C1=CC=C(CNC(=O)C2=CC=C3N(CCF)C(CC4=CC=C(Cl)C=C4C(F)(F)F)=CC3=C2)C=C1,3.65 ,10.1021/acs.molpharmaceut.4c00406
,CCS(=O)(=O)C1=CC=C(CNC(=O)C2=CC=C3N(C(C)C)C(CC4=CC=C(Cl)C=C4C(F)(F)F)=CC3=C2)C=C1,4.48 ,10.1021/acs.molpharmaceut.4c00406
,O=C(NC1=NC=CC(C(F)(F)F)=C1)C2=CC=C(C3=C(C(N)=O)N(N)C([C@@H]4CCCCN4C(C=C)=O)=N3)C=C2,1.50 ,10.1021/acs.molpharmaceut.4c00406
,CCOC1=CC(NC(=O)NCC2=NN=C(C3=CN(C)N=C3C(F)(F)F)C(C)=C2)=CC(Cl)=N1,0.38 ,10.1021/acs.molpharmaceut.4c00406
,CCOC1=CC(NC(=O)NCC2=NN=C(C3=CN(C)N=C3C(F)(F)F)C(C)=C2)=CC(=N1)C(F)(F)F,0.35 ,10.1021/acs.molpharmaceut.4c00406
,CCOC1=C(C)C(NC(=O)NCC2=NN=C(C3=CN(C)N=C3C(F)(F)F)C(C)=C2)=CC(C)=N1,0.54 ,10.1021/acs.molpharmaceut.4c00406
,CCOCCN1C(=NC2=CC=CC(OC)=C12)C1=CN=C(C=C1)N1[C@@H](C)CC[C@@H]1C,6.00 ,10.1021/acs.molpharmaceut.4c00406
,Cl.COC1=CC=CC2=C1N(C[C@@H]1CNCCO1)C(=N2)C1=CN=C(C=C1)N1[C@@H](C)CC[C@@H]1C,6.30 ,10.1021/acs.molpharmaceut.4c00406
,CCNC(=O)C1=CC(OC)=C2N(C[C@@H]3CN(C)CCO3)C(=NC2=C1)C1=CN=C(C=C1)N1[C@@H](C)CC[C@@H]1C,2.60 ,10.1021/acs.molpharmaceut.4c00406
,COC1=C2N(C[C@@H]3CN(C)CCO3)C(=NC2=C(F)C(=C1)C(N)=O)C1=CN=C(C=C1)N1CCC[C@@H]1C,2.50 ,10.1021/acs.molpharmaceut.4c00406
,CNC(=O)C1=CC(OC)=C2N(C[C@@H]3CNCCO3)C(=NC2=C1F)C1=CN=C(C=C1)N1[C@@H](C)CC[C@@H]1C,2.80 ,10.1021/acs.molpharmaceut.4c00406
,OB1OCC2=CC=C(NC(C3=C(C)N(C4=CC=CC=N4)N=N3)=O)C=C21,0.60 ,10.1021/acs.molpharmaceut.4c00406
,Brc1cc(NCC2C(CCCC2)O)c2cn[nH]c2c1,28.05 ,10.1021/acs.molpharmaceut.4c00406
,CC(F)(F)C1=NN2C(N=C(C)C=C2NC3=CC=C(S(F)(F)(F)(F)F)C=C3)=N1,5.90 ,10.1021/acs.molpharmaceut.4c00406
,CC(NC(=O)c1[nH]cc(Cc2ccc(nc2)C(F)(F)F)c1C)c3cc(C)on3,1.00 ,10.1021/acs.molpharmaceut.4c00406
,CC(NC(=O)c1[nH]cc(Cc2ccc(nc2)C(F)(F)F)c1C)c3cn[nH]c3,1.70 ,10.1021/acs.molpharmaceut.4c00406
,CC(NC(=O)c1[nH]cc(Cc2ccc(nc2)C(F)(F)F)c1C)c3cnn(C)c3,0.87 ,10.1021/acs.molpharmaceut.4c00406
,CC(NC(=O)c1[nH]cc(c1C)C2(CC2)c3ccc(nc3)C(F)(F)F)c4nc[nH]n4,2.10 ,10.1021/acs.molpharmaceut.4c00406
,Cc1c(C2(c3ccc(C(F)(F)F)c(C#N)c3)CC2)c[nH]c1C(=O)NC(c4nc[nH]n4)C,2.10 ,10.1021/acs.molpharmaceut.4c00406
,OC(C)CCCCN1C(C2=C(N(C1=O)C)N=CN2C)=O,0.96 ,10.1021/acs.molpharmaceut.4c00406
,O=C(C1=C(N2C)N=CN1C)N(CCCCC(OC(CCCCCCC/C=C/C/C=C/CCCCC)=O)C)C2=O,2.59 ,10.1021/acs.molpharmaceut.4c00406
,O=C1C(N2C)=C(N=C2)N(C)C(N1CCCCC(C)OC(CCCCC3SSCC3)=O)=O,1.77 ,10.1021/acs.molpharmaceut.4c00406
,O=C(C1=C(N2C)N=CN1C)N(CCCCC(OC(CCCCCCC/C=C/CCCCCCCC)=O)C)C2=O,14.97 ,10.1021/acs.molpharmaceut.4c00406
,O=C(C1=C(N2C)N=CN1C)N(CCCCC(OC(CCCCCCCCCCCCCCC)=O)C)C2=O,13.77 ,10.1021/acs.molpharmaceut.4c00406
,CC1=C(COC2=CC(C)=C(CN[C@H](CO)C(O)=O)C(OCC3=CC(C#N)=CC=C3)=C2)C=CC=C1C(C=C4)=CC5=C4OCCO5,1.33 ,10.1021/acs.molpharmaceut.4c00406
,CC1=C(C(F)(F)OC2=C(Cl)C=C(CNC(CO)(CO)CO)C(OCC3=CC(C#N)=CN=C3)=C2)C=CC=C1C(C=C4)=CC5=C4OCCO5,4.18 ,10.1021/acs.molpharmaceut.4c00406
,CC1=C(C(F)(F)OC2=C(Cl)C=C(CN3CCCC[C@@]3([H])C(O)=O)C(OCC4=CC(C#N)=NC=C4)=C2)C=CC=C1C(C=C5)=CC6=C5OCCO6,5.31 ,10.1021/acs.molpharmaceut.4c00406
,CC1=C(C(F)(F)OC2=C(Cl)C=C(CN[C@@H]3C(O)O[C@H](CO)[C@@H](O)[C@@H]3O)C(OCC4=CC(C#N)=NC=C4)=C2)C=CC=C1C(C=C5)=CC6=C5OCCO6,3.92 ,10.1021/acs.molpharmaceut.4c00406
,CC1=C(C(F)(F)OC2=C(Cl)C=C(CN[C@H]([C@@H](O)[C@@H](O)[C@@H](CO)O)CO)C(OCC3=CC(C#N)=NC=C3)=C2)C=CC=C1C(C=C4)=CC5=C4OCCO5,17.97 ,10.1021/acs.molpharmaceut.4c00406
,FC(C=C(F)C=C1)=C1OC(CC2)CCN2C3=NC4=C(CN(C(C)=O)CC4)N=C3NC(C)C,3.68 ,10.1021/acs.molpharmaceut.4c00406
,FC(F)(F)C1=C2N3CCN(CC4CCC4)C(=O)C3=NC2=CC=C1,1.33 ,10.1021/acs.molpharmaceut.4c00406
,O=C1NC2=CC=C(F)C=C2/C1=C/C3=C(C)C(NC(CCN4CCCC4)=O)=CN3,0.80 ,10.1021/acs.molpharmaceut.4c00406
,CC1=C(C2=NC(OC)=C(CNCCO)C=C2)C=CC=C1C3=CC=CC=C3,78.60 ,10.1021/acs.molpharmaceut.4c00406
,O=C(C1=CC=C(N2CCN(CC)CC2)C=C1)NC3=NNC(C4=CC(N(CC5=C(Cl)C=CC=C5Cl)C=N6)=C6C=C4)=C3,6.27 ,10.1021/acs.molpharmaceut.4c00406
,C(#N)/C=C/C1=CC(C)=C(C(C)=C1)OC1=C2CSCCC2=NC(NC2C=CC(=C(C=2[H])[H])C#N)=N1,0.70 ,10.1021/acs.molpharmaceut.4c00406
,OC(=O)[C@@H](c1c(c2[n]cc3[n]c[n](c3c2)[C@@H](c2c(c(C3CC3)ccc2Cl)Cl)C)cccc1)C,1.60 ,10.1021/acs.molpharmaceut.4c00406
,O=C(CC1=CC=C(S(=O)(CC)=O)C=C1)NC2=CC=C(C3=NC(C=CC(C)=C4)=C4N3CCCCC)C=C2,1.74 ,10.1021/acs.molpharmaceut.4c00406
,O=C(CC1=CC=C(S(=O)(CC)=O)C=C1)NC2=CC=C(C3=NC(C=CC(C)=C4)=C4N3[C@@H](C)C5=CC=C(C)C=C5)C=C2,1.23 ,10.1021/acs.molpharmaceut.4c00406
,O=C(CC1=CC=C(S(=O)(CC)=O)C=C1)NC2=CC=C(C3=NC(C=CC(C(F)(F)F)=C4)=C4N3[C@H](C)C5=CC=C(F)C=C5)C=C2,1.20 ,10.1021/acs.molpharmaceut.4c00406
,O=C(CC1=CC=C(S(=O)(CC)=O)C=C1)NC2=CC=C(C3=NC(C=CC(C(F)(F)F)=C4)=C4N3[C@@H](C)C5=CC=C(F)C=C5)C=C2,1.20 ,10.1021/acs.molpharmaceut.4c00406
,O=S(OC[C@H]1[C@@H](O)C[C@H](N2N=NC3=C2N=CN=C3N[C@@H]4C5=CC=CC=C5C6(CCN(C(OC)=O)CC6)C4)C1)(N)=O,1.63 ,10.1021/acs.molpharmaceut.4c00406
,N(C1C2C=CN(C=2N=CN=1)C1C(COS(=O)(=O)N)(C1)O)[C@H]1CCC2C1=CC=CC=2,1.78 ,10.1021/acs.molpharmaceut.4c00406
,O=C(CC1=CC=CC(OCCC=CCCOC2=CC=CC(CC3=O)=C2)=C1)NC4=NN=C(CCCCC(C=C5)=NN=C5N3)S4,19.70 ,10.1021/acs.molpharmaceut.4c00406
,O=C(CC1C=CC=CN=1)NC1SC(CCCCC2=CC=C(NC(CC3=CC=CC(=C3)OC(F)(F)F)=O)N=N2)=NN=1,26.10 ,10.1021/acs.molpharmaceut.4c00406
,CC(C)OC(C=C(C1CCN(CCC(NCCOCCNC(C=C)=O)=O)CC1)C(C)=C2)=C2NC3=NC(NC4=C(S(C(C)C)(=O)=O)C=CC=C4)=C(Cl)C=N3,2.81 ,10.1021/acs.molpharmaceut.4c00406
,CC1=NC2=CC=CC=C2C(N(C3=CC(OC(C(C)C)C(NO)=O)=C(OC)C=C3)C)=N1,21.60 ,10.1021/acs.molpharmaceut.4c00406
,COC1=CC(OC)=CC(NC2=NSC3=CC=CC=C32)=C1,6.29 ,10.1021/acs.molpharmaceut.4c00406
,O=C1NC(C2=CC=C(OCC(NC3=CC=C(N4CCN(C)CC4)C(Cl)=C3)=O)C=C2)=NC5=CC(OC)=CC(OC)=C51,21.10 ,10.1021/acs.molpharmaceut.4c00406
,OC(/C=C/C1C=C(F)C([C@@H]2C3NC4C=CC=CC=4C3C[C@@H](C)N2CC(C)(C)F)=C(C=1)F)=O,0.90 ,10.1021/acs.molpharmaceut.4c00406
,O=C(C1=CC=C(C2=CC(F)=C([C@H]3N(CC(C)(F)C)[C@H](C)CC4=C3NC5=C4C=CC=C5)C(F)=C2)C=C1)O,1.40 ,10.1021/acs.molpharmaceut.4c00406
,CC1=C(N(C(C2CCCC2)=O)CC)C=C(C3=CC=C(CN4CCOCC4)C=C3)C=C1C(NCC5=C(C)C=C(C)NC5=O)=O,2.03 ,10.1021/acs.molpharmaceut.4c00406
,CC1=C(N(C(C2CC2)=O)CC)C=C(C3=CC=C(CN4CCOCC4)C=C3)C=C1C(NCC5=C(C)C=C(C)NC5=O)=O,4.80 ,10.1021/acs.molpharmaceut.4c00406
,CC1=C(N(C(C2CC2)=O)CC)C=C(C3=CC=C(N4CCN(CC)CC4)C=C3)C=C1C(NCC5=C(C)C=C(C)NC5=O)=O,9.32 ,10.1021/acs.molpharmaceut.4c00406
,CC1=C(N(C(C2CC2)=O)CC)C=C(C3=CC=C(N4CCN(CC5CC5)CC4)N=C3)C=C1C(NCC6=C(C)C=C(C)NC6=O)=O,6.50 ,10.1021/acs.molpharmaceut.4c00406
,CC1=C(N(C(C2CC2)=O)CC)C=C(C3=CC=C(N4CCN(CC5CC5)CC4)N=C3C)C=C1C(NCC6=C(C)C=C(C)NC6=O)=O,9.10 ,10.1021/acs.molpharmaceut.4c00406
,CC1=C(N(C(C2CC2)=O)CC)C=C(C3=CC(C)=C(N4CCN(CC5CC5)CC4)N=C3)C=C1C(NCC6=C(C)C=C(C)NC6=O)=O,79.55 ,10.1021/acs.molpharmaceut.4c00406
,FC1(CC2CC3=CC(OC)=C(OC)C=C3C2=O)CCN(CC4=CC=CC=C4F)CC1,6.52 ,10.1021/acs.molpharmaceut.4c00406
,FC1=CC=C(OCC(F)F)C([C@@H](C)NC2=NC3=C(C4=CN(CCO)N=C4)C=NN3C=C2)=C1,40.00 ,10.1021/acs.molpharmaceut.4c00406
,Cc1cc(cc2cn[nH]c12)C[C@@H](NC(=O)N1CCC2(CC1)OC(=O)Nc1ncccc12)C(=O)N[C@@H](CC1CCNCC1)C(=O)N1CCN(CC1)c1ccncc1,1.00 ,10.1021/acs.molpharmaceut.4c00406
,CC(C(COC1=C(Cl)C=C(CNC(C)(C)C(O)=O)C(OCC2=CC(C#N)=CC=C2)=C1)=CC=C3)=C3C4=CC=CC=C4,2.10 ,10.1021/acs.molpharmaceut.4c00406
,CC(C)[C@@H](NC(=O)c1cc(ccc1F)C(F)(F)F)C(=O)N1CCC2(CC1)N(C(=O)N(C)C2=O)c1ccc2[nH]ncc2c1,1.98 ,10.1021/acs.molpharmaceut.4c00406
,COC[C@](CO)(OC[C@H]1O[C@H]([C@H](O)[C@@H]1O)n1ncc2c(nc(nc12)Cl)NC1CCCC1)P(=O)(O)O,0.22 ,10.1021/acs.molpharmaceut.4c00406
,O=C(C(=C)F)N1CCN(C[C@@H]1CC#N)C1C2CCN(CC=2N=C(N=1)OC[C@@H]1CCCN1C)C1=CC=CC2=C1C(=CC=C2)Cl,20.70 ,10.1021/acs.molpharmaceut.4c00406
,O=C(C(C=N1)=C(NC2=CC(C(C)(C)C#N)=CC(C(C)(C#N)C)=C2)N=C1N(CCC3)C[C@H]3N)N,40.30 ,10.1021/acs.molpharmaceut.4c00406
,O=C(C(C=N1)=C(NC2=CC(C(C)C)=NC(C(C)C)=C2)N=C1N(CCC5)C[C@H]5N)N,18.50 ,10.1021/acs.molpharmaceut.4c00406
,OC(C[C@@H](C1CC1)C2=CC(OCC3CCN(C4=C(C(N(CC(C)(C)C)C5=NC(C)=CC=C5)=O)C=CC(OC)=C4)CC3)=NC=C2)=O,3.09 ,10.1021/acs.molpharmaceut.4c00406
,n1c(cc(nc1N1[C@H](CC1)C)N1C[C@H]2[C@H](C1)[C@H]2CC(O)=O)C(F)(F)F,0.20 ,10.1021/acs.molpharmaceut.4c00406
,CC1=C(C=CC=C1CNC2=CC(OCC3=CC(C#N)=CN=C3)=C(CN[C@H](CO)C(O)=O)C=C2C)C4=CC=CC=C4,2.17 ,10.1021/acs.molpharmaceut.4c00406
,O=C1CC2(CCN(C(C3=CC(C4=CC=C(C(O)=O)C=C4)=NC=C3)=O)CC2)OC5=CN(C(C)(C)C)N=C51,4.10 ,10.1021/acs.molpharmaceut.4c00406
,O=C1CC2(CCN(C(C3=CC(C4=CC=C(C(O)=O)C=C4)=NC(N(C)C)=C3)=O)CC2)CC5=C1N(C(C)C)N=C5,5.20 ,10.1021/acs.molpharmaceut.4c00406
,O=C1CC2(CCN(C(C3=CC(C4=CC=C(C(O)=O)C=C4)=NC(OC)=C3)=O)CC2)CC5=C1N(C(C)C)N=C5,7.20 ,10.1021/acs.molpharmaceut.4c00406
,COC1=CC2=C(C=C1OC)C1=CC(NCC3=CC=CC=C3)=NC(=O)N1CC2,1.27 ,10.1021/acs.molpharmaceut.4c00406
,O=C1N=C(OC[C@@H]2COCCO2)C=C2N1CCC1=C2C=CC(=C1)C#CC1CC1,1.20 ,10.1021/acs.molpharmaceut.4c00406
,O=C(O)C(N1OCC2=CC=C([N+]#[C-])C=C2)=C(C)N=C1C3=CC=CC(C#N)=C3,21.29 ,10.1021/acs.molpharmaceut.4c00406
,ClC1=CC=CC(Cl)=C1C2=NOC(C3CC3)=C2COCC4(F)CCN(C5=CC(N(C)C=C6C(O)=O)=C6C=C5)CC4,2.05 ,10.1021/acs.molpharmaceut.4c00406
,ClC1=CC=CC(F)=C1C2=NOC(C3CC3)=C2COCC4(F)CCN(C5=CC(N(C)C=C6C(O)=O)=C6C=C5)CC4,1.46 ,10.1021/acs.molpharmaceut.4c00406
,ClC1=CC=CC(F)=C1C2=NOC(C3CC3)=C2COCC4(F)CCN(C5=CC(N(CC)C=C6C(O)=O)=C6C=C5)CC4,0.81 ,10.1021/acs.molpharmaceut.4c00406
,OC(C1=CC2=C(C(F)=C1)N=C(N(C(CC3)C4)C3CC4(F)COCC5=C(C6CC6)ON=C5C7=CC=CC=C7OC(F)(F)F)S2)=O,0.84 ,10.1021/acs.molpharmaceut.4c00406
,O1C(C2CC2)=C(COC2CCN(C3C=CC4=C(C=3)N(C=C4C(O)=O)C)CC2)C(C2C(=CC=CC=2Cl)Cl)=N1,1.74 ,10.1021/acs.molpharmaceut.4c00406
,CN(N=C1)C=C1NC2=NC=CC(C3=CC=C(CNC(N4CC(OC(C)C)C4)=O)C(C)=C3)=N2,0.20 ,10.1021/acs.molpharmaceut.4c00406
,NC1=NC2=C(N=CC(F)=C2)C(N[C@](C)(CCCC)CO)=N1,1.10 ,10.1021/acs.molpharmaceut.4c00406
,C[C@H]1CN(C(CC#N)=O)[C@@]11CN(CC1)C1=C2C=CNC2=NC=N1,2.10 ,10.1021/acs.molpharmaceut.4c00406
,COc1ncc(cc1Cl)NC(=O)Nc3cnc2ccc(C#N)cc2c3N4CCOC[C@@H]4C,4.80 ,10.1021/acs.molpharmaceut.4c00406
,C[C@H]1COC[C@H](C)N1C2=C(C=NC3=CC(Cl)=NN23)NC(=O)Nc4ccnc(c4)C(F)(F)F,9.40 ,10.1021/acs.molpharmaceut.4c00406
,O=C([C@@H](CN(CC1CC1)CC1)[C@H]1NC(c1noc(-c(ccc(F)c2)c2F)c1)=O)NC1(CC1)c1ncccn1,3.60 ,10.1021/acs.molpharmaceut.4c00406
,ClC1=C2C(=CC=C1)C=C([C@H](C)NC1=C3C(NC=N3)=NC=N1)N(C1=CC=CC=C1)C2=O,1.66 ,10.1021/acs.molpharmaceut.4c00406
,FC1=C2C(=CC=C1)N=C([C@H](CC)NC1=C3C(NC=N3)=NC=N1)N(C1C=CC=CC=1)C2=O,2.49 ,10.1021/acs.molpharmaceut.4c00406
,O=C1C(C2=CC=CC=C2)=C(C(C)NC3=NC(N)=NC(N)=C3C#N)C(C4=CC=C(F)C=C4)=C5C=CC(F)=CN51,1.00 ,10.1021/acs.molpharmaceut.4c00406
,N#CCCCn1c(cc2cc(Cl)ccc12)CN3C(=O)N(c4ccncc34)C5CC5,1.50 ,10.1021/acs.molpharmaceut.4c00406
,O=C1N(Cc2nc3nc(Cl)ccc3n2CCCC(F)(F)F)c4cnccc4N1C5CC5,0.82 ,10.1021/acs.molpharmaceut.4c00406
,O=C1N(Cc2cc3cnccc3n2CCCC(F)(F)F)c4cnccc4N1C5CC5,3.30 ,10.1021/acs.molpharmaceut.4c00406
,N1C(C2C=C(C=C3C=2C2=C([C@](C)4CCCN4C/C/2=N/1)N3)F)=O,6.92 ,10.1021/acs.molpharmaceut.4c00406
,O=C(NCCO)C1=CC=CC2=C1CCN2C3=CC(CC4=CC(F)=CC(C(F)(F)F)=C4)=NC=N3,1.50 ,10.1021/acs.molpharmaceut.4c00406
,O=C(C1CC(C2=CC=CC=C2)CCN1)NC[C@H](O)CO,5.40 ,10.1021/acs.molpharmaceut.4c00406
,O=C(NCC(O)=O)C1=NC=C(C#CCOC2=CC=C(Cl)C=C2)C=C1O,2.52 ,10.1021/acs.molpharmaceut.4c00406
,CC(O)(C1=NC=CS1)C#CC2=CC=C(N3CCOCC3)C(NC4=NC=NC5=C4C=CN5)=C2,2.73 ,10.1021/acs.molpharmaceut.4c00406
,CC#C[C@]1(O)CCC2C3CCC4=CC(=O)CCC4=C3[C@H](C[C@@]21C)c1ccc(cc1)N(C)C,4.10 ,10.1021/acs.molpharmaceut.4c00406
,CN(C)c1ccc(cc1)[C@H]1C[C@@]2(C)C(CC[C@@]2(O)C#CC(C)(C)C)C2CCC3=CC(=O)CCC3=C21,4.90 ,10.1021/acs.molpharmaceut.4c00406
,CC#C[C@]1(O)CC[C@H]2[C@@H]3CCC4=CC(=O)CC[C@]4(C)[C@H]3[C@H](C[C@@]21C)c1ccc(cc1)N(C)C,4.70 ,10.1021/acs.molpharmaceut.4c00406
,O=C(N)C1=C(NCC[C@H]2C3=C(NC(C=C)=O)C=CC=C3)N2N=C1C4=CC=C(OC5=CC=CC=C5)C=C4,0.35 ,10.1021/acs.molpharmaceut.4c00406
,NC(C1=C(NCC[C@H]2C3=C(NC(C=C)=O)C=CC=C3)N2N=C1C4=CC=C(OCC5CC5)C=C4)=O,1.01 ,10.1021/acs.molpharmaceut.4c00406
,NC(C1=C(NCC[C@H]2C3=C(NC(C=C)=O)C=CC=C3)N2N=C1C4=CC=C(OC)C=C4)=O,0.83 ,10.1021/acs.molpharmaceut.4c00406
,NC(C1=C(NCC[C@H]2C3=C(NC(C=C)=O)C=CC=C3)N2N=C1C4=CC=C(Cl)C=C4)=O,1.41 ,10.1021/acs.molpharmaceut.4c00406
,NC(C1=C(NCC[C@H]2C3CCN(C(C=C)=O)CC3)N2N=C1C4=CC=C(OC5=CC=CC=C5)C=C4)=O,2.32 ,10.1021/acs.molpharmaceut.4c00406
,NC(C1=C(NCC[C@H]2C(C3)CN3C(C=C)=O)N2N=C1C4=CC=C(OC5=CC=CC=C5)C=C4)=O,2.85 ,10.1021/acs.molpharmaceut.4c00406
,NC(C1=C(NCC[C@H]2CNC(C=C)=O)N2N=C1C3=CC=C(OC4=CC=CC=C4)C=C3)=O,1.19 ,10.1021/acs.molpharmaceut.4c00406
,ClC1=CC=C(N2CC(C(O)=O)C2)C(Cl)=C1N3C(C4=CC=C(Cl)O4)=NC(CC(C)C)=C3C,3.60 ,10.1021/acs.molpharmaceut.4c00406
,ClC1=CC=C(N2CC(C(O)=O)C2)C(Cl)=C1N3C(C4=CC=C(Cl)O4)=NC(C(F)(F)F)=C3C,4.00 ,10.1021/acs.molpharmaceut.4c00406
,ClC1=CC=C(N2CC3(CC(C(O)=O)C3)C2)C(Cl)=C1N4C(C5CC5)=NC(C6(CC6)C(F)(F)F)=C4C,1.00 ,10.1021/acs.molpharmaceut.4c00406
,ClC(C=C1)=C2N1N=C([C@H]3N(C4=NC(N)=NC=C4C(C)=O)CC3)N(C5=CC=CC=C5)C2=O,1.20 ,10.1021/acs.molpharmaceut.4c00406
,CC1=NC(N2CCN(CC)CC2)=CC(NC3=NC=C(C4=CC=NC=C4)S3)=N1,10.10 ,10.1021/acs.molpharmaceut.4c00406
,OC1(CCS(=O)(=O)CC1)C(=O)N1CC[C@@]2([C@H]1CCC1=C2C=CC(=C1)C(F)(C(F)(F)F)C(F)(F)F)S(=O)(=O)C1=CC=C(F)C=C1,2.90 ,10.1021/acs.molpharmaceut.4c00406
,O=C([C@H](C(C)C)NC(OC)=O)N(CCC1)[C@@H]1C2=NC=C(N2)C3=CC4=C(C5=CC=C(C6=CN=C([C@H]7N(C([C@H](C(C)C)NC(OC)=O)=O)CCC7)N6)C=C5OCC(C)(C)CO4)C=C3,2.30 ,10.1021/acs.molpharmaceut.4c00406
,O=C([C@H](C(C)C)NC(OC)=O)N(CCC1)[C@@H]1C2=NC(Cl)=C(N2)C3=CC4=C(C5=CC=C(C6=C(Cl)N=C([C@H]7N(C([C@H](C(C)C)NC(OC)=O)=O)CCC7)N6)C=C5OCC(C)(C)CO4)C=C3,10.00 ,10.1021/acs.molpharmaceut.4c00406
,O=C([C@H](C(C)C)NC(OC)=O)N(CCC1)[C@@H]1C2=NC=C(N2)C3=CC(CC4)=C(C(S5)=C4C=C5C6=CN=C([C@H]7N(C([C@H](C(C)C)NC(OC)=O)=O)CCC7)N6)C=C3,1.10 ,10.1021/acs.molpharmaceut.4c00406
,O=C([C@H](C(C)C)NC(OC)=O)N(CCC1)[C@@H]1C2=NC=C(N2)C3=CC(C=C4)=C(C(S5)=C4C=C5C6=CN=C([C@H]7N(C([C@H](C(C)C)NC(OC)=O)=O)CCC7)N6)C=C3,2.00 ,10.1021/acs.molpharmaceut.4c00406
,O=C([C@H](C(C)C)NC(OC)=O)N(CCC1)[C@@H]1C2=NC=C(N2)C3=CC(OC4)=C(C(S5)=C4C=C5C6=CN=C([C@H]7N(C([C@H](C(C)C)NC(OC)=O)=O)CCC7)N6)C=C3,1.50 ,10.1021/acs.molpharmaceut.4c00406
,N(C)1CCN(C2C=C(C(C3C=CC4C=CC=CC=4C=3)=NN=2)C2=CC=NC=C2)CC1,3.57 ,10.1021/acs.molpharmaceut.4c00406
,N(C)1CCN(C2C=C(C(C3C=CC4C=CC=CC=4C=3)=NN=2)C2=CC=NC=C2)CC1,4.63 ,10.1021/acs.molpharmaceut.4c00406
,O=C1NC(N2CCC3(CN(CCO)C4=C3C(F)=CC(F)=C4)CC2)=NC5=C1CCCC5,0.59 ,10.1021/acs.molpharmaceut.4c00406
,O=C1NC(N2CCN(C3=CC=CC=C3OC)CC2)=NC4=C1CCCC4,58.90 ,10.1021/acs.molpharmaceut.4c00406
,N1=C(C2=CC=C(S(=O)(=O)C)C=N2)N(C2C=CC=CC=2Cl)C(/C=C/C2OC(C3C=CC(C#N)=CC=3)=NN=2)=N1,1.79 ,10.1021/acs.molpharmaceut.4c00406
,C[C@]1([C@@H](F)[C@@H](C)SC(N)=N1)C2=CC(NC(C3=NC=C(OCF)N=C3)=O)=CC=C2F,5.00 ,10.1021/acs.molpharmaceut.4c00406
,c12n(CC(=NN1c3ccccc3)c4ccc(Cl)cc4)c5c(C(=O)N(C(=O)N5C)C)n2,28.00 ,10.1021/acs.molpharmaceut.4c00406
,O=C1NC(C2=CC(NC(CN3CCN(C)CC3)=O)=CC=C2OCCC)=NC(CC)=C1CC,4.97 ,10.1021/acs.molpharmaceut.4c00406
,NC(C1=CC(F)=C(N2CCC[C@H](NC(C#CC)=O)C2)C3=C1NC(C)=C3C)=O,0.40 ,10.1021/acs.molpharmaceut.4c00406
,O=C1N(CCC(C)C)C2=CC=C(Cl)C=C2[C@]13C(N=NN4[C@H](C5=CC=C(Cl)C=C5)C)=C4NC(C3)=O,2.67 ,10.1021/acs.molpharmaceut.4c00406
,O[C@H]([C@H](F)[C@@H]1F)C2=C1C(OC3=CC(C#N)=CC(F)=C3)=CC=C2S(C)(=O)=O,1.60 ,10.1021/acs.molpharmaceut.4c00406
,BrC1=CC=CC(NC(NC2=CC(OC3=CC(SC(NC(C4CC4)=O)=N5)=C5C=C3)=CC=C2F)=O)=C1,3.49 ,10.1021/acs.molpharmaceut.4c00406
,COC=4C=C3CCN(C=O)[C@@]([H])(CC/C2=C/NC=1/C=C(/C)C=CC=12)C3=CC=4OC,1.56 ,10.1021/acs.molpharmaceut.4c00406
,O=C(CC(NC1=CC(F)=CC=C1)=O)NC2=CC(NN=C3/C=C/C4=CC=CC=N4)=C3C=C2,49.3,10.1021/acs.molpharmaceut.4c00406
,CC(=O)N1CCC(CC1)C(=O)N1N=CC[C@H]1c1ccccc1,1.7,10.1021/acs.molpharmaceut.4c00406
,O=C(C1CCN(CC1)C(=O)c1cocn1)N1N=CCC1c1ccccc1,0.98,10.1021/acs.molpharmaceut.4c00406
,O=C(C1CCN(CC1)C(=O)c1cnco1)N1N=CC[C@H]1c1ccccc1,2.1,10.1021/acs.molpharmaceut.4c00406
,O=C(C1CCN(CC1)C(=O)c1cn[nH]c1)N1N=CCC1c1ccccc1,1.6,10.1021/acs.molpharmaceut.4c00406
,O=C(C1CCN(CC1)C(=O)c1c[nH]nn1)N1N=CCC1c1ccccc1,1.3,10.1021/acs.molpharmaceut.4c00406
,Cc1nnc(o1)N1CCC(CC1)C(=O)N1N=CC[C@H]1c1ccccc1,1.6,10.1021/acs.molpharmaceut.4c00406
,Fc1cc(F)cc(c1)[C@@H]1CC=NN1C(=O)C1CCN(CC1)c1cnc(cn1)C#N,6.1,10.1021/acs.molpharmaceut.4c00406
,Fc1cc(F)cc(c1)[C@@H]1CC=NN1C(=O)C1CCN(CC1)c1cc(ncn1)C#N,4.6,10.1021/acs.molpharmaceut.4c00406
,Cc1nnc(o1)N1CCC(CC1)C(=O)N1N=CC[C@H]1c1cc(F)cc(F)c1,1.3,10.1021/acs.molpharmaceut.4c00406
,O=C(NC1=CC=C(C2=C(F)C=C(C(O)(C(F)(F)F)C(F)(F)F)C=C2)C=C1)CC3=CC=CC=C3[N+]([O-])=O,3.43,10.1021/acs.molpharmaceut.4c00406
,OC(C(F)(F)F)(C(F)(F)F)C1=CC(F)=C(C(C=C2)=CC=C2NC(CC3=CC=C(S(=O)(C)=O)C=C3)=O)C=C1,3.54,10.1021/acs.molpharmaceut.4c00406
,OC(C(F)(F)F)(C(F)(F)F)C1=CC(F)=C(C(C=C2)=CC=C2NC(CC3=CC=C(S(=O)(CC)=O)C=C3)=O)C=C1,3.94,10.1021/acs.molpharmaceut.4c00406
,CC(C)COC1=CC=C(CNC(N(C2CCN(C(CC[C@H](N)C(O)=O)=O)CC2)CC3=CC=C(F)C=C3)=O)C=C1,11.03,10.1021/acs.molpharmaceut.4c00406
,O=C1NC(N2CCC3(C(N(C)C4=C3C(F)=CC(N5C[C@H](C)O[C@H](C)C5)=C4)=O)CC2)=NC6=C1CCCN6C,1.02,10.1021/acs.molpharmaceut.4c00406
,O=C1NC(N2CCC3(CN(CCO)C4=C3C(F)=CC(F)=C4)CC2)=NC5=C1CCCC5,0.59,10.1021/acs.molpharmaceut.4c00406
,N1=C(C2=CC=C(C=N2)S(C)(=O)=O)N(C2C=CC=CC=2Cl)C(/C=C/C2=NN=C(C3=CC=C(C=C3)C#N)O2)=N1,1.79,10.1021/acs.molpharmaceut.4c00406
,CCNC(=O)c(c1)[nH]c(c12)c(=O)n(C)cc2-c3c(ccc(c3)S(=O)(=O)CC)Oc(c4C)c(C)ccc4,3.5,10.1021/acs.molpharmaceut.4c00406
,Cc1cc(cc(C)c1CCS(=O)(=O)N2CCC3(CC2)N=C(NC3=O)c4ccc(OC(F)(F)F)cc4)N5C(=O)NC(=O)C5(C)C,3.04,10.1021/acs.molpharmaceut.4c00406
,CO[C@H](C)[C@H](NC(=O)OC)C(=O)N1[C@H]2CCC[C@H]2C[C@H]1c1ncc([nH]1)-c1ccc-2c(c1)-c1ccc(cc-21)-c1cnc([nH]1)[C@@H]1C[C@@H]2CCC[C@@H]2N1C(=O)[C@@H](NC(=O)OC)[C@@H](C)OC,1.3,10.1021/acs.molpharmaceut.4c00406
,CNC(=O)c1c(oc2cc(N(Cc3ccc(B(O)O)c(F)c3)S(C)(=O)=O)c(cc12)C1CC1)-c1ccc(F)cc1,1.4,10.1021/acs.molpharmaceut.4c00406
,CNC(=O)c1c(oc2cc(N(C3CCc4c3cccc4B(O)O)S(C)(=O)=O)c(cc12)C1CC1)-c1ccc(F)cc1,3.5,10.1021/acs.molpharmaceut.4c00406
,CNC(=O)c1c(oc2cc(N3[C@H](COC3=O)c3ccc(B(O)O)c(F)c3)c(cc12)C1CC1)-c1ccc(F)cc1,1.3,10.1021/acs.molpharmaceut.4c00406
,CNC(=O)c1c(oc2cc(c(cc12)C1CC1)-n1ncnc1-c1ccc(B(O)O)c(F)c1)-c1ccc(F)cc1,0.9,10.1021/acs.molpharmaceut.4c00406
,CNC(=O)c1c(oc2cc(c(cc12)C1CC1)-n1nccc1-c1ccc(B(O)O)c(F)c1)-c1ccc(F)cc1,1.3,10.1021/acs.molpharmaceut.4c00406
,CNC(=O)c1c(oc2cc(N(c3ccc(B(O)O)c(Cl)c3)S(C)(=O)=O)c(cc12)C1CC1)-c1ccc(F)cc1,1.1,10.1021/acs.molpharmaceut.4c00406
,CNC(=O)c1c(oc2cc(N(c3cc4COB(O)c4c(Cl)c3)S(C)(=O)=O)c(cc12)C1CC1)-c1ccc(F)cc1,0.9,10.1021/acs.molpharmaceut.4c00406
,CC1=CC(/C=C/C#N)=CC(C)=C1OC2=C(SC=C3)C3=NC(NC4=CC(F)=C(C#N)C=C4)=N2,0.29,10.1021/acs.molpharmaceut.4c00406
,O=C(CN(C(O1)=O)C([C@@]21CCC3=CC(NC(NC)=O)=CC=C32)=O)N(CC4=CC=CC=C4CC5)[C@@H]5C6CC6,0.88,10.1021/acs.molpharmaceut.4c00406
,O=C(CN(C(O1)=O)C([C@@]21CCC3=CC(NC(NC)=O)=CC=C32)=O)N(CC4=CC=CC=C4CC5)[C@@H]5C(F)(F)F,1.34,10.1021/acs.molpharmaceut.4c00406
,O=C(CN(C(O1)=O)C([C@@]21CCC3=CC(C4=CN(C)N=C4)=CC=C32)=O)N(CC5=CC(F)=CC=C5OC6)[C@@H]6C(F)(F)F,4,10.1021/acs.molpharmaceut.4c00406
,O=C(CN(C(N1)=O)C([C@]21CCC3=CC(C4=CN(C)N=C4)=CC=C32)=O)N(CC5=CC(F)=CC=C5OC6)[C@@H]6C7CC7,1,10.1021/acs.molpharmaceut.4c00406
,O=C(CN(C(N1)=O)C([C@]21CCC3=CC(C4=CN(C)N=C4)=CC=C32)=O)N(CC5=CC(F)=CC=C5OC6)[C@@H]6C(F)(F)F,1.5,10.1021/acs.molpharmaceut.4c00406
,C[C@@H](COCC1)N1C2=NC(SC(C3=NNC=C3)=N4)=C4C(N5[C@H](C)COCC5)=N2,2.6,10.1021/acs.molpharmaceut.4c00406
,CC1=C(C2=CC=C(OC)C=C2)SC(C(CC)=O)=C1C3=CC=C(S(=O)(N)=O)C=C3,3,10.1021/acs.molpharmaceut.4c00406
,CC1=C(C2=CC=C(Cl)C=C2)SC(C(CC)=O)=C1C3=CC=C(S(=O)(N)=O)C=C3,4.3,10.1021/acs.molpharmaceut.4c00406
,C[C@H]1Cc2c(CN1C(=O)c3cccc(c3F)C(F)(F)F)nnn2c4ncc(F)cn4 {A1=S},2.50 ,10.1021/acs.molpharmaceut.4c00406
,O=C(C1=CC=CC(C(F)(F)F)=C1Cl)N2[C@@H](C)CC3=C(N=NN3C4=CSC=C4)C2,1.70 ,10.1021/acs.molpharmaceut.4c00406
,O=C(N1CCN[C@H](C)C1)C2=NC3=CC=C(Cl)C=C3C(NC4=NNC(C5CC5)=C4)=N2,6.43 ,10.1021/acs.molpharmaceut.4c00406
,ClC1=C(N2CC[C@@H](OC3=CC=C(N4[C@@H](CC(O)=O)[C@H](C)C(C(F)(F)F)=N4)C=C3)[C@H](C)C2)C=C(OC)N=C2,0.30 ,10.1021/acs.molpharmaceut.4c00406
,FC1=C(N2CC[C@@H](OC3=CC=C(N4[C@@H](CC(O)=O)[C@H](C)C(C(F)(F)F)=N4)C=C3)[C@H](C)C2)C=C(OCC)C=C2,0.80 ,10.1021/acs.molpharmaceut.4c00406
,FC1=C(N2CCC(OC3=CC=C(N4[C@@H](CC(O)=O)[C@H](C)C(C(F)(F)F)=N4)C=C3)CC2)C=C(OC)C=C2,0.60 ,10.1021/acs.molpharmaceut.4c00406
,O=C1C(C2=C(N(CCCN(CC)CC)C(C3=C2C=CC=C3)=O)C4=C1C=C(C)O4)=O,7.98 ,10.1021/acs.molpharmaceut.4c00406
,O=C(N1C2CCN(CC#N)CC2)C=NC3=C1C4=CC(C5=CN=C(N)C=C5)=CC=C4N=C3,16.66 ,10.1021/acs.molpharmaceut.4c00406
,Cc1nc(c2n1ncnc2N3CCC3)c4cnn(c4c5ccc(cn5)C(F)(F)F)C,3.94 ,10.1021/acs.molpharmaceut.4c00406
,N1([C@@H](CO[C@@H](C1)CC#N)c1ccccc1)c1nc2c(cc1)OCC(N2)=O,6.15 ,10.1021/acs.molpharmaceut.4c00406
,CCCCS(=O)(=O)C[C@H]1C[C@H](C1)N(c2ncnc3c2cc[nH]3)C,0.74 ,10.1021/acs.molpharmaceut.4c00406
,CCCS(=O)(=O)N[C@H]1C[C@H](C1)N(c2ncnc3c2cc[nH]3)C,1.04 ,10.1021/acs.molpharmaceut.4c00406
,CCCS(=O)(=O)N[C@H]1C[C@@H](C1)N(c2ncnc3c2cc[nH]3)C,1.42 ,10.1021/acs.molpharmaceut.4c00406
,CN([C@H]1C[C@H](C1)NS(=O)(=O)CCCC#N)c2ncnc3c2cc[nH]3,1.99 ,10.1021/acs.molpharmaceut.4c00406
,CC(C)(C)C1=CC(N2C(NC(C=C2)=O)=O)=CC(/C=C/C3=CC=C(NS(=O)(C)=O)C=C3)=C1OC,3.70 ,10.1021/acs.molpharmaceut.4c00406
,CC1(C)Cc2c(C(=O)N)c(NC(=O)c3ccn[nH]3)sc2C(C)(C)O1,4.80 ,10.1021/acs.molpharmaceut.4c00406
,O=C(CC[C@H](C(N)=O)NC([C@H](C)NC(/C=C/C1=CC=C(F)C=C1Cl)=O)=O)N[C@@H](CCCCNC(CCC(O[C@H]([C@@H](NC(OC(C)(C)C)=O)C2=CC=CC=C2)C(O[C@@H]3C(C)=C4C(C)(C)[C@@]([C@@H](OC(C5=CC=CC=C5)=O)[C@@]([C@@](CO6)(OC(C)=O)[C@@]6([H])C[C@@H]7O)([H])[C@]7(C)C([C@@H]4O)=O)(O)C3)=O)=O)=O)C(O)=O,0.07 ,10.1021/acs.molpharmaceut.4c00406
,O=C(CC[C@H](C(N)=O)NC([C@H](C)NC(/C=C/C1=CC=C(F)C=C1Cl)=O)=O)N[C@@H](CCCCNC(CCC(O[C@H]([C@@H](NC(OC(C)(C)C)=O)C2=CC=CC=C2)C(O[C@@H]3C(C)=C4C(C)(C)[C@@]([C@@H](OC(C5=CC=CC=C5)=O)[C@@]([C@@](CO6)(OC(C)=O)[C@@]6([H])C[C@@H]7O)([H])[C@]7(C)C([C@@H]4O)=O)(O)C4)=O)=O)=O)C(O)=O,0.08 ,10.1021/acs.molpharmaceut.4c00406
,O=C(CC[C@H](C(N)=O)NC([C@H](C)NC(/C=C/C1=CC=C(F)C=C1Cl)=O)=O)N[C@@H](CCCCNC(CCC(O[C@H]([C@@H](NC(OC(C)(C)C)=O)C2=CC=CC=C2)C(O[C@@H]3C(C)=C4C(C)(C)[C@@]([C@@H](OC(C5=CC=CC=C5)=O)[C@@]([C@@](CO6)(OC(C)=O)[C@@]6([H])C[C@@H]7O)([H])[C@]7(C)C([C@@H]4O)=O)(O)C5)=O)=O)=O)C(O)=O,0.10 ,10.1021/acs.molpharmaceut.4c00406
,CC(C)[C@@H]([C@@H](c1ccccc1)Oc2ccc3c(c2)cnn3c4ccc(=O)n(c4)C)NC(=O)C(C)(F)F,0.66 ,10.1021/acs.molpharmaceut.4c00406
,C[C@]12C[C@@H]([C@H]3[C@H]([C@@H]1CC[C@@]2(C(=O)CO)O)CCC4=CC(=O)C=C[C@]34C)O,1.20 ,10.1021/acs.molpharmaceut.4c00406
,CN1C=C(C=C(Nc2ccc(cn2)N2CCN(CC2)C2COC2)C1=O)c1ccnc(c1CO)N1CCn2c3c(cc2C1=O)CC(C)(C)C3,4.97 ,10.1021/acs.molpharmaceut.4c00406
,C[C@H]1CN(CCN1c1ccc(nc1)NC1=CC(=CN(C)C1=O)c1ccnc(c1CO)N1CCn2c3c(cc2C1=O)CC(C)(C)C3)C1COC1,5.42 ,10.1021/acs.molpharmaceut.4c00406
,COc1cccc(c1)C(=O)N[C@H]2C[C@]([C@H]3[C@@H]2[C@@H]3C(=O)O)(C(=O)O)N,1.17 ,10.1021/acs.molpharmaceut.4c00406
,O=[N+](C1=CN2C(OC[C@H](OC3=CC=C(OC(F)(F)F)C=C3)C2)=N1)[O-],2.70 ,10.1021/acs.molpharmaceut.4c00406
,O=[N+](C1=CN2C(OC[C@H](OC3=CC=C(C(F)(F)F)C=N3)C2)=N1)[O-],1.50 ,10.1021/acs.molpharmaceut.4c00406
,c1(c(cc2c(c1)c(c[nH]2)C(=O)O)Cl)c1ccc(cc1)C1(CCC1)O,0.85 ,10.1021/acs.molpharmaceut.4c00406
,c1(c(cc2c(c1F)c(c[nH]2)C(O)=O)F)c1ccc(cc1)[C@H]1OCCCC1,0.31 ,10.1021/acs.molpharmaceut.4c00406
,N(c1ccc(c(n1)OC)c1c(cc2c(c1)c(c[nH]2)C(O)=O)Cl)(C)C,0.10 ,10.1021/acs.molpharmaceut.4c00406
,CC1=CCC[C@H]1NC(=O)Nc1ccc(Cl)c(c1O)S(=O)(=O)C(C)(C)CF,2.20 ,10.1021/acs.molpharmaceut.4c00406
,CC1=CCC[C@H]1NC(=O)Nc1ccc(Cl)c(c1O)S(=O)(=O)[C@@]1(C)CCOC1,2.10 ,10.1021/acs.molpharmaceut.4c00406
,O=C(NC(CC(N)=O)C(NC([C@@H](C)O)C(NC(CC1=CNC2=C1C=CC=C2)C(NC(CC(N)=O)C(N3C(C(NC4CC5=CNC6=C5C=CC=C6)=O)CCC3)=O)=O)=O)=O)C(CSCC7=CC(CSCC(C(N8C(C(NC(CC9=CNC%10=C9C=CC=C%10)C(NC(CC(O)=O)C(NC(C)C(N%11C(C(NC%12CC(C)C)=O)CCC%11)=O)=O)=O)=O)CCC8)=O)NC4=O)=CC(CSCC(C(NC(C)C(N(C)CC(N(C)CC(N(C)CC(NC(CCCNC(N)=N)C(NC(CCCNC(N)=N)C(N)=O)=O)=O)=O)=O)=O)=O)NC%12=O)=C7)NC(C)=O,0.93 ,10.1021/acs.molpharmaceut.4c00406
,O=C(NC(C)CNC(CC1=CNC=N1)C(NC(CCC(N)=O)C(NC(CC(O)=O)C(NC(C(NC(C(N)=O)CSC2)=O)CC(C)C)=O)=O)=O)C3CSCC4=CC2=CC(CSCC(C(NC(C(NC(C(N5C(C(NC(C(NC(CCCCNC(N)=N)C(N3)=O)=O)CC6=CC=C(O)C=C6)=O)CC5)=O)CC7=CC=CC=C7)=O)CO)=O)NC(C)=O)=C4,0.44 ,10.1021/acs.molpharmaceut.4c00406
,CC(F)(C1=CC(F)=CC=C1C2=C(OC3=CC=C(C=C3)/C=C/C(O)=O)C4=CC=C(O)C=C4S2)F,0.90 ,10.1021/acs.molpharmaceut.4c00406
,[C@@H]1([C@]2([C@@]1(CN(C2)C(O[C@H](CO)C(F)(F)F)=O)[H])[H])c1nn(c2ccc(cc2)F)cc1,3.10 ,10.1021/acs.molpharmaceut.4c00406
,CC(C)(C(=O)O)Oc1ccc(cc1)c2cc(c(nc2)N)c3ccc(cc3)Cl,0.25 ,10.1021/acs.molpharmaceut.4c00406
,O=C(N(C)C)C1=CC2=CN=C(NC3=CC=C(NC(CCCCCCC(NO)=O)=O)C=C3)N=C2N1C4CCCC4,48.99 ,10.1021/acs.molpharmaceut.4c00406
,FC1=CN=C(NC2=NC=C3N=C([NH]C3=C2)C4=CC(=C(F)C=C4)C(F)(F)F)C=C2,2.30 ,10.1021/acs.molpharmaceut.4c00406
,FC1(F)CCC(CC1)C2=NC3=CN=C(NC4=NC=C(C=C4)C(F)(F)F)C=C3[NH]3,3.00 ,10.1021/acs.molpharmaceut.4c00406
,ONC(=O)CN(Cc1cccc(c1)C(=O)O)Cc1cccc(c2)C(=O)O,0.42 ,10.1021/acs.molpharmaceut.4c00406
,ONC(=O)CN(Cc1ccc(c(c1F)O)F)Cc1ccc(c(c2F)O)F,0.42 ,10.1021/acs.molpharmaceut.4c00406
,ONC(=O)CN(Cc1ccc(c(c1F)O)Cl)Cc1ccc(c(c2F)O)Cl,0.33 ,10.1021/acs.molpharmaceut.4c00406
,NC1=C2C(N(C[C@H](C3=C)NC(C=C)=O)C3=C2C4=CC=C(OC5=CC=CC=C5)C=C4)=NC=N1,1.30 ,10.1021/acs.molpharmaceut.4c00406
,NC1=NC=NC2=C1C(C3=CC=C(OC4=CC=CC=C4)C=C3)=C5N2C[C@H](C5=C)NC(C#CC)=O,1.39 ,10.1021/acs.molpharmaceut.4c00406
,C[S](=O)(=O)NC1=NN=C2C=C(OCC34CC5CC(CC(C5)C3)C4)C(=C[N]12)C6CC6,0.60 ,10.1021/acs.molpharmaceut.4c00406
,O=[S](=O)(NC1=NN=C2C=C(OCC34CC5CC(CC(C5)C3)C4)C(=C[N]12)C6CC6)C7CC8,0.30 ,10.1021/acs.molpharmaceut.4c00406
,C[S](=O)(=O)NC1=NN=C2C=C(COC3=CC(=CC(=C3)Cl)Cl)C(=C[N]12)C4CC5,0.60 ,10.1021/acs.molpharmaceut.4c00406
,C[S+]([O-])(=O)N1CCN(CC1)C(=O)C2=CN=C3C=CC(=CC3=C2C4=CC=C(C=C4)C5(CC7)C#N)F,0.70 ,10.1021/acs.molpharmaceut.4c00406
,C[C@](N=C1N)(CCO1)C2=CC(NC(C3=NC=C(C#N)C=C3)=O)=CC=C2F,6.10 ,10.1021/acs.molpharmaceut.4c00406
,FC1=CC=C(NC(C2=NC=C(C#N)C=C2)=O)C=C1[C@]3(N=C(N)OC(C)=C3)CF,2.20 ,10.1021/acs.molpharmaceut.4c00406
,FC1=CC=C(NC(C2=NC=C(C#N)C=C2)=O)C=C1[C@]3(N=C(N)OC(CF)=C3)C,3.40 ,10.1021/acs.molpharmaceut.4c00406
,FC1=CC=C(NC(C2=NC=C(C#N)C=C2)=O)C=C1[C@]3(N=C(N)OC(COC)=C3)C,1.50 ,10.1021/acs.molpharmaceut.4c00406
,FC1=CC=C(NC(C2=NC=C(C#N)C=C2)=O)C=C1[C@]3(N=C(N)OC(CF)=C6)C,2.93 ,10.1021/acs.molpharmaceut.4c00406
,O=C(N(C1=CN(CC(F)(F)F)N=C1)[C@@H]2C)C3=C2N=C(C4=CN=C(OC)C(OC)=C4)C=C3,32.00 ,10.1021/acs.molpharmaceut.4c00406
,C[C@@]1(N=C(N)CO[C@H]1C(F)(F)F)c2cc(ccc2F)NC(=O)c3ccc(C#N)cn3 {A1=R;A8=R},11.00 ,10.1021/acs.molpharmaceut.4c00406
,CN1C(C)=C2C(C=C(N(C3=CC=NC(NC4=CC=C(C(NC5=C(N)C=CC=C5)=O)C=C4)=N3)C)C=C2)=N1,2.06 ,10.1021/acs.molpharmaceut.4c00406
,O=C(NCC(O)=O)C1=NC=C(C2=CN(CCCC3=CC=C(Cl)C=C3)N=N2)C=C2O,2.31 ,10.1021/acs.molpharmaceut.4c00406
,C[C@](N=C1N)(CCO1)C2=CC(NC(C3=NC=C(C#N)C=C3)=O)=CC=C2F,6.10 ,10.1021/acs.molpharmaceut.4c00406
,FC1=CC=C(NC(C2=NC=C(C#N)C=C2)=O)C=C1[C@]3(C)[C@@H](F)[C@@H](CF)OC(N)=N3,4.50 ,10.1021/acs.molpharmaceut.4c00406
,C[C@]1(C2=CC(NC(C3=NC=C(C#N)C=C3)=O)=CC=C2F)N=C(N)O[C@H](CF)[C@@H]1OC,4.40 ,10.1021/acs.molpharmaceut.4c00406
,FC1=CC=C(NC(C2=NC=C(OCF)N=C2)=O)C=C1[C@]3(C)[C@@H](F)[C@@H](CF)OC(N)=N3,3.50 ,10.1021/acs.molpharmaceut.4c00406
,C[C@]1([C@@H](F)[C@](C(C)(F)F)([H])OC(N)=N1)C2=CC(NC(C3=NC=C(OCF)N=C3)=O)=CC=C2F,5.40 ,10.1021/acs.molpharmaceut.4c00406
,C[C@]1([C@@H](F)[C@](C2(CC2)F)([H])OC(N)=N1)C3=CC(NC(C4=NC=C(OCF)N=C4)=O)=CC=C3F,5.40 ,10.1021/acs.molpharmaceut.4c00406
,C[C@]1([C@@H](F)[C@]([C@@H](C)F)([H])OC(N)=N1)C2=CC(NC(C3=NC=C(OCF)N=C3)=O)=CC=C2F,6.90 ,10.1021/acs.molpharmaceut.4c00406
,C[C@@H]1CC[C@H](CC1)C2=NC3(CCN(CC3)S(=O)(=O)CCc4c(C)cc(cc4C)N(C)C(=O)N)C(=O)N2,0.40 ,10.1021/acs.molpharmaceut.4c00406
,O=C(N1CC2=NN(C3=CC(C)=NC=C3)C=C2C1)C4=C(OC(C)C)C=CC(C#N)=C4,1.83 ,10.1021/acs.molpharmaceut.4c00406
,O=C(C(N1CCN(C(C2=CC=CC=C2)=O)CC1)=O)C3=CNC4=C3C(OC)=CN=C4OC,1.10 ,10.1021/acs.molpharmaceut.4c00406
,O=C(C(N1CCN(C(C2=CC=CC=C2)=O)CC1)=O)C3=CNC4=C3C(OC)=CN=C4C5=CN=CC(N5)=O,0.18 ,10.1021/acs.molpharmaceut.4c00406
,O=C(C(N1CCN(C(C2=CC=CC=N2)=O)CC1)=O)C3=CNC4=C3C(OC)=CN=C4C5=CN=CC=N5,1.90 ,10.1021/acs.molpharmaceut.4c00406
,O=C(C(N1C[C@@H](C)N(C(C2=CC=CC=N2)=O)CC1)=O)C3=CNC4=C3C(OC)=CN=C4C5=CN=CC=N5,1.10 ,10.1021/acs.molpharmaceut.4c00406
,O=C(C(N1CCN(C(C2=CC=CC=C2)=O)CC1)=O)C3=CNC4=C3C(OC)=CN=C4OC,1.10 ,10.1021/acs.molpharmaceut.4c00406
,O=C(C(N1CCN(C(C2=CC=CC=C2)=O)CC1)=O)C3=CNC4=C3C(OC)=CN=C4N5C=NC(C)=N5,0.36 ,10.1021/acs.molpharmaceut.4c00406
,O=C(C(N1CCN(C(C2=CC=CC=C2)=O)CC1)=O)C3=CNC4=C3C(OC)=CN=C4N5N=NC=C5,0.23 ,10.1021/acs.molpharmaceut.4c00406
,O=C(C(N1C[C@@H](C)N(C(C2=CC=CC=C2)=O)CC1)=O)C3=CNC4=C3C(OC)=CN=C4N5N=NC=C5,0.49 ,10.1021/acs.molpharmaceut.4c00406
,O=C(C(N1CCN(C(C2=CC=CC=C2)=O)CC1)=O)C3=CNC4=C3C(OC)=CN=C4N5N=CN=C5,0.40 ,10.1021/acs.molpharmaceut.4c00406
,O=C(C(N1CCN(C(C2=CC=CC=C2)=O)CC1)=O)C3=CNC4=C3C(OC)=CN=C4N5N=CC=C5,0.48 ,10.1021/acs.molpharmaceut.4c00406
,O=C(C(N1CCN(C(C2=CC=CC=C2)=O)CC1)=O)C3=CNC4=C3C(OC)=CN=C4N5N=C(C)C=C5,0.23 ,10.1021/acs.molpharmaceut.4c00406
,O=C(C(N1C[C@@H](C)N(C(C2=CC=CC=C2)=O)CC1)=O)C3=CNC4=C3C(OC)=CN=C4N5N=C(C)C=C5,0.47 ,10.1021/acs.molpharmaceut.4c00406
,O=C(C(N1CCN(C(C2=CC=CC=C2)=O)CC1)=O)C3=CNC4=C3C(OC)=CN=C4N5N=C(N)C=C5,0.40 ,10.1021/acs.molpharmaceut.4c00406
,O=C(C(N1C[C@@H](C)N(C(C2=CC=CC=C2)=O)CC1)=O)C3=CNC4=C3C(OC)=CN=C4N5N=C(CO)C=C5,1.10 ,10.1021/acs.molpharmaceut.4c00406
,O=C(C(N1C[C@@H](C)N(C(C2=CC=CC=C2)=O)CC1)=O)C3=CNC4=C3C(OC)=CN=C4N5N=C(C)N=C5,0.34 ,10.1021/acs.molpharmaceut.4c00406
,O=C(C(N1CCN(C(C2=CC=CC=C2)=O)CC1)=O)C3=CNC4=C3C(OC)=CN=C4N5N=C(CC)N=C5,0.12 ,10.1021/acs.molpharmaceut.4c00406
,O=C(C(N1C[C@@H](C)N(C(C2=CC=CC=C2)=O)CC1)=O)C3=CNC4=C3C(OC)=CN=C4N5N=C(CC)N=C5,0.20 ,10.1021/acs.molpharmaceut.4c00406
,O=C(C(N1CCN(C(C2=CC=CC=C2)=O)CC1)=O)C3=CNC4=C3C(OC)=CN=C4N5N=C(N6CCOCC6)N=C5,0.26 ,10.1021/acs.molpharmaceut.4c00406
,O=C(C(N1C[C@@H](C)N(C(C2=CC=CC=C2)=O)CC1)=O)C3=CNC4=C3C(OC)=CN=C4N5N=NC(C)=C5,0.29 ,10.1021/acs.molpharmaceut.4c00406
,O=C(C1=CC(C2=CN(C)C=N2)=CN=C1O[C@@H]3[C@H](F)CN(C(CC4=CC=C(OC(F)(F)F)C=C4)=O)CC3)N,0.65 ,10.1021/acs.molpharmaceut.4c00406
,O=C(N)C1=CC=C(OCC(C)(O)C)C=C1O[C@@H]2[C@H](F)CN(C(CC3=CC=C(OC(F)(F)F)C=C3)=O)CC2,0.60 ,10.1021/acs.molpharmaceut.4c00406
,O=C(C1=CC(O[C@H]2CN(C(CC3=CC=C(OC(F)(F)F)C=C3)=O)CC2(F)F)=C(N)N=C1)NC,1.40 ,10.1021/acs.molpharmaceut.4c00406
,[H][C@]12[C@@H](CC[C@@]1(CC[C@]1(C)[C@]2([H])CC[C@]2([H])[C@@]3(C)CC=C(C4=CC=C(C=C4)C(O)=O)C(C)(C)[C@]3([H])CC[C@@]14C)C(=O)NCCC(O)=O)C(C)=C,1.10 ,10.1021/acs.molpharmaceut.4c00406
,C[C@@H]1CN(CC(=O)N2CC(C)(C)c3ncc(Cc4ccc(F)cc4)cc23)[C@@H](CN5CCOC[C@H]5C)CN2,12.00 ,10.1021/acs.molpharmaceut.4c00406
,C[C@@H]1CN(CC(=O)N2CC(C)(C)c3nc(CO)c(Cc4ccc(F)cc4)cc23)[C@@H](CN5CCOC[C@H]5C)CN2,9.30 ,10.1021/acs.molpharmaceut.4c00406
,CC#C[C@]1(O)CCC2C3CCC4=CC(=O)CCC4=C3[C@H](C[C@@]21C)c1ccc(cc1)N(C)C,4.10 ,10.1021/acs.molpharmaceut.4c00406
,CN(C)c1ccc(cc1)[C@H]1C[C@@]2(C)C(CC[C@@]2(O)C#CC(C)(C)C)C2CCC3=CC(=O)CCC3=C21,4.90 ,10.1021/acs.molpharmaceut.4c00406
,CCc1ccc(cc1)[C@H]1C[C@@]2(C)C(CC[C@@]2(O)C#CC(C)(C)C)C2CCC3=CC(=O)CCC3=C21,1.70 ,10.1021/acs.molpharmaceut.4c00406
,CC(C)N(C)c1ccc(cc1)[C@H]1C[C@@]2(C)C(CC[C@@]2(O)C#CC(C)(C)C)C2CCC3=CC(=O)CCC3=C21,4.70 ,10.1021/acs.molpharmaceut.4c00406
,CC(C)(C)C#C[C@]1(O)CCC2C3CCC4=CC(=O)CCC4=C3[C@H](C[C@@]21C)c1ccc(cc1)N1CCCC1,1.50 ,10.1021/acs.molpharmaceut.4c00406
,CC(C)(C)C#C[C@]1(O)CCC2C3CCC4=CC(=O)CCC4=C3[C@H](C[C@@]21C)c1ccc(cc1)C1(C)COC1,6.70 ,10.1021/acs.molpharmaceut.4c00406
,COC(C)(C)C#C[C@]1(O)CC[C@H]2[C@@H]3CCC4=CC(=O)CC[C@@H]4[C@H]3[C@H](C[C@@]21C)c1ccc(cc1)N(C)C,7.20 ,10.1021/acs.molpharmaceut.4c00406
,CC(C)N(C)c1ccc(cc1)[C@H]1C[C@@]2(C)[C@@H](CC[C@@]2(O)C#CC(C)(C)C)[C@@H]2CCC3=CC(=O)CC[C@@H]3[C@H]21,4.60 ,10.1021/acs.molpharmaceut.4c00406
,OC1=CC=C(OC(C2=CC=C(OC[C@H](C)N3C[C@H](C)CC3)C=C2)C(C4=CC(O)=CC=C4)=C5C)C5=C2,8.00 ,10.1021/acs.molpharmaceut.4c00406
,FC(C=C1)=CC=C1C2=C(C)C3=CC(O)=CC=C3OC2C4=CC=C(OC[C@H](C)N5C[C@H](C)CC5)C=C5,12.00 ,10.1021/acs.molpharmaceut.4c00406
,O=C(C(C1=CC=CC=C1)NC2=CC(OC)=CC(OC)=C2)C3=CNC4=C3C=CC=C4,26.00 ,10.1021/acs.molpharmaceut.4c00406
,O=C(C1=CNC2=C1C=CC=C2)C(NC3=CC(OC)=CC(OCCO)=C3)C4=CC=CC=C4,5.80 ,10.1021/acs.molpharmaceut.4c00406
,NC1=NC(NC2=CN(C)N=C2)=NC(C3=CC=CC(N(C=C4)C(C5=C4C=C(C6CC6)C=C5F)=O)=C3CO)=N3,1.10 ,10.1021/acs.molpharmaceut.4c00406
,FC(F)(F)C(OC(=O)N1CCN(CC1)Cc1ccc(cc1N1CCCC1)C(F)(F)F)C(F)(F)F,3.20 ,10.1021/acs.molpharmaceut.4c00406
,O=C1N(C2=CC=CC=C2)C([C@H](C)NC3=C(C4=CC=C(O)C(F)=C4)C(N)=NC=N3)=NN5C=CC(C)=C51,5.20 ,10.1021/acs.molpharmaceut.4c00406
,O=C1N(C2=CC=CC=C2)C([C@H](C)NC3=C(C(C4=CC(NS(N)(=O)=O)=CC5=C4C=CN5)=CN6)C6=NC=N3)=NN7C=CC(C)=C71,5.20 ,10.1021/acs.molpharmaceut.4c00406
,O[C@H]1C(F)(F)S(C2=C1C(C(F)F)=C(C=C2)OC3=CC(C#N)=CC(F)=C3)(=O)=O,3.50 ,10.1021/acs.molpharmaceut.4c00406
,FC1=CC(OC2=CC=C(S(=O)(C(F)F)=O)C3=C2CC(F)(F)[C@H]3O)=CC(C#N)=C1,5.55 ,10.1021/acs.molpharmaceut.4c00406
,FC1=CC(OC2=CC=C(S(=O)(CF)=O)C3=C2CC(F)(F)[C@H]3O)=CC(C#N)=C1,6.15 ,10.1021/acs.molpharmaceut.4c00406
,FC1=CC(OC2=CC=C(S(=O)(C)=O)C3=C2CC(F)(F)[C@H]3O)=CC(C#N)=C1,6.24 ,10.1021/acs.molpharmaceut.4c00406
,OC(C1=C[C@@H](OC(CC)CC)[C@H](NC(C)=O)[C@@H](NCC2=CC=C(SC3=CC=CC=C3)C=C2)C1)=O,3.51 ,10.1021/acs.molpharmaceut.4c00406
,C(N)(CNc(c(cc1C)c2cc1)cc(n2)N3CCS(=O)(=O)c4c(cccc4)C3)(C5)CO5,4.10 ,10.1021/acs.molpharmaceut.4c00406
,C(CN)Nc(c(c1cc2)cc2)cc(N3CCCc4c(cccc4)C3)n1,73.00 ,10.1021/acs.molpharmaceut.4c00406
,c1(C)cc(c2cc1)c(NCCN)cc(N(C3)Cc(cccc4)c4S(=O)(=O)C3)n2,17.00 ,10.1021/acs.molpharmaceut.4c00406
,c1(nc(c2c(NCCO)c1)ccc(C)c2)N3Cc(cccc4)c4S(=O)(=O)CC3,2.50 ,10.1021/acs.molpharmaceut.4c00406
,C1(CN)(COC1)Nc2c(c(nc(c2)N3CCS(=O)(=O)c4c(cccc4)C3)cc5)cc5C,20.00 ,10.1021/acs.molpharmaceut.4c00406
,CC(C)C(=O)N1CCC(CC1)c2cn(C)c3ncc(NC(=O)c4cccc(c4)C#N)c(c23)C(F)(F)F,1.40 ,10.1021/acs.molpharmaceut.4c00406
