Molecule_Name,Smiles,Rat_thalf,Source
CHEMBL186552,O=C(O)C[C@H](CCCCCCc1ccc2c(n1)NCCC2)c1cncnc1,4.5,CHEMBL 35
CHEMBL364366,Cc1nc2cc(OC[C@H](O)CN3CCN(Cc4noc(-c5ccc(C(F)(F)F)cc5)n4)C[C@@H]3C)ccc2s1,4,CHEMBL 35
CHEMBL186586,CC(=O)NC[C@@H]1CC1c1cccc2oc(CCCCc3ccccc3)cc12,3.8,CHEMBL 35
CHEMBL178309,CC(C)c1ccc(OCCCOc2ccc3c(c2)O[C@@](C)(C(=O)O)CC3)c(Cl)c1,1.3,CHEMBL 35
CHEMBL302196,C[C@@H](N)C(=O)N1CCN(CCCOc2ccc(C(=O)C3CC3)cc2)CC1,4.4,CHEMBL 35
CHEMBL361355,C[C@@H](NC(=O)c1ccco1)C(=O)N1CCN(CCCOc2ccc(C(=O)C3CC3)cc2)CC1,0.7,CHEMBL 35
CHEMBL41923,CC(COc1ccc(-c2ccc(C#N)cc2)cc1)C(=O)NO,0.3,CHEMBL 35
CHEMBL367819,N#Cc1cc(-c2ccc(Cl)cc2)c(-c2ccc(Cl)cc2Cl)nc1OCc1ccc(F)c(F)c1,3.6,CHEMBL 35
CHEMBL176075,CC[C@]1(C(=O)O)CCc2ccc(OCCCOc3ccc(C4CCCCC4)cc3Cl)cc2O1,1.2,CHEMBL 35
CHEMBL363375,N[C@@H](CC(=O)N1CCc2sc(C(F)(F)F)nc2C1)Cc1cc(F)ccc1F,2,CHEMBL 35
CHEMBL179657,CC[C@]1(C(=O)O)CCc2ccc(OCCCOc3ccc(C4CCOCC4)cc3Cl)cc2O1,0.9,CHEMBL 35
CHEMBL364804,CCOc1ccc(-c2nn3ncccc3c2-c2ccc(S(C)(=O)=O)cc2)cc1,4.1,CHEMBL 35
CHEMBL1829173,CC#C[C@@H](CC(=O)O)c1ccc(OCc2cccc(-c3ccc(C(F)(F)F)cc3)c2)cc1,7.2,CHEMBL 35
CHEMBL191638,O=C(NS(=O)(=O)Cc1ccccc1)c1cccc(C[C@@H]2CCCC=C2c2nc(-c3ccccc3)c(-c3ccccc3)o2)c1,4.4,CHEMBL 35
CHEMBL180528,C[C@@H](NC(=O)C(=O)[C@H](CCCCNC(=O)N1CCOCC1)NC(=O)OCC1(Cc2ccc(F)cc2)CCC1)c1ccccc1,1.833,CHEMBL 35
CHEMBL193303,CC(=O)NC1[C@@H](NC(=N)N)C=C(C(=O)O)O[C@H]1[C@H](O)C(O)CO,0.4,CHEMBL 35
CHEMBL307261,C[C@H]1[C@@H](O)O[C@@H]2O[C@@]3(C)CC[C@H]4[C@H](C)CC[C@@H]1[C@@]24OO3,0.3833,CHEMBL 35
CHEMBL3960231,O=C(O)CC[C@H]1CCc2cc(-c3cc(OC(F)(F)F)ccc3F)ccc2O1,1.3,CHEMBL 35
CHEMBL4527700,Cn1ncc(NC(=O)[C@@H]2C[C@@H]3C[C@@H]3C[C@H]2C(=O)c2ccc(-c3cc[nH]n3)cc2)c1C(F)(F)F,1.4,CHEMBL 35
CHEMBL4865816,C[C@H]([C@H](C(=O)Nc1cc(C[C@H](C)C(=O)O)ccc1Cl)c1ccc(Cl)cc1)C(F)(F)F,13,CHEMBL 35
CHEMBL4638471,COc1ncc2cc1NS(=O)(=O)CCN(C)Cc1ccc3c(c1)N2CCO3,1.5,CHEMBL 35
CHEMBL426433,N=C(N)c1ccc2cc(C3CC3c3ccccc3)ccc2c1,7.4,CHEMBL 35
CHEMBL136322,CC1(C)OC(=O)Nc2ccc(-c3cc(F)cc(C#N)c3)cc21,7.7,CHEMBL 35
CHEMBL192613,O=C(O)c1cccc(C[C@@H]2CCCC=C2c2nc(-c3ccccc3)c(-c3ccccc3)o2)c1,4,CHEMBL 35
CHEMBL198509,N#Cc1cccc(-c2cnnc(-c3ccccc3)c2)c1,0.6,CHEMBL 35
CHEMBL4850216,O=C(OC1CN2CCC1CC2)N1CCc2ccccc2[C@@H]1c1ccc(F)cc1,0.03167,CHEMBL 35
CHEMBL197724,O=S(=O)(c1ccc(Br)cc1)N1CC=C(C#Cc2ccccn2)CC1,1.1,CHEMBL 35
CHEMBL254779,C[C@@H]1CN(c2ncccc2Cl)CCN1c1nc2ccc(C(C)(C)C)cc2[nH]1,0.56,CHEMBL 35
CHEMBL190874,O=C(/C=C/c1ccc(C(F)(F)F)nc1N1CCCCC1)Nc1ccc2cccnc2c1,2.9,CHEMBL 35
CHEMBL186628,CCCN(Cc1c(C(F)(F)F)nc2n(-c3c(C)cc(C)cc3C)c3ccccc3n12)CC1CC1,4.1,CHEMBL 35
CHEMBL432079,C=CC[C@H](C(=O)NO)[C@@H](CC(C)C)C(=O)N[C@@H](Cc1ccccc1)C(=O)NC,0.35,CHEMBL 35
CHEMBL4792453,CC(C)C[C@@H]1NC(=O)[C@@H](NC(=O)[C@H](C)NC(=O)[C@H](Cc2ccc(O)cc2)NC(=O)[C@H](Cc2ccc(O)cc2)NC(=O)[C@H](CCCNC(=N)N)NC(=O)[C@H](CC(N)=O)NC(=O)[C@H](Cc2c[nH]c3ccccc23)NC(=O)[C@H](CCC(=O)O)NC(=O)[C@H](CCC(=O)O)NC(=O)[C@@H]2CCCN2C(=O)[C@H](CO)NC(=O)[C@H](C)NC(=O)[C@H](CC(=O)O)NC(=O)[C@H](CCCCN)NC(=O)CNC(=O)[C@@H]2CCCN2C(=O)[C@H](C)NC(=O)[C@H](CCC(=O)O)NC(=O)[C@@H]2CCCN2C(=O)[C@H](CCCCN)NC(=O)[C@@H]2CCCN2)CSCC(=O)NCCC[C@@H](C(=O)NCCOCCOCCOCCNC(=O)CCCCCCCCCCCCCCCCC(=O)O)NC(=O)CSC[C@@H](C(=O)N[C@@H](CC(C)C)C(=O)N[C@H](C(=O)N[C@@H](CCCNC(=N)N)C(=O)N[C@@H](CCC(N)=O)C(=O)N[C@@H](CCCNC(=N)N)C(=O)N[C@@H](Cc2ccc(O)cc2)C(N)=O)[C@@H](C)O)NC(=O)[C@H](CC(N)=O)NC(=O)[C@H](CC(C)C)NC(=O)[C@H](Cc2ccc(O)cc2)NC(=O)[C@H](Cc2cnc[nH]2)NC(=O)[C@H](CCCNC(=N)N)NC1=O,4.5,CHEMBL 35
CHEMBL4473211,Cc1noc2ccc(Nc3n[nH]c4ncccc34)cc12,1.778,CHEMBL 35
CHEMBL363387,O=C(O)Cn1cc(Cc2nc3c(F)c(F)cc(F)c3s2)c2ccccc21,5.04,CHEMBL 35
CHEMBL4449727,O=C1CN(c2cn[nH]c(=O)c2Cl)CCN1Cc1ccc(F)cc1C(F)(F)F,1.05,CHEMBL 35
CHEMBL191247,O=C(/C=C/c1ccc(C(F)(F)F)nc1N1CCOCC1)Nc1ccc2cccnc2c1,0.9,CHEMBL 35
CHEMBL362909,CCN(CC)C1CCN(C(=O)Cn2c(-c3ccc(Cl)cc3)c(C3CCCCC3)c3ccc(C(=O)O)cc32)CC1,3.1,CHEMBL 35
CHEMBL4569479,CCC(C)(CN)c1cccc(-c2ccnc3[nH]nc(C(F)(F)F)c23)c1,1.8,CHEMBL 35
CHEMBL4640438,O=C(N[C@H]1CN(S(=O)(=O)c2ccccc2)C[C@@H]1C(=O)N[C@H]1CCCNC1)c1cc(-c2ccccc2)on1,10,CHEMBL 35
CHEMBL180019,CC(C)Cc1ccc(OCCCOc2ccc3c(c2)O[C@@](C)(C(=O)O)CC3)c(Cl)c1,2.9,CHEMBL 35
CHEMBL361801,C[C@@H]1CCCN1CCc1cc2cc(-c3cccc(C#N)c3)ccc2o1,4.3,CHEMBL 35
CHEMBL187289,Cc1ncc([C@@H](CCCCCCc2ccc3c(n2)NCCC3)CC(=O)O)cn1,5.1,CHEMBL 35
CHEMBL196643,C(#Cc1ccccn1)C1=CCCCC1,3.9,CHEMBL 35
CHEMBL178950,C[C@@H]1CCCN1CCc1cc2cc(-c3ccc(C(=O)C4CC4)cc3)ccc2o1,9.3,CHEMBL 35
CHEMBL192530,CCN1c2ncc(CCOc3ccc(C(=O)O)cc3C)cc2C(=O)N(C)c2cccnc21,11,CHEMBL 35
CHEMBL187319,Cc1nc2cc(OC[C@H](O)CN3CCN(Cc4noc(-c5ccc(C(F)(F)F)cc5)n4)CC3)ccc2s1,3.2,CHEMBL 35
CHEMBL186411,Cc1cc(Cl)nnc1N1CCN(C(=O)Nc2nc3ccc(F)cc3s2)[C@H](C)C1,6,CHEMBL 35
CHEMBL426603,C[C@@H]1CCCN1CCc1cc2cc(C(=O)c3ccccc3F)ccc2o1,2.6,CHEMBL 35
CHEMBL179539,C[C@@H]1CCCN1CCc1cc2cc(C(=O)c3cccc(F)c3)ccc2o1,4.9,CHEMBL 35
CHEMBL4750699,CCCC[C@H]1C(=O)N(C)[C@@H](CCC)C(=O)N[C@@H](C2CCCCC2)C(=O)N[C@@H](CN)C(=O)N[C@@H](CO[C@H]2C[C@H](N)C2)C(=O)N[C@H](C)CN1CCCC,6.8,CHEMBL 35
CHEMBL184012,Cc1ccc(NC(=O)c2ccnc(N3CCOCC3)c2)cc1NC(=O)c1ccc(OCc2ccccn2)cc1,2.9,CHEMBL 35
CHEMBL191149,CCCc1cc2c(=O)n(C)oc2c(CCC)c1O[C@H](C(=O)O)c1ccc(C(C)C)cc1,7.2,CHEMBL 35
CHEMBL4639514,Cc1ccc2[nH]c(C(=O)N[C@H]3CN(S(=O)(=O)C4CCOCC4)C[C@@H]3C(=O)NCCN(C)C)cc2c1,0.2,CHEMBL 35
CHEMBL4475970,O=C1CN(c2cn[nH]c(=O)c2Cl)CCN1Cc1ccccc1OC(F)(F)F,0.45,CHEMBL 35
CHEMBL178682,C[C@@H]1CCCN1CCc1cc2cc(C(=O)c3cc(F)cc(F)c3)ccc2o1,7.8,CHEMBL 35
CHEMBL178192,Cc1cc(C(=O)c2ccc3oc(CCN4CCC[C@H]4C)cc3c2)ccc1F,3.3,CHEMBL 35
CHEMBL359462,C[C@@H]1CCCN1CCc1cc2cc(-c3cccc(CO)c3)ccc2o1,3,CHEMBL 35
CHEMBL364378,CCCc1cc2c(oc(=O)n2CC)c(CCC)c1O[C@H](C(=O)O)c1ccc(C(C)C)cc1,1.2,CHEMBL 35
CHEMBL365145,O=C(Nc1ccc(C[C@H](NC(=O)[C@@H]2CCCN2S(=O)(=O)c2cc(Cl)cc(Cl)c2)c2noc(O)n2)cc1)c1c(Cl)cncc1Cl,2.78,CHEMBL 35
CHEMBL176491,CN[C@H](Cc1ccccc1)C(=O)N1CCC[C@H]1C(=O)NC(CCCN=C(N)N)C(=O)c1nc2ccc(C(=O)O)cc2s1,0.4167,CHEMBL 35
CHEMBL363749,Cc1ccnnc1N1CCN(C(=O)Nc2ccc(C(F)(F)F)cc2)[C@H](C)C1,0.9,CHEMBL 35
CHEMBL196246,O=C(O)C1(c2ccc(-c3ccc(C(F)(F)F)cc3)c(F)c2)CC1,36.2,CHEMBL 35
CHEMBL177428,O=C(Nc1ccc(C(F)(F)F)cn1)N1CCN(c2ccccc2C(F)(F)F)CC1,7.4,CHEMBL 35
CHEMBL178659,CC[C@]1(C(=O)O)CCc2ccc(OCCCOc3ccc(C4CCC(C)(C)CC4)cc3Cl)cc2O1,6.8,CHEMBL 35
CHEMBL362662,C[C@@H]1CCCN1CCc1cc2cc(C(=O)c3ccccc3)ccc2o1,3.6,CHEMBL 35
CHEMBL176222,CC[C@]1(C(=O)O)CCc2ccc(OCCCOc3ccc(C4CCC5(CC4)CC5)cc3Cl)cc2O1,4.5,CHEMBL 35
CHEMBL187557,CCCc1cc(C(=O)CC)cc(CCC)c1O[C@H](C(=O)O)c1ccc(C(C)C)cc1,6.1,CHEMBL 35
CHEMBL4636571,Cc1ccc2[nH]c(C(=O)N[C@H]3CN(S(=O)(=O)c4ccnc(C)c4)C[C@@H]3C(=O)NCCN(C)C)cc2c1,0.8,CHEMBL 35
CHEMBL127,C[C@@H](O)[C@H]1C(=O)N2C(C(=O)O)=C(S[C@@H]3CN[C@H](C(=O)N(C)C)C3)[C@H](C)[C@H]12,0.06667,CHEMBL 35
CHEMBL218567,COC(=O)C1=C[C@H](N=C(N)N)C(NC(C)=O)[C@H]([C@H](OC(=O)NCCCNC(=O)c2ccc(C(=O)NCCCNC(=O)O[C@H](C(O)CO)[C@@H]3OC(C(=O)O)=C[C@H](N=C(N)N)C3NC(C)=O)cc2)C(O)CO)O1,0.4,CHEMBL 35
CHEMBL198362,O=C(NC[C@H]1CN(c2ccc(N3CCOCC3=O)cc2)C(=O)O1)c1ccc(Cl)s1,0.9,CHEMBL 35
CHEMBL4303782,COc1cc2c(c(OC)n1)[C@]1(O)[C@H](O)[C@H](CN(C)C)[C@@H](c3ccccc3)[C@]1(c1ccc(C#N)cc1)O2,4.4,CHEMBL 35
CHEMBL178475,CCN(CC)CCN1C(=O)[C@@](O)(c2ccc(Cl)cc2Cl)c2c1cc(C(N)=O)cc2C(F)(F)F,1.6,CHEMBL 35
CHEMBL4853103,CCCOc1nncc(-c2cnnc(OCCN(C)C)n2)n1,0.39,CHEMBL 35
CHEMBL441472,CC(C)(C)c1ccc(NC(=O)N2CCN(c3ncccc3Cl)CC2)cc1,0.9,CHEMBL 35
CHEMBL363607,Cc1ccc(F)c(C(=O)n2nc(Nc3ccc(S(N)(=O)=O)cc3)nc2C)c1F,1.94,CHEMBL 35
CHEMBL186851,COc1cc2c(N3CCN(/C(S)=N\c4ccc(-c5ccccn5)cc4)CC3)ncnc2cc1OCCN1CCCCC1,17.4,CHEMBL 35
CHEMBL362548,Cc1ccnnc1N1CCN(C(=O)Nc2ccc(C(C)(C)C)cc2)[C@H](C)C1,0.5,CHEMBL 35
CHEMBL197801,O[C@@H]1[C@H](O)CO[C@H]1n1cc(-c2ccccc2)c2c(Nc3ccc(F)cc3)ncnc21,3.2,CHEMBL 35
CHEMBL4642745,CNC(=O)c1cc(C(=O)NC2CC2)cc2c1O[C@H](CO)[C@H]2c1ccccc1,0.4,CHEMBL 35
CHEMBL364315,CC(=O)NC1[C@@H](N=C(N)N)C=C(C(=O)O)O[C@H]1[C@H](OC(=O)NCCCCCCCCCCCCNC(=O)O[C@H](C(O)CO)[C@@H]1OC(C(=O)O)=C[C@H](NC(=N)N)C1NC(C)=O)C(O)CO,2.2,CHEMBL 35
CHEMBL364378,CCCc1cc2c(oc(=O)n2CC)c(CCC)c1O[C@H](C(=O)O)c1ccc(C(C)C)cc1,6,CHEMBL 35
CHEMBL185685,Cc1cc(Cl)nnc1N1CCN(C(=O)Nc2ccc(C(C)(C)C)cc2)[C@H](C)C1,0.2,CHEMBL 35
CHEMBL196779,O=C(O)COc1cccc2c1CC[C@](O)(COC(=O)N(c1ccccc1)c1ccccc1)C2,1.81,CHEMBL 35
CHEMBL364838,COC[C@@H](NC(=O)c1ccc(Cl)s1)C(=O)Nc1ccc(N2CCOCC2=O)c(C)c1,1.1,CHEMBL 35
CHEMBL373352,COC(=O)C1=C[C@H](N=C(N)N)C(NC(C)=O)[C@H]([C@H](OC(=O)NCc2ccc(-c3ccc(CNC(=O)O[C@H](C(O)CO)[C@@H]4OC(C(=O)O)=C[C@H](N=C(N)N)C4NC(C)=O)cc3)cc2)C(O)CO)O1,0.45,CHEMBL 35
CHEMBL4792347,CNCCOc1ccccc1C(C)(C)Nc1nccn(-c2cc(C(=O)NC3CC3)ccc2C)c1=O,13,CHEMBL 35
CHEMBL4639111,O=C(N[C@H]1CN(S(=O)(=O)c2ccccc2)C[C@@H]1C(=O)N[C@H]1CCCNC1)c1cc(-c2ccccc2Cl)on1,14,CHEMBL 35
CHEMBL4528928,Cc1cc(-c2ccc(C(=O)[C@@H]3CCCC[C@H]3C(=O)Nc3cn(C)nc3C)cc2)n[nH]1,4.5,CHEMBL 35
CHEMBL4632904,COc1cncc2c1[C@]1(O)[C@H](O)[C@H](CN(C)C)[C@@H](c3ccccc3)[C@]1(c1ccc(C#N)cc1)O2,2.9,CHEMBL 35
CHEMBL4470860,Cc1nc2c(-c3nnc[nH]3)cc(-c3ccnc(N)c3F)cc2n1-c1ccnc2c(F)ccc(F)c12,9.6,CHEMBL 35
CHEMBL3952043,COc1cc(O[C@H]2C[C@H](OC)C2)nc(-c2ccc3c(c2)CC[C@H](CCC(=O)O)O3)c1F,2.4,CHEMBL 35
CHEMBL41067,CC(COc1ccc(-c2ccc(C#N)cc2)cc1)N(O)C=O,1.6,CHEMBL 35
CHEMBL4459205,Cc1noc2c(F)cc(Nc3n[nH]c4cccnc34)cc12,0.52,CHEMBL 35
CHEMBL4453941,CC(C)(C#N)c1cccc(-c2ccnc3[nH]ccc23)n1,0.3,CHEMBL 35
CHEMBL4437680,c1cnc2c(Nc3ccc4c(C5CCCC5)noc4c3)n[nH]c2c1,1.667,CHEMBL 35
CHEMBL186151,Fc1cc(Oc2cccnc2)cc(-n2nnc(-c3ccccn3)n2)c1,2.7,CHEMBL 35
CHEMBL183864,Cc1nc(C#Cc2cncc(-c3cccnc3)c2)cs1,1.6,CHEMBL 35
CHEMBL4539370,CCN(CC)C(=O)[C@@H](CCCNC(=N)N)NC(=O)[C@@H]1CCCN1C(=O)[C@@H]1CSCCCC(=O)N[C@@H](Cc2ccc(Cl)cc2)C(=O)N[C@@H](Cc2cccs2)C(=O)N[C@@H](C(C)C)C(=O)N[C@@H](CC(N)=O)C(=O)N1,0.2,CHEMBL 35
CHEMBL4764485,COc1cc(-c2ncc(COc3cccc([C@@H](CC(=O)O)C4CC4)c3)nc2CC(C)C)c(F)cn1,2.71,CHEMBL 35
CHEMBL426467,C(#Cc1ccccn1)C1=CC(Oc2cccnc2)CCC1,0.3,CHEMBL 35
CHEMBL184227,COc1cc2c(N3CCN(/C(S)=N\Cc4ccc5c(c4)OCO5)CC3)ncnc2cc1OCCN1CCCCC1,26.7,CHEMBL 35
CHEMBL362878,C[C@@H](NC(=O)C(=O)[C@H](CCCCNC(=O)N1CCOCC1)NC(=O)OCC1(Cc2ccncc2)CCC1)c1ccccc1,1.233,CHEMBL 35
CHEMBL555146,C[C@@H]1CCCN1CCc1cc2cc(C(=O)c3ccc(F)cc3)ccc2o1,4.8,CHEMBL 35
CHEMBL4638120,COc1cncc2c1[C@]1(O)[C@H](O)[C@H](C(=O)N(C)C)[C@@H](c3ccccc3)[C@]1(c1ccc(C#N)cc1)O2,2,CHEMBL 35
CHEMBL178410,COc1ccc(C(=O)c2ccc3oc(CCN4CCC[C@H]4C)cc3c2)cc1,2.5,CHEMBL 35
CHEMBL4454698,c1cnc2c(Nc3ccc4c(C5CCCC5)noc4c3)n[nH]c2n1,0.765,CHEMBL 35
CHEMBL2113096,Cc1nccn1-c1sc(Nc2cnccn2)nc1-c1cccc(C#N)c1,0.4833,CHEMBL 35
CHEMBL179702,C[C@@H]1CC[C@@H](C)N1CCCOc1ccc(-c2ccc(C(=O)N3CCOCC3)cc2)cc1,1.3,CHEMBL 35
CHEMBL194538,Cc1ccc(S(=O)(=O)N2CC=C(C#Cc3ccccn3)CC2)cc1,1.5,CHEMBL 35
CHEMBL362607,C[C@@H]1CCCN1CCc1cc2cc(C(=O)c3ccc(Cl)cc3)ccc2o1,12.4,CHEMBL 35
CHEMBL194068,CCCC[C@H](NC(=O)O[C@@H]1C(=O)NCC1(C)C)C(=O)C(=O)N[C@H](C)c1ccccc1,1.033,CHEMBL 35
CHEMBL187280,COc1cc2c(N3CCN(/C(S)=N\Cc4cnc(C)cn4)CC3)ncnc2cc1OCCN1CCCCC1,14.1,CHEMBL 35
CHEMBL4483053,Cc1noc2ccc(Nc3n[nH]c4cc(F)cnc34)cc12,0.9133,CHEMBL 35
CHEMBL4539629,CC(C)(C)Cc1noc2cc(Nc3n[nH]c4cccnc34)ccc12,1.332,CHEMBL 35
CHEMBL4588443,O=C(NC1CC(F)(F)C1)c1nsc2cc(Nc3n[nH]c4cccnc34)ccc12,7.417,CHEMBL 35
CHEMBL4468523,CC(C)[C@@H]1NC(=O)[C@H](Cc2cccs2)NC(=O)[C@H](Cc2ccc(Cl)cc2)NC(=O)CCCSC[C@@H](C(=O)N2CCC[C@H]2C(=O)NCCCCNC(=N)N)NC(=O)[C@H](CC(N)=O)NC1=O,0.3333,CHEMBL 35
CHEMBL367891,C[C@]1(C(=O)O)CCc2ccc(OCCCOc3ccc(C4CCCC4)cc3Cl)cc2O1,1.3,CHEMBL 35
CHEMBL178513,C[C@]1(C(=O)O)CCc2ccc(OCCCOc3ccc(OCC4CC4)cc3Cl)cc2O1,2.9,CHEMBL 35
CHEMBL178853,CC(=O)c1cccc(-c2ccc3oc(CCN4CCC[C@H]4C)cc3c2)c1,3,CHEMBL 35
CHEMBL4637980,Cc1ccc2[nH]c(C(=O)N[C@H]3CN(S(=O)(=O)c4ccccc4)C[C@@H]3C(=O)NCCN(C)C)cc2c1,0.2,CHEMBL 35
CHEMBL4633695,Cc1ccc2[nH]c(C(=O)N[C@H]3CN(S(=O)(=O)c4ccnnc4)C[C@@H]3C(=O)NCCN(C)C)cc2c1,2.7,CHEMBL 35
CHEMBL4643660,CNC(=O)c1cc(C(=O)NC2CC2)cc2c1O[C@H](C)[C@H]2c1ccccc1,0.4,CHEMBL 35
CHEMBL179015,CC(O)c1cccc(-c2ccc3oc(CCN4CCC[C@H]4C)cc3c2)c1,7.6,CHEMBL 35
CHEMBL196896,CCCC[C@H](NC(=O)O[C@@H]1C(=O)OCC1(C)C)C(=O)C(=O)N[C@H](C)c1ccccc1,0.1833,CHEMBL 35
CHEMBL189054,CN1CCCC(CN(C)C(=O)Cn2c(-c3ccccc3)c(C3CCCCC3)c3ccc(C(=O)O)cc32)C1,1.5,CHEMBL 35
CHEMBL187107,N#Cc1cc(F)cc(-n2nnc(-c3ccccn3)n2)c1,2.9,CHEMBL 35
CHEMBL366338,O=C(Nc1ccc(C[C@H](NC(=O)[C@@H]2CCCN2S(=O)(=O)c2cc(Cl)cc(Cl)c2)c2cc(O)no2)cc1)c1c(Cl)cncc1Cl,2.85,CHEMBL 35
CHEMBL181979,C[C@@H](O)[C@H]1C(=O)N2C(C(=O)O)=C(S[C@@H]3CN[C@H](/C=C/c4cc(C(=O)[O-])no4)C3)[C@H](C)[C@H]12.[Na+],0.2,CHEMBL 35
CHEMBL3221640,C[C@@H]1CC[C@H]2[C@@H](C)[C@](O)(C(F)(F)F)O[C@@H]3O[C@@]4(C)CC[C@@H]1[C@]32OO4,1.433,CHEMBL 35
CHEMBL360885,C[C@@H]1CCCN1CCc1cc2cc(-c3cccc(C(C)(C)O)c3)ccc2o1,2.8,CHEMBL 35
CHEMBL4763563,CC(C)C[C@@H]1NC(=O)[C@@H](NC(=O)[C@H](C)NC(=O)[C@H](Cc2ccc(O)cc2)NC(=O)[C@H](Cc2ccc(O)cc2)NC(=O)[C@H](CCCNC(=N)N)NC(=O)[C@H](CC(N)=O)NC(=O)[C@H](Cc2c[nH]c3ccccc23)NC(=O)[C@H](CCC(=O)O)NC(=O)[C@H](CCC(=O)O)NC(=O)[C@@H]2CCCN2C(=O)[C@H](CO)NC(=O)[C@H](C)NC(=O)[C@H](CC(=O)O)NC(=O)[C@H](CCCCN)NC(=O)CNC(=O)[C@@H]2CCCN2C(=O)[C@H](C)NC(=O)[C@H](CCC(=O)O)NC(=O)[C@@H]2CCCN2C(=O)[C@H](CCCCN)NC(=O)[C@@H]2CCCN2)CSCC(=O)NCCC[C@@H](C(=O)NCCOCCOCCC(=O)NCCOCCOCCC(=O)NCCCC[C@H](NC(=O)CCCCCCCCCCCCCCCCC(=O)O)C(=O)O)NC(=O)CSC[C@@H](C(=O)N[C@@H](CC(C)C)C(=O)N[C@H](C(=O)N[C@@H](CCCNC(=N)N)C(=O)N[C@@H](CCC(N)=O)C(=O)N[C@@H](CCCNC(=N)N)C(=O)N[C@@H](Cc2ccc(O)cc2)C(N)=O)[C@@H](C)O)NC(=O)[C@H](CC(N)=O)NC(=O)[C@H](CC(C)C)NC(=O)[C@H](Cc2ccc(O)cc2)NC(=O)[C@H](Cc2cnc[nH]2)NC(=O)[C@H](CCCNC(=N)N)NC1=O,15,CHEMBL 35
CHEMBL190842,CN1CCN(CCCCN(C(=O)Nc2ccc(F)c(C(F)(F)F)c2)[C@@H]2CC[C@]3(c4ccc(C#N)cc4)C[C@H]23)CC1,4,CHEMBL 35
CHEMBL369502,C[C@@H]1CCCN1CCc1cc2cc(-c3cccc(C(=O)C4CC4)c3)ccc2o1,5,CHEMBL 35
CHEMBL194407,C(#Cc1ccccn1)C1=CCC(Nc2cccnc2)CC1,0.5,CHEMBL 35
CHEMBL193849,CCS(=O)(=O)c1ccc(OC)c(Nc2ncc(-c3cccc(-c4ccccn4)c3)o2)c1.CS(=O)(=O)O,1.6,CHEMBL 35
CHEMBL4799727,CC[C@H](C)[C@H](N)C(=O)N[C@@H](CCCCN)C(=O)N1CCC[C@H]1C(=O)N[C@@H](CCC(=O)O)C(=O)N[C@@H](C)C(=O)N1CCC[C@H]1C(=O)NCC(=O)N[C@@H](CCC(=O)O)C(=O)N[C@@H](CC(=O)O)C(=O)N[C@@H](C)C(=O)N[C@@H](CO)C(=O)N1CCC[C@H]1C(=O)N[C@@H](CCC(=O)O)C(=O)N[C@@H](CCC(=O)O)C(=O)N[C@@H](CC(C)C)C(=O)N[C@@H](CC(N)=O)C(=O)N[C@@H](CCCNC(=N)N)C(=O)N[C@@H](Cc1ccc(O)cc1)C(=O)N[C@@H](Cc1ccc(O)cc1)C(=O)N[C@@H](C)C(=O)N[C@H]1CSCC(=O)NCCC[C@@H](C(=O)NCCOCCOCCOCCNC(=O)CCCCCCCCCCCCCCCCC(=O)O)NC(=O)CSC[C@@H](C(=O)N[C@H](C(=O)N[C@H](C(=O)N[C@@H](CCCNC(=N)N)C(=O)N[C@@H](CCC(N)=O)C(=O)N[C@@H](CCCNC(=N)N)C(=O)N[C@@H](Cc2ccc(O)cc2)C(N)=O)[C@@H](C)O)C(C)C)NC(=O)[C@H](CC(N)=O)NC(=O)[C@H](CC(C)C)NC(=O)[C@H](Cc2ccc(O)cc2)NC(=O)[C@H](Cc2cnc[nH]2)NC(=O)[C@H](CCCNC(=N)N)NC(=O)[C@H](CC(C)C)NC1=O,2.4,CHEMBL 35
CHEMBL4779049,CCCC[C@H]1C(=O)N(C)[C@@H](CC(C)C)C(=O)N[C@@H](C2CCCCC2)C(=O)N[C@@H](CN)C(=O)N[C@@H]([C@H](C)O)C(=O)N[C@H](C)CN1CCCC,2.6,CHEMBL 35
CHEMBL194246,C(#Cc1ccccn1)C1=CC(Oc2ccncc2)CCC1,0.8,CHEMBL 35
CHEMBL360240,C[C@]1(C(=O)O)CCc2ccc(OCCCOc3ccc(OCC(F)(F)F)cc3Cl)cc2O1,2.7,CHEMBL 35
CHEMBL425163,CCCNC(=O)c1cc(-c2ccc(Cl)cc2)c(-c2ccc(Cl)cc2Cl)nc1OCc1ccc(F)c(F)c1,2.5,CHEMBL 35
CHEMBL5188931,Cc1nc(N2CCC3(CC2)CO[C@@H](C)[C@H]3N)c(Cl)c(=O)n1-c1cccc(Cl)c1Cl,1.8,CHEMBL 35
CHEMBL381192,Clc1cncc(OC2C=C(C#Cc3ccccn3)CCC2)c1,4.8,CHEMBL 35
CHEMBL362453,CCCCC(c1ccc(F)cc1)N(CCC)c1nc(-c2ccc(Cl)cc2OC)n(C)n1,3.3,CHEMBL 35
CHEMBL4647044,CNC(=O)c1cc(C(=O)N[C@@H]2C[C@H]2CO)cc2c1O[C@H](CF)[C@H]2c1ccccc1,0.5,CHEMBL 35
CHEMBL4647791,Cc1nc2c(-c3nnc[nH]3)cc(-c3ccnc(C#N)c3)cc2n1-c1ccnc2c(F)ccc(F)c12,1.2,CHEMBL 35
CHEMBL4461649,NCC1(c2cccc(-c3ccnc4[nH]nc(C(F)(F)F)c34)c2)COC1,1.2,CHEMBL 35
CHEMBL4800389,CC(C)C[C@H](NC(=O)[C@H](CC(=O)O)NC(=O)[C@H](C)NC(=O)[C@H](Cc1ccc(O)cc1)NC(=O)[C@H](Cc1ccc(O)cc1)NC(=O)[C@H](CCCNC(=N)N)NC(=O)[C@H](CC(N)=O)NC(=O)[C@H](Cc1c[nH]c2ccccc12)NC(=O)[C@H](CCC(=O)O)NC(=O)[C@H](CCC(=O)O)NC(=O)[C@@H]1CCCN1C(=O)[C@H](CO)NC(=O)[C@H](C)NC(=O)[C@H](CC(=O)O)NC(=O)[C@H](CCCCN)NC(=O)CNC(=O)[C@@H]1CCCN1C(=O)[C@H](C)NC(=O)[C@H](CCC(=O)O)NC(=O)[C@@H]1CCCN1C(=O)[C@H](CCCCN)NC(=O)[C@@H]1CCCN1)C(=O)N[C@@H](CCCNC(=N)N)C(=O)N[C@@H](Cc1cnc[nH]1)C(=O)N[C@@H](Cc1ccc(O)cc1)C(=O)N[C@@H](CC(C)C)C(=O)N[C@@H](CC(N)=O)C(=O)N[C@@H](Cc1c[nH]c2ccccc12)C(=O)N[C@@H](CC(C)C)C(=O)N[C@H](C(=O)N[C@@H](CCCNC(=N)N)C(=O)N[C@@H](CCC(N)=O)C(=O)N[C@@H](CCCNC(=N)N)C(=O)N[C@@H](Cc1ccc(O)cc1)C(N)=O)[C@@H](C)O,1.2,CHEMBL 35
CHEMBL185097,CCCC[C@H](NC(=O)OCC1(Cc2ccc(F)cc2)CCC1)C(=O)C(=O)Nc1ccn[nH]1,2,CHEMBL 35
CHEMBL180125,C[C@@H]1CCCN1CCc1cc2cc(-c3ccc(CO)cc3)ccc2o1,0.3,CHEMBL 35
CHEMBL4757910,CC(C)C[C@H](NC(=O)[C@H](CC(=O)O)NC(=O)[C@H](C)NC(=O)[C@H](Cc1ccc(O)cc1)NC(=O)[C@H](Cc1ccc(O)cc1)NC(=O)[C@H](CCCNC(=N)N)NC(=O)[C@H](CC(N)=O)NC(=O)[C@H]1CSCC(=O)N[C@H](C(=O)NCCOCCOCCC(=O)NCCOCCOCCC(=O)NCCCC[C@H](NC(=O)CCCCCCCCCCCCCCCCC(=O)O)C(=O)O)CCCNC(=O)CSC[C@H](NC(=O)CNC(=O)[C@@H]2CCCN2C(=O)[C@H](C)NC(=O)[C@H](CCC(=O)O)NC(=O)[C@@H]2CCCN2C(=O)[C@H](CCCCN)NC(=O)[C@@H]2CCCN2)C(=O)N[C@@H](CC(=O)O)C(=O)N[C@@H](C)C(=O)N[C@@H](CO)C(=O)N2CCC[C@H]2C(=O)N[C@@H](CCC(=O)O)C(=O)N[C@@H](CCC(=O)O)C(=O)N1)C(=O)N[C@@H](CCCNC(=N)N)C(=O)N[C@@H](Cc1cnc[nH]1)C(=O)N[C@@H](Cc1ccc(O)cc1)C(=O)N[C@@H](CC(C)C)C(=O)N[C@@H](CC(N)=O)C(=O)N[C@@H](Cc1c[nH]c2ccccc12)C(=O)N[C@@H](CC(C)C)C(=O)N[C@H](C(=O)N[C@@H](CCCNC(=N)N)C(=O)N[C@@H](CCC(N)=O)C(=O)N[C@@H](CCCNC(=N)N)C(=O)N[C@@H](Cc1ccc(O)cc1)C(N)=O)[C@@H](C)O,2,CHEMBL 35
CHEMBL3947070,O=C(O)CC[C@H]1CCc2cc(-c3cc(OC4CCC4)cc(F)c3F)ccc2O1,1.3,CHEMBL 35
CHEMBL3972870,Cc1cnc(Oc2cc(Cl)c(F)c(-c3ccc4c(c3)CC[C@H](CCC(=O)O)O4)c2)s1,0.93,CHEMBL 35
CHEMBL4789020,CC(C)C[C@@H]1NC(=O)[C@@H](NC(=O)[C@H](C)NC(=O)[C@H](Cc2ccc(O)cc2)NC(=O)[C@H](Cc2ccc(O)cc2)NC(=O)[C@H](CCCNC(=N)N)NC(=O)[C@H](CC(N)=O)NC(=O)[C@H](Cc2c[nH]c3ccccc23)NC(=O)[C@H](CCC(=O)O)NC(=O)[C@H](CCC(=O)O)NC(=O)[C@@H]2CCCN2C(=O)[C@H](CO)NC(=O)[C@H](C)NC(=O)[C@H](CC(=O)O)NC(=O)[C@H](CCCCN)NC(=O)CNC(=O)[C@@H]2CCCN2C(=O)[C@H](C)NC(=O)[C@H](CCC(=O)O)NC(=O)[C@@H]2CCCN2C(=O)[C@H](CCCCN)NC(=O)[C@@H]2CCCN2)CSCC(=O)NCCN(C(=O)CCC(=O)NCCOCCOCCC(=O)NCCOCCOCCC(=O)NCCCC[C@H](NC(=O)CCCCCCCCCCCCCCCCC(=O)O)C(=O)O)CCNC(=O)CSC[C@@H](C(=O)N[C@@H](CC(C)C)C(=O)N[C@H](C(=O)N[C@@H](CCCNC(=N)N)C(=O)N[C@@H](CCC(N)=O)C(=O)N[C@@H](CCCNC(=N)N)C(=O)N[C@@H](Cc2ccc(O)cc2)C(N)=O)[C@@H](C)O)NC(=O)[C@H](CC(N)=O)NC(=O)[C@H](CC(C)C)NC(=O)[C@H](Cc2ccc(O)cc2)NC(=O)[C@H](Cc2cnc[nH]2)NC(=O)[C@H](CCCNC(=N)N)NC1=O,14,CHEMBL 35
CHEMBL4755581,CC[C@H](C)[C@H](N)C(=O)N[C@@H](CCCCN)C(=O)N1CCC[C@H]1C(=O)N[C@@H](CCC(=O)O)C(=O)N[C@@H](C)C(=O)N1CCC[C@H]1C(=O)NCC(=O)N[C@H]1CSCC(=O)NCCC[C@@H](C(=O)NCCOCCOCCOCCNC(=O)CCCCCCCCCCCCCCCCC(=O)O)NC(=O)CSC[C@@H](C(=O)N[C@@H](CC(N)=O)C(=O)N[C@@H](CCCNC(=N)N)C(=O)N[C@@H](Cc2ccc(O)cc2)C(=O)N[C@@H](Cc2ccc(O)cc2)C(=O)N[C@@H](C)C(=O)N[C@@H](CO)C(=O)N[C@@H](CC(C)C)C(=O)N[C@@H](CCCNC(=N)N)C(=O)N[C@@H](Cc2cnc[nH]2)C(=O)N[C@@H](Cc2ccc(O)cc2)C(=O)N[C@@H](CC(C)C)C(=O)N[C@@H](CC(N)=O)C(=O)N[C@@H](CC(C)C)C(=O)N[C@H](C(=O)N[C@H](C(=O)N[C@@H](CCCNC(=N)N)C(=O)N[C@@H](CCC(N)=O)C(=O)N[C@@H](CCCNC(=N)N)C(=O)N[C@@H](Cc2ccc(O)cc2)C(N)=O)[C@@H](C)O)C(C)C)NC(=O)[C@H](CCC(=O)O)NC(=O)[C@H](CCC(=O)O)NC(=O)[C@@H]2CCCN2C(=O)[C@H](CO)NC(=O)[C@H](C)NC(=O)[C@H](CC(=O)O)NC1=O,0.45,CHEMBL 35
CHEMBL195030,N[C@@H](CC(=O)N1CCc2sc(-c3ccc(F)cc3)nc2C1)Cc1cc(F)ccc1F,3.3,CHEMBL 35
CHEMBL196881,CS(=O)(=O)c1ccc(-c2nc3c(s2)CCN(C(=O)C[C@H](N)Cc2cc(F)ccc2F)C3)cc1,1.5,CHEMBL 35
CHEMBL184164,CNC(=O)NCCCC[C@H](NC(=O)OCC1(Cc2c(F)cccc2F)CCC1)C(=O)C(=O)N[C@H](C)c1ccccc1,1.567,CHEMBL 35
CHEMBL179372,Cc1cc(C(=O)c2ccc3oc(CCN4CCC[C@H]4C)cc3c2)ccc1Cl,7.6,CHEMBL 35
CHEMBL4750290,CCC[C@H]1C(=O)N[C@@H](C2CCCCCC2)C(=O)N[C@@H](CN)C(=O)N[C@@H](CO[C@H]2C[C@H](N)C2)C(=O)N[C@H](C)CO[C@H](CC2CC3(CCC3)C2)[C@@H](C)C(=O)N1C,3.2,CHEMBL 35
CHEMBL4777574,O=C(Nc1noc2ccccc12)N1C[C@H]2CN(Cc3cccc(Oc4ccc(Cl)cc4)c3)C[C@H]2C1,1.47,CHEMBL 35
CHEMBL3707392,O=C1c2cc(-c3ccc(OC(F)(F)F)cc3)ccc2OCCN1Cc1ncccn1,13,CHEMBL 35
CHEMBL186650,CN(C)S(=O)(=O)NCCCC[C@H](NC(=O)OCC1(Cc2ccc(F)cc2)CCC1)C(=O)C(=O)NCc1cccnc1,4.5,CHEMBL 35
CHEMBL5272051,O=c1cc(CO)n(-c2c(Cl)cccc2Cl)c2c(Cl)cnc(OC[C@H](O)CO)c12,1.3,CHEMBL 35
CHEMBL194636,Cc1cc(C#N)cc(-n2nnc(-c3ccccn3)n2)c1,0.4,CHEMBL 35
CHEMBL368699,Cc1ccc(C(=O)c2ccc3oc(CCN4CCC[C@H]4C)cc3c2)cc1,3.3,CHEMBL 35
CHEMBL179263,C[C@@H]1CCCN1CCc1cc2cc(C(=O)c3cccc(Cl)c3)ccc2o1,5.2,CHEMBL 35
CHEMBL180368,C[C@H]1CCCN1CCc1cc2cc(-c3ccc(C#N)cc3)ccc2o1,17.7,CHEMBL 35
CHEMBL4645570,COc1ncc(N2CCOc3ccc(CN(C)C)cc32)cc1NS(C)(=O)=O,0.6,CHEMBL 35
CHEMBL4451827,Cc1noc2ccc(Nc3n[nH]c4nccnc34)cc12,0.4767,CHEMBL 35
CHEMBL4582128,Cc1noc2c(F)cc(Nc3n[nH]c4ncccc34)cc12,0.5783,CHEMBL 35
CHEMBL4468073,CC(F)(F)c1noc2cc(Nc3n[nH]c4cccnc34)ccc12,1.513,CHEMBL 35
CHEMBL4647797,Cc1ccc2[nH]c(C(=O)N[C@H]3CCN(S(=O)(=O)c4ccccc4)C[C@@H]3C(=O)NCCN(C)C)cc2c1,1.8,CHEMBL 35
CHEMBL4645625,Cc1ccc2[nH]c(C(=O)N[C@H]3CN(S(=O)(=O)c4cn(C)nc4C)C[C@@H]3C(=O)NCCN(C)C)cc2c1,2.1,CHEMBL 35
CHEMBL4641201,Cc1ccc2[nH]c(C(=O)N[C@H]3CCN(S(=O)(=O)N(C)C)C[C@@H]3C(=O)NCCN(C)C)cc2c1,1.8,CHEMBL 35
CHEMBL4750640,CCCCCCN1CCNC(=O)[C@H](CO[C@H]2C[C@H](N)C2)NC(=O)[C@H](CN)NC(=O)[C@H](C2CCCCC2)NC(=O)[C@H](CC(C)C)N(C)C(=O)[C@@H]1C,1.6,CHEMBL 35
CHEMBL365499,N#Cc1cccc(-n2nnc(-c3ccccn3)n2)c1,6.9,CHEMBL 35
CHEMBL296804,O=C(Nc1ccc(C[C@H](NC(=O)[C@@H]2CCCN2S(=O)(=O)c2cc(Cl)cc(Cl)c2)C(=O)O)cc1)c1c(Cl)cncc1Cl,0.72,CHEMBL 35
CHEMBL364284,O=C(NC[C@H]1CN(c2ccc(N3CCOCC3=O)c(F)c2)C(=O)O1)c1ccc(Cl)s1,0.3,CHEMBL 35
CHEMBL4436346,CC(C)(C)Cc1noc2cc(Nc3n[nH]c4nccnc34)ccc12,1.457,CHEMBL 35
CHEMBL4637298,CNC(=O)c1cc(C(=O)N[C@@H]2[C@@H]3COC[C@@H]32)cc2c1O[C@H](CF)[C@H]2c1ccccc1,0.6,CHEMBL 35
CHEMBL4436540,CN1Cc2cc(Cl)ccc2-n2c(nnc2-c2ccc(-c3ccccc3)cc2)C1,1.5,CHEMBL 35
CHEMBL369310,Cc1nc(C#Cc2ccc(-c3cccnc3)nc2)cs1,0.8,CHEMBL 35
CHEMBL5418259,N[C@H]1C[C@@H](N2Cc3nn4c(C(F)(F)F)cc(C(F)(F)F)nc4c3C2)CO[C@@H]1c1cc(F)ccc1F,25.4,CHEMBL 35
CHEMBL5176104,N=C1N[C@H]2[C@H](CN3C(=O)CCC3=O)NC(=N)N3C[C@H](NC(=O)c4cccc5c4CCCC5)C(O)(O)[C@]23N1,0.841,CHEMBL 35
CHEMBL4639701,Cc1cc(-c2ccc(N3CCC(c4nc(C(C)C)no4)CC3)nc2)c(C#N)cc1C#N,2.6,CHEMBL 35
CHEMBL4754752,CC(C)C[C@H](NC(=O)[C@H](CC(=O)O)NC(=O)[C@H](C)NC(=O)[C@H](Cc1ccc(O)cc1)NC(=O)[C@H](Cc1ccc(O)cc1)NC(=O)[C@H](CCCNC(=N)N)NC(=O)[C@H](CC(N)=O)NC(=O)[C@H]1CSCC(=O)N[C@H](C(=O)NCCOCCOCCOCCNC(=O)CCCCCCCCCCCCCCCCC(=O)O)CCCNC(=O)CSC[C@H](NC(=O)CNC(=O)[C@@H]2CCCN2C(=O)[C@H](C)NC(=O)[C@H](CCC(=O)O)NC(=O)[C@@H]2CCCN2C(=O)[C@H](CCCCN)NC(=O)[C@@H]2CCCN2)C(=O)N[C@@H](CC(=O)O)C(=O)N[C@@H](C)C(=O)N[C@@H](CO)C(=O)N2CCC[C@H]2C(=O)N[C@@H](CCC(=O)O)C(=O)N[C@@H](CCC(=O)O)C(=O)N1)C(=O)N[C@@H](CCCNC(=N)N)C(=O)N[C@@H](Cc1cnc[nH]1)C(=O)N[C@@H](Cc1ccc(O)cc1)C(=O)N[C@@H](CC(C)C)C(=O)N[C@@H](CC(N)=O)C(=O)N[C@@H](Cc1c[nH]c2ccccc12)C(=O)N[C@@H](CC(C)C)C(=O)N[C@H](C(=O)N[C@@H](CCCNC(=N)N)C(=O)N[C@@H](CCC(N)=O)C(=O)N[C@@H](CCCNC(=N)N)C(=O)N[C@@H](Cc1ccc(O)cc1)C(N)=O)[C@@H](C)O,1.9,CHEMBL 35
CHEMBL4789614,CC[C@H](C)[C@H](N)C(=O)N[C@@H](CCCCN)C(=O)N1CCC[C@H]1C(=O)N[C@@H](CCC(=O)O)C(=O)N[C@@H](C)C(=O)N1CCC[C@H]1C(=O)NCC(=O)N[C@H]1CSCC(=O)NCCC[C@@H](C(=O)NCCOCCOCCC(=O)NCCOCCOCCC(=O)NCCCC[C@H](NC(=O)CCCCCCCCCCCCCCCCC(=O)O)C(=O)O)NC(=O)CSC[C@@H](C(=O)N[C@@H](CC(N)=O)C(=O)N[C@@H](CCCNC(=N)N)C(=O)N[C@@H](Cc2ccc(O)cc2)C(=O)N[C@@H](Cc2ccc(O)cc2)C(=O)N[C@@H](C)C(=O)N[C@@H](CO)C(=O)N[C@@H](CC(C)C)C(=O)N[C@@H](CCCNC(=N)N)C(=O)N[C@@H](Cc2cnc[nH]2)C(=O)N[C@@H](Cc2ccc(O)cc2)C(=O)N[C@@H](CC(C)C)C(=O)N[C@@H](CC(N)=O)C(=O)N[C@@H](CC(C)C)C(=O)N[C@H](C(=O)N[C@H](C(=O)N[C@@H](CCCNC(=N)N)C(=O)N[C@@H](CCC(N)=O)C(=O)N[C@@H](CCCNC(=N)N)C(=O)N[C@@H](Cc2ccc(O)cc2)C(N)=O)[C@@H](C)O)C(C)C)NC(=O)[C@H](CCC(=O)O)NC(=O)[C@H](CCC(=O)O)NC(=O)[C@@H]2CCCN2C(=O)[C@H](CO)NC(=O)[C@H](C)NC(=O)[C@H](CC(=O)O)NC1=O,5.4,CHEMBL 35
CHEMBL4847762,CC(C)C1OC(=O)N(C2CCCC2)c2nc(Nc3cc(F)c(O)c(F)c3)ncc21,0.92,CHEMBL 35
CHEMBL4760873,Cc1ccc(C(=O)NC2CC2)cc1-n1ccnc(NC(C)(C)c2ccccc2OCCN2CCCC2)c1=O,8,CHEMBL 35
CHEMBL4858934,C[C@H]([C@H](C(=O)Nc1cc(CC2(C(=O)O)CC2)ccc1Cl)c1ccc(Cl)cc1)C(F)(F)F,4.3,CHEMBL 35
CHEMBL4463314,Cn1cc(NC(=O)[C@@H]2CCCC[C@H]2C(=O)c2ccc(-c3cc[nH]n3)cc2)c(C(F)(F)F)n1,1.6,CHEMBL 35
CHEMBL4450838,Cc1cc(-c2ccc(C(=O)[C@@H]3CCCC[C@H]3C(=O)Nc3cn(C)nc3C(N)=O)cc2)[nH]n1,1.4,CHEMBL 35
CHEMBL4554158,Cc1nn(C)cc1NC(=O)[C@@H]1CCCC[C@H]1C(=O)c1ccc(-c2cc[nH]n2)cc1F,1.2,CHEMBL 35
CHEMBL4867615,O=C(OCC12CCN(CC1)CC2)N1CCc2ccccc2[C@H]1c1ccc(F)cc1,0.03667,CHEMBL 35
CHEMBL2031465,Cc1ccc(C(=O)NC2CC2)cc1-n1cnc2ccc(N3CCN(C)CC3)cc2c1=O,0.7,CHEMBL 35
CHEMBL4559701,CC(C)(C#N)c1cccc(-c2ccnc3[nH]ncc23)c1,4.6,CHEMBL 35
CHEMBL4762987,CCCCCC[C@H]1OC(=O)[C@@H](C)NC(=O)[C@H]([C@H](C)O)NC(=O)[C@H](CN)NC(=O)[C@H](C2CCCCC2)NC(=O)[C@H](CCC)N(C)C(=O)[C@@H]1C,0.3,CHEMBL 35
CHEMBL4759326,CCC[C@H]1C(=O)N[C@@H](C2CCCCCC2)C(=O)N[C@@H](CN)C(=O)N[C@@H](CO[C@H]2C[C@H](N)C2)C(=O)N[C@H](C)CO[C@H](CC2C[C@H]3CC[C@@H](C2)C3)[C@@H](C)C(=O)N1C,5.8,CHEMBL 35
CHEMBL4758123,CC[C@H](C)[C@H](N)C(=O)N[C@@H](CCCCN)C(=O)N1CCC[C@H]1C(=O)N[C@@H](CCC(=O)O)C(=O)N[C@@H](C)C(=O)N1CCC[C@H]1C(=O)NCC(=O)N[C@@H](CCC(=O)O)C(=O)N[C@@H](CC(=O)O)C(=O)N[C@@H](C)C(=O)N[C@@H](CO)C(=O)N1CCC[C@H]1C(=O)N[C@@H](CCC(=O)O)C(=O)N[C@@H](CCC(=O)O)C(=O)N[C@@H](CC(C)C)C(=O)N[C@@H](CC(N)=O)C(=O)N[C@@H](CCCNC(=N)N)C(=O)N[C@@H](Cc1ccc(O)cc1)C(=O)N[C@@H](Cc1ccc(O)cc1)C(=O)N[C@@H](C)C(=O)N[C@H]1CSCC(=O)NCCC[C@@H](C(=O)NCCOCCOCCC(=O)NCCOCCOCCC(=O)NCCCC[C@H](NC(=O)CCCCCCCCCCCCCCCCC(=O)O)C(=O)O)NC(=O)CSC[C@@H](C(=O)N[C@H](C(=O)N[C@H](C(=O)N[C@@H](CCCNC(=N)N)C(=O)N[C@@H](CCC(N)=O)C(=O)N[C@@H](CCCNC(=N)N)C(=O)N[C@@H](Cc2ccc(O)cc2)C(N)=O)[C@@H](C)O)C(C)C)NC(=O)[C@H](CC(N)=O)NC(=O)[C@H](CC(C)C)NC(=O)[C@H](Cc2ccc(O)cc2)NC(=O)[C@H](Cc2cnc[nH]2)NC(=O)[C@H](CCCNC(=N)N)NC(=O)[C@H](CC(C)C)NC1=O,3.9,CHEMBL 35
CHEMBL4442783,CC(=O)N[C@@H]1C[C@H](N(C)C(C)C)CC[C@@H]1N1CC[C@H](Nc2ncnc3ccc(C(F)(F)F)cc23)C1=O,5.1,CHEMBL 35
CHEMBL292065,Cc1nc(C#Cc2cccnc2)cs1,8.3,CHEMBL 35
CHEMBL5196403,Cc1nc(N2CCC3(CC2)CO[C@@H](C)[C@H]3N)cc(=O)n1-c1cccc(Cl)c1Cl,5.9,CHEMBL 35
CHEMBL4172540,C[C@@H](COc1ccn(-c2ccc(F)cc2)c(=O)c1)Oc1ccccc1,0.39,CHEMBL 35
CHEMBL191003,Nc1nc(Nc2ccc(S(N)(=O)=O)cc2)nn1C(=O)c1c(F)cccc1F,0.64,CHEMBL 35
CHEMBL5428272,Cc1c[nH]c2nccc(Oc3ccc(Nc4cc(Cl)nc(N)n4)cc3F)c12,1.2,CHEMBL 35
CHEMBL154751,Cc1nc2cc(OC[C@H](O)CN3CCN(CC(=O)Nc4c(C)cccc4C)CC3)ccc2s1,1.4,CHEMBL 35
CHEMBL187523,CC(C)[C@H](NS(=O)(=O)c1ccc(-c2ccc(NC(=O)c3cc4ccccc4o3)cc2)cc1)C(=O)O,3,CHEMBL 35
CHEMBL191003,Nc1nc(Nc2ccc(S(N)(=O)=O)cc2)nn1C(=O)c1c(F)cccc1F,0.51,CHEMBL 35
CHEMBL14638,O=C(c1ccc(OCCCc2c[nH]cn2)cc1)C1CC1,1.7,CHEMBL 35
CHEMBL1275685,CO[C@H]1/C=C/O[C@@]2(C)Oc3c(C)c(O)c4c(O)c(c(/C=N/N5CCC(N(C)C6([C@@H]7CCN(c8c(F)cn9c(=O)c(C(=O)O)cc(C%10CC%10)c9c8C)C7)CC6)CC5)c(O)c4c3C2=O)NC(=O)/C(C)=C\C=C\[C@H](C)[C@H](O)[C@@H](C)[C@@H](O)[C@@H](C)[C@H](OC(C)=O)[C@@H]1C,0.4,CHEMBL 35
CHEMBL351231,C[C@@H]1CCCN1CCc1cc2cc(-c3ccc(C#N)cc3)ccc2o1,5.3,CHEMBL 35
CHEMBL4539521,CC(C)(C#N)c1cccc(-c2ccnc3[nH]ncc23)n1,2.5,CHEMBL 35
CHEMBL4534060,Cn1ncc(NC(=O)[C@@H]2CCCC[C@H]2C(=O)c2ccc(-c3cc[nH]n3)cc2)c1C(F)(F)F,3,CHEMBL 35
CHEMBL4209095,CN1CC[C@@](O)(C#Cc2cccc(-n3nc(C(N)=O)c4cccnc43)c2)C1=O,2.7,CHEMBL 35
CHEMBL197377,O=C(NC[C@H]1CN(c2ccc(N3CCCC3=O)cc2)C(=O)O1)c1ccc(Cl)s1,1.1,CHEMBL 35
CHEMBL3946820,O=C(O)CC[C@H]1CCc2cc(-c3nc(OC4CCC4)ccc3F)ccc2O1,0.74,CHEMBL 35
CHEMBL3980898,CO[C@H]1C[C@H](Oc2cc(F)c(F)c(-c3ccc4c(c3)CC[C@H](CCC(=O)O)O4)n2)C1,2.1,CHEMBL 35
CHEMBL371069,C[C@H]1OC(=O)[C@@H]2C[C@@H]3CCCC[C@H]3[C@H](/C=C/c3ccc(-c4cccc(C(F)(F)F)c4)cn3)[C@H]12,3.2,CHEMBL 35
CHEMBL779,CN1CC(=O)N2[C@H](c3ccc4c(c3)OCO4)c3[nH]c4ccccc4c3C[C@@H]2C1=O,2.4,CHEMBL 35
CHEMBL5405484,CN1C(=O)[C@](O)(C#Cc2cccc(-n3nc(C(N)=O)c4cccnc43)c2)[C@H]2C[C@H]21,0.7,CHEMBL 35
CHEMBL195789,CC(C)(C)c1ccc(/C=C/C(=O)Nc2ccc3c(c2)OCCO3)cc1,1.1,CHEMBL 35
CHEMBL4763279,Cc1ccc(C(=O)NC2CC2)cc1-n1ccnc(N[C@@H](c2ccccc2)[C@@H](C)CN2CCCCC2)c1=O,7.8,CHEMBL 35
CHEMBL174588,CO[C@H]1CC[C@@H](C(=O)c2ccc3nc4c(cc3c2)CCCO4)CC1,0.32,CHEMBL 35
CHEMBL175691,Cc1cc(/C=C/C#N)cc(C)c1Nc1ccnc(Nc2ccc(C#N)cc2)n1,4.4,CHEMBL 35
CHEMBL251030,O=c1[nH]c(CCCN2CC=C(c3ccc(F)cc3)CC2)nc2c(Cl)cccc12,1.4,CHEMBL 35
CHEMBL361681,Cc1ccncc1-c1cc(F)cc(-n2nnc(-c3ccccn3)n2)c1,1.6,CHEMBL 35
CHEMBL94037,C[C@@H](O)[C@H]1C(=O)N2C(C(=O)O)=C(S[C@@H]3CN[C@H](/C=C/c4ccno4)C3)[C@H](C)[C@H]12,0.2667,CHEMBL 35
CHEMBL4645423,COc1nc(C#N)cc2c1[C@]1(O)[C@H](O)[C@H](CN(C)C)[C@@H](c3ccccc3)[C@]1(c1ccc(C#N)cc1)O2,11,CHEMBL 35
CHEMBL303209,CC1(C)OC(=O)Nc2ccc(-c3cccc(C#N)c3)cc21,0.6,CHEMBL 35
CHEMBL488823,O=C(O)c1ccc(/C=C2\SC(=S)N(Cc3cccc(C(F)(F)F)c3)C2=O)cc1,1.8,CHEMBL 35
CHEMBL563,CC(C(=O)O)c1ccc(-c2ccccc2)c(F)c1,5.1,CHEMBL 35
CHEMBL4635048,CNC(=O)c1cc(C(=O)NCCC[C@H]2OC[C@H](N)CO2)cc2c1O[C@H](CF)[C@H]2c1ccccc1,0.6,CHEMBL 35
CHEMBL132589,O=C([O-])COc1cccc(C[C@@H]2CCCC=C2c2nc(-c3ccccc3)c(-c3ccccc3)o2)c1.[Na+],6.6,CHEMBL 35
CHEMBL3943315,COc1cc(Oc2ncc(C)s2)cc(-c2ccc3c(c2)CC[C@H](CCC(=O)O)O3)c1F,1.2,CHEMBL 35
CHEMBL187107,N#Cc1cc(F)cc(-n2nnc(-c3ccccn3)n2)c1,2.9,CHEMBL 35
CHEMBL4531719,CCCCc1cn(-c2ccc(NC(=O)Nc3ccccc3C)cc2)nn1,3,CHEMBL 35
CHEMBL1429,N=C(N)NCCC[C@@H](NC(=O)[C@@H]1CCCN1C(=O)[C@@H]1CSSCCC(=O)N[C@@H](Cc2ccc(O)cc2)C(=O)N[C@@H](Cc2ccccc2)C(=O)N[C@@H](CCC(N)=O)C(=O)N[C@@H](CC(N)=O)C(=O)N1)C(=O)NCC(N)=O,1,CHEMBL 35
CHEMBL3544964,Cn1nccc1Nc1nccc(-c2ccn([C@H](CO)c3ccc(Cl)c(F)c3)c(=O)c2)n1,2,CHEMBL 35
,COC1=C(OCCCN2CCOCC2)C=C(N=CC=C3OC4=C(F)C=C(NC5=NN(C)C=C5C(NC6CCCCC6)=O)C=C4)C3=C1,3.31 ,10.1021/acs.molpharmaceut.4c00406
,FC1=CN=C(NC2=NC=C(N3CCNCC3)C=C2)N=C1C4=CC=C(C(N(CC)CC5)=O)C5=C4,2.62 ,10.1021/acs.molpharmaceut.4c00406
,CCN1C(C(C2=CC=C(Cl)C=C2Cl)=CC3=C1N=C(NC4=CC=C(N5CCNCC5)C(F)=C4)N=C3)=O,6.50 ,10.1021/acs.molpharmaceut.4c00406
,FC(C1=NN(C2=C(Cl)C=CC=C2Cl)C(C3=CN=C(NC(C(C)C)=O)S3)=C1)F,1.10 ,10.1021/acs.molpharmaceut.4c00406
,CN(C(OC1=CC(NC(C2(CCN(C3=NC=NC4=C3C(C)=CN4)CC2)CN)=O)=CC=C1)=O)C,1.30 ,10.1021/acs.molpharmaceut.4c00406
,CC1=CNC2=C1C(C3=CC=C(NC(N(C4=CC=CC=C4)CCO)=O)C=C3)=NC=N2,2.20 ,10.1021/acs.molpharmaceut.4c00406
,CN1C([C@@H](N2CCC3=C(C(N)=O)N(CC4=CC=CC=C4)N=C3C2=O)COC5=CC(Cl)=CC=C51)=O,1.30 ,10.1021/acs.molpharmaceut.4c00406
,C[C@@](C1=CC=C(C=NC(NC2=CC(N3CCOCC3)=NC=C2F)=C4)C4=N1)(O)C5CCN(C)CC5,2.70 ,10.1021/acs.molpharmaceut.4c00406
,O[C@@](C1CCN(C)CC1)(C)C2=NC3=CC(NC4=CC(C(F)(F)F)=NC=C4F)=NC=C3C=C2,7.60 ,10.1021/acs.molpharmaceut.4c00406
,COCc1nn(cc1C(=O)NCc1c(c(ccc1C#N)OC)F)Cc1ccc(cc1)CN1C=CC=CC1=O,1.10 ,10.1021/acs.molpharmaceut.4c00406
,COCc1nn(cc1C(=O)NCc1nccc(c1C)OC)Cc1ccc(cc1)CN1C=CC=CC1=O,1.00 ,10.1021/acs.molpharmaceut.4c00406
,COCc1nn(cc1C(=O)NCc1c(ccc(c1F)OC)F)Cc1ccc(cc1)CN1C=CC=CC1=O,0.70 ,10.1021/acs.molpharmaceut.4c00406
,COCc1nn(cc1C(=O)NCc1nccc(c1F)OC)Cc1ccc(cc1)CN1C=CC=CC1=O,1.00 ,10.1021/acs.molpharmaceut.4c00406
,COc1ccnc(c1F)CNC(=O)c1cn(nc1C(F)(F)F)Cc1ccc(cc1)CN1C=CC=CC1=O,1.10 ,10.1021/acs.molpharmaceut.4c00406
,FC(C1=CC=C(C2=NOC(CN3CC(CN4CCOCC4)CCC3)=N2)C=C1)(F)F,3.25 ,10.1021/acs.molpharmaceut.4c00406
,O=C(NCC1=CC=CC=C1CN(CC)CC)C2=CC(NC(C3=CC=C(F)C=C3)=O)=CC=C2,17.16 ,10.1021/acs.molpharmaceut.4c00406
,O=C1N(CC2=CC(C)=C(OC(C)(C)C(O)=O)C(C)=C2)N=CN1C3=CC=C(OC(F)(F)F)C=C3,6.78 ,10.1021/acs.molpharmaceut.4c00406
,O=C1N(CC2=CC(C)=C(OC(C)(C)C(O)=O)C(C(F)(F)F)=C2)N=CN1C3=CC=C(OC(F)(F)F)C=C3,12.71 ,10.1021/acs.molpharmaceut.4c00406
,CCOC1=CC=CN=C1OC1=CN=CC(=C1)C1=NC=C(C=N1)C(=O)N[C@H]1CCOC1,0.30 ,10.1021/acs.molpharmaceut.4c00406
,ClC1=C(C=CC(N2CCN(CC2C(NCC3=CC=C(C4=CC=CC=C4)C=C3)=O)C(C(NC(N5)=O)=CC5=O)=O)=C1)Cl,0.36 ,10.1021/acs.molpharmaceut.4c00406
,Cn1ccnc1SC[C@H]1CCN(C[C@@H]1F)S(=O)(=O)c1ccc2c(c1)CCO2,14.60 ,10.1021/acs.molpharmaceut.4c00406
,FC(C=C(C#N)C=C1)=C1COC2=CC=CC(C3CCN(CC4=NC5=CC=C(C(O)=O)C=C5N4C[C@@H]6CCO6)CC3)=N2,1.13 ,10.1021/acs.molpharmaceut.4c00406
,NC1=NC2=CC(C3=NC(N4CCOCC4)=NC(N5CCOCC5)=N3)=CC=C2O1,6.29 ,10.1021/acs.molpharmaceut.4c00406
,O=C1C(C)(C)OC2=CC(NS(C)(=O)=O)=CC=C2N1C3=CC=C(F)C=C3,8.59 ,10.1021/acs.molpharmaceut.4c00406
,Cc1cc(cc(n1)C#Cc2ccc3c4C(=O)c5ccc(NS(=O)(=O)C)cc5C(C)(C)c4oc3c2)C(=O)NC(C)(C)C,7.49 ,10.1021/acs.molpharmaceut.4c00406
,O=C(C1=CN(C)N=C1)NC2=C(C#N)C3=C(S2)CN(C(NC4=CC=C(OC)C=C4)=O)CC3,4.16 ,10.1021/acs.molpharmaceut.4c00406
,NC1=NC(NC2=CC=C(C#N)C=C2)=NC(OC(C=C3)=C(OC)C=C3C4=CC=C(C#N)C=C4)=C1,1.00 ,10.1021/acs.molpharmaceut.4c00406
,OC(C1=C[C@@H](OC(CC)CC)[C@H](NC(C)=O)[C@@H](NCC2=C(OC)C=C(C3=CC=CS3)C=C2)C1)=O,0.21 ,10.1021/acs.molpharmaceut.4c00406
,OC(C1=C[C@@H](OC(CC)CC)[C@H](NC(C)=O)[C@@H](NCC2=C(OC)C=C(C3=CSC=C3)C=C2)C1)=O,0.21 ,10.1021/acs.molpharmaceut.4c00406
,CC1=CC(/C=C/C#N)=CC(C)=C1OC2=C(COC3)C3=NC(NC4CCN(C5=CC=C(NS(=O)(C)=O)C=C5)CC4)=N2,1.11 ,10.1021/acs.molpharmaceut.4c00406
,CC1=CC(/C=C/C#N)=CC(C)=C1OC2=C(COC3)C3=NC(NC4CCN(CC5=CC=C(C(N)=O)C=C5)CC4)=N2,0.88 ,10.1021/acs.molpharmaceut.4c00406
,CC(=O)N1CCC(COc2ccc(nc2)c3ccn[nH]3)CC1,3.01 ,10.1021/acs.molpharmaceut.4c00406
,O=C1NCC[C@H]1C[C@@H](C(C2=NC(C=CC=C3)=C3S2)=O)NC([C@H](CC(C)C)NC(C4=CC(C(OC)=CC=C5)=C5N4)=O)=O,2.97 ,10.1021/acs.molpharmaceut.4c00406
,O=C(C1=C2C(NC=C2)=NC(C3=CN=CS3)=C1)N[C@H]4CC[C@H](OCCOC)CC4,3.00 ,10.1021/acs.molpharmaceut.4c00406
,CC1=CC(NC2=NC=NC3=CC(OCC)=C(NC(/C=C/[C@H]4CCCN4C)=O)C=C32)=CC=C1OC5=CC6=NC=NN6C=C5,2.09 ,10.1021/acs.molpharmaceut.4c00406
,CC1=CC(NC2=NC=NC3=CC(OCC)=C(NC(/C(F)=C/[C@H]4CCCN4C)=O)C=C32)=CC=C1OC5=CC6=NC=NN6C=C5,4.56 ,10.1021/acs.molpharmaceut.4c00406
,CC1=CC(NC2=NC=NC3=CC(OCC)=C(NC(/C(F)=C\[C@H]4CCCN4C)=O)C=C32)=CC=C1OC5=CC6=NC=NN6C=C5,6.62 ,10.1021/acs.molpharmaceut.4c00406
,CCCCNC(=O)C1=C(O)C2=C(C=CS2)N(CC2=CC=CC=C2)C1=O,7.61 ,10.1021/acs.molpharmaceut.4c00406
,O=C(NCC(O)=O)C1=C(O)C2=CC=C(OC3=C(C)C=C(C(C4=CC(OC)=CC(F)=C4)=O)C=C3C)C=C2C(OC)=N1,1.80 ,10.1021/acs.molpharmaceut.4c00406
,ClC1=CN=C(NC2=CC=C(N(C)CCN(C)C)C(NC(C=C)=O)=C2)N=C1O[C@H]3[C@](OC[C@H]4O)([H])[C@]4([H])OC3,0.80 ,10.1021/acs.molpharmaceut.4c00406
,ClC1=CN=C(NC2=CC=C(N(CCN(C)C)C)C(NC(C=C)=O)=C2)N=C1O[C@H]3[C@](OC[C@H]4OC)([H])[C@]4([H])OC3,0.91 ,10.1021/acs.molpharmaceut.4c00406
,NC(C=C1)=CC=C1C2=CC=C(N=CC(C3=NOC(C(F)(F)F)=N3)=C4)C4=C2,1.92 ,10.1021/acs.molpharmaceut.4c00406
,C1(NC2=C3C=C(NCC4=CC(OC5=CC(OCO6)=C6C=C5)=CC=C4)N=C2)=C3C=CC=C1,3.57 ,10.1021/acs.molpharmaceut.4c00406
,O=S(N(CC(N)=O)C1=C2C(C=CC=C2)=C(N(CC(N)=O)S(=O)(C3=CC=C(NC(CCN4CCN(CC)CC4)=O)C=C3)=O)C=C1)(C5=CC=C(OC)C=C5)=O,4.31 ,10.1021/acs.molpharmaceut.4c00406
,O=C1N(C2=CN=CC=C2)C([C@H]3N(C4=NC(N)=NC(N)=C4C#N)[C@@H](C)CC3)=NC5=CC=CC(Cl)=C51,2.79 ,10.1021/acs.molpharmaceut.4c00406
,O=C1C2=CC=CC=C2N=C([C@@H]2CC[C@H](C)N2C2C(C#N)=C(N=C(N)N=2)N)N1C1C=CC=NC=1,0.73 ,10.1021/acs.molpharmaceut.4c00406
,ClC1=C(C2=C(N)N=C(N3CCC(NCC4=CC=C(C(NCC5=CC=C(/C=C/C(NO)=O)C=C5)=O)C=C4)(C)CC3)C=N2)C=CC=C1Cl,6.15 ,10.1021/acs.molpharmaceut.4c00406
,O=C(NNC1=C(Br)C=CC=C1Br)C2=CC=C(OCC)C=C2,2.18 ,10.1021/acs.molpharmaceut.4c00406
,O=C(NNC1=C(Br)C=CC=C1Br)C2=CC=C(N3CCOCC3)C=C2,1.50 ,10.1021/acs.molpharmaceut.4c00406
,O=C(NC1=CC=C(S(=O)(N2CCC[C@H]2CN3CCOCC3)=O)C=C1)NC4=CC=C(C(F)(F)F)C=C4,2.50 ,10.1021/acs.molpharmaceut.4c00406
,O=C(NC1=CC=C(S(=O)(N2CCC[C@H]2CN3CCC(O)CC3)=O)C=C1)NC4=CC=C(C(F)(F)F)C=C4,12.00 ,10.1021/acs.molpharmaceut.4c00406
,C[C@@H]1C[C@@H](CCO1)N1C(=N)N[C@@](C)(CC1=O)c1cccc(c1Cl)Nc1ccc(nc1)C1CC1,7.00 ,10.1021/acs.molpharmaceut.4c00406
,C[C@@H]1C[C@@H](CCO1)N1C(=N)N[C@@](C)(CC1=O)c1cccc(c1Cl)NC(=O)c1cccc(c1)C#N,2.10 ,10.1021/acs.molpharmaceut.4c00406
,CC(C)C[C@](C)(N)COC(C(C(F)F)=N1)=CC=C1C2=CC=NC(C(F)F)=C2,8.70 ,10.1021/acs.molpharmaceut.4c00406
,O=C1C(N2)=C3C(C4=C1C(O)=C(C)C(O[C@]5(C)O/C=C/[C@H](OC)[C@@H](C)[C@@H](OC(C)=O)[C@H](C)[C@H](O)[C@H](C)[C@@H](O)[C@@H](C)/C=C/C=C(C)\C2=O)=C4C5=O)=NC6(CCN(CCN7C([N+]([O-])=O)=CN=C7C)CC6)N3,0.77 ,10.1021/acs.molpharmaceut.4c00406
,NC1=NN2C=CC(C3=CC(CN([C@H](C4CC4)C)C5=O)=C5C(OC(F)F)=C3)=NC2=C1C(N[C@@H]6CC[C@@](O)(C)CC6)=O,2.17 ,10.1021/acs.molpharmaceut.4c00406
,NC1=NN2C=CC(C3=CC(CN([C@H](C4CC4)C)C5=O)=C5C(OC(F)(F)F)=C3)=NC2=C1C(N[C@@H]6CC[C@@](O)(C)CC6)=O,1.89 ,10.1021/acs.molpharmaceut.4c00406
,Cc1nc(C)c(-c2ccc(OCCc3ccc(F)cc3)cc2)c(N2CCC(C)(C)CC2)c1[C@H](OC(C)(C)C)C(O)=O,4.30 ,10.1021/acs.molpharmaceut.4c00406
,CC(C)(F)C1=NC(=NO1)C12CCC(CN(C(=O)[C@H]3C[C@@](O)(C3)C(F)(F)F)C3=CC=CC(=C3)C3=CC=C(C=C3)C(C)(C)O)(CC1)CC2,18.00 ,10.1021/acs.molpharmaceut.4c00406
,O=C1NC2=NC=NC(NC3=CC=C(C=C3C)NC(NC4=CC(C(C)(C)C)=NN4C5=CC=C(Cl)C=C5)=O)=C2OC1(C)C,1.50 ,10.1021/acs.molpharmaceut.4c00406
,C[C@@H](C1=CC=CC=C1)OC(C=C2)=CC=C2C3=CC4=C(C5=CCNCC5)N=CN=C4N3,2.58 ,10.1021/acs.molpharmaceut.4c00406
,O=C(NC1=NN(CP(OCC)(OCC)=O)C=C1)C2=CC(OC(C)C)=CC(OC3=CN=C(C(N4CCC4)=O)C=N3)=C2,0.90 ,10.1021/acs.molpharmaceut.4c00406
,O=C(C1CCCCC1)N(CC2=CC(C#N)=C(C3=CC=C(N(C)C)C=C3)C=C2)C4=CC(/C=C/C(OC)=O)=CC(F)=C4,0.08 ,10.1021/acs.molpharmaceut.4c00406
,O=C(C1CCCCC1)N(C1C=C(C=C(C=1)/C=C/C(O)=O)F)CC1C=CC(=C(C=1)C#N)C1=CC=C(C=C1)N(C)C,0.24 ,10.1021/acs.molpharmaceut.4c00406
,Oc1ccccc1C3=NNC(c2ccc(Cl)cc2)C3,4.76 ,10.1021/acs.molpharmaceut.4c00406
,Oc1ccccc1C3=NNC(c2ccc(Br)cc2)C3,5.42 ,10.1021/acs.molpharmaceut.4c00406
,CC(=O)N1CCC2=NC(OCC3=C(C)N=NN3C3=CC=C(F)C=C3)=CC=C2C1,0.20 ,10.1021/acs.molpharmaceut.4c00406
,CC(=O)N1CC2=C(C1)N=C(OCC1=C(C)N=NN1C1=CC=C(F)C=C1)C=C2,0.23 ,10.1021/acs.molpharmaceut.4c00406
,CC1=C(COC2=NC3=C(CN(CC3)C(=O)CS(C)(=O)=O)C=C2)C(=NO1)C1=CC=C(F)C=C1,0.53 ,10.1021/acs.molpharmaceut.4c00406
,CC(C)C1=NNC(C(N2CC[C@@H](NC(NC3CC3)=O)C2)=O)=C1,0.40 ,10.1021/acs.molpharmaceut.4c00406
,COC1=CC(CNC2=CC=C3C(N=CN3C4=CC=CC=C4)=C2)=CC=C1OCCO,0.31 ,10.1021/acs.molpharmaceut.4c00406
,O=C(NC1=CC=C2NN=CC2=N1)[C@H]1CCCN1C(=O)C1(CCC1)C1=CC=C(C=C1)C#N,0.33 ,10.1021/acs.molpharmaceut.4c00406
,FC1(F)CC(C1)(C(=O)N1CCC[C@@H]1C(=O)NC1=NC2=C(NN=C2)C=C1)C1=CC=C(Cl)C=C1,0.58 ,10.1021/acs.molpharmaceut.4c00406
,F[C@@H]1C[C@@H](N(C1)C(=O)C1(CCC1)C1=CC=C(Cl)C=C1)C(=O)NC1=NC2=C(NN=C2)C=C1,0.35 ,10.1021/acs.molpharmaceut.4c00406
,F[C@@H]1C[C@@H](N(C1)C(=O)C1(CC(F)(F)C1)C1=CC=C(Cl)C=C1)C(=O)NC1=NC2=C(NN=C2)C=C1,0.30 ,10.1021/acs.molpharmaceut.4c00406
,O=C1N(CCC2=CC3=CC(C4=CN(CCCCN5)N=C4)=CN=C3C=C2)N=C(C6=CC(C(F)(F)F)=C(C5=O)C=C6)C=C1,0.57 ,10.1021/acs.molpharmaceut.4c00406
,FC(F)(F)c1c(ccc(c1Cl)-n1ccnn1)Cl,3.30 ,10.1021/acs.molpharmaceut.4c00406
,OB([C@H](CC(C)C)NC([C@H](CC1=CC=CC=C1)NC(C2=C(F)C=CC=C2F)=O)=O)O,4.73 ,10.1021/acs.molpharmaceut.4c00406
,O=C(C)C1=CC(C(NC2=C(F)C(C3=CN(C)N=C3)=CC(CO)=C2)=O)=C4N1C=CC(N)=C4,0.11 ,10.1021/acs.molpharmaceut.4c00406
,O=C(C)C1=CC(C(NC2=C(F)C(C3=CN(C4CC4)N=C3)=CC(CO)=C2)=O)=C5N1C=CC(OC(N(C)C)=O)=C5,1.60 ,10.1021/acs.molpharmaceut.4c00406
,O=C(C)C1=CC(C(NC2=C(F)C(C3=CN(C4CC4)N=C3)=CC(C(C)O)=C2)=O)=C5N1C=CC(N)=C5,1.32 ,10.1021/acs.molpharmaceut.4c00406
,O=C(C)C1=CC(C(NC2=C(F)C(C3=CN(C4CC4)N=C3)=CC(C(C)O)=C2)=O)=C5N1C=CC(OC)=C5,0.61 ,10.1021/acs.molpharmaceut.4c00406
,NC1=C(Cl)C=C(C(CO)NC(C)(C)C)C=C1C(F)(F)F.Cl,10.70 ,10.1021/acs.molpharmaceut.4c00406
,NC1=NC=C(OC2=CC=C(NC(NC3=CC(C(F)(F)F)=CC=C3)=O)C=C2)C=C1,0.50 ,10.1021/acs.molpharmaceut.4c00406
,O=C(NC1=CC=CC=C1CC)C2=CC(C3=CC=C(C(N4CCNCC4)=O)C=C3)=CN=C2,1.83 ,10.1021/acs.molpharmaceut.4c00406
,CC1=NC2=C(N1C3=CN=C(C(C)(C)C#N)C=C3)C4=CC(C5=CC=C(C=CN6)C6=N5)=CC=C4N=C2,1.16 ,10.1021/acs.molpharmaceut.4c00406
,ClC1=CC(/C=C/C(N[C@@H](CC(N2CCN(C3=CC=CC=C3)CC2)=O)C(NC4=CC=C(C(O)=O)C=C4)=O)=O)=C(N5C=NN=N5)C=C1,1.26 ,10.1021/acs.molpharmaceut.4c00406
,O=C([C@@]12[C@@H]3C[C@@H](CC3)[C@@]1(C(C1=CC(=CN=C1)[H])=NO2)[H])NC1=CC=C2C(=C1)C=NN2,4.50 ,10.1021/acs.molpharmaceut.4c00406
,OC1=C(C2=C(C3=CC=C(CN4CCOCC4)C=C3)C(C(NCC)=O)=NO2)C=C(C5=CC=C(C)C=C5)C(O)=C1,1.26 ,10.1021/acs.molpharmaceut.4c00406
,CCN(CC)C1=NC2=CC(C3=NC(NC4=NC=C(N5CCNCC5)C=C4)=NC=C3F)=CC=C2N=C1,9.78 ,10.1021/acs.molpharmaceut.4c00406
,O=C1C2=C(OC)C=C(OC)C=C2N=C(C3=CC(CC(C4=CC=CC=C45)=NNC5=O)=CC=C3)N1,3.02 ,10.1021/acs.molpharmaceut.4c00406
,O=C(NC1=CC=C(C)C(C(F)(F)F)=C1)CCC2=CC=CC(C3=CN=C4C(C=CN4)=C3)=C2,1.63 ,10.1021/acs.molpharmaceut.4c00406
,O(C)C1C=C(C(=C(C=1Cl)C1=CC2=C(C=C1)N=C(N[C@@H]1COCC[C@@H]1NC(C=C)=O)N=C2)Cl)OC,1.00 ,10.1021/acs.molpharmaceut.4c00406
,O=C(C(C1=C(Cl)C(OC)=CC(OC)=C1Cl)=C2)N(CC)C3=C2C=NC(C4=C(OC)C=C(N5[C@H](C6)CO[C@H]6C5)C(NC(C#CC)=O)=C4)=C3,2.00 ,10.1021/acs.molpharmaceut.4c00406
,O=C(NC1=CC(OC(C)C)=C(C#CC2=CC=CN=C2)C=N1)N3CCCC4=CC(CN5C(CN(C)CC5)=O)=C(C=O)N=C43,0.89 ,10.1021/acs.molpharmaceut.4c00406
,O=C(O)C(C)(C)SC1=NC2=NC=CC=C2N1CC3=C(C=CC=C4)C4=C(Br)C=C3,1.80 ,10.1021/acs.molpharmaceut.4c00406
,S2C1=NC(=C([N]1C=C2)C3=CC=NC(=N3)NCCN4[S](N(CC4)C)(=O)=O)C5=CC(=CC=C5)O,1.72 ,10.1021/acs.molpharmaceut.4c00406
,CCOC(=O)c1sc(nc1O)-c1cccc(c1)F,0.56 ,10.1021/acs.molpharmaceut.4c00406
,CCn1nnc(n1)-c1sc(nc1O)-c1cccc(c1)F,0.74 ,10.1021/acs.molpharmaceut.4c00406
,CCC(=O)c1sc(nc1O)-c1cccc(c1)F,3.15 ,10.1021/acs.molpharmaceut.4c00406
,NC(COC1=C(C)C=CC=C1C)C,10.60 ,10.1021/acs.molpharmaceut.4c00406
,NC(C1=CC=CC=C1)COC2=CC=CC=C2C(F)(F)F,3.20 ,10.1021/acs.molpharmaceut.4c00406
,NC(C(Cl)=NC=N1)=C1NC2=C(N3CCN(C)CC3)C=C(F)C(C4=CC=C(C(N(C)C)=O)C=C4)=C2,1.70 ,10.1021/acs.molpharmaceut.4c00406
,ClC(C=N1)=C(NC2=CC(C(F)(F)F)=CC=C2)N=C1NC3=CC=C(N4CCN(C)CC4)C=N3,1.86 ,10.1021/acs.molpharmaceut.4c00406
,c1c(cnc(n1)N)c2c(c(nc(n2)N3CCOCC3)N[C@]4(CCN(C4)C(=O)OCC(F)F)CO)F,3.60 ,10.1021/acs.molpharmaceut.4c00406
,c1c(cnc(n1)N)c2c(c(nc(n2)N3CCOCC3)N[C@]4(CCN(C4)C(=O)OCC(F)F)COP(=O)(O)O)F,0.28 ,10.1021/acs.molpharmaceut.4c00406
,O=C(C1=CN(C)N=C1)NC1CCC2C=C(C=CC=21)C1N=C(CC)ON=1,3.00 ,10.1021/acs.molpharmaceut.4c00406
,O=C1N(CC2=NC3=C(C=CC(CN)=C3)N2CCCC(F)(F)F)C4=CC(F)=CC=C4C15CC5,9.90 ,10.1021/acs.molpharmaceut.4c00406
,O=C1N(CC2=NC3=C(C=CC(CN)=C3)N2CCCC(F)(F)F)C4=C(F)C=CC=C4C15CC5,0.80 ,10.1021/acs.molpharmaceut.4c00406
,O=C(C1(CC1)C2=CC=CC=C2F)NC(C=C3)=NN3C4=CC=NC(F)=C4,3.50 ,10.1021/acs.molpharmaceut.4c00406
,CC1=C(NC2=C(F)C=C(C3=CC=C(C#N)C=C3)C=C2F)N=C(NC4=CC=C(C#N)C=C4)N=C1,1.18 ,10.1021/acs.molpharmaceut.4c00406
,CC(=O)NCCn(c(n1)OCC)c(c12)cc(cc2)OC,0.21 ,10.1021/acs.molpharmaceut.4c00406
,CC(=O)NCCn1c(OC)nc(c12)ccc(c2)OC,0.26 ,10.1021/acs.molpharmaceut.4c00406
,CC(=O)NCCn(c(n1)OCC)c(c12)cc(c(Cl)c2)OC,0.14 ,10.1021/acs.molpharmaceut.4c00406
,CC(=O)NCCn(c(n1)OC)c(c12)cc(c(Cl)c2)OC,0.29 ,10.1021/acs.molpharmaceut.4c00406
,CC(=O)NCCCn1c(OCC)nc(c12)ccc(c2)OC,0.25 ,10.1021/acs.molpharmaceut.4c00406
,CC(=O)NCCCn(c(n1)OC)c(c12)cc(cc2)OC,0.52 ,10.1021/acs.molpharmaceut.4c00406
,CC(=O)NCCCn(c(n1)OCC)c(c12)cc(c(Cl)c2)OC,0.41 ,10.1021/acs.molpharmaceut.4c00406
,CC(=O)NCCn1c(OC)nc(c1c23)ccc2OCC3,0.71 ,10.1021/acs.molpharmaceut.4c00406
,N(C(C)=O)CCC1=CNC2=CC=C(C=C12)OC,0.33 ,10.1021/acs.molpharmaceut.4c00406
,CC(=O)NCCn(c(n1)OC)c(c12)cc(c(Cl)c2)OC,0.24 ,10.1021/acs.molpharmaceut.4c00406
,CC(=O)NCCCn(c(n1)OCC)c(c12)cc(c(Cl)c2)OC,0.26 ,10.1021/acs.molpharmaceut.4c00406
,CC(=O)NCCn1c(OC)nc(c1c23)ccc2OCC3,0.61 ,10.1021/acs.molpharmaceut.4c00406
,O=C1N2[C@H]([S@@](C)=O)CC[C@@H](N1O[C@H](F)C(O)=O)C2,0.20 ,10.1021/acs.molpharmaceut.4c00406
,O=C(C1=CC=C(C2=NC3=C(N=CN=C3C=C2)NC4=C(C=C(C=C4)F)OC(C)C)C=C1)N5CCNCC5,6.71 ,10.1021/acs.molpharmaceut.4c00406
,FC(C(Br)=C1)=CC=C1N/C(C2=NON=C2NCCN3N=NC(C(O)C)=C3)=N\O,0.80 ,10.1021/acs.molpharmaceut.4c00406
,FC(C(Br)=C1)=CC=C1N/C(C2=NON=C2NCCN3N=NC(COCCO)=C3)=N\O,0.61 ,10.1021/acs.molpharmaceut.4c00406
,CN(C)C1=NC(C2=C3C=CC=NN3N=C2)=CC=N1,0.20 ,10.1021/acs.molpharmaceut.4c00406
,FC(F)(F)CN1CCN(NC2=C(C(OCC)=O)C(/C(O2)=C/C3=CNC4=C3C=CC=N4)=O)CC1,3.01 ,10.1021/acs.molpharmaceut.4c00406
,O=C(C1=C[C@H]([C@@H]([C@H](C1)NCC1=CC2=C(C=C1)SC1C=CC=CC=12)NC(C)=O)OC(CC)CC)O,0.74 ,10.1021/acs.molpharmaceut.4c00406
,FC1=C2C(C=CN(C3=C(CO)C(C4=NC(N)=NC5=C4C=C(C6=CCN(C7COC7)CC6)N5)=CC=C3)C2=O)=CC(C8CC8)=C1,2.65 ,10.1021/acs.molpharmaceut.4c00406
,C[C@@]1(N=C(N)SC=C1)C2=CC(NC(C3=NC=C(C#N)C=C3)=O)=CC=C2F,5.52 ,10.1021/acs.molpharmaceut.4c00406
,CN(C)C1=CC(N=CN=C2OC3=CC=C(NC(NCC4=CC=C(F)C=C4)=O)C=C3)=C2C=C1,3.30 ,10.1021/acs.molpharmaceut.4c00406
,CN(C)C1=CC=C2C(N=CN=C2OC3=CC=C(NC(NCC4=CC=C(C(F)(F)F)N=C4)=O)C=C3)=C1,2.90 ,10.1021/acs.molpharmaceut.4c00406
,CN(C)C1=CC2=C(C=C1)C(OC3=CC=C(NC(NC4=CC=C(OC)C=C4)=O)C=C3)=NC=N2,1.60 ,10.1021/acs.molpharmaceut.4c00406
,CN(C)C1=CC2=C(C=C1)C(OC3=CC=C(NC(NCC4=CC=C(C)N=C4)=O)C=C3)=NC=N2,10.50 ,10.1021/acs.molpharmaceut.4c00406
,CN(C)C1=CC2=C(C=C1)C(OC3=CC=C(NC(NCC4=CC=C(OC)N=C4)=O)C=C3)=NC=N2,1.20 ,10.1021/acs.molpharmaceut.4c00406
,FC(C=C(C(NC1=C(F)C=CC=C1F)=O)C(O[C@H](C(F)(F)F)C)=C2)=C2NC(/C(C#N)=C(C)\O)=O,7.10 ,10.1021/acs.molpharmaceut.4c00406
,FC(C=C(C(NC1=C(Cl)C=CC=C1F)=O)C(O[C@H](C(F)(F)F)C)=C2)=C2NC(/C(C#N)=C(C)\O)=O,4.60 ,10.1021/acs.molpharmaceut.4c00406
,O=C(CN1C(C=CC=C2)=C2N=C1C3=NON=C3N)NC4=CC(C=CC=C5)=C5N=C4,8.87 ,10.1021/acs.molpharmaceut.4c00406
,CN1CCN(C2=CC=C(C=C2)C3=CC4=C(N5CCN(C(NC6=CC=C(Cl)C(C(F)(F)F)=C6)=O)CC5)N=CN=C4S3)CC1,13.10 ,10.1021/acs.molpharmaceut.4c00406
,O=C(C1=CC=C(S1)CN2C(C)=CC(C)=N2)NC3=CC(Cl)=C(Cl)C=C3,1.70 ,10.1021/acs.molpharmaceut.4c00406
,O=C1N(C2=CC(F)=CC=C2)C([C@H]3N(C4=NC=NC5=C4N=CN5)[C@@H](C)CC3)=NC6=CC=CC(Cl)=C61,2.00 ,10.1021/acs.molpharmaceut.4c00406
,BrC1=C(COC2=CC(OCC3=CC4=NON=C4C=C3)=C(CN[C@H](CO)C(O)=O)C=C2Cl)C=CC=C1C5=CC=CC=C5,4.04 ,10.1021/acs.molpharmaceut.4c00406
,CCS(=O)(=O)C1=CC=C(CNC(=O)C2=CC=C3N(CCF)C(CC4=CC=C(Cl)C=C4C(F)(F)F)=CC3=C2)C=C1,2.67 ,10.1021/acs.molpharmaceut.4c00406
,CCS(=O)(=O)C1=CC=C(CNC(=O)C2=CC=C3N(C(C)C)C(CC4=CC=C(Cl)C=C4C(F)(F)F)=CC3=C2)C=C1,0.86 ,10.1021/acs.molpharmaceut.4c00406
,O=C(NC1=NC=CC(C(F)(F)F)=C1)C2=CC=C(C3=C(C(N)=O)N(N)C([C@@H]4CCCCN4C(C=C)=O)=N3)C=C2,1.32 ,10.1021/acs.molpharmaceut.4c00406
,CCOC1=CC(NC(=O)NCC2=NN=C(C3=CN(C)N=C3C(F)(F)F)C(C)=C2)=CC(Cl)=N1,1.10 ,10.1021/acs.molpharmaceut.4c00406
,CCOC1=CC(NC(=O)NCC2=NN=C(C3=CN(C)N=C3C(F)(F)F)C(C)=C2)=CC(=N1)C(F)(F)F,2.70 ,10.1021/acs.molpharmaceut.4c00406
,CCOC1=C(C)C(NC(=O)NCC2=NN=C(C3=CN(C)N=C3C(F)(F)F)C(C)=C2)=CC(C)=N1,1.00 ,10.1021/acs.molpharmaceut.4c00406
,CCOCCN1C(=NC2=CC=CC(OC)=C12)C1=CN=C(C=C1)N1[C@@H](C)CC[C@@H]1C,1.00 ,10.1021/acs.molpharmaceut.4c00406
,Cl.COC1=CC=CC2=C1N(C[C@@H]1CNCCO1)C(=N2)C1=CN=C(C=C1)N1[C@@H](C)CC[C@@H]1C,5.10 ,10.1021/acs.molpharmaceut.4c00406
,CCNC(=O)C1=CC(OC)=C2N(C[C@@H]3CN(C)CCO3)C(=NC2=C1)C1=CN=C(C=C1)N1[C@@H](C)CC[C@@H]1C,3.60 ,10.1021/acs.molpharmaceut.4c00406
,COC1=C2N(C[C@@H]3CN(C)CCO3)C(=NC2=C(F)C(=C1)C(N)=O)C1=CN=C(C=C1)N1CCC[C@@H]1C,6.40 ,10.1021/acs.molpharmaceut.4c00406
,CNC(=O)C1=CC(OC)=C2N(C[C@@H]3CNCCO3)C(=NC2=C1F)C1=CN=C(C=C1)N1[C@@H](C)CC[C@@H]1C,4.30 ,10.1021/acs.molpharmaceut.4c00406
,OB1OCC2=CC=C(NC(C3=C(C)N(C4=CC=CC=N4)N=N3)=O)C=C21,2.80 ,10.1021/acs.molpharmaceut.4c00406
,Brc1cc(NCC2C(CCCC2)O)c2cn[nH]c2c1,10.07 ,10.1021/acs.molpharmaceut.4c00406
,OC(C)CCCCN1C(C2=C(N(C1=O)C)N=CN2C)=O,0.75 ,10.1021/acs.molpharmaceut.4c00406
,O=C(C1=C(N2C)N=CN1C)N(CCCCC(OC(CCCCCCC/C=C/C/C=C/CCCCC)=O)C)C2=O,3.12 ,10.1021/acs.molpharmaceut.4c00406
,O=C1C(N2C)=C(N=C2)N(C)C(N1CCCCC(C)OC(CCCCC3SSCC3)=O)=O,1.26 ,10.1021/acs.molpharmaceut.4c00406
,O=C(C1=C(N2C)N=CN1C)N(CCCCC(OC(CCCCCCC/C=C/CCCCCCCC)=O)C)C2=O,4.44 ,10.1021/acs.molpharmaceut.4c00406
,O=C(C1=C(N2C)N=CN1C)N(CCCCC(OC(CCCCCCCCCCCCCCC)=O)C)C2=O,3.59 ,10.1021/acs.molpharmaceut.4c00406
,CC1=C(COC2=CC(C)=C(CN[C@H](CO)C(O)=O)C(OCC3=CC(C#N)=CC=C3)=C2)C=CC=C1C(C=C4)=CC5=C4OCCO5,0.47 ,10.1021/acs.molpharmaceut.4c00406
,CC1=C(C(F)(F)OC2=C(Cl)C=C(CNC(CO)(CO)CO)C(OCC3=CC(C#N)=CN=C3)=C2)C=CC=C1C(C=C4)=CC5=C4OCCO5,1.32 ,10.1021/acs.molpharmaceut.4c00406
,CC1=C(C(F)(F)OC2=C(Cl)C=C(CN3CCCC[C@@]3([H])C(O)=O)C(OCC4=CC(C#N)=NC=C4)=C2)C=CC=C1C(C=C5)=CC6=C5OCCO6,0.71 ,10.1021/acs.molpharmaceut.4c00406
,CC1=C(C(F)(F)OC2=C(Cl)C=C(CN[C@@H]3C(O)O[C@H](CO)[C@@H](O)[C@@H]3O)C(OCC4=CC(C#N)=NC=C4)=C2)C=CC=C1C(C=C5)=CC6=C5OCCO6,4.84 ,10.1021/acs.molpharmaceut.4c00406
,CC1=C(C(F)(F)OC2=C(Cl)C=C(CN[C@H]([C@@H](O)[C@@H](O)[C@@H](CO)O)CO)C(OCC3=CC(C#N)=NC=C3)=C2)C=CC=C1C(C=C4)=CC5=C4OCCO5,3.14 ,10.1021/acs.molpharmaceut.4c00406
,FC(C=C(F)C=C1)=C1OC(CC2)CCN2C3=NC4=C(CN(C(C)=O)CC4)N=C3NC(C)C,1.12 ,10.1021/acs.molpharmaceut.4c00406
,FC(F)(F)C1=C2N3CCN(CC4CCC4)C(=O)C3=NC2=CC=C1,0.26 ,10.1021/acs.molpharmaceut.4c00406
,O=C1NC2=CC=C(F)C=C2/C1=C/C3=C(C)C(NC(CCN4CCCC4)=O)=CN3,3.70 ,10.1021/acs.molpharmaceut.4c00406
,CC1=C(C2=NC(OC)=C(CNCCO)C=C2)C=CC=C1C3=CC=CC=C3,4.20 ,10.1021/acs.molpharmaceut.4c00406
,O=C(C1=CC=C(N2CCN(CC)CC2)C=C1)NC3=NNC(C4=CC(N(CC5=C(Cl)C=CC=C5Cl)C=N6)=C6C=C4)=C3,2.25 ,10.1021/acs.molpharmaceut.4c00406
,C(#N)/C=C/C1=CC(C)=C(C(C)=C1)OC1=C2CSCCC2=NC(NC2C=CC(=C(C=2[H])[H])C#N)=N1,1.94 ,10.1021/acs.molpharmaceut.4c00406
,OC(=O)[C@@H](c1c(c2[n]cc3[n]c[n](c3c2)[C@@H](c2c(c(C3CC3)ccc2Cl)Cl)C)cccc1)C,0.60 ,10.1021/acs.molpharmaceut.4c00406
,O=C(CC1=CC=C(S(=O)(CC)=O)C=C1)NC2=CC=C(C3=NC(C=CC(C)=C4)=C4N3CCCCC)C=C2,0.82 ,10.1021/acs.molpharmaceut.4c00406
,O=C(CC1=CC=C(S(=O)(CC)=O)C=C1)NC2=CC=C(C3=NC(C=CC(C)=C4)=C4N3[C@@H](C)C5=CC=C(C)C=C5)C=C2,1.07 ,10.1021/acs.molpharmaceut.4c00406
,O=C(CC1=CC=C(S(=O)(CC)=O)C=C1)NC2=CC=C(C3=NC(C=CC(C(F)(F)F)=C4)=C4N3[C@H](C)C5=CC=C(F)C=C5)C=C2,4.72 ,10.1021/acs.molpharmaceut.4c00406
,O=C(CC1=CC=C(S(=O)(CC)=O)C=C1)NC2=CC=C(C3=NC(C=CC(C(F)(F)F)=C4)=C4N3[C@@H](C)C5=CC=C(F)C=C5)C=C2,4.19 ,10.1021/acs.molpharmaceut.4c00406
,O=S(OC[C@H]1[C@@H](O)C[C@H](N2N=NC3=C2N=CN=C3N[C@@H]4C5=CC=CC=C5C6(CCN(C(OC)=O)CC6)C4)C1)(N)=O,1.36 ,10.1021/acs.molpharmaceut.4c00406
,N(C1C2C=CN(C=2N=CN=1)C1C(COS(=O)(=O)N)(C1)O)[C@H]1CCC2C1=CC=CC=2,0.71 ,10.1021/acs.molpharmaceut.4c00406
,O=C(CC1=CC=CC(OCCC=CCCOC2=CC=CC(CC3=O)=C2)=C1)NC4=NN=C(CCCCC(C=C5)=NN=C5N3)S4,6.30 ,10.1021/acs.molpharmaceut.4c00406
,O=C(CC1C=CC=CN=1)NC1SC(CCCCC2=CC=C(NC(CC3=CC=CC(=C3)OC(F)(F)F)=O)N=N2)=NN=1,3.70 ,10.1021/acs.molpharmaceut.4c00406
,CC1=NC2=CC=CC=C2C(N(C3=CC(OC(C(C)C)C(NO)=O)=C(OC)C=C3)C)=N1,9.09 ,10.1021/acs.molpharmaceut.4c00406
,COC1=CC(OC)=CC(NC2=NSC3=CC=CC=C32)=C1,1.54 ,10.1021/acs.molpharmaceut.4c00406
,FC1=CN=C(NC2=CC=C(N(S(=O)(C(F)(F)F)=O)C=C3)C3=C2)N=C1C4=CN(CCC#N)N=C4,5.95 ,10.1021/acs.molpharmaceut.4c00406
,O=C1NC(C2=CC=C(OCC(NC3=CC=C(N4CCN(C)CC4)C(Cl)=C3)=O)C=C2)=NC5=CC(OC)=CC(OC)=C51,4.21 ,10.1021/acs.molpharmaceut.4c00406
,OC(/C=C/C1C=C(F)C([C@@H]2C3NC4C=CC=CC=4C3C[C@@H](C)N2CC(C)(C)F)=C(C=1)F)=O,1.00 ,10.1021/acs.molpharmaceut.4c00406
,O=C(C1=CC=C(C2=CC(F)=C([C@H]3N(CC(C)(F)C)[C@H](C)CC4=C3NC5=C4C=CC=C5)C(F)=C2)C=C1)O,13.80 ,10.1021/acs.molpharmaceut.4c00406
,CC1=C(N(C(C2CCCC2)=O)CC)C=C(C3=CC=C(CN4CCOCC4)C=C3)C=C1C(NCC5=C(C)C=C(C)NC5=O)=O,0.38 ,10.1021/acs.molpharmaceut.4c00406
,CC1=C(N(C(C2CC2)=O)CC)C=C(C3=CC=C(CN4CCOCC4)C=C3)C=C1C(NCC5=C(C)C=C(C)NC5=O)=O,0.80 ,10.1021/acs.molpharmaceut.4c00406
,CC1=C(N(C(C2CC2)=O)CC)C=C(C3=CC=C(N4CCN(CC)CC4)C=C3)C=C1C(NCC5=C(C)C=C(C)NC5=O)=O,1.55 ,10.1021/acs.molpharmaceut.4c00406
,CC1=C(N(C(C2CC2)=O)CC)C=C(C3=CC=C(N4CCN(CC5CC5)CC4)N=C3)C=C1C(NCC6=C(C)C=C(C)NC6=O)=O,1.25 ,10.1021/acs.molpharmaceut.4c00406
,CC1=C(N(C(C2CC2)=O)CC)C=C(C3=CC=C(N4CCN(CC5CC5)CC4)N=C3C)C=C1C(NCC6=C(C)C=C(C)NC6=O)=O,1.23 ,10.1021/acs.molpharmaceut.4c00406
,CC1=C(N(C(C2CC2)=O)CC)C=C(C3=CC(C)=C(N4CCN(CC5CC5)CC4)N=C3)C=C1C(NCC6=C(C)C=C(C)NC6=O)=O,1.79 ,10.1021/acs.molpharmaceut.4c00406
,FC1=CC=C(OCC(F)F)C([C@@H](C)NC2=NC3=C(C4=CN(CCO)N=C4)C=NN3C=C2)=C1,5.70 ,10.1021/acs.molpharmaceut.4c00406
,Cc1cc(cc2cn[nH]c12)C[C@@H](NC(=O)N1CCC2(CC1)OC(=O)Nc1ncccc12)C(=O)N[C@@H](CC1CCNCC1)C(=O)N1CCN(CC1)c1ccncc1,4.70 ,10.1021/acs.molpharmaceut.4c00406
,O=C(C(C)=C1)N(CC2=CC=C(Cl)C=C2)N=C1C3=CC=C(F)N=C3F,2.03 ,10.1021/acs.molpharmaceut.4c00406
,O=C(NC(C1=CC=CC=C1)C2=CC=CC=C2)C3=CC(C4=CC(C=CC=C5)=C5O4)=NC6=CC=CC=C63,9.06 ,10.1021/acs.molpharmaceut.4c00406
,CC(C(COC1=C(Cl)C=C(CNC(C)(C)C(O)=O)C(OCC2=CC(C#N)=CC=C2)=C1)=CC=C3)=C3C4=CC=CC=C4,1.50 ,10.1021/acs.molpharmaceut.4c00406
,CC(C)[C@@H](NC(=O)c1cc(ccc1F)C(F)(F)F)C(=O)N1CCC2(CC1)N(C(=O)N(C)C2=O)c1ccc2[nH]ncc2c1,1.50 ,10.1021/acs.molpharmaceut.4c00406
,NC1=C(C(COC2=CC3=C(C=C2)N=C(S3)N[C@@H]4CCCC[C@H]4O)=CC=N1)Cl,3.00 ,10.1021/acs.molpharmaceut.4c00406
,N1(C=C(C=N1)NC1N=CC=C(COC2C=C3C(=C(C=2)OC)N=C(NC2[C@H](CCCC2)O)S3)N=1)C,1.70 ,10.1021/acs.molpharmaceut.4c00406
,COC[C@](CO)(OC[C@H]1O[C@H]([C@H](O)[C@@H]1O)n1ncc2c(nc(nc12)Cl)NC1CCCC1)P(=O)(O)O,8.50 ,10.1021/acs.molpharmaceut.4c00406
,O=C(C(=C)F)N1CCN(C[C@@H]1CC#N)C1C2CCN(CC=2N=C(N=1)OC[C@@H]1CCCN1C)C1=CC=CC2=C1C(=CC=C2)Cl,2.57 ,10.1021/acs.molpharmaceut.4c00406
,O=C(C(C=N1)=C(NC2=CC(C(C)(C)C#N)=CC(C(C)(C#N)C)=C2)N=C1N(CCC3)C[C@H]3N)N,6.20 ,10.1021/acs.molpharmaceut.4c00406
,O=C(C(C=N1)=C(NC2=CC(C(C)C)=NC(C(C)C)=C2)N=C1N(CCC5)C[C@H]5N)N,7.70 ,10.1021/acs.molpharmaceut.4c00406
,n1c(cc(nc1N1[C@H](CC1)C)N1C[C@H]2[C@H](C1)[C@H]2CC(O)=O)C(F)(F)F,7.71 ,10.1021/acs.molpharmaceut.4c00406
,CC1=C(C=CC=C1CNC2=CC(OCC3=CC(C#N)=CN=C3)=C(CN[C@H](CO)C(O)=O)C=C2C)C4=CC=CC=C4,1.38 ,10.1021/acs.molpharmaceut.4c00406
,OB(O1)[C@H]2[C@H](C2)C3=C1C(C(O)=O)=C(F)C=C3,1.25 ,10.1021/acs.molpharmaceut.4c00406
,NC1=C2C(N([C@@H](C)C3=CC(OCC(F)F)=CC=N3)C=N2)=NC(Cl)=N1,2.36 ,10.1021/acs.molpharmaceut.4c00406
,O=C1CC2(CCN(C(C3=CC(C4=CC=C(C(O)=O)C=C4)=NC=C3)=O)CC2)OC5=CN(C(C)(C)C)N=C51,3.50 ,10.1021/acs.molpharmaceut.4c00406
,O=C1CC2(CCN(C(C3=CC(C4=CC=C(C(O)=O)C=C4)=NC(N(C)C)=C3)=O)CC2)CC5=C1N(C(C)C)N=C5,7.50 ,10.1021/acs.molpharmaceut.4c00406
,O=C1CC2(CCN(C(C3=CC(C4=CC=C(C(O)=O)C=C4)=NC(OC)=C3)=O)CC2)CC5=C1N(C(C)C)N=C5,8.60 ,10.1021/acs.molpharmaceut.4c00406
,CN(CCN(C)C)C1=CC=C(C#N)C(CN2CCN(C3=CC=C(Cl)C=C3)CC2)=C1,14.34 ,10.1021/acs.molpharmaceut.4c00406
,COC1=CC2=C(C=C1OC)C1=CC(NCC3=CC=CC=C3)=NC(=O)N1CC2,0.89 ,10.1021/acs.molpharmaceut.4c00406
,O=C1N=C(OC[C@@H]2COCCO2)C=C2N1CCC1=C2C=CC(=C1)C#CC1CC1,1.00 ,10.1021/acs.molpharmaceut.4c00406
,O=C(O)C(N1OCC2=CC=C([N+]#[C-])C=C2)=C(C)N=C1C3=CC=CC(C#N)=C3,4.89 ,10.1021/acs.molpharmaceut.4c00406
,NC1=NC=NC2=C1C(C3=CC=C(OC)C(F)=C3)=NN2[C@@H](CC)C(N4C5CC5)=NC6=C(C(F)=CC=C6)C4=O,1.70 ,10.1021/acs.molpharmaceut.4c00406
,CN(N=C1)C=C1NC2=NC=CC(C3=CC=C(CNC(N4CC(OC(C)C)C4)=O)C(C)=C3)=N2,1.20 ,10.1021/acs.molpharmaceut.4c00406
,NC1=NC2=C(N=CC(F)=C2)C(N[C@](C)(CCCC)CO)=N1,1.45 ,10.1021/acs.molpharmaceut.4c00406
,C[C@H]1CN(C(CC#N)=O)[C@@]11CN(CC1)C1=C2C=CNC2=NC=N1,1.70 ,10.1021/acs.molpharmaceut.4c00406
,COc1ncc(cc1Cl)NC(=O)Nc3cnc2ccc(C#N)cc2c3N4CCOC[C@@H]4C,2.10 ,10.1021/acs.molpharmaceut.4c00406
,C[C@H]1COC[C@H](C)N1C2=C(C=NC3=CC(Cl)=NN23)NC(=O)Nc4ccnc(c4)C(F)(F)F,3.20 ,10.1021/acs.molpharmaceut.4c00406
,O=C([C@@H](CN(CC1CC1)CC1)[C@H]1NC(c1noc(-c(ccc(F)c2)c2F)c1)=O)NC1(CC1)c1ncccn1,1.30 ,10.1021/acs.molpharmaceut.4c00406
,ClC1=C2C(=CC=C1)C=C([C@H](C)NC1=C3C(NC=N3)=NC=N1)N(C1=CC=CC=C1)C2=O,0.73 ,10.1021/acs.molpharmaceut.4c00406
,FC1=C2C(=CC=C1)N=C([C@H](CC)NC1=C3C(NC=N3)=NC=N1)N(C1C=CC=CC=1)C2=O,1.89 ,10.1021/acs.molpharmaceut.4c00406
,O=C1C(C2=CC=CC=C2)=C(C(C)NC3=NC(N)=NC(N)=C3C#N)C(C4=CC=C(F)C=C4)=C5C=CC(F)=CN51,3.80 ,10.1021/acs.molpharmaceut.4c00406
,N1C(C2C=C(C=C3C=2C2=C([C@](C)4CCCN4C/C/2=N/1)N3)F)=O,5.30 ,10.1021/acs.molpharmaceut.4c00406
,O=C(NCCO)C1=CC=CC2=C1CCN2C3=CC(CC4=CC(F)=CC(C(F)(F)F)=C4)=NC=N3,1.00 ,10.1021/acs.molpharmaceut.4c00406
,O=C(C1CC(C2=CC=CC=C2)CCN1)NC[C@H](O)CO,1.25 ,10.1021/acs.molpharmaceut.4c00406
,CC1=C(C2=CN(C(C)C)N=C2)N=C(NC3=CC=C(CN(C(/C=C/CN(C)C)=O)CC4)C4=C3)N=C1,4.00 ,10.1021/acs.molpharmaceut.4c00406
,O=C1C2=C(C=CC=C2OC)N(C)[C@@H](N1CC3)C4=C3C5=CC=C(OC)C=C5N4,0.22 ,10.1021/acs.molpharmaceut.4c00406
,O=C(NCC(O)=O)C1=NC=C(C#CCOC2=CC=C(Cl)C=C2)C=C1O,8.43 ,10.1021/acs.molpharmaceut.4c00406
,CC(SC1=NC2=NC=CC=C2N1C3=C4C=CC=CC4=C(C5CC5)C=C3)C(O)=O,3.10 ,10.1021/acs.molpharmaceut.4c00406
,CC(SC(N1C2=C3C=CC=CC3=C(C4CC4)C=C2)=NC5=C1C=CN=C5)C(O)=O,2.30 ,10.1021/acs.molpharmaceut.4c00406
,N1=C(Br)N(C2C=CC(C3CC3)=C3C=CC=CC=23)C(SCC(=O)NS(=O)(=O)C2=CC=C(Br)C=C2)=N1,5.00 ,10.1021/acs.molpharmaceut.4c00406
,CC(O)(C1=NC=CS1)C#CC2=CC=C(N3CCOCC3)C(NC4=NC=NC5=C4C=CN5)=C2,0.94 ,10.1021/acs.molpharmaceut.4c00406
,O=C1C2=C(N(C3=CC(F)=C(C4=CC=CC=C4F)C(F)=C3)N=N2)C(C5=CC=CC=C51)=O,3.89 ,10.1021/acs.molpharmaceut.4c00406
,CC#C[C@]1(O)CCC2C3CCC4=CC(=O)CCC4=C3[C@H](C[C@@]21C)c1ccc(cc1)N(C)C,1.60 ,10.1021/acs.molpharmaceut.4c00406
,CN(C)c1ccc(cc1)[C@H]1C[C@@]2(C)C(CC[C@@]2(O)C#CC(C)(C)C)C2CCC3=CC(=O)CCC3=C21,1.90 ,10.1021/acs.molpharmaceut.4c00406
,CC#C[C@]1(O)CC[C@H]2[C@@H]3CCC4=CC(=O)CC[C@]4(C)[C@H]3[C@H](C[C@@]21C)c1ccc(cc1)N(C)C,1.80 ,10.1021/acs.molpharmaceut.4c00406
,O=C(N)C1=C(NCC[C@H]2C3=C(NC(C=C)=O)C=CC=C3)N2N=C1C4=CC=C(OC5=CC=CC=C5)C=C4,0.10 ,10.1021/acs.molpharmaceut.4c00406
,NC(C1=C(NCC[C@H]2C3=C(NC(C=C)=O)C=CC=C3)N2N=C1C4=CC=C(OCC5CC5)C=C4)=O,0.40 ,10.1021/acs.molpharmaceut.4c00406
,NC(C1=C(NCC[C@H]2C3=C(NC(C=C)=O)C=CC=C3)N2N=C1C4=CC=C(OC)C=C4)=O,0.20 ,10.1021/acs.molpharmaceut.4c00406
,NC(C1=C(NCC[C@H]2C3=C(NC(C=C)=O)C=CC=C3)N2N=C1C4=CC=C(Cl)C=C4)=O,0.30 ,10.1021/acs.molpharmaceut.4c00406
,NC(C1=C(NCC[C@H]2C3CCN(C(C=C)=O)CC3)N2N=C1C4=CC=C(OC5=CC=CC=C5)C=C4)=O,0.53 ,10.1021/acs.molpharmaceut.4c00406
,NC(C1=C(NCC[C@H]2C(C3)CN3C(C=C)=O)N2N=C1C4=CC=C(OC5=CC=CC=C5)C=C4)=O,0.26 ,10.1021/acs.molpharmaceut.4c00406
,NC(C1=C(NCC[C@H]2CNC(C=C)=O)N2N=C1C3=CC=C(OC4=CC=CC=C4)C=C3)=O,0.21 ,10.1021/acs.molpharmaceut.4c00406
,ClC1=CC=C(N2CC(C(O)=O)C2)C(Cl)=C1N3C(C4=CC=C(Cl)O4)=NC(CC(C)C)=C3C,0.20 ,10.1021/acs.molpharmaceut.4c00406
,ClC1=CC=C(N2CC(C(O)=O)C2)C(Cl)=C1N3C(C4=CC=C(Cl)O4)=NC(C(F)(F)F)=C3C,4.60 ,10.1021/acs.molpharmaceut.4c00406
,ClC1=CC=C(N2CC3(CC(C(O)=O)C3)C2)C(Cl)=C1N4C(C5CC5)=NC(C6(CC6)C(F)(F)F)=C4C,5.30 ,10.1021/acs.molpharmaceut.4c00406
,O=C1[C@@H](C)N(C2CCCC2)C3=CC(C4=NC(C(N5C[C@H](C)N[C@H](C)C5)=O)=NN4C6=CC=C(C)C=C6)=CC=C3N1C,1.80 ,10.1021/acs.molpharmaceut.4c00406
,ClC(C=C1)=C2N1N=C([C@H]3N(C4=NC(N)=NC=C4C(C)=O)CC3)N(C5=CC=CC=C5)C2=O,1.50 ,10.1021/acs.molpharmaceut.4c00406
,O[C@@H]2C[C@@](N1C2)([H])C(N[C@@H](CO)C1=O)=O,1.13 ,10.1021/acs.molpharmaceut.4c00406
,O[C@H](C[C@H]1C2=C(C3=CN=CN31)C=CC=C2F)[C@H]4CC[C@H](O)CC4,1.44 ,10.1021/acs.molpharmaceut.4c00406
,O[C@H](C[C@H]1C2=C(C3=CN=CN31)C=CC=C2F)[C@H]4CC[C@H](O)CC4,1.25 ,10.1021/acs.molpharmaceut.4c00406
,O[C@H](C[C@H]1C2=C(C3=CN=CN31)C=CC=C2F)[C@H]4CC[C@H](O)CC4,1.00 ,10.1021/acs.molpharmaceut.4c00406
,OC[C@H](C1=CC=CC=C1)NC2=NC=NC3=C2C(C4=CC=CC(NC(C=C)=O)=C4)=C(C5=CC=CC=C5)O3,0.50 ,10.1021/acs.molpharmaceut.4c00406
,OC[C@H](C1=CC=CC=C1)NC2=NC=NC3=C2C(C4=CC=CC(NC(/C=C/CN(C)C)=O)=C4)=C(C5=CC=CC=C5)O3,2.30 ,10.1021/acs.molpharmaceut.4c00406
,CN(C)CC=CC(=O)NC1=C(C=C2C(=C1)C(=NC=N2)NC3=CC(=C(C=C3)F)Cl)OC4CCOC4,5.70 ,10.1021/acs.molpharmaceut.4c00406
,CC1=NC(N2CCN(CC)CC2)=CC(NC3=NC=C(C4=CC=NC=C4)S3)=N1,5.70 ,10.1021/acs.molpharmaceut.4c00406
,OC1(CCS(=O)(=O)CC1)C(=O)N1CC[C@@]2([C@H]1CCC1=C2C=CC(=C1)C(F)(C(F)(F)F)C(F)(F)F)S(=O)(=O)C1=CC=C(F)C=C1,7.00 ,10.1021/acs.molpharmaceut.4c00406
,ClC(C=C1)=CC=C1C[C@@H]2N(CCOC2)C3CCN(C4=NC(N)=NN4)CC3,7.95 ,10.1021/acs.molpharmaceut.4c00406
,O=C([C@H](C(C)C)NC(OC)=O)N(CCC1)[C@@H]1C2=NC=C(N2)C3=CC4=C(C5=CC=C(C6=CN=C([C@H]7N(C([C@H](C(C)C)NC(OC)=O)=O)CCC7)N6)C=C5OCC(C)(C)CO4)C=C3,2.10 ,10.1021/acs.molpharmaceut.4c00406
,O=C([C@H](C(C)C)NC(OC)=O)N(CCC1)[C@@H]1C2=NC(Cl)=C(N2)C3=CC4=C(C5=CC=C(C6=C(Cl)N=C([C@H]7N(C([C@H](C(C)C)NC(OC)=O)=O)CCC7)N6)C=C5OCC(C)(C)CO4)C=C3,3.80 ,10.1021/acs.molpharmaceut.4c00406
,O=C([C@H](C(C)C)NC(OC)=O)N(CCC1)[C@@H]1C2=NC=C(N2)C3=CC(CC4)=C(C(S5)=C4C=C5C6=CN=C([C@H]7N(C([C@H](C(C)C)NC(OC)=O)=O)CCC7)N6)C=C3,1.50 ,10.1021/acs.molpharmaceut.4c00406
,O=C([C@H](C(C)C)NC(OC)=O)N(CCC1)[C@@H]1C2=NC=C(N2)C3=CC(C=C4)=C(C(S5)=C4C=C5C6=CN=C([C@H]7N(C([C@H](C(C)C)NC(OC)=O)=O)CCC7)N6)C=C3,2.00 ,10.1021/acs.molpharmaceut.4c00406
,O=C([C@H](C(C)C)NC(OC)=O)N(CCC1)[C@@H]1C2=NC=C(N2)C3=CC(OC4)=C(C(S5)=C4C=C5C6=CN=C([C@H]7N(C([C@H](C(C)C)NC(OC)=O)=O)CCC7)N6)C=C3,1.90 ,10.1021/acs.molpharmaceut.4c00406
,N(C)1CCN(C2C=C(C(C3C=CC4C=CC=CC=4C=3)=NN=2)C2=CC=NC=C2)CC1,2.07 ,10.1021/acs.molpharmaceut.4c00406
,N(C)1CCN(C2C=C(C(C3C=CC4C=CC=CC=4C=3)=NN=2)C2=CC=NC=C2)CC1,2.38 ,10.1021/acs.molpharmaceut.4c00406
,FC1=CC(C2=CC=C(C#N)C=C2)=CC(F)=C1NC3=CC=NC(NC4=CC=C(C#N)C=C4)=N3,4.18 ,10.1021/acs.molpharmaceut.4c00406
,CCNC1=N[C@@H]2[C@@H](O)[C@H](O)[C@@H](CO)O[C@@H]2S1,1.40 ,10.1021/acs.molpharmaceut.4c00406
,OC[C@H]1O[C@H](SC(N(C)CC)=N2)[C@H]2[C@@H](O)[C@@H]1O,1.89 ,10.1021/acs.molpharmaceut.4c00406
,FC[C@H]1OC(SC(NCC)=N2)[C@H]2[C@@H](O)[C@@H]1O,2.39 ,10.1021/acs.molpharmaceut.4c00406
,OC[C@H]1O[C@H]2[C@H](N=C(NCC)S2)[C@@H](F)[C@@H]1O,2.40 ,10.1021/acs.molpharmaceut.4c00406
,FCCNC1=N[C@@H]2[C@@H](O)[C@H](O)[C@@H](CO)O[C@@H]2S1,1.29 ,10.1021/acs.molpharmaceut.4c00406
,O[C@@H]1[C@@H](CO)O[C@H](SC(N(C)CC=C)=N2)[C@H]2[C@H]1O,4.03 ,10.1021/acs.molpharmaceut.4c00406
,FC[C@H]1O[C@H](SC(NC)=N2)[C@H]2[C@@H](O)[C@@H]1O,1.71 ,10.1021/acs.molpharmaceut.4c00406
,CCCNC1=N[C@@H]2[C@@H](F)[C@H](O)[C@@H](CO)O[C@@H]2S1,1.69 ,10.1021/acs.molpharmaceut.4c00406
,CNC1=N[C@@H]2[C@H](F)[C@H](O)[C@@H](CO)O[C@@H]2S1,1.27 ,10.1021/acs.molpharmaceut.4c00406
,CN(C)C1=N[C@@H]2C[C@H](O)[C@@H](CO)O[C@@H]2S1,1.95 ,10.1021/acs.molpharmaceut.4c00406
,CNC(S1)=N[C@H]2[C@@H]1O[C@H](CO)[C@@H](O)C2,1.06 ,10.1021/acs.molpharmaceut.4c00406
,FC[C@H]1O[C@H](SC(NC)=N2)[C@H]2[C@H](F)[C@@H]1O,1.18 ,10.1021/acs.molpharmaceut.4c00406
,O[C@H]1[C@H](O)[C@H]2N=C(N3CCC3)S[C@H]2O[C@@H]1CO,1.63 ,10.1021/acs.molpharmaceut.4c00406
,CNC1=N[C@@H]2C[C@H](O)[C@@H](C(F)F)O[C@@H]2S1,1.66 ,10.1021/acs.molpharmaceut.4c00406
,CCCNC1=N[C@@H]2[C@@H](O)[C@H](O)[C@@H](C(F)F)O[C@@H]2S1,3.89 ,10.1021/acs.molpharmaceut.4c00406
,CCNC1=N[C@@H]2[C@@H](O)[C@H](O)[C@@H](C(F)F)O[C@@H]2S1,1.90 ,10.1021/acs.molpharmaceut.4c00406
,FC(F)[C@H]1O[C@H](SC(NC)=N2)[C@H]2[C@@H](O)[C@@H]1O,1.48 ,10.1021/acs.molpharmaceut.4c00406
,CN(C)C1=N[C@@H]2[C@@H](O)[C@H](O)[C@@H](C(F)F)O[C@@H]2S1,3.81 ,10.1021/acs.molpharmaceut.4c00406
,CNC1=N[C@@H]2[C@H](F)[C@H](O)[C@@H](C(F)F)O[C@@H]2S1,4.29 ,10.1021/acs.molpharmaceut.4c00406
,CCNC1=N[C@@H]2[C@@H](O)[C@H](O)[C@@H](C(F)F)O[C@@H]2S1,1.90 ,10.1021/acs.molpharmaceut.4c00406
,O=C1NC(N2CCC3(CN(CCO)C4=C3C(F)=CC(F)=C4)CC2)=NC5=C1CCCC5,3.50 ,10.1021/acs.molpharmaceut.4c00406
,O=C1NC(N2CCN(C3=CC=CC=C3OC)CC2)=NC4=C1CCCC4,13.00 ,10.1021/acs.molpharmaceut.4c00406
,N1=C(C2=CC=C(S(=O)(=O)C)C=N2)N(C2C=CC=CC=2Cl)C(/C=C/C2OC(C3C=CC(C#N)=CC=3)=NN=2)=N1,3.30 ,10.1021/acs.molpharmaceut.4c00406
,C[C@]1([C@@H](F)[C@@H](C)SC(N)=N1)C2=CC(NC(C3=NC=C(OCF)N=C3)=O)=CC=C2F,2.20 ,10.1021/acs.molpharmaceut.4c00406
,c12c(N(C)C(N(C)C1=O)=O)nc(c3ncccc3)[nH]2,6.25 ,10.1021/acs.molpharmaceut.4c00406
,c12n(CC(=NN1c3ccccc3)c4ccc(Cl)cc4)c5c(C(=O)N(C(=O)N5C)C)n2,8.55 ,10.1021/acs.molpharmaceut.4c00406
,O=C1NC(C2=CC(NC(CN3CCN(C)CC3)=O)=CC=C2OCCC)=NC(CC)=C1CC,2.40 ,10.1021/acs.molpharmaceut.4c00406
,NC(C1=CC(F)=C(N2CCC[C@H](NC(C#CC)=O)C2)C3=C1NC(C)=C3C)=O,4.30 ,10.1021/acs.molpharmaceut.4c00406
,O=C(N[C@@H]1CNCC[C@H]1C2=CC(F)=CC=C2)C3=CC=C(C4=C(Cl)C=NN4C)C=C3.Cl,6.30 ,10.1021/acs.molpharmaceut.4c00406
,O=C1N(CCC(C)C)C2=CC=C(Cl)C=C2[C@]13C(N=NN4[C@H](C5=CC=C(Cl)C=C5)C)=C4NC(C3)=O,2.29 ,10.1021/acs.molpharmaceut.4c00406
,O[C@H]([C@H](F)[C@@H]1F)C2=C1C(OC3=CC(C#N)=CC(F)=C3)=CC=C2S(C)(=O)=O,1.40 ,10.1021/acs.molpharmaceut.4c00406
,NC1=C(C(N)=O)C=NC2=C(C3=C(OC)C=C(C=NN4)C4=C3)C=CC(F)=C21,1.20 ,10.1021/acs.molpharmaceut.4c00406
,BrC1=CC=CC(NC(NC2=CC(OC3=CC(SC(NC(C4CC4)=O)=N5)=C5C=C3)=CC=C2F)=O)=C1,15.40 ,10.1021/acs.molpharmaceut.4c00406
,COC=4C=C3CCN(C=O)[C@@]([H])(CC/C2=C/NC=1/C=C(/C)C=CC=12)C3=CC=4OC,0.60 ,10.1021/acs.molpharmaceut.4c00406
,CN(C1=CN=CN=C1)[C@@H](C2)CC3=C2C=C(C(NC4=CC(C(F)(F)F)=CC(N5C=C(C)N=C5)=C4)=O)C=C3,0.90 ,10.1021/acs.molpharmaceut.4c00406
,O=C(CC(NC1=CC(F)=CC=C1)=O)NC2=CC(NN=C3/C=C/C4=CC=CC=N4)=C3C=C2,10.4,10.1021/acs.molpharmaceut.4c00406
,CC(=O)N1CCC(CC1)C(=O)N1N=CC[C@H]1c1ccccc1,0.85,10.1021/acs.molpharmaceut.4c00406
,O=C(C1CCN(CC1)C(=O)c1cocn1)N1N=CCC1c1ccccc1,0.2,10.1021/acs.molpharmaceut.4c00406
,O=C(C1CCN(CC1)C(=O)c1cnco1)N1N=CC[C@H]1c1ccccc1,0.47,10.1021/acs.molpharmaceut.4c00406
,O=C(C1CCN(CC1)C(=O)c1cn[nH]c1)N1N=CCC1c1ccccc1,0.42,10.1021/acs.molpharmaceut.4c00406
,O=C(C1CCN(CC1)C(=O)c1c[nH]nn1)N1N=CCC1c1ccccc1,0.42,10.1021/acs.molpharmaceut.4c00406
,Cc1nnc(o1)N1CCC(CC1)C(=O)N1N=CC[C@H]1c1ccccc1,1,10.1021/acs.molpharmaceut.4c00406
,Fc1cc(F)cc(c1)[C@@H]1CC=NN1C(=O)C1CCN(CC1)c1cnc(cn1)C#N,1.9,10.1021/acs.molpharmaceut.4c00406
,Fc1cc(F)cc(c1)[C@@H]1CC=NN1C(=O)C1CCN(CC1)c1cc(ncn1)C#N,1.65,10.1021/acs.molpharmaceut.4c00406
,Cc1nnc(o1)N1CCC(CC1)C(=O)N1N=CC[C@H]1c1cc(F)cc(F)c1,1.7,10.1021/acs.molpharmaceut.4c00406
,O=C(NC1=CC=C(C2=C(F)C=C(C(O)(C(F)(F)F)C(F)(F)F)C=C2)C=C1)CC3=CC=CC=C3[N+]([O-])=O,7.67,10.1021/acs.molpharmaceut.4c00406
,OC(C(F)(F)F)(C(F)(F)F)C1=CC(F)=C(C(C=C2)=CC=C2NC(CC3=CC=C(S(=O)(C)=O)C=C3)=O)C=C1,12.71,10.1021/acs.molpharmaceut.4c00406
,OC(C(F)(F)F)(C(F)(F)F)C1=CC(F)=C(C(C=C2)=CC=C2NC(CC3=CC=C(S(=O)(CC)=O)C=C3)=O)C=C1,9.98,10.1021/acs.molpharmaceut.4c00406
,CC(C)COC1=CC=C(CNC(N(C2CCN(C(CC[C@H](N)C(O)=O)=O)CC2)CC3=CC=C(F)C=C3)=O)C=C1,16.9,10.1021/acs.molpharmaceut.4c00406
,O=C1C2=C(OC)C=C(OC)C=C2OC(C3=CC(C)=C(OC[C@H](O)CN4CCCCC4)C(C)=C3)=C1,3.5,10.1021/acs.molpharmaceut.4c00406
,O=C1C2=C(OC)C=C(OC)C=C2OC(C3=CC(C)=C(OC[C@H](O)CN4CCN(C)CC4)C(C)=C3)=C1,4.1,10.1021/acs.molpharmaceut.4c00406
,O=C1NC(N2CCC3(C(N(C)C4=C3C(F)=CC(N5C[C@H](C)O[C@H](C)C5)=C4)=O)CC2)=NC6=C1CCCN6C,3.61,10.1021/acs.molpharmaceut.4c00406
,O=C1NC(N2CCC3(CN(CCO)C4=C3C(F)=CC(F)=C4)CC2)=NC5=C1CCCC5,3.5,10.1021/acs.molpharmaceut.4c00406
,N1=C(C2=CC=C(C=N2)S(C)(=O)=O)N(C2C=CC=CC=2Cl)C(/C=C/C2=NN=C(C3=CC=C(C=C3)C#N)O2)=N1,3.3,10.1021/acs.molpharmaceut.4c00406
,CC1=CC(/C=C/C#N)=CC(C)=C1OC2=C(C=CS3)C3=NC(NC4CCN(CC5=CC=C(S(=O)(N)=O)C=C5)CC4)=N2,2,10.1021/acs.molpharmaceut.4c00406
,CCNC(=O)c(c1)[nH]c(c12)c(=O)n(C)cc2-c3c(ccc(c3)S(=O)(=O)CC)Oc(c4C)c(C)ccc4,1.4,10.1021/acs.molpharmaceut.4c00406
,Cc1cc(cc(C)c1CCS(=O)(=O)N2CCC3(CC2)N=C(NC3=O)c4ccc(OC(F)(F)F)cc4)N5C(=O)NC(=O)C5(C)C,1.3,10.1021/acs.molpharmaceut.4c00406
,O=C(N)C1=C(NC(C2=CC=CC=C2Cl)=O)SC3=C1CCN(C(NC4=CC=CC=C4Cl)=S)C3,0.95,10.1021/acs.molpharmaceut.4c00406
,CO[C@H](C)[C@H](NC(=O)OC)C(=O)N1[C@H]2CCC[C@H]2C[C@H]1c1ncc([nH]1)-c1ccc-2c(c1)-c1ccc(cc-21)-c1cnc([nH]1)[C@@H]1C[C@@H]2CCC[C@@H]2N1C(=O)[C@@H](NC(=O)OC)[C@@H](C)OC,1.5,10.1021/acs.molpharmaceut.4c00406
,CNC(=O)c1c(oc2cc(N(Cc3ccc(B(O)O)c(F)c3)S(C)(=O)=O)c(cc12)C1CC1)-c1ccc(F)cc1,1,10.1021/acs.molpharmaceut.4c00406
,CNC(=O)c1c(oc2cc(N(C3CCc4c3cccc4B(O)O)S(C)(=O)=O)c(cc12)C1CC1)-c1ccc(F)cc1,1.1,10.1021/acs.molpharmaceut.4c00406
,CNC(=O)c1c(oc2cc(N3[C@H](COC3=O)c3ccc(B(O)O)c(F)c3)c(cc12)C1CC1)-c1ccc(F)cc1,1.2,10.1021/acs.molpharmaceut.4c00406
,CNC(=O)c1c(oc2cc(c(cc12)C1CC1)-n1ncnc1-c1ccc(B(O)O)c(F)c1)-c1ccc(F)cc1,2.6,10.1021/acs.molpharmaceut.4c00406
,CNC(=O)c1c(oc2cc(c(cc12)C1CC1)-n1nccc1-c1ccc(B(O)O)c(F)c1)-c1ccc(F)cc1,3.4,10.1021/acs.molpharmaceut.4c00406
,CNC(=O)c1c(oc2cc(N(c3ccc(B(O)O)c(Cl)c3)S(C)(=O)=O)c(cc12)C1CC1)-c1ccc(F)cc1,3.7,10.1021/acs.molpharmaceut.4c00406
,CNC(=O)c1c(oc2cc(N(c3cc4COB(O)c4c(Cl)c3)S(C)(=O)=O)c(cc12)C1CC1)-c1ccc(F)cc1,2.8,10.1021/acs.molpharmaceut.4c00406
,CC1=CC(/C=C/C#N)=CC(C)=C1OC2=C(SC=C3)C3=NC(NC4=CC(F)=C(C#N)C=C4)=N2,0.89,10.1021/acs.molpharmaceut.4c00406
,O=C(CN(C(O1)=O)C([C@@]21CCC3=CC(NC(NC)=O)=CC=C32)=O)N(CC4=CC=CC=C4CC5)[C@@H]5C6CC6,0.62,10.1021/acs.molpharmaceut.4c00406
,O=C(CN(C(O1)=O)C([C@@]21CCC3=CC(NC(NC)=O)=CC=C32)=O)N(CC4=CC=CC=C4CC5)[C@@H]5C(F)(F)F,0.67,10.1021/acs.molpharmaceut.4c00406
,O=C(CN(C(O1)=O)C([C@@]21CCC3=CC(C4=CN(C)N=C4)=CC=C32)=O)N(CC5=CC(F)=CC=C5OC6)[C@@H]6C(F)(F)F,2.1,10.1021/acs.molpharmaceut.4c00406
,O=C(CN(C(N1)=O)C([C@]21CCC3=CC(C4=CN(C)N=C4)=CC=C32)=O)N(CC5=CC(F)=CC=C5OC6)[C@@H]6C7CC7,0.69,10.1021/acs.molpharmaceut.4c00406
,O=C(CN(C(N1)=O)C([C@]21CCC3=CC(C4=CN(C)N=C4)=CC=C32)=O)N(CC5=CC(F)=CC=C5OC6)[C@@H]6C(F)(F)F,1.5,10.1021/acs.molpharmaceut.4c00406
,CC1=C(C2=CC=C(OC)C=C2)SC(C(CC)=O)=C1C3=CC=C(S(=O)(N)=O)C=C3,1.4,10.1021/acs.molpharmaceut.4c00406
,CC1=C(C2=CC=C(Cl)C=C2)SC(C(CC)=O)=C1C3=CC=C(S(=O)(N)=O)C=C3,45,10.1021/acs.molpharmaceut.4c00406
,C[C@H]1Cc2c(CN1C(=O)c3cccc(c3F)C(F)(F)F)nnn2c4ncc(F)cn4 {A1=S},2.50 ,10.1021/acs.molpharmaceut.4c00406
,O=C(C1=CC=CC(C(F)(F)F)=C1Cl)N2[C@@H](C)CC3=C(N=NN3C4=CSC=C4)C2,5.60 ,10.1021/acs.molpharmaceut.4c00406
,O=C(N1CCN[C@H](C)C1)C2=NC3=CC=C(Cl)C=C3C(NC4=NNC(C5CC5)=C4)=N2,1.46 ,10.1021/acs.molpharmaceut.4c00406
,ClC1=C(N2CC[C@@H](OC3=CC=C(N4[C@@H](CC(O)=O)[C@H](C)C(C(F)(F)F)=N4)C=C3)[C@H](C)C2)C=C(OC)N=C2,4.00 ,10.1021/acs.molpharmaceut.4c00406
,FC1=C(N2CC[C@@H](OC3=CC=C(N4[C@@H](CC(O)=O)[C@H](C)C(C(F)(F)F)=N4)C=C3)[C@H](C)C2)C=C(OCC)C=C2,3.40 ,10.1021/acs.molpharmaceut.4c00406
,FC1=C(N2CCC(OC3=CC=C(N4[C@@H](CC(O)=O)[C@H](C)C(C(F)(F)F)=N4)C=C3)CC2)C=C(OC)C=C2,1.40 ,10.1021/acs.molpharmaceut.4c00406
,O=C1C(C2=C(N(CCCN(CC)CC)C(C3=C2C=CC=C3)=O)C4=C1C=C(C)O4)=O,1.51 ,10.1021/acs.molpharmaceut.4c00406
,O=C(N1C2CCN(CC#N)CC2)C=NC3=C1C4=CC(C5=CN=C(N)C=C5)=CC=C4N=C3,7.57 ,10.1021/acs.molpharmaceut.4c00406
,Cc1nc(c2n1ncnc2N3CCC3)c4cnn(c4c5ccc(cn5)C(F)(F)F)C,1.10 ,10.1021/acs.molpharmaceut.4c00406
,N1([C@@H](CO[C@@H](C1)CC#N)c1ccccc1)c1nc2c(cc1)OCC(N2)=O,0.65 ,10.1021/acs.molpharmaceut.4c00406
,CC(C)(C)C1=CC(N2C(NC(C=C2)=O)=O)=CC(/C=C/C3=CC=C(NS(=O)(C)=O)C=C3)=C1OC,2.90 ,10.1021/acs.molpharmaceut.4c00406
,CC1(C)Cc2c(C(=O)N)c(NC(=O)c3ccn[nH]3)sc2C(C)(C)O1,1.84 ,10.1021/acs.molpharmaceut.4c00406
,COc1ccc2c(c1)O[C@H](C[C@H]2NC(=O)C3(CC3)c4ccc5c(c4)OC(O5)(F)F)c6cccc(c6)C(=O)O,2.80 ,10.1021/acs.molpharmaceut.4c00406
,COc1ccc2c(c1)O[C@H](C[C@H]2NC(=O)C3(CC3)c4ccc5c(c4)OC(O5)(F)F)c6ccc(cc6)C(=O)O,4.40 ,10.1021/acs.molpharmaceut.4c00406
,c1cc(ccc1[C@H]2C[C@H](c3ccc(cc3O2)OC(F)F)NC(=O)C4(CC4)c5ccc6c(c5)OC(O6)(F)F)C(=O)O,2.70 ,10.1021/acs.molpharmaceut.4c00406
,O=C(CC[C@H](C(N)=O)NC([C@H](C)NC(/C=C/C1=CC=C(F)C=C1Cl)=O)=O)N[C@@H](CCCCNC(CCC(O[C@H]([C@@H](NC(OC(C)(C)C)=O)C2=CC=CC=C2)C(O[C@@H]3C(C)=C4C(C)(C)[C@@]([C@@H](OC(C5=CC=CC=C5)=O)[C@@]([C@@](CO6)(OC(C)=O)[C@@]6([H])C[C@@H]7O)([H])[C@]7(C)C([C@@H]4O)=O)(O)C3)=O)=O)=O)C(O)=O,0.13 ,10.1021/acs.molpharmaceut.4c00406
,O=C(CC[C@H](C(N)=O)NC([C@H](C)NC(/C=C/C1=CC=C(F)C=C1Cl)=O)=O)N[C@@H](CCCCNC(CCC(O[C@H]([C@@H](NC(OC(C)(C)C)=O)C2=CC=CC=C2)C(O[C@@H]3C(C)=C4C(C)(C)[C@@]([C@@H](OC(C5=CC=CC=C5)=O)[C@@]([C@@](CO6)(OC(C)=O)[C@@]6([H])C[C@@H]7O)([H])[C@]7(C)C([C@@H]4O)=O)(O)C4)=O)=O)=O)C(O)=O,0.18 ,10.1021/acs.molpharmaceut.4c00406
,O=C(CC[C@H](C(N)=O)NC([C@H](C)NC(/C=C/C1=CC=C(F)C=C1Cl)=O)=O)N[C@@H](CCCCNC(CCC(O[C@H]([C@@H](NC(OC(C)(C)C)=O)C2=CC=CC=C2)C(O[C@@H]3C(C)=C4C(C)(C)[C@@]([C@@H](OC(C5=CC=CC=C5)=O)[C@@]([C@@](CO6)(OC(C)=O)[C@@]6([H])C[C@@H]7O)([H])[C@]7(C)C([C@@H]4O)=O)(O)C5)=O)=O)=O)C(O)=O,0.31 ,10.1021/acs.molpharmaceut.4c00406
,CC(C)[C@@H]([C@@H](c1ccccc1)Oc2ccc3c(c2)cnn3c4ccc(=O)n(c4)C)NC(=O)C(C)(F)F,2.30 ,10.1021/acs.molpharmaceut.4c00406
,C[C@]12C[C@@H]([C@H]3[C@H]([C@@H]1CC[C@@]2(C(=O)CO)O)CCC4=CC(=O)C=C[C@]34C)O,0.40 ,10.1021/acs.molpharmaceut.4c00406
,COc1cccc(c1)C(=O)N[C@H]2C[C@]([C@H]3[C@@H]2[C@@H]3C(=O)O)(C(=O)O)N,3.10 ,10.1021/acs.molpharmaceut.4c00406
,O=[N+](C1=CN2C(OC[C@H](OC3=CC=C(OC(F)(F)F)C=C3)C2)=N1)[O-],3.00 ,10.1021/acs.molpharmaceut.4c00406
,O=[N+](C1=CN2C(OC[C@H](OC3=CC=C(C(F)(F)F)C=N3)C2)=N1)[O-],2.70 ,10.1021/acs.molpharmaceut.4c00406
,O=C1N([C@H]2CCN(C(CC)=O)C2)C3=NC(NC4=CC(C)=C(N5CCN(C)CC5)C=C4)=NC=C3CN1C6=CC(OC)=CC=C6F,2.30 ,10.1021/acs.molpharmaceut.4c00406
,O=C1N([C@H]2CCN(C(CC)=O)C2)C3=NC(NC4=CC(C)=C(N5CCN(C)CC5)C=C4)=NC=C3CN1C6=CC(OC)=CC=C6Cl,3.48 ,10.1021/acs.molpharmaceut.4c00406
,O=C1N([C@H]2CCN(C(CC)=O)C2)C3=NC(NC4=CC(C)=C(N5CCN(C6COC6)CC5)C=C4)=NC=C3CN1C7=CC(OC)=CC=C7Cl,1.08 ,10.1021/acs.molpharmaceut.4c00406
,c1(c(cc2c(c1)c(c[nH]2)C(=O)O)Cl)c1ccc(cc1)C1(CCC1)O,1.06 ,10.1021/acs.molpharmaceut.4c00406
,c1(c(cc2c(c1F)c(c[nH]2)C(O)=O)F)c1ccc(cc1)[C@H]1OCCCC1,4.95 ,10.1021/acs.molpharmaceut.4c00406
,N(c1ccc(c(n1)OC)c1c(cc2c(c1)c(c[nH]2)C(O)=O)Cl)(C)C,27.20 ,10.1021/acs.molpharmaceut.4c00406
,CC1=CCC[C@H]1NC(=O)Nc1ccc(Cl)c(c1O)S(=O)(=O)C(C)(C)CF,2.50 ,10.1021/acs.molpharmaceut.4c00406
,CC1=CCC[C@H]1NC(=O)Nc1ccc(Cl)c(c1O)S(=O)(=O)[C@@]1(C)CCOC1,4.30 ,10.1021/acs.molpharmaceut.4c00406
,O=C(NC(CC(N)=O)C(NC([C@@H](C)O)C(NC(CC1=CNC2=C1C=CC=C2)C(NC(CC(N)=O)C(N3C(C(NC4CC5=CNC6=C5C=CC=C6)=O)CCC3)=O)=O)=O)=O)C(CSCC7=CC(CSCC(C(N8C(C(NC(CC9=CNC%10=C9C=CC=C%10)C(NC(CC(O)=O)C(NC(C)C(N%11C(C(NC%12CC(C)C)=O)CCC%11)=O)=O)=O)=O)CCC8)=O)NC4=O)=CC(CSCC(C(NC(C)C(N(C)CC(N(C)CC(N(C)CC(NC(CCCNC(N)=N)C(NC(CCCNC(N)=N)C(N)=O)=O)=O)=O)=O)=O)=O)NC%12=O)=C7)NC(C)=O,1.30 ,10.1021/acs.molpharmaceut.4c00406
,O=C(NC(C)CNC(CC1=CNC=N1)C(NC(CCC(N)=O)C(NC(CC(O)=O)C(NC(C(NC(C(N)=O)CSC2)=O)CC(C)C)=O)=O)=O)C3CSCC4=CC2=CC(CSCC(C(NC(C(NC(C(N5C(C(NC(C(NC(CCCCNC(N)=N)C(N3)=O)=O)CC6=CC=C(O)C=C6)=O)CC5)=O)CC7=CC=CC=C7)=O)CO)=O)NC(C)=O)=C4,0.80 ,10.1021/acs.molpharmaceut.4c00406
,CC(F)(C1=CC(F)=CC=C1C2=C(OC3=CC=C(C=C3)/C=C/C(O)=O)C4=CC=C(O)C=C4S2)F,1.40 ,10.1021/acs.molpharmaceut.4c00406
,[C@@H]1([C@]2([C@@]1(CN(C2)C(O[C@H](CO)C(F)(F)F)=O)[H])[H])c1nn(c2ccc(cc2)F)cc1,1.30 ,10.1021/acs.molpharmaceut.4c00406
,CC1=CC(C(CC)(CC)C2=CC=C(C(NCCCN(CC)CC)=O)N2CC)=CC=C1OCCC(CC)(O)CC,2.97 ,10.1021/acs.molpharmaceut.4c00406
,CC1=CC(C(CC)(CC)C2=CC=C(C(NCCCN3CCOCC3)=O)N2CC)=CC=C1OCCC(CC)(O)CC,4.75 ,10.1021/acs.molpharmaceut.4c00406
,CC(C)(C(=O)O)Oc1ccc(cc1)c2cc(c(nc2)N)c3ccc(cc3)Cl,3.70 ,10.1021/acs.molpharmaceut.4c00406
,O=C(N(C)C)C1=CC2=CN=C(NC3=CC=C(NC(CCCCCCC(NO)=O)=O)C=C3)N=C2N1C4CCCC4,10.76 ,10.1021/acs.molpharmaceut.4c00406
,COC(N[C@@H](C1CCOCC1)C(N2[C@H](C3=NC=C(C4=CC=C(N([C@H](C5=CC=C(CCCO6)C6=C5)O7)C(C8=C7C=C(C9=CN=C([C@@H]%10CCCN%10C([C@H](C(C)C)NC(OC)=O)=O)N9)C=C8F)=C%11)C%11=C4)N3)CCC2)=O)=O,3.20 ,10.1021/acs.molpharmaceut.4c00406
,COC(N[C@@H](C1CCOCC1)C(N2[C@H](C3=NC=C(C4=CC=C(N([C@H](C5=CC=C(N(C)CCO6)C6=C5)O7)C(C8=C7C=C(C9=CN=C([C@@H]%10CCCN%10C([C@H](C(C)C)NC(OC)=O)=O)N9)C=C8F)=C%11)C%11=C4)N3)CCC2)=O)=O,5.50 ,10.1021/acs.molpharmaceut.4c00406
,COC(N[C@@H](C1CCOCC1)C(N2[C@H](C3=NC=C(C4=CC=C(N([C@H](C5=CC=C(C)S5)O6)C(C7=C6C=C(C8=CN=C([C@@H]9CCCN9C([C@H](C(C)C)NC(OC)=O)=O)N8)C=C7F)=C%10)C%10=C4)N3)CCC2)=O)=O,4.20 ,10.1021/acs.molpharmaceut.4c00406
,COC(N[C@@H](C1CCOCC1)C(N2[C@H](C3=NC=C(C4=CC=C(N([C@H](C5=CC=C(CC)S5)O6)C(C7=C6C=C(C8=CN=C([C@@H]9CCCN9C([C@H](C(C)C)NC(OC)=O)=O)N8)C=C7F)=C%10)C%10=C4)N3)CCC2)=O)=O,5.30 ,10.1021/acs.molpharmaceut.4c00406
,COC(N[C@@H](C1CCOCC1)C(N2[C@H](C3=NC=C(C4=CC=C(N([C@H](C5=CC=C(C(C)C)S5)O6)C(C7=C6C=C(C8=CN=C([C@@H]9CCCN9C([C@H](C(C)C)NC(OC)=O)=O)N8)C=C7F)=C%10)C%10=C4)N3)CCC2)=O)=O,6.10 ,10.1021/acs.molpharmaceut.4c00406
,COC(N[C@@H](C1CCOCC1)C(N2[C@H](C3=NC=C(C4=CC=C(N([C@H](C5=CC=C(C6CC6)S5)O7)C(C8=C7C=C(C9=CN=C([C@@H]%10CCCN%10C([C@H](C(C)C)NC(OC)=O)=O)N9)C=C8F)=C%11)C%11=C4)N3)CCC2)=O)=O,4.00 ,10.1021/acs.molpharmaceut.4c00406
,COC(N[C@@H](C(C)C)C(N1[C@H](C2=NC=C(C3=CC=C(N([C@H](C4=CC=C(CCCO5)C5=C4)O6)C(C7=C6C=C(C8=CN=C([C@@H]9CCCN9C([C@H](C%10CCOCC%10)NC(OC)=O)=O)N8)C=C7F)=C%11)C%11=C3)N2)CCC1)=O)=O,1.90 ,10.1021/acs.molpharmaceut.4c00406
,COC(N[C@@H](C(C)C)C(N1[C@H](C2=NC=C(C3=CC=C(N([C@H](C4=CC=C(N(C)CCO5)C5=C4)O6)C(C7=C6C=C(C8=CN=C([C@@H]9CCCN9C([C@H](C%10CCOCC%10)NC(OC)=O)=O)N8)C=C7F)=C%11)C%11=C3)N2)CCC1)=O)=O,3.80 ,10.1021/acs.molpharmaceut.4c00406
,COC(N[C@@H](C1CCO[C@H](C)C1)C(N2[C@H](C3=NC=C(C4=CC=C(N([C@H](C5=CC=C(C6CC6)S5)O7)C(C8=C7C=C(C9=CN=C([C@@H]%10CCCN%10C([C@H](C(C)C)NC(OC)=O)=O)N9)C=C8F)=C%11)C%11=C4)N3)CCC2)=O)=O,4.70 ,10.1021/acs.molpharmaceut.4c00406
,COC(N[C@@H](C1CCO[C@@H](C)C1)C(N2[C@H](C3=NC=C(C4=CC=C(N([C@H](C5=CC=C(C6CC6)S5)O7)C(C8=C7C=C(C9=CN=C([C@@H]%10CCCN%10C([C@H](C(C)C)NC(OC)=O)=O)N9)C=C8F)=C%11)C%11=C4)N3)CCC2)=O)=O,5.50 ,10.1021/acs.molpharmaceut.4c00406
,COC(N[C@@H](C1C[C@H](C)O[C@H](C)C1)C(N2[C@H](C3=NC=C(C4=CC=C(N([C@H](C5=CC=C(C6CC6)S5)O7)C(C8=C7C=C(C9=CN=C([C@@H]%10CCCN%10C([C@H](C(C)C)NC(OC)=O)=O)N9)C=C8F)=C%11)C%11=C4)N3)CCC2)=O)=O,5.10 ,10.1021/acs.molpharmaceut.4c00406
,COC(N[C@@H](C1C[C@@H](C)O[C@H](C)C1)C(N2[C@H](C3=NC=C(C4=CC=C(N([C@H](C5=CC=C(C6CC6)S5)O7)C(C8=C7C=C(C9=CN=C([C@@H]%10CCCN%10C([C@H](C(C)C)NC(OC)=O)=O)N9)C=C8F)=C%11)C%11=C4)N3)CCC2)=O)=O,3.60 ,10.1021/acs.molpharmaceut.4c00406
,COC(N[C@@H]([C@H]1CCOC(C)(C)C1)C(N2[C@H](C3=NC=C(C4=CC=C(N([C@H](C5=CC=C(C6CC6)S5)O7)C(C8=C7C=C(C9=CN=C([C@@H]%10CCCN%10C([C@H](C(C)C)NC(OC)=O)=O)N9)C=C8F)=C%11)C%11=C4)N3)CCC2)=O)=O,5.20 ,10.1021/acs.molpharmaceut.4c00406
,COC(N[C@@H]([C@@H]1CCOC(C)(C)C1)C(N2[C@H](C3=NC=C(C4=CC=C(N([C@H](C5=CC=C(C6CC6)S5)O7)C(C8=C7C=C(C9=CN=C([C@@H]%10CCCN%10C([C@H](C(C)C)NC(OC)=O)=O)N9)C=C8F)=C%11)C%11=C4)N3)CCC2)=O)=O,5.40 ,10.1021/acs.molpharmaceut.4c00406
,COC(N[C@@H](C1CCOC2(CC2)C1)C(N3[C@H](C4=NC=C(C5=CC=C(N([C@H](C6=CC=C(C7CC7)S6)O8)C(C9=C8C=C(C%10=CN=C([C@@H]%11CCCN%11C([C@H](C(C)C)NC(OC)=O)=O)N%10)C=C9F)=C%12)C%12=C5)N4)CCC3)=O)=O,5.70 ,10.1021/acs.molpharmaceut.4c00406
,COC(N[C@@H](C1CC2OC(CC2)C1)C(N3[C@H](C4=NC=C(C5=CC=C(N([C@H](C6=CC=C(C7CC7)S6)O8)C(C9=C8C=C(C%10=CN=C([C@@H]%11CCCN%11C([C@H](C(C)C)NC(OC)=O)=O)N%10)C=C9F)=C%12)C%12=C5)N4)CCC3)=O)=O,3.90 ,10.1021/acs.molpharmaceut.4c00406
,COC(N[C@@H](C1CC(C)(C)OC(C)(C)C1)C(N2[C@H](C3=NC=C(C4=CC=C(N([C@H](C5=CC=C(C6CC6)S5)O7)C(C8=C7C=C(C9=CN=C([C@@H]%10CCCN%10C([C@H](C(C)C)NC(OC)=O)=O)N9)C=C8F)=C%11)C%11=C4)N3)CCC2)=O)=O,7.70 ,10.1021/acs.molpharmaceut.4c00406
,COC(N[C@@H]([C@@H]1CCOC(C)(C)C1)C(N2[C@H](C3=NC=C(C4=CC=C(N([C@H](C5=CC=C(CCCO6)C6=C5)O7)C(C8=C7C=C(C9=CN=C([C@@H]%10CCCN%10C([C@H](C(C)C)NC(OC)=O)=O)N9)C=C8F)=C%11)C%11=C4)N3)CCC2)=O)=O,3.80 ,10.1021/acs.molpharmaceut.4c00406
,COC(N[C@@H]([C@@H]1CCOC(C)(C)C1)C(N2[C@H](C3=NC=C(C4=CC=C(N([C@H](C5=CC=C(CC)S5)O6)C(C7=C6C=C(C8=CN=C([C@@H]9CCCN9C([C@H](C(C)C)NC(OC)=O)=O)N8)C=C7F)=C%10)C%10=C4)N3)CCC2)=O)=O,5.20 ,10.1021/acs.molpharmaceut.4c00406
,COC(N[C@@H]([C@@H]1CCOC(C)(C)C1)C(N2[C@H](C3=NC=C(C4=CC=C(N([C@H](C5=CC=C(C(C)C)S5)O6)C(C7=C6C=C(C8=CN=C([C@@H]9CCCN9C([C@H](C(C)C)NC(OC)=O)=O)N8)C=C7F)=C%10)C%10=C4)N3)CCC2)=O)=O,9.60 ,10.1021/acs.molpharmaceut.4c00406
,COC(N[C@@H]([C@@H]1CCOC(C)(C)C1)C(N2[C@H](C3=NC=C(C4=CC=C(N([C@H](C5=CC(CCC6)=C6S5)O7)C(C8=C7C=C(C9=CN=C([C@@H]%10CCCN%10C([C@H](C(C)C)NC(OC)=O)=O)N9)C=C8F)=C%11)C%11=C4)N3)CCC2)=O)=O,4.30 ,10.1021/acs.molpharmaceut.4c00406
,COC(N[C@@H]([C@@H]1CCOC(C)(C)C1)C(N2[C@H](C3=NC=C(C4=CC=C(N([C@H](C5=CN=C(CC)S5)O6)C(C7=C6C=C(C8=CN=C([C@@H]9CCCN9C([C@H](C(C)C)NC(OC)=O)=O)N8)C=C7F)=C%10)C%10=C4)N3)CCC2)=O)=O,5.30 ,10.1021/acs.molpharmaceut.4c00406
,COC(N[C@@H]([C@@H]1CCOC(C)(C)C1)C(N2[C@H](C3=NC=C(C4=CC=C(N([C@H](C5=CN=C(CCC)S5)O6)C(C7=C6C=C(C8=CN=C([C@@H]9CCCN9C([C@H](C(C)C)NC(OC)=O)=O)N8)C=C7F)=C%10)C%10=C4)N3)CCC2)=O)=O,4.50 ,10.1021/acs.molpharmaceut.4c00406
,COC(N[C@@H]([C@@H]1CCOC(C)(C)C1)C(N2[C@H](C3=NC=C(C4=CC=C(N([C@H](C5=CN=C(C6CC6)S5)O7)C(C8=C7C=C(C9=CN=C([C@@H]%10CCCN%10C([C@H](C(C)C)NC(OC)=O)=O)N9)C=C8F)=C%11)C%11=C4)N3)CCC2)=O)=O,4.00 ,10.1021/acs.molpharmaceut.4c00406
,COC(N[C@@H](C(C)C)C(N1[C@H](C2=NC=C(C3=CC=C(N([C@H](C4=CC=C(CC)S4)O5)C(C6=C5C=C(C7=CN=C([C@@H]8CCCN8C([C@H]([C@H]9CC(C)(C)OCC9)NC(OC)=O)=O)N7)C=C6F)=C%10)C%10=C3)N2)CCC1)=O)=O,5.90 ,10.1021/acs.molpharmaceut.4c00406
,COC(N[C@@H](C(C)C)C(N1[C@H](C2=NC=C(C3=CC=C(N([C@H](C4=CC=C(C5CC5)S4)O6)C(C7=C6C=C(C8=CN=C([C@@H]9CCCN9C([C@H]([C@H]%10CC(C)(C)OCC%10)NC(OC)=O)=O)N8)C=C7F)=C%11)C%11=C3)N2)CCC1)=O)=O,6.00 ,10.1021/acs.molpharmaceut.4c00406
,FC1=CN=C(NC2=NC=C3N=C([NH]C3=C2)C4=CC(=C(F)C=C4)C(F)(F)F)C=C2,3.60 ,10.1021/acs.molpharmaceut.4c00406
,FC1(F)CCC(CC1)C2=NC3=CN=C(NC4=NC=C(C=C4)C(F)(F)F)C=C3[NH]3,1.30 ,10.1021/acs.molpharmaceut.4c00406
,ONC(=O)CN(Cc1cccc(c1)C(=O)O)Cc1cccc(c2)C(=O)O,2.50 ,10.1021/acs.molpharmaceut.4c00406
,ONC(=O)CN(Cc1ccc(c(c1F)O)F)Cc1ccc(c(c2F)O)F,1.10 ,10.1021/acs.molpharmaceut.4c00406
,ONC(=O)CN(Cc1ccc(c(c1F)O)Cl)Cc1ccc(c(c2F)O)Cl,1.90 ,10.1021/acs.molpharmaceut.4c00406
,NC1=C2C(N(C[C@H](C3=C)NC(C=C)=O)C3=C2C4=CC=C(OC5=CC=CC=C5)C=C4)=NC=N1,0.57 ,10.1021/acs.molpharmaceut.4c00406
,NC1=NC=NC2=C1C(C3=CC=C(OC4=CC=CC=C4)C=C3)=C5N2C[C@H](C5=C)NC(C#CC)=O,0.54 ,10.1021/acs.molpharmaceut.4c00406
,C[S](=O)(=O)NC1=NN=C2C=C(OCC34CC5CC(CC(C5)C3)C4)C(=C[N]12)C6CC6,3.10 ,10.1021/acs.molpharmaceut.4c00406
,O=[S](=O)(NC1=NN=C2C=C(OCC34CC5CC(CC(C5)C3)C4)C(=C[N]12)C6CC6)C7CC8,2.40 ,10.1021/acs.molpharmaceut.4c00406
,C[S](=O)(=O)NC1=NN=C2C=C(COC3=CC(=CC(=C3)Cl)Cl)C(=C[N]12)C4CC5,2.40 ,10.1021/acs.molpharmaceut.4c00406
,C[S+]([O-])(=O)N1CCN(CC1)C(=O)C2=CN=C3C=CC(=CC3=C2C4=CC=C(C=C4)C5(CC7)C#N)F,1.50 ,10.1021/acs.molpharmaceut.4c00406
,[H][C@@]1(COC(OCCCCCN2C(C=CC2=O)=O)=O)[C@@]([H])(O)C(F)(F)[C@@](N3C(N=C(N)C=C3)=O)([H])O1,14.80 ,10.1021/acs.molpharmaceut.4c00406
,[H][C@@]1(COC(OCCSSCCN2C(C=CC2=O)=O)=O)[C@@]([H])(O)C(F)(F)[C@@](N3C(N=C(N)C=C3)=O)([H])O1,5.40 ,10.1021/acs.molpharmaceut.4c00406
,FC1=CC=C(NC(C2=NC=C(C#N)C=C2)=O)C=C1[C@]3(N=C(N)OC(CF)=C6)C,2.45 ,10.1021/acs.molpharmaceut.4c00406
,O=C(N(C1=CN(CC(F)(F)F)N=C1)[C@@H]2C)C3=C2N=C(C4=CN=C(OC)C(OC)=C4)C=C3,2.80 ,10.1021/acs.molpharmaceut.4c00406
,C[C@@]1(N=C(N)CO[C@H]1C(F)(F)F)c2cc(ccc2F)NC(=O)c3ccc(C#N)cn3 {A1=R;A8=R},3.90 ,10.1021/acs.molpharmaceut.4c00406
,CN1C(C)=C2C(C=C(N(C3=CC=NC(NC4=CC=C(C(NC5=C(N)C=CC=C5)=O)C=C4)=N3)C)C=C2)=N1,1.64 ,10.1021/acs.molpharmaceut.4c00406
,O=C(NCC(O)=O)C1=NC=C(C2=CN(CCCC3=CC=C(Cl)C=C3)N=N2)C=C2O,1.51 ,10.1021/acs.molpharmaceut.4c00406
,C[C@@H]1CC[C@H](CC1)C2=NC3(CCN(CC3)S(=O)(=O)CCc4c(C)cc(cc4C)N(C)C(=O)N)C(=O)N2,1.10 ,10.1021/acs.molpharmaceut.4c00406
,O=C(N1CC2=NN(C3=CC(C)=NC=C3)C=C2C1)C4=C(OC(C)C)C=CC(C#N)=C4,2.40 ,10.1021/acs.molpharmaceut.4c00406
,O=C(C(N1CCN(C(C2=CC=CC=C2)=O)CC1)=O)C3=CNC4=C3C(OC)=CN=C4OC,2.40 ,10.1021/acs.molpharmaceut.4c00406
,O=C(C(N1CCN(C(C2=CC=CC=C2)=O)CC1)=O)C3=CNC4=C3C(OC)=CN=C4C5=CN=CC(N5)=O,0.80 ,10.1021/acs.molpharmaceut.4c00406
,O=C(C(N1CCN(C(C2=CC=CC=N2)=O)CC1)=O)C3=CNC4=C3C(OC)=CN=C4C5=CN=CC=N5,4.00 ,10.1021/acs.molpharmaceut.4c00406
,O=C(C(N1C[C@@H](C)N(C(C2=CC=CC=N2)=O)CC1)=O)C3=CNC4=C3C(OC)=CN=C4C5=CN=CC=N5,2.40 ,10.1021/acs.molpharmaceut.4c00406
,O=C(C(N1CCN(C(C2=CC=CC=C2)=O)CC1)=O)C3=CNC4=C3C(OC)=CN=C4OC,2.40 ,10.1021/acs.molpharmaceut.4c00406
,O=C(C(N1CCN(C(C2=CC=CC=C2)=O)CC1)=O)C3=CNC4=C3C(OC)=CN=C4N5C=NC(C)=N5,4.30 ,10.1021/acs.molpharmaceut.4c00406
,O=C(C(N1CCN(C(C2=CC=CC=C2)=O)CC1)=O)C3=CNC4=C3C(OC)=CN=C4N5N=NC=C5,1.60 ,10.1021/acs.molpharmaceut.4c00406
,O=C(C(N1C[C@@H](C)N(C(C2=CC=CC=C2)=O)CC1)=O)C3=CNC4=C3C(OC)=CN=C4N5N=NC=C5,0.70 ,10.1021/acs.molpharmaceut.4c00406
,O=C(C(N1CCN(C(C2=CC=CC=C2)=O)CC1)=O)C3=CNC4=C3C(OC)=CN=C4N5N=CN=C5,2.60 ,10.1021/acs.molpharmaceut.4c00406
,O=C(C(N1CCN(C(C2=CC=CC=C2)=O)CC1)=O)C3=CNC4=C3C(OC)=CN=C4N5N=CC=C5,1.80 ,10.1021/acs.molpharmaceut.4c00406
,O=C(C(N1CCN(C(C2=CC=CC=C2)=O)CC1)=O)C3=CNC4=C3C(OC)=CN=C4N5N=C(C)C=C5,0.90 ,10.1021/acs.molpharmaceut.4c00406
,O=C(C(N1C[C@@H](C)N(C(C2=CC=CC=C2)=O)CC1)=O)C3=CNC4=C3C(OC)=CN=C4N5N=C(C)C=C5,0.56 ,10.1021/acs.molpharmaceut.4c00406
,O=C(C(N1CCN(C(C2=CC=CC=C2)=O)CC1)=O)C3=CNC4=C3C(OC)=CN=C4N5N=C(N)C=C5,0.50 ,10.1021/acs.molpharmaceut.4c00406
,O=C(C(N1C[C@@H](C)N(C(C2=CC=CC=C2)=O)CC1)=O)C3=CNC4=C3C(OC)=CN=C4N5N=C(CO)C=C5,2.90 ,10.1021/acs.molpharmaceut.4c00406
,O=C(C(N1C[C@@H](C)N(C(C2=CC=CC=C2)=O)CC1)=O)C3=CNC4=C3C(OC)=CN=C4N5N=C(C)N=C5,3.00 ,10.1021/acs.molpharmaceut.4c00406
,O=C(C(N1CCN(C(C2=CC=CC=C2)=O)CC1)=O)C3=CNC4=C3C(OC)=CN=C4N5N=C(CC)N=C5,3.30 ,10.1021/acs.molpharmaceut.4c00406
,O=C(C(N1C[C@@H](C)N(C(C2=CC=CC=C2)=O)CC1)=O)C3=CNC4=C3C(OC)=CN=C4N5N=C(CC)N=C5,3.00 ,10.1021/acs.molpharmaceut.4c00406
,O=C(C(N1CCN(C(C2=CC=CC=C2)=O)CC1)=O)C3=CNC4=C3C(OC)=CN=C4N5N=C(N6CCOCC6)N=C5,1.50 ,10.1021/acs.molpharmaceut.4c00406
,O=C(C(N1C[C@@H](C)N(C(C2=CC=CC=C2)=O)CC1)=O)C3=CNC4=C3C(OC)=CN=C4N5N=NC(C)=C5,1.40 ,10.1021/acs.molpharmaceut.4c00406
,O=C(C1=CC(C2=CN(C)C=N2)=CN=C1O[C@@H]3[C@H](F)CN(C(CC4=CC=C(OC(F)(F)F)C=C4)=O)CC3)N,2.60 ,10.1021/acs.molpharmaceut.4c00406
,O=C(N)C1=CC=C(OCC(C)(O)C)C=C1O[C@@H]2[C@H](F)CN(C(CC3=CC=C(OC(F)(F)F)C=C3)=O)CC2,1.90 ,10.1021/acs.molpharmaceut.4c00406
,O=C(C1=CC(O[C@H]2CN(C(CC3=CC=C(OC(F)(F)F)C=C3)=O)CC2(F)F)=C(N)N=C1)NC,3.90 ,10.1021/acs.molpharmaceut.4c00406
,[H][C@]12[C@@H](CC[C@@]1(CC[C@]1(C)[C@]2([H])CC[C@]2([H])[C@@]3(C)CC=C(C4=CC=C(C=C4)C(O)=O)C(C)(C)[C@]3([H])CC[C@@]14C)C(=O)NCCC(O)=O)C(C)=C,6.60 ,10.1021/acs.molpharmaceut.4c00406
,CC#C[C@]1(O)CCC2C3CCC4=CC(=O)CCC4=C3[C@H](C[C@@]21C)c1ccc(cc1)N(C)C,1.60 ,10.1021/acs.molpharmaceut.4c00406
,CN(C)c1ccc(cc1)[C@H]1C[C@@]2(C)C(CC[C@@]2(O)C#CC(C)(C)C)C2CCC3=CC(=O)CCC3=C21,1.90 ,10.1021/acs.molpharmaceut.4c00406
,CCc1ccc(cc1)[C@H]1C[C@@]2(C)C(CC[C@@]2(O)C#CC(C)(C)C)C2CCC3=CC(=O)CCC3=C21,3.40 ,10.1021/acs.molpharmaceut.4c00406
,CC(C)N(C)c1ccc(cc1)[C@H]1C[C@@]2(C)C(CC[C@@]2(O)C#CC(C)(C)C)C2CCC3=CC(=O)CCC3=C21,1.50 ,10.1021/acs.molpharmaceut.4c00406
,CC(C)(C)C#C[C@]1(O)CCC2C3CCC4=CC(=O)CCC4=C3[C@H](C[C@@]21C)c1ccc(cc1)N1CCCC1,3.60 ,10.1021/acs.molpharmaceut.4c00406
,CC(C)(C)C#C[C@]1(O)CCC2C3CCC4=CC(=O)CCC4=C3[C@H](C[C@@]21C)c1ccc(cc1)C1(C)COC1,4.40 ,10.1021/acs.molpharmaceut.4c00406
,COC(C)(C)C#C[C@]1(O)CC[C@H]2[C@@H]3CCC4=CC(=O)CC[C@@H]4[C@H]3[C@H](C[C@@]21C)c1ccc(cc1)N(C)C,2.40 ,10.1021/acs.molpharmaceut.4c00406
,CC(C)N(C)c1ccc(cc1)[C@H]1C[C@@]2(C)[C@@H](CC[C@@]2(O)C#CC(C)(C)C)[C@@H]2CCC3=CC(=O)CC[C@@H]3[C@H]21,4.40 ,10.1021/acs.molpharmaceut.4c00406
,OC1=CC=C(OC(C2=CC=C(OC[C@H](C)N3C[C@H](C)CC3)C=C2)C(C4=CC(O)=CC=C4)=C5C)C5=C2,2.90 ,10.1021/acs.molpharmaceut.4c00406
,FC(C=C1)=CC=C1C2=C(C)C3=CC(O)=CC=C3OC2C4=CC=C(OC[C@H](C)N5C[C@H](C)CC5)C=C5,7.40 ,10.1021/acs.molpharmaceut.4c00406
,O=C(C(C1=CC=CC=C1)NC2=CC(OC)=CC(OC)=C2)C3=CNC4=C3C=CC=C4,4.70 ,10.1021/acs.molpharmaceut.4c00406
,O=C(C1=CNC2=C1C=CC=C2)C(NC3=CC(OC)=CC(OCCO)=C3)C4=CC=CC=C4,2.40 ,10.1021/acs.molpharmaceut.4c00406
,NC1=NC(NC2=CN(C)N=C2)=NC(C3=CC=CC(N(C=C4)C(C5=C4C=C(C6CC6)C=C5F)=O)=C3CO)=N3,1.51 ,10.1021/acs.molpharmaceut.4c00406
,FC(F)(F)C(OC(=O)N1CCN(CC1)Cc1ccc(cc1N1CCCC1)C(F)(F)F)C(F)(F)F,3.60 ,10.1021/acs.molpharmaceut.4c00406
,O[C@@H]1[C@](CO)(C#C)C[C@@H](N2C(N=C(N)NC3=O)=C3N=C2)C1,9.80 ,10.1021/acs.molpharmaceut.4c00406
,O=C1N(C2=CC=CC=C2)C([C@H](C)NC3=C(C4=CC=C(O)C(F)=C4)C(N)=NC=N3)=NN5C=CC(C)=C51,1.00 ,10.1021/acs.molpharmaceut.4c00406
,O=C1N(C2=CC=CC=C2)C([C@H](C)NC3=C(C(C4=CC(NS(N)(=O)=O)=CC5=C4C=CN5)=CN6)C6=NC=N3)=NN7C=CC(C)=C71,1.70 ,10.1021/acs.molpharmaceut.4c00406
,O=C(C1CCC(F)(F)CC1)N[C@H](C2=CC=CS2)CCN3[C@@H]4C[C@H](N5C(C(C)C)=NN=C5C)C[C@H]3CC5,0.77 ,10.1021/acs.molpharmaceut.4c00406
,O=C(C1CCC(F)(F)CC1)N[C@H](C2=CC=C(C)S2)CCN3[C@@H]4C[C@H](N5C(C(C)C)=NN=C5C)C[C@H]3CC5,1.60 ,10.1021/acs.molpharmaceut.4c00406
,O=C(C1CCCCC1)N[C@H](C2=CC=CS2)CCN3[C@@H]4C[C@H](N5C(C(C)C)=NN=C5C)C[C@H]3CC5,0.31 ,10.1021/acs.molpharmaceut.4c00406
,O=C(C1CCCC1)N[C@H](C2=CC=CS2)CCN3[C@@H]4C[C@H](N5C(C(C)C)=NN=C5C)C[C@H]3CC5,1.31 ,10.1021/acs.molpharmaceut.4c00406
,CC1=NN=C(C(C)C)N1[C@H](C[C@H]2CC3)C[C@H]3N2CC[C@H](NC(C4CCC(F)(F)CC4)=O)C5=CSC=C6,1.02 ,10.1021/acs.molpharmaceut.4c00406
,OC(C1=C[C@@H](OC(CC)CC)[C@H](NC(C)=O)[C@@H](NCC2=CC=C(SC3=CC=CC=C3)C=C2)C1)=O,1.76 ,10.1021/acs.molpharmaceut.4c00406
,O=C1N2C3=C(C=C(C(CCCCN4CCC(C5=NOC6=CC(F)=CC=C56)CC4)=O)C=C3CC2)CC1,2.15 ,10.1021/acs.molpharmaceut.4c00406
,C(N)(CNc(c(cc1C)c2cc1)cc(n2)N3CCS(=O)(=O)c4c(cccc4)C3)(C5)CO5,1.70 ,10.1021/acs.molpharmaceut.4c00406
,C(CN)Nc(c(c1cc2)cc2)cc(N3CCCc4c(cccc4)C3)n1,12.00 ,10.1021/acs.molpharmaceut.4c00406
,c1(C)cc(c2cc1)c(NCCN)cc(N(C3)Cc(cccc4)c4S(=O)(=O)C3)n2,4.50 ,10.1021/acs.molpharmaceut.4c00406
,c1(nc(c2c(NCCO)c1)ccc(C)c2)N3Cc(cccc4)c4S(=O)(=O)CC3,1.00 ,10.1021/acs.molpharmaceut.4c00406
,C1(CN)(COC1)Nc2c(c(nc(c2)N3CCS(=O)(=O)c4c(cccc4)C3)cc5)cc5C,4.10 ,10.1021/acs.molpharmaceut.4c00406
,CC(C)C(=O)N1CCC(CC1)c2cn(C)c3ncc(NC(=O)c4cccc(c4)C#N)c(c23)C(F)(F)F,6.00 ,10.1021/acs.molpharmaceut.4c00406
