SMILES,rat_VDss_L_kg
Cc1c(-c2ccc3c(c2)OCCO3)cccc1C(F)(F)Oc1cc(OCc2ccnc(C#N)c2)c(CN2CCCCC2C(=O)O)cc1Cl,0.7250945210896479
Nc1nc(=O)c2ncn(COCCO)c2[nH]1,-0.1549019599237011
COc1cc(F)cc([C@@H](CO)NC(=O)C(C)N2Cc3ccc(-c4nc(NC5CCOCC5)ncc4Cl)cc3C2=O)c1,-0.1135092747711162
CCCCC(NC(=O)OC1C(=O)NCC1(C)C)C(=O)C(=O)N[C@H](C)c1ccccc1,0.113943352340244
CN1C2CCC[C@@H]1CC(NC(=O)c1nn(C)c3ccccc13)C2,1.222716471150184
O=C(Nc1ccc2[nH]ncc2n1)C1CCCN1C(=O)C1(c2ccc(Cl)cc2)CC(F)(F)C1,0.6334684555896863
CN1C(=O)NC(=O)C(C)(C2=CCCCC2)C1=O,0.3979400086894094
NC(C(=O)O)C1CC(Cl)=NO1,-0.1307682802103353
C=CC(=O)N[C@@H]1Cn2c(c(-c3ccc(Oc4ccccc4)cc3)c3c(N)ncnc32)C1=C,0.113943352340244
C=CC1CN2CC[C@H]1CC2C(O)c1ccnc2ccc(OC)cc12,0.7867514221526575
CCCCNC(=O)c1c(O)c2sccc2n(Cc2ccccc2)c1=O,0.852479993642956
CCC(=O)c1sc(-c2ccc(Cl)cc2)c(C)c1-c1ccc(S(N)(=O)=O)cc1,0.6334684555896863
CN(C)C1C(=O)C(C(N)=O)C(=O)[C@@]2(O)C(=O)C3C(=O)c4c(O)cccc4[C@@](C)(O)[C@H]3C[C@@H]12,0.3424226808419469
C[C@@H]1COCCN1c1nc(N2CCOC[C@@H]2C)nc2sc(-c3cc[nH]n3)nc12,0.4149733479875216
CON=C(C(=O)NC1C(=O)N2C(C(=O)O)=C(C[N+]34CCC(C(=N)[O-])(CC3)CC4)CS[C@H]12)c1nsc(N)n1,-0.6575773189803872
NCCC(O)C(=O)N[C@@H]1C[C@H](N)[C@@H](O[C@H]2O[C@H](CN)[C@@H](O)[C@H](O)[C@H]2O)[C@H](O)[C@H]1O[C@H]1O[C@H](CO)[C@@H](O)[C@H](N)[C@H]1O,-0.7958800170726411
NC(=O)C(c1ccccc1)(c1ccccc1)[C@@H]1CCN(CCc2ccc3c(c2)CCO3)C1,0.8450980400204611
CN1CC[C@]23c4c5ccc(O)c4O[C@H]2[C@@H](O)C=C[C@H]3[C@H]1C5,1.1731862684151888
COc1cnc(-n2ccc(C)n2)c2[nH]cc(C(=O)C(=O)N3CCN(C(=O)c4ccccc4)[C@H](C)C3)c12,-0.3279021419718794
O=C(c1cocn1)N1CCC(C(=O)N2N=CCC2c2ccccc2)CC1,-0.0087739242631893
COc1cc2c(c(OC)c1OC)-c1ccc(OC)c(=O)cc1[C@@H](NC(C)=O)CC2,1.496929648074598
COc1cc(O[C@H]2C[C@H](OC)C2)nc(-c2ccc3c(c2)CC[C@H](CCC(=O)O)O3)c1F,-0.3098039198828548
C[C@H]1CCN1c1nc(N2C[C@@H]3C(CC(=O)O)[C@H]3C2)cc(C(F)(F)F)n1,-0.6989700041188716
CCc1nc(-c2ccc3c(c2)CCC3NC(=O)c2cnn(C)c2)no1,-0.2757241303172685
O=c1n(Cc2nc3nc(Cl)ccc3n2CCCC(F)(F)F)c2cnccc2n1C1CC1,-0.0861861475633205
Nc1nc(C(=NO)C(=O)NC2C(=O)N3C(C(=O)O)=C(C=C4CCN(CC(F)(F)F)C4=O)CS[C@H]23)cs1,-0.8239087406547891
CC1COc2c(N3CCN(C)CC3)c(F)cc3c(=O)c(C(=O)O)cn1c23,0.1522883444136406
O=C(N[C@H]1CN(S(=O)(=O)c2ccccc2)CC1C(=O)N[C@H]1CCCNC1)c1cc(-c2ccccc2)on1,0.8633228601264051
CO[C@@]1(NC(=O)CSCC#N)C(=O)N2C(C(=O)O)=C(CSc3nnnn3C)CS[C@@H]21,-0.4559319555256402
Cn1cc(C(=O)O)c2ccc(N3CCC(OCc4c(-c5c(Cl)cccc5Cl)noc4C4CC4)CC3)cc21,0.2405492483075591
CC(C)C(NC(=O)c1cc(C(F)(F)F)ccc1F)C(=O)N1CCC2(CC1)C(=O)N(C)C(=O)N2c1ccc2[nH]ncc2c1,0.2966651902834651
O=c1c(O)c(-c2ccc(O)c(O)c2)oc2cc(O)cc(O)c12,-0.5528419685026755
O=C(Nc1ccc2[nH]ncc2n1)C1C[C@@H](F)CN1C(=O)C1(c2ccc(Cl)cc2)CCC1,0.4471580313577297
C[C@@H]1C[C@H](N2C(=O)C[C@@](C)(c3cccc(Nc4ccc(C5CC5)nc4)c3Cl)N=C2N)CCO1,1.0681858617498736
Cc1cc(-c2ccc(C(=O)C3CCCCC3C(=O)Nc3cn(C)nc3C)cc2)[nH]n1,-0.0809219075716014
Cc1ccc(C(=O)NC2CC2)cc1-n1ccnc(NC(C)(C)c2ccccc2OCCN2CCCC2)c1=O,1.2201080880426711
O=C(NCCO)c1cccc2c1CCN2c1cc(Cc2cc(F)cc(C(F)(F)F)c2)ncn1,0.1760912590846342
CCc1ncn(-c2ncc(OC)c3c(C(=O)C(=O)N4CCN(C(=O)c5ccccc5)[C@H](C)C4)c[nH]c23)n1,-0.6989700041188716
CCC1(c2ccccc2)C(=O)NC(=O)NC1=O,0.0086001718044954
CCN(CC)CC(=O)Nc1c(C)cccc1C,0.401400540798778
C[C@H](Nc1ncnc2[nH]cnc12)c1cc2cccc(Cl)c2c(=O)n1-c1ccccc1,0.2201080880662174
CC[C@]1(O)C[C@@H]2CN(CCc3c([nH]c4ccccc34)[C@@](C(=O)OC)(c3cc4c(cc3OC)N(C)[C@H]3[C@@](O)(C(=O)OC)[C@H](OC(C)=O)[C@]5(CC)C=CCN6CC[C@]43[C@@H]65)C2)C1,1.059184617635161
C=CC(=O)N[C@H]1CCOC[C@H]1Nc1ncc2cc(-c3c(Cl)c(OC)cc(OC)c3Cl)ccc2n1,0.146128035709259
Cc1noc2ccc(Nc3[nH]nc4ncccc34)cc12,0.3979400086894094
COc1ccc(CNC(=O)Nc2ccc(Oc3ncnc4cc(N(C)C)ccc34)cc2)cn1,0.146128035709259
CC1(C)Oc2cc(NS(C)(=O)=O)ccc2N(c2ccc(F)cc2)C1=O,0.0334237555271621
NC1(C(=O)O)CC1,-0.1938200259482543
N#Cc1cc(F)cc(Oc2ccc(S(=O)(=O)CF)c3c2CC(F)(F)[C@H]3O)c1,0.7888751157824785
Cc1c(C(F)(F)F)nc(-c2ccc(Cl)o2)n1-c1c(Cl)ccc(N2CC(C(=O)O)C2)c1Cl,0.6020599913388197
CC(C)[N+]1(C)C2CCC1CC(OC(=O)C(CO)c1ccccc1)C2,0.8750612633974907
CC(=O)N(CC(O)CO)c1c(I)c(C(=O)NCC(O)CO)c(I)c(C(=O)NCC(O)CO)c1I,-0.2410956736982282
CC(=O)OC1=C2C(C)[C@@H](OC(=O)C(O)C(NC(=O)c3ccccc3)c3ccccc3)C[C@@](O)([C@@H](OC(=O)c3ccccc3)[C@@H]3[C@]4(OC(C)=O)CO[C@@H]4C[C@H](O)[C@@]3(C)C1=O)C2(C)C,0.4913616938482822
Cn1c(=O)c2c(ncn2C)n(C)c1=O,-0.0362121726072387
C=CC(=O)Nc1ccccc1[C@@H]1CCNc2c(C(N)=O)c(-c3ccc(Cl)cc3)nn21,0.1492191126861809
CN(Cc1cnc2nc(N)nc(N)c2n1)c1ccc(C(=O)NC(CCC(=O)O)C(=O)O)cc1,-0.7958800170726411
CCS(=O)(=O)c1ccc(CC(=O)Nc2ccc(-c3nc4ccc(C(F)(F)F)cc4n3[C@H](C)c3ccc(F)cc3)cc2)cc1,0.079181246083816
C[C@@H]1CCC[C@H](C)N1CCCC(O)(c1ccccc1)c1ccccn1,0.4149733479875216
O=[N+]([O-])c1cn2c(n1)OC[C@H](Oc1ccc(OC(F)(F)F)cc1)C2,0.4313637641750723
Cc1cc(N(C)C(N)=O)cc(C)c1CCS(=O)(=O)N1CCC2(CC1)N=C([C@H]1CC[C@H](C)CC1)NC2=O,-0.3979400085634639
O=C(Nc1cccc(Br)c1)Nc1cc(Oc2ccc3nc(NC(=O)C4CC4)sc3c2)ccc1F,0.5428254269716238
N#Cc1ccc2c(c1)CN(S(=O)(=O)c1cccs1)[C@H](Cc1ccccc1)CN2Cc1c[nH]cn1,0.146128035709259
Cc1cc(OCc2cccc(-c3ccc4c(c3)OCCO4)c2C)cc(OCc2cccc(C#N)c2)c1CNC(CO)C(=O)O,0.1238516409997395
Nc1ccc(S(=O)(=O)Nc2ncccn2)cc1,-0.4685210828300111
CCN(C(C)=O)c1cccc(-c2ccnc3c(C#N)cnn23)c1,0.2355284469327986
CC(=O)N[C@H]1[C@H]([C@H](O)[C@H](O)CO)OC(C(=O)O)=C[C@@H]1N=C(N)N,-0.0969100129537695
N=C(N)c1ccc(C(=O)NC(Cc2ccc(O)cc2)C(=O)N2CCC(OCC(=O)O)CC2)cc1,-0.6197887581074379
C[C@H]1CC[C@@H](c2nc3cccc(Cl)c3c(=O)n2-c2cccc(F)c2)N1c1ncnc2[nH]cnc12,0.8549130223139212
Cc1nnc(N2CCC(C(=O)N3N=CC[C@H]3c3cc(F)cc(F)c3)CC2)o1,0.113943352340244
CCCCCNC(=O)c1coc([C@@H]2C3CCC(O3)[C@@H]2Cc2ccccc2CCC(=O)O)n1,0.4471580313577297
CCCNCC(O)COc1ccccc1C(=O)CCc1ccccc1,0.146128035709259
O=C1CN(c2cn[nH]c(=O)c2Cl)CCN1Cc1ccc(F)cc1C(F)(F)F,0.2576785748931787
CC1(NCc2ccc(C(=O)NCc3ccc(/C=C/C(O)=NO)cc3)cc2)CCN(c2cnc(-c3cccc(Cl)c3Cl)c(N)n2)CC1,0.4329692908904313
C[C@H](Oc1ccc(-c2cc3c(C4=CCNCC4)ncnc3[nH]2)cc1)c1ccccc1,1.7958800173447702
CCCCC(NC(=O)O[C@H](Cn1cc(-c2ccc(C(F)(F)F)cc2)cn1)C(C)(C)C)C(=O)C(=O)Nc1cc[nH]n1,0.3222192947546
Cn1cc(C(=O)O)c2ccc(N3CCC(F)(COCc4c(-c5c(Cl)cccc5Cl)noc4C4CC4)CC3)cc21,0.3117538610769393
CNC(=O)c1cnc(N)c(O[C@H]2CN(C(=O)Cc3ccc(OC(F)(F)F)cc3)CC2(F)F)c1,0.146128035709259
C=c1cc(C)[nH]c1=Cc1c(O)[nH]c2ccccc12,0.2041199826830682
CCC(CC)O[C@@H]1C=C(C(=O)O)C[C@H](N)[C@H]1NC(C)=O,0.113943352340244
O=c1[nH]c(N2CCC3(CC2)CN(CCO)c2cc(F)cc(F)c23)nc2c1CCCC2,-0.2291479882842466
NC(=O)c1ncn([C@@H]2O[C@H](CO)[C@@H](O)[C@H]2O)n1,1.056904851340282
O=C(CC(=O)Nc1ccc2c(C=Cc3ccccn3)[nH]nc2c1)Nc1cccc(F)c1,1.6928469192781108
Cc1cc(-c2ccc(N3CCC(c4nc(C(C)C)no4)CC3)nc2)c(C#N)cc1C#N,0.4771212547341389
O=C1CN=C(c2ccccc2Cl)c2cc([N+](=O)[O-])ccc2N1,0.4913616938482822
CN(C)C(=O)c1cc2cnc(Nc3ccc(NC(=O)CCCCCCC(O)=NO)cc3)nc2n1C1CCCC1,1.690107439457217
C[C@@H](O)C1C(=O)N2C(C(=O)O)=C(S[C@@H]3CN[C@H](CNS(N)(=O)=O)C3)[C@H](C)[C@H]12,-0.5686362356801629
COc1cnc(-c2cncc(=O)[nH]2)c2[nH]cc(C(=O)C(=O)N3CCN(C(=O)c4ccccc4)CC3)c12,-0.7447274946554192
CC(=O)[C@]1(O)C=C2C(=O)c3c(c(O)c4ccccc4c3O)C(=O)C2[C@@H](O[C@H]2C[C@H](N)[C@H](O)[C@H](C)O2)C1,1.5622928644576646
N=C(N)c1ccc(OCCCCCOc2ccc(C(=N)N)cc2)cc1,1.0043213737869423
CC(C)(C)NC(=O)C1CN(Cc2cccnc2)CCN1C[C@@H](O)CC(Cc1ccccc1)C(=O)N[C@H]1c2ccccc2C[C@H]1O,0.3424226808419469
NC12CC3CC(CC(C3)C1)C2,0.8061799739906731
Oc1ccc2c(c1)[C@]13CCCC[C@@]1(O)[C@H](C2)N(CC1CCC1)CC3,0.681241237384635
CCNC(=O)c1noc(-c2cc(-c3ccc(C)cc3)c(O)cc2O)c1-c1ccc(CN2CCOCC2)cc1,1.0511525224512417
COc1cc2ncnc(Nc3ccc(F)c(Cl)c3)c2cc1OCCCN1CCOCC1,0.8388490907435494
CN1CC(=O)N2C(Cc3c([nH]c4ccccc34)[C@H]2c2ccc3c(c2)OCO3)C1=O,0.716003343643151
NCCNc1cc(N2CCCc3ccccc3C2)nc2ccccc12,1.8633228601210508
CC(=O)Nc1ccc(O)cc1,-0.0362121726072387
COc1cnc(-n2ccc(CO)n2)c2[nH]cc(C(=O)C(=O)N3CCN(C(=O)c4ccccc4)[C@H](C)C3)c12,0.0413926851977064
O=C1c2nc3cccc(C(F)(F)F)c3n2CCN1CC1CCC1,0.1238516409997395
CC1C(=O)O[C@H]2[C@H](O)[C@@]34[C@H]5C[C@@H](C(C)(C)C)[C@@]36C(O)C(=O)O[C@H]6O[C@@]4(C(=O)O5)[C@@]12O,0.5440680443626841
CN(C)c1ccc(C2=C3C4=C(CCC3C3CC[C@@](O)(C#CC(C)(C)C)[C@@]3(C)C2)CC(=O)CC4)cc1,0.6901960800373769
CN(C)CCc1c[nH]c2ccc(C[C@H]3COC(=O)N3)cc12,0.5477747054001255
CC(C)COc1ccc(CNC(=O)N(Cc2ccc(F)cc2)C2CCN(C(=O)CCC(N)C(=O)O)CC2)cc1,1.042575512444128
CNC(=O)c1c(-c2ccc(F)cc2)oc2cc(-n3ncnc3-c3ccc(B(O)O)c(F)c3)c(C3CC3)cc12,-0.0457574905124201
CN(C)CCC=C1c2ccccc2CCc2ccccc21,1.041392685162173
CS(=O)(=O)N(CCO)c1c(Cl)c(Cl)cc2[nH]c(=O)c(=O)[nH]c12,-0.3979400085634639
CC[C@H]1OC(=O)C(C)[C@@H](O[C@H]2C[C@@](C)(OC)[C@@H](O)[C@H](C)O2)[C@H](C)[C@@H](O[C@@H]2O[C@H](C)C[C@H](N(C)C)[C@H]2O)[C@](C)(O)CC(C)C(=O)C(C)[C@@H](O)[C@]1(C)O,0.968482948558605
COc1cc2nc(N3CCN(C(=O)c4ccco4)CC3)nc(N)c2cc1OC,0.7084209001432117
CC(=O)CC(c1ccccc1)c1c(O)c2ccccc2oc1=O,-0.6197887581074379
Cc1ccc2nc(N3CCS(=O)(=O)c4ccccc4C3)cc(NCCN)c2c1,1.2304489213808285
COc1ccnc(C[S+]([O-])c2nc3cc(OC(F)F)ccc3[nH]2)c1OC,-0.4559319555256402
c1ccc2c(c1)OCC(C1=NCCN1)O2,0.4913616938482822
COc1ccccc1Oc1c(NS(=O)(=O)c2ccc(C(C)C)cn2)nc(-c2ccnc(-c3nn[nH]n3)c2)nc1OCCO,-0.5686362356801629
CC[C@@]1(O)C(=O)OCc2c1cc1n(c2=O)Cc2cc3c(N)cccc3nc2-1,0.6989700043447047
O=C(O)CC[C@H]1CCc2cc(-c3nc(OC4CCC4)ccc3F)ccc2O1,-0.6382721637935834
CC#CC(=O)N[C@H]1CCCN(c2c(F)cc(C(N)=O)c3[nH]c(C)c(C)c23)C1,-0.3979400085634639
CC(C)(C#N)c1cccc(-c2ccnc3[nH]ncc23)n1,0.0863598307103461
O=C(c1c[nH]nn1)N1CCC(C(=O)N2N=CCC2c2ccccc2)CC1,0.113943352340244
CCN1CCN(c2cc(Nc3ncc(-c4ccncc4)s3)nc(C)n2)CC1,1.0043213737869423
CC(Cc1ccc(O)cc1)NCC(O)c1cc(O)cc(O)c1,0.0413926851977064
O=C(O)c1cc(F)c2nc(N3C4CCC3CC(F)(COCc3c(-c5ccccc5OC(F)(F)F)noc3C3CC3)C4)sc2c1,-0.0757207138864166
O=C(Nc1ccc(C(F)(F)F)cc1)Nc1ccc(S(=O)(=O)N2CCC[C@H]2CN2CCOCC2)cc1,1.204119982658639
CCCc1nn(C)c2c(=O)[nH]c(-c3cc(S(=O)(=O)N4CCN(C)CC4)ccc3OCC)nc12,0.0413926851977064
O=C(O)c1cc(-c2ccc(F)cc2F)ccc1O,-0.8239087406547891
CC1(C)S[C@@H]2C(NC(=O)C(N)c3ccccc3)C(=O)N2C1C(=O)O,0.0413926851977064
COc1ncc2cc1NS(=O)(=O)CCN(C)Cc1ccc3c(c1)N2CCO3,0.2552725051274335
COCc1c(-c2ccc(F)cc2)c(=CC[C@@H](O)C[C@@H](O)CC(=O)O)c(C(C)C)nc1=C(C)C,0.4771212547341389
C=CC(=O)Nc1ccccc1[C@@H]1CCNc2c(C(N)=O)c(-c3ccc(OCC4CC4)cc3)nn21,0.004321373825642
CN1CCN(c2cc(F)c(-c3ccc(C(=O)N(C)C)cc3)cc2Nc2ncnc(Cl)c2N)CC1,1.086359830678308
O=c1n(Cc2cc3cnccc3n2CCCC(F)(F)F)c2cnccc2n1C1CC1,0.5185139398910479
CCc1c2c(nc3ccc(OC(=O)N4CCC(N5CCCCC5)CC4)cc13)-c1cc3c(c(=O)n1C2)COC(=O)[C@]3(O)CC,0.6334684555896863
CC#C[C@]1(O)CC[C@H]2[C@@H]3CC=C4CC(=O)CC[C@]4(C)[C@H]3[C@@H](c3ccc(N(C)C)cc3)C[C@@]21C,0.6720978579449578
Cc1cnc(NC(=O)C2C(=O)c3ccccc3S(=O)(=O)N2C)s1,-0.5850266518621456
CCC(=O)N(c1ccccc1)C1(COC)CCN(CCn2nnn(CC)c2=O)CC1,-0.2676062400966065
CC(C)(C)NCC(O)c1cc(O)cc(O)c1,0.5185139398910479
COc1cccc2[nH]c(C(=O)NC(CC(C)C)C(=O)NC(CC3CCNC3=O)C(=O)c3nc4ccccc4s3)cc12,0.5453071164781971
CCOc1nc2ccc(OC)cc2n1CCCNC(C)=O,-0.2365720063621844
COCCc1ccc(OCC(O)CNC(C)C)cc1,0.7993405494604753
Cc1ccc(C(=O)c2cc(O)c(O)c([N+](=O)[O-])c2)cc1,-0.6777807050592738
COc1ccc(NC(=O)N2CCc3c(sc(NC(=O)c4cnn(C)c4)c3C#N)C2)cc1,-0.3979400085634639
CC[C@]1(O)C[C@H]2CN(CCc3c([nH]c4ccccc34)[C@@](C(=O)OC)(c3cc4c(cc3OC)N(C=O)[C@H]3[C@@](O)(C(=O)OC)[C@H](OC(C)=O)[C@]5(CC)C=CCN6CC[C@]43[C@@H]65)C2)C1,-0.387216143174339
O=C(CCCCCCC(O)=NO)Nc1ccccc1,0.2041199826830682
O=c1[nH]cnc2c1ncn2[C@H]1CC[C@@H](CO)O1,0.113943352340244
C[C@H]1CN(C(=O)CC#N)[C@]12CCN(c1ncnc3[nH]ccc13)C2,0.3222192947546
CCN1c2ncc(CCOc3ccc(C(=O)O)cc3C)cc2C(=O)N(C)c2cccnc21,0.6627578316910152
O=C(O)c1cn(C2CC2)c2cc(N3CCNCC3)c(F)cc2c1=O,0.6627578316910152
CCn1c(=O)c(-c2ccc(Cl)cc2Cl)cc2cnc(Nc3ccc(N4CCNCC4)c(F)c3)nc21,1.3636119798940245
CCOc1nc2cc(Cl)c(OC)cc2n1CCCNC(C)=O,-0.5317431286122699
CON=C(C(=O)NC1C(=O)N2C(C(=O)[O-])=C(Cn3cc[n+]4ncccc34)CS[C@H]12)c1nsc(N)n1,-0.6989700041188716
CCS(=O)(=O)c1ccc(CC(=O)Nc2ccc(-c3ccc(C(O)(C(F)(F)F)C(F)(F)F)cc3F)cc2)cc1,0.5954962218365968
O=C(Nc1ccc(C(F)(F)F)cc1)Nc1ccc(S(=O)(=O)N2CCC[C@H]2CN2CCC(O)CC2)cc1,2.021189299070352
CC(C)(C)NC(=O)C1C[C@@H]2CCCC[C@@H]2CN1C[C@@H](O)[C@H](Cc1ccccc1)NC(=O)C(CC(N)=O)NC(=O)c1ccc2ccccc2n1,0.4771212547341389
CCOc1cc(NC(=O)NCc2cc(C)c(-c3cn(C)nc3C(F)(F)F)nn2)cc(C(F)(F)F)n1,-0.4559319555256402
CC(C)(O)c1ccc(-c2cccc(N(CC34CCC(c5noc(C(C)(C)F)n5)(CC3)CC4)C(=O)C3CC(O)(C(F)(F)F)C3)c2)cc1,0.716003343643151
CNC(=O)c1c(-c2ccc(F)cc2)oc2cc(N3C(=O)OC[C@@H]3c3ccc(B(O)O)c(F)c3)c(C3CC3)cc12,0.113943352340244
O=[N+]([O-])O[C@H]1CO[C@H]2[C@@H]1OC[C@H]2O[N+](=O)[O-],0.4149733479875216
CN1CCN(C2=Nc3cc(Cl)ccc3Nc3ccccc32)CC1,0.9385197251814952
CCOC(=O)C1=C(COCCN)N=C(C)C(C(=O)OC)C1c1ccccc1Cl,1.5051499783212632
C[C@@H]1CN(c2cc(F)c3c(c2)N(C)C(=O)C32CCN(c3nc(=O)c4c([nH]3)N(C)CCC4)CC2)C[C@H](C)O1,0.0086001718044954
CCCCN1CCCCC1C(=O)Nc1c(C)cccc1C,0.3802112417297016
CC(=O)N1CCc2nc(OCc3c(C)nnn3-c3ccc(F)cc3)ccc2C1,0.1335389084021509
CCCCC(NC(=O)O[C@H](Cn1ccc(-c2ccc(C(F)(F)F)cc2)n1)C(C)(C)C)C(=O)C(=O)Nc1cc[nH]n1,-0.4948500215443769
COc1cc2c(cc1OC)[C@H](CCc1c[nH]c3cc(C)ccc13)N(C=O)CC2,0.193124598382301
CC1C(=O)NC(Cc2ccc(F)cc2)C(=O)NCCCc2ccccc2O[C@H](C)CNC(C2CC2)C(=O)N1C,-0.3467874861281464
CCCCC(NC(=O)OC(Cc1nnc(-c2ccc(F)cc2)o1)C(C)(C)C)C(=O)C(=O)NC1CCCNC1=O,0.146128035709259
CC(C)(C)c1ccc(/C=C/C(=O)Nc2ccc3c(c2)OCCO3)cc1,0.3222192947546
CNC(=O)c1cc(C(=O)NCCC[C@H]2OC[C@H](N)CO2)cc2c1O[C@H](CF)[C@H]2c1ccccc1,0.3222192947546
C=C[C@H]1CN2CC[C@H]1C[C@@H]2[C@@H](O)c1ccnc2ccc(OC)cc12,0.7226339225420375
CCS(=O)(=O)c1ccc(CNC(=O)c2ccc3c(c2)cc(Cc2ccc(Cl)cc2C(F)(F)F)n3CCF)cc1,0.5622928644683731
CC#CCC(C)[C@H](O)/C=C/[C@@H]1[C@H]2C/C(=C/CCCC(=O)O)C[C@H]2C[C@H]1O,-0.1023729086545845
CC[C@H]1OC(=O)C(C)[C@@H](O[C@H]2C[C@@](C)(OC)[C@@H](O)[C@H](C)O2)[C@H](C)[C@@H](O[C@@H]2O[C@H](C)C[C@H](N(C)C)[C@H]2O)[C@](C)(O)C[C@@H](C)CN(C)[C@H](C)[C@@H](O)[C@]1(C)O,1.9242792860623987
CNC1(c2ccccc2Cl)CCCCC1=O,0.5658478186853192
CON=C(C(=O)NC1C(=O)N2C(C(=O)[O-])=C(C[n+]3cccc4c3CCC4)CS[C@H]12)c1csc(N)n1,-0.5228787451355728
CCN1CCN(c2ccc(C(=O)Nc3cc(-c4ccc5ncn(Cc6c(Cl)cccc6Cl)c5c4)[nH]n3)cc2)CC1,0.797267540837643
CCCn1c(=O)[nH]c(=O)c2[nH]cnc21,-0.5686362356801629
O=C1Cc2cccc(c2)OCCC=CCCOc2cccc(c2)CC(=O)Nc2nnc(s2)CCCCc2ccc(nn2)N1,1.2944662261637974
COc1cccc(C(=O)N[C@H]2C[C@@](N)(C(=O)O)[C@@H]3C(C(=O)O)[C@H]23)c1,0.0681858617832808
Cn1cc(NC(=O)C2CCCCC2C(=O)c2ccc(-c3cc[nH]n3)cc2)c(C(F)(F)F)n1,4.342945178152237e-11
O=C1CN=C(c2ccccc2)c2cc(Cl)ccc2N1,0.4814426285166381
NCc1ccc2c(c1)nc(CN1C(=O)C3(CC3)c3cccc(F)c31)n2CCCC(F)(F)F,1.041392685162173
CNS(=O)(=O)Cc1ccc2[nH]cc(CCN(C)C)c2c1,0.0606978403913763
CC(=O)CCCCn1c(=O)c2c(ncn2C)n(C)c1=O,-0.9999999995657056
C[C@@H](O)C1C(=O)N2C(C(=O)O)=C(S[C@H]3CC(C(=O)N4CC[C@H](NC(=O)CN=C(N)N)C4)N(C)C3)[C@H](C)[C@H]12,-0.6989700041188716
CC(c1ncncc1F)[C@](O)(Cn1cncn1)c1ccc(F)cc1F,0.2504200023332925
O=C(NCC1CCCCN1)c1cc(OCC(F)(F)F)ccc1OCC(F)(F)F,0.8388490907435494
CO[C@]12CC[C@@]3(C[C@@H]1[C@](C)(O)C(C)(C)C)[C@H]1Cc4ccc(O)c5c4[C@@]3(CCN1CC1CC1)[C@H]2O5,0.9227254579984486
Cc1cc(/C=C/C#N)cc(C)c1Oc1nc(Nc2ccc(C#N)c(F)c2)nc2ccsc12,-0.5376020019512873
Cc1cccc([C@H](C)c2c[nH]cn2)c1C,0.5105450102200163
N#Cc1cnc(N2CCC(C(=O)N3N=CC[C@H]3c3cc(F)cc(F)c3)CC2)cn1,0.7853298350178866
COc1ncc(OC)c2c(C(=O)C(=O)N3CCN(C(=O)c4ccccc4)CC3)c[nH]c12,0.0413926851977064
CCC(C)n1ncn(-c2ccc(N3CCN(c4ccc(OC[C@H]5CO[C@](Cn6cncn6)(c6ccc(Cl)cc6Cl)O5)cc4)CC3)cc2)c1=O,0.705007959341902
COc1cc2nc(N3CCN(C(=O)C4CCCO4)CC3)nc(N)c2cc1OC,0.3010299956856959
CCC(CC)O[C@@H]1C=C(C(=O)O)C[C@H](NCc2ccc3sc4ccccc4c3c2)[C@H]1NC(C)=O,-0.7958800170726411
Cn1cc(-c2ccc3c(c2)CC[C@]32NC(=O)N(CC(=O)N3Cc4cc(F)ccc4OC[C@H]3C(F)(F)F)C2=O)cn1,0.1760912590846342
N#Cc1cc(F)cc(Oc2ccc3c(c2C(F)F)[C@@H](O)C(F)(F)S3(=O)=O)c1,0.5440680443626841
FC(F)(F)c1ccc(-c2noc(CN3CCCC(CN4CCOCC4)C3)n2)cc1,1.2564772062440828
CCC(=O)C(CC(C)N(C)C)(c1ccccc1)c1ccccc1,0.9180303367901252
Cn1nnc2c(C(N)=O)ncn2c1=O,-0.0362121726072387
Cc1cc(C)n(Cc2ccc(C(=O)Nc3ccc(Cl)c(Cl)c3)s2)n1,0.1038037209901533
COc1ncc(NC(=O)Nc2cnc3ccc(C#N)cc3c2N2CCOC[C@@H]2C)cc1Cl,0.681241237384635
CC1(C)Cc2c(sc(NC(=O)c3cc[nH]n3)c2C(N)=O)C(C)(C)O1,0.681241237384635
C/N=C1/CN(O)C(c2ccccc2)=c2cc(Cl)ccc2=N1,0.113943352340244
C[C@@H](O)C1C(=O)N2C(C(=O)O)=C(SCCOC(N)=O)S[C@H]12,-0.8538719640115515
COc1cnc(-n2ccc(C)n2)c2[nH]cc(C(=O)C(=O)N3CCN(C(=O)c4ccccc4)CC3)c12,-0.6382721637935834
C=c1c(NC(=O)CCN2CCCC2)c[nH]c1=Cc1c(O)[nH]c2ccc(F)cc12,-0.0969100129537695
CC(C)(ON=C(C(=O)NC1C(=O)N2C(C(=O)[O-])=C(C[n+]3ccccc3)CS[C@H]12)c1csc(N)n1)C(=O)O,-0.5228787451355728
COC(=O)NC(C(=O)N1[C@H](c2nc(-c3ccc4c(c3)-c3ccc(-c5c[nH]c([C@@H]6C[C@@H]7CCC[C@@H]7N6C(=O)C(NC(=O)OC)[C@@H](C)OC)n5)cc3-4)c[nH]2)C[C@@H]2CCC[C@@H]21)[C@@H](C)OC,0.113943352340244
COC(=O)C1=C(C)N=C(C)C(C(=O)OCCN(C)Cc2ccccc2)C1c1cccc([N+](=O)[O-])c1,0.2787536009756865
O=C(Nc1ccn(-c2ccnc(F)c2)n1)C1(c2ccccc2F)CC1,0.6020599913388197
Cn1c(=O)c2c(ncn2CC(O)CO)n(C)c1=O,0.0170333393405394
Cc1nccn1-c1sc(Nc2cnccn2)nc1-c1cccc(C#N)c1,0.4800069429715312
O=c1n(CCCN2CCN(c3cccc(Cl)c3)CC2)nc2ccccn12,0.2455126678388256
Cn1cc(-c2ccc3c(c2)CC[C@]32NC(=O)N(CC(=O)N3Cc4cc(F)ccc4OC[C@H]3C3CC3)C2=O)cn1,4.342945178152237e-11
O=c1c(CC[S+]([O-])c2ccccc2)c(O)n(-c2ccccc2)n1-c1ccccc1,-0.3665315443194147
COc1cc(NC(C(=O)c2c[nH]c3ccccc23)c2ccccc2)cc(OC)c1,1.4149733479724882
CC(C)NCC(O)COc1ccc(CC(N)=O)cc1,0.7323937598310111
Cc1c(-c2ccc3c(c2)OCCO3)cccc1C(F)(F)Oc1cc(OCc2ccnc(C#N)c2)c(CN[C@@H](CO)[C@@H](O)[C@@H](O)[C@H](O)CO)cc1Cl,1.2545480771113906
CC(Nc1nc(N)nc(N)c1C#N)c1c(-c2ccccc2)c(=O)n2cc(F)ccc2c1-c1ccc(F)cc1,4.342945178152237e-11
COc1cc([C@@H]2c3cc4c(cc3[C@@H](O[C@@H]3O[C@@H]5CO[C@@H](C)O[C@H]5[C@H](O)[C@H]3O)[C@H]3COC(=O)C23)OCO4)cc(OC)c1O,-0.2365720063621844
Cc1c(Cc2ccc(C(F)(F)F)nc2)c[nH]c1C(=O)NC(C)c1cnn(C)c1,-0.0604807473314625
OCCOCc1cn(CCNc2nonc2C(=NO)Nc2ccc(F)c(Br)c2)nn1,-0.0555173278004797
C[C@]1(c2cc(NC(=O)c3ccc(C#N)cn3)ccc2F)N=C(N)CO[C@H]1C(F)(F)F,1.041392685162173
CCN(CC)CCNC(=O)c1ccc(NC(C)=O)cc1,0.4623979979139317
CC(=O)Oc1ccccc1C(=O)O,-0.3979400085634639
Cc1cc(/C=C/C#N)cc(C)c1Oc1nc(Nc2ccc(C#N)cc2)nc2c1CSCC2,-0.1549019599237011
O=C(/C=C/c1ccc(C(F)(F)F)nc1N1CCCCC1)Nc1ccc2cccnc2c1,0.4471580313577297
Cc1cc2ncc(C(=O)N3CCC([C@H](N)Cc4cc(F)c(F)cc4F)CC3)c(C)n2n1,0.3424226808419469
Cc1ccsc1C(=CCCN1CCCC(C(=O)O)C1)c1sccc1C,0.3117538610769393
CC1=C(C(=O)O)N2C(=O)C(NC(=O)C(N)c3ccccc3)[C@H]2SC1,-0.0705810742346138
Oc1ccc2c3c1O[C@H]1[C@@H](O)CC[C@@]4(O)[C@@H](C2)N(CC2CCC2)CC[C@]314,1.041392685162173
CCCCNC(=O)NS(=O)(=O)c1ccc(C)cc1,-0.8860566473590905
Cc1cc(-c2ccc(C(=O)C3CCCCC3C(=O)Nc3cn(C)nc3C(N)=O)cc2)[nH]n1,-0.1938200259482543
O=C(c1cnco1)N1CCC(C(=O)N2N=CC[C@H]2c2ccccc2)CC1,0.3222192947546
COc1ccc2nc(OC)n(CCNC(C)=O)c2c1,-0.0362121726072387
CNC(=O)c1cc(C(=O)N[C@@H]2C[C@H]2CO)cc2c1O[C@H](CF)[C@H]2c1ccccc1,0.2304489214038206
CC[C@@]1(O)CC(=O)OCc2c1cc1n(c2=O)Cc2cc3cc(F)c(F)cc3nc2-1,0.3010299956856959
CC(C)N(CCC(C(N)=O)(c1ccccc1)c1ccccn1)C(C)C,0.7923916895052586
COCCO[C@H]1CC[C@H](NC(=O)c2cc(-c3cncs3)nc3[nH]ccc23)CC1,-0.0457574905124201
COc1ccc2[nH]cc(CCNC(C)=O)c2c1,0.0211892991112994
CNC(=O)c1c(-c2ccc(F)cc2)oc2cc(-n3nccc3-c3ccc(B(O)O)c(F)c3)c(C3CC3)cc12,0.113943352340244
CC(C)(C)NCC(O)COc1ccc(NC(=O)NC2CCCCC2)cc1,0.6532125137849947
C[C@@H](COc1ccn(-c2ccc(F)cc2)c(=O)c1)Oc1ccccc1,0.3117538610769393
CC(C)c1cc(C(=O)N2CC[C@@H](NC(=O)NC3CC3)C2)[nH]n1,0.4313637641750723
CCN(C(=O)C1CC1)c1cc(-c2ccc(N3CCN(CC4CC4)CC3)nc2C)cc(C(=O)NCc2c(C)cc(C)[nH]c2=O)c1C,0.959041392325866
COc1cc2c(c(OC)n1)[C@]1(O)[C@H](O)[C@H](CN(C)C)[C@@H](c3ccccc3)[C@]1(c1ccc(C#N)cc1)O2,1.1139433523101776
CCn1cc(C(=O)O)c(=O)c2cc(F)c(N3CCN(C)CC3)cc21,0.4456042032891636
CS(=O)(=O)Nc1nnc2cc(OCC34CC5CC(CC(C5)C3)C4)c(C3CC3)cn12,-0.2218487495439739
C=CC1=C(C(=O)O)N2C(=O)C(=NC(=O)C(NOCC(=O)O)c3csc(N)n3)[C@H]2SC1,-0.3979400085634639
CC(CCCCn1c(=O)c2c(ncn2C)n(C)c1=O)OC(=O)CCCCC1CCSS1,0.247973266386343
CON=C(C(=O)NC1C(=O)N2C(C(=O)O)=CCS[C@H]12)c1csc(N)n1,-0.2676062400966065
O=C1c2cc(-c3ccc(OC(F)(F)F)cc3)ccc2OCCN1Cc1ncccn1,0.3979400086894094
C[C@@H](O)C1C(=O)N2C(C(=O)O)=C(SCCN=CN)C[C@H]12,-0.6197887581074379
CS(=O)(=O)c1ccc(Oc2cc(F)cc(C#N)c2)c2c1[C@H](O)[C@H](F)[C@@H]2F,0.2041199826830682
Cc1cc(-n2cc3c(n2)CN(C(=O)c2cc(C#N)ccc2OC(C)C)C3)ccn1,0.2624510897541614
C=C(F)C(=O)N1CCN(c2nc(OC[C@@H]3CCCN3C)nc3c2CCN(c2cccc4cccc(Cl)c24)C3)C[C@@H]1CC#N,1.3159703454590157
CC(O)C(=O)Nc1c(I)c(C(=O)NC(CO)CO)c(I)c(C(=O)NC(CO)CO)c1I,-0.7109464421841403
COc1nc(N(C)C)ccc1-c1cc2c(C(=O)O)c[nH]c2cc1Cl,-0.9999999995657056
CCn1nnc(-c2sc(-c3cccc(F)c3)nc2O)n1,-1.0969100124651885
CCCC[C@@H]1CC(=O)[C@]2(O)O[C@@H]3[C@@H](NC)[C@@H](O)[C@@H](NC)[C@H](O)[C@H]3O[C@@H]2O1,0.6493348587218795
CCOc1nc2ccc(OC)cc2n1CCNC(C)=O,-0.1611509091998035
CNC(=O)c1cc(C(=O)N[C@@H]2[C@@H]3COC[C@@H]32)cc2c1O[C@H](CF)[C@H]2c1ccccc1,0.3222192947546
Cc1nnc2n1-c1ccc(Cl)cc1C(c1ccccc1Cl)=NC2,0.5314789170550285
Cc1c(Cc2ccc(C(F)(F)F)nc2)c[nH]c1C(=O)NC(C)c1cn[nH]c1,0.2304489214038206
CC(F)(F)c1cc(F)ccc1-c1sc2cc(O)ccc2c1Oc1ccc(/C=C/C(=O)O)cc1,-0.0457574905124201
CCOC(=O)C1C(=O)C(=Cc2c[nH]c3ncccc23)OC1=NN1CCN(CC(F)(F)F)CC1,0.5105450102200163
CNCC[C@@H](Oc1ccccc1C)c1ccccc1,0.6334684555896863
CCCCC(NC(=O)O[C@H](Cc1nnc(-c2ccc(F)cc2)o1)C(C)(C)C)C(=O)C(=O)NCc1cccnc1,0.146128035709259
O=C(O)CCCCO/N=C(/c1cccnc1)c1cccc(C(F)(F)F)c1,-0.1079053972538408
O=C(Cc1cccc(OC(F)(F)F)c1)Nc1ccc(CCCCc2nnc(NC(=O)Cc3ccccn3)s2)nn1,0.946880881037042
Cc1ccc(CNC(=O)Nc2ccc(Oc3ncnc4cc(N(C)C)ccc34)cc2)cn1,0.1760912590846342
CN(CCOc1ccc(Cc2sc(=O)[nH]c2O)cc1)c1ccccn1,-0.6989700041188716
CCN(C(=O)C1CC1)c1cc(-c2cnc(N3CCN(CC4CC4)CC3)c(C)c2)cc(C(=O)NCc2c(C)cc(C)[nH]c2=O)c1C,1.9006401839831464
COc1cncc2c1[C@]1(O)[C@H](O)C(C(=O)N(C)C)[C@@H](c3ccccc3)[C@]1(c1ccc(C#N)cc1)O2,0.0413926851977064
Cc1nc(C)c(C(OC(C)(C)C)C(=O)O)c(N2CCC(C)(C)CC2)c1-c1ccc(OCCc2ccc(F)cc2)cc1,0.2552725051274335
CCC(=O)N(c1ccccc1)C1(C(=O)OC)CCN(CCC(=O)OC)CC1,4.342945178152237e-11
CC(=O)Nc1nnc(S(N)(=O)=O)s1,-0.6777807050592738
CCCn1cnc(CC(CCCN)C(=O)O)c1,0.2787536009756865
COC(=O)Nc1nc2cc(C(=O)c3ccccc3)ccc2[nH]1,0.4149733479875216
Nc1nc(N)c2nc(-c3ccccc3)c(N)nc2n1,0.3424226808419469
CCCCC(NC(=O)O[C@H](Cc1nnc(-c2ccc(C(F)(F)F)cc2)o1)C(C)(C)C)C(=O)C(=O)Nc1cc[nH]n1,0.2787536009756865
COc1cc(C(N)=O)c(F)c2nc(-c3ccc(N4CCC[C@@H]4C)nc3)n(C[C@@H]3CN(C)CCO3)c12,0.3979400086894094
O=C(O[C@H](CO)C(F)(F)F)N1C[C@@H]2[C@H](C1)[C@H]2c1ccn(-c2ccc(F)cc2)n1,0.4913616938482822
C[C@@H](O)C1C(=O)N2C(C(=O)[O-])=C(SC3Cn4cnc[n+]4C3)[C@H](C)[C@H]12,-0.721246398818595
CC(C)(C)C#C[C@]1(O)CCC2C3=C(C4=C(CC3)CC(=O)CC4)C(c3ccc(C4(C)COC4)cc3)C[C@@]21C,0.8260748027073085
COCC(=O)O[C@]1(CCN(C)CCCc2nc3ccccc3[nH]2)CCc2cc(F)ccc2[C@@H]1C(C)C,1.3424226808241804
COc1ccc(C(=O)N(CC(C)(C)C)c2cccc(C)n2)c(N2CCC(COc3cc([C@@H](CC(=O)O)C4CC4)ccn3)CC2)c1,0.4899584794388895
C[C@@H]1CN(c2c(F)c(N)c3c(=O)c(C(=O)O)cn(C4CC4)c3c2F)C[C@H](C)N1,0.5440680443626841
Cc1nc2c(-c3nc[nH]n3)cc(-c3ccnc(C#N)c3)cc2n1-c1ccnc2c(F)ccc(F)c12,0.3979400086894094
Cc1cc(-c2ccnc(Nc3cnn(C)c3)n2)ccc1CNC(=O)N1CC(OC(C)C)C1,-0.6989700041188716
CC(C)C1OC(=O)N(C2CCCC2)c2nc(Nc3cc(F)c(O)c(F)c3)ncc21,0.1072099696817976
Nc1ccn([C@H]2CC[C@@H](CO)O2)c(=O)n1,4.342945178152237e-11
COc1ccc2[nH]c([S+]([O-])Cc3ncc(C)c(OC)c3C)nc2c1,-0.3565473234151092
C[C@@H]1CC2c3ccccc3NC2[C@@H](c2c(F)cc(/C=C/C(=O)O)cc2F)N1CC(C)(C)F,-0.0457574905124201
CN1CCN(c2c(F)cc3c(=O)c(C(=O)O)cn(CCF)c3c2F)CC1,0.113943352340244
CNC(=O)c1c(-c2ccc(F)cc2)oc2cc(N(c3cc(Cl)c4c(c3)COB4O)S(C)(=O)=O)c(C3CC3)cc12,-0.0457574905124201
CNC(=O)c1cc(C(=O)NC2CC2)cc2c1O[C@H](CO)[C@H]2c1ccccc1,0.146128035709259
COc1cnc(-n2ccnn2)c2[nH]cc(C(=O)C(=O)N3CCN(C(=O)c4ccccc4)[C@H](C)C3)c12,-0.3098039198828548
C[C@H](C(C(=O)Nc1cc(CC2(C(=O)O)CC2)ccc1Cl)c1ccc(Cl)cc1)C(F)(F)F,0.1760912590846342
C[C@H]1NCc2cc(-c3ccc4c(=O)c(C(=O)O)cn(C5CC5)c4c3OC(F)F)ccc21,-0.0457574905124201
Cn1ccnc1SC[C@H]1CCN(S(=O)(=O)c2ccc3c(c2)CCO3)C[C@@H]1F,1.5634810853955974
NC(=O)OC[C@@H]1C(=NC(=O)C(NOCC(=O)O)c2csc(N)n2)C(=O)N1S(=O)(=O)O,-0.9999999995657056
CC(O)c1cn(CCNc2nonc2C(=NO)Nc2ccc(F)c(Br)c2)nn1,0.079181246083816
C[C@H]1CC[C@@H](c2nc3cccc(Cl)c3c(=O)n2-c2cccnc2)N1c1nc(N)nc(N)c1C#N,0.4563660331442281
CON=C(C(=O)NC1C(=O)N2C(C(=O)O)=C(CSc3nc(C)c(CC(=O)O)s3)CS[C@H]12)c1csc(N)n1,-0.7447274946554192
COc1cnc(-c2cnccn2)c2[nH]cc(C(=O)C(=O)N3CCN(C(=O)c4ccccn4)CC3)c12,0.2787536009756865
CON=C(C(=O)NC1C(=O)N2C(C(=O)[O-])=C(C[N+]3(C)CCCC3)CS[C@H]12)c1csc(N)n1,-0.4202164032689018
COC(=O)C1=C(C)N=C(C)C(C(=O)OCC(C)C)C1c1ccccc1[N+](=O)[O-],-0.05060999330629
CC(C)n1ncc2c1C(=O)CC1(CCN(C(=O)c3cc(-c4ccc(C(=O)O)cc4)nc(N(C)C)c3)CC1)C2,0.716003343643151
O=P1(N(CCCl)CCCl)NCCCO1,-0.1739251972343534
COCCOC(=O)C1=C(C)N=C(C)C(C(=O)OC(C)C)C1c1cccc([N+](=O)[O-])c1,0.7403626895021401
C[C@@H]1CN(C2CCC(C#N)(c3ccc(F)cc3)CC2)CC[C@]1(C(=O)O)c1ccccc1,0.1335389084021509
CC(C)(N)CC(=O)NC1CCc2ccccc2N(Cc2ccc(-c3ccccc3-c3nn[nH]n3)cc2)C1=O,-0.8239087406547891
COc1cnc(-n2cc(C)nn2)c2[nH]cc(C(=O)C(=O)N3CCN(C(=O)c4ccccc4)[C@H](C)C3)c12,-0.5376020019512873
CCCCC(NC(=O)O[C@H](Cn1ccc(-c2ccc(C(F)(F)F)cc2)n1)C(C)(C)C)C(=O)C(=O)NCc1ccno1,0.2304489214038206
C=CC(=O)Nc1ccccc1[C@@H]1CCNc2c(C(N)=O)c(-c3ccc(OC)cc3)nn21,-0.0809219075716014
COc1cccc2c(O)c3c(c(O)c12)C(=O)C1=C(C[C@@](O)(C(=O)CO)C[C@@H]1O[C@H]1C[C@H](N)[C@H](O)[C@H](C)O1)C3=O,0.7403626895021401
CCS(=O)(=O)c1ccc(CC(=O)Nc2ccc(-c3nc4ccc(C)cc4n3[C@@H](C)c3ccc(C)cc3)cc2)cc1,0.0899051114747064
COc1cc2nc(N3CCN(C(=O)C(C)OC)CC3)nc(N)c2cc1OC,0.7708520116495051
CC(=O)c1cnc(N)nc1N1CC[C@H]1c1nn2ccc(Cl)c2c(=O)n1-c1ccccc1,0.079181246083816
O=C(Nc1noc2ccccc12)N1C[C@H]2CN(Cc3cccc(Oc4ccc(Cl)cc4)c3)C[C@H]2C1,0.155336037495432
COC(=O)NC(C(=O)N1CCC[C@H]1c1nc(-c2cc3ccc4cc(-c5cnc([C@@H]6CCCN6C(=O)C(NC(=O)OC)C(C)C)[nH]5)ccc4c3s2)c[nH]1)C(C)C,0.3010299956856959
CCN(CC)C(=O)C(C#N)=Cc1cc(O)c(O)c([N+](=O)[O-])c1,-0.6197887581074379
Oc1ccccc1C1=NNC(c2ccc(Cl)cc2)C1,1.060697840357388
Cc1nnc2n1-c1sc(Br)cc1C(c1ccccc1Cl)=NC2,0.4771212547341389
CC(=O)NC[C@H]1CN(c2ccc(N3CCOCC3)c(F)c2)C(=O)O1,-0.1426675035084128
CCOc1cc2ncnc(Nc3ccc(Oc4ccn5ncnc5c4)c(C)c3)c2cc1NC(=O)/C(F)=C/[C@H]1CCCN1C,0.5502283530673278
O=C(OC1CC2CC3C[C@@H](C1)N2CC3=O)c1c[nH]c2ccccc12,1.4149733479724882
CC(C)C(=O)Nc1ncc(-c2cc(C(F)F)nn2-c2c(Cl)cccc2Cl)s1,0.3010299956856959
CC(F)(F)[C@H]1OC(=N)N[C@](C)(c2cc(NC(=O)c3cnc(OCF)cn3)ccc2F)[C@H]1F,0.7323937598310111
CCCC[C@](C)(CO)Nc1nc(N)nc2cc(F)cnc12,0.0413926851977064
O=C(N[C@H]1CN(S(=O)(=O)c2ccccc2)CC1C(=O)N[C@H]1CCCNC1)c1cc(-c2ccccc2Cl)on1,0.7403626895021401
C[C@@]1(c2cc(NC(=O)c3ccc(C#N)cn3)ccc2F)C=CSC(=N)N1,0.6493348587218795
O=C1c2ccccc2OCN1CCO[N+](=O)[O-],0.2988530764315305
c1cc(CNc2cc3c(cn2)[nH]c2ccccc23)cc(Oc2ccc3c(c2)OCO3)c1,0.9074113607799612
Cc1ccc2nc(N3CCS(=O)(=O)c4ccccc4C3)cc(NCCO)c2c1,0.3979400086894094
CC1C(=O)O[C@H]2C[C@@]34[C@H]5C[C@@H](C(C)(C)C)[C@@]36C(O)C(=O)O[C@H]6O[C@@]4(C(=O)O5)[C@@]12O,0.6334684555896863
N#CCCCn1c(Cn2c(=O)n(C3CC3)c3ccncc32)cc2cc(Cl)ccc21,0.1760912590846342
Cc1nc2c(-c3nc[nH]n3)cc(-c3ccnc(N)c3F)cc2n1-c1ccnc2c(F)ccc(F)c12,0.4313637641750723
CCC(=O)c1sc(-c2ccc(OC)cc2)c(C)c1-c1ccc(S(N)(=O)=O)cc1,0.4771212547341389
COc1cc(Cc2cnc(N)nc2N)cc(OC)c1OC,0.3222192947546
CC1=C[C@@](CF)(c2cc(NC(=O)c3ccc(C#N)cn3)ccc2F)N=C(N)O1,0.3424226808419469
CN1C(=O)CN=C(c2ccccc2F)c2cc([N+](=O)[O-])ccc21,0.579783596628239
CNCCCN1c2ccccc2CCc2ccccc21,1.2966651902637245
COc1nc(C)nc(Cl)c1NC1=NCCN1,0.5051499783334777
CC1=NC(=O)[C@](CCN(C(C)C)C(C)C)(c2ccccc2)[C@H]2CCCCN12,0.6232492904082408
CC(C)C[C@](C)(N)COc1ccc(-c2ccnc(C(F)F)c2)nc1C(F)F,1.292256071358692
COc1cnc(-n2ccnn2)c2[nH]cc(C(=O)C(=O)N3CCN(C(=O)c4ccccc4)CC3)c12,-0.6382721637935834
CN1C(=O)CN=C(c2ccccc2)c2cc(Cl)ccc21,1.0644579892306625
COc1ccc(NC(=O)Nc2ccc(Oc3ncnc4cc(N(C)C)ccc34)cc2)cc1,-0.1549019599237011
COc1c(C=Cc2ccc(NS(C)(=O)=O)cc2)cc(-n2ccc(=O)[nH]c2=O)cc1C(C)(C)C,0.5682017240787327
COc1cc(Oc2ncc(C)s2)cc(-c2ccc3c(c2)CC[C@H](CCC(=O)O)O3)c1F,-0.8239087406547891
COc1ccc(C(CN(C)C)C2(O)CCCCC2)cc1,0.8195439355484488
Nc1ncn([C@H]2C[C@H](O)[C@@H](CO)O2)c(=O)n1,0.2552725051274335
O=C(c1ccc(F)cc1)C1CCN(CCn2c(=O)[nH]c3ccccc3c2=O)CC1,-0.1739251972343534
NCc1ccc2c(c1)nc(CN1C(=O)C3(CC3)c3ccc(F)cc31)n2CCCC(F)(F)F,1.3424226808241804
CN(CCOc1ccc(NS(C)(=O)=O)cc1)CCc1ccc(NS(C)(=O)=O)cc1,0.3579348470195017
CO[C@H]1C[C@H](Oc2cc(F)c(F)c(-c3ccc4c(c3)CC[C@H](CCC(=O)O)O4)n2)C1,-0.6197887581074379
CCOC(=O)c1sc(-c2cccc(F)c2)nc1O,-0.5850266518621456
Cc1nc(-c2cnn(C)c2-c2ccc(C(F)(F)F)cn2)c2c(N3CCC3)ncnn12,0.5954962218365968
COCC(NC(=O)c1ccc(Cl)s1)C(=O)Nc1ccc(N2CCOCC2=O)c(C)c1,0.2041199826830682
O=C(Nc1ccc2[nH]ncc2n1)C1C[C@@H](F)CN1C(=O)C1(c2ccc(Cl)cc2)CC(F)(F)C1,0.3010299956856959
CCCN1CCCCC1C(=O)Nc1c(C)cccc1C,0.5611013836609872
C[C@]12CC[C@@H]3c4ccc(O)cc4CC[C@H]3[C@@H]1CC[C@@H]2O,0.7708520116495051
CC1=C2CC(=O)C=C[C@]2(C)[C@@H]2[C@@H](C1)[C@@H]1CC[C@](O)(C(=O)CO)[C@@]1(C)C[C@@H]2O,0.146128035709259
Cn1cc(-c2ccnc(N3CCn4c(cc5c4CC(C)(C)C5)C3=O)c2CO)cc(Nc2ccc(N3CCN(C4COC4)CC3)cn2)c1=O,0.6963563887420704
O=C1NCCCCn2cc(cn2)-c2cnc3ccc(cc3c2)CCn2nc(ccc2=O)-c2ccc1c(C(F)(F)F)c2,0.5403294748033894
CCOc1nc2cc(Cl)c(OC)cc2n1CCNC(C)=O,-0.3665315443194147
CCCCC/C=C/C/C=C/CCCCCCCC(=O)OC(C)CCCCn1c(=O)c2c(ncn2C)n(C)c1=O,0.4132997640980199
CC(C)(C)NCC(O)c1ccc(O)c(CO)c1,1.47712125472111
CC(=O)O[C@@]12CO[C@@H]1C[C@H](O)[C@@]1(C)C(=O)C(=O)C3C(C)[C@@H](OC(=O)C(O)C(NC(=O)OC(C)(C)C)c4ccccc4)C[C@@](O)([C@@H](OC(=O)c4ccccc4)[C@H]21)C3(C)C,1.8965262174901063
N#Cc1ccc(OC[C@@H](N)CCNS(=O)(=O)c2ccc(Cl)cc2Cl)cc1F,0.2552725051274335
N#CCN1CCC(n2c(=O)cnc3cnc4ccc(-c5ccc(N)nc5)cc4c32)CC1,1.2216749970733756
CCCCC(NC(=O)O[C@H](CN1CCN(c2ccc(C(F)(F)F)cc2)C1=O)C(C)(C)C)C(=O)C(=O)Nc1cc[nH]n1,0.6989700043447047
Oc1ccccc1C1=NNC(c2ccc(Br)cc2)C1,1.2380461031313057
O=c1[nH]cc(F)c(=O)[nH]1,-0.6020599911542446
CCC[C@@H]1CC(C(=O)N[C@@H]([C@H]2O[C@H](SC)[C@H](O)[C@@H](O)[C@H]2O)[C@H](C)Cl)N(C)C1,0.146128035709259
O=C(c1cn[nH]c1)N1CCC(C(=O)N2N=CCC2c2ccccc2)CC1,0.2041199826830682
COc1cc(Nc2nsc3ccccc23)cc(OC)c1,0.7986506454521735
COc1cc(C(=O)N2CCC3(CC2)CC(=O)c2c(cnn2C(C)C)C3)cc(-c2ccc(C(=O)O)cc2)n1,0.8573324964373004
CNC(=O)c1c(-c2ccc(F)cc2)oc2cc(N(Cc3ccc(B(O)O)c(F)c3)S(C)(=O)=O)c(C3CC3)cc12,0.146128035709259
Cc1cc(=O)c(C(=O)NC(C(=O)NC2C(=O)N3C(C(=O)O)=C(CSc4nnnn4C)CS[C@H]23)c2ccc(O)cc2)c[nH]1,-0.5850266518621456
C=CC(=O)NC[C@@H]1CCNc2c(C(N)=O)c(-c3ccc(Oc4ccccc4)cc3)nn21,0.075546961429026
Cc1ccc2nc(N3CCS(=O)(=O)c4ccccc4C3)cc(NC3(CN)COC3)c2c1,1.3010299956661526
Cc1cnc(Oc2cc(Cl)c(F)c(-c3ccc4c(c3)CC[C@H](CCC(=O)O)O4)c2)s1,-0.8538719640115515
Nc1ncc(-c2nc(N3CCOCC3)nc(N[C@@]3(CO)CCN(C(=O)OCC(F)F)C3)c2F)cn1,0.4771212547341389
CN(C)CCc1c[nH]c2ccc(CS(=O)(=O)N3CCCC3)cc12,0.4313637641750723
CCc1ccc(C2=C3C4=C(CCC3C3CC[C@@](O)(C#CC(C)(C)C)[C@@]3(C)C2)CC(=O)CC4)cc1,0.2304489214038206
N#Cc1ccc(C(c2ccc(C#N)cc2)n2cncn2)cc1,0.3053513694681235
O=C(C=Cc1c(C(=O)O)[nH]c2cc(Cl)cc(Cl)c12)Nc1ccccc1,-0.5228787451355728
CC[C@H](Nc1ncnc2[nH]cnc12)c1nc2cccc(F)c2c(=O)n1-c1ccccc1,0.3961993471131779
CNC(=O)Nc1ccc2c(c1)CC[C@@]21OC(=O)N(CC(=O)N2Cc3ccccc3CC[C@H]2C(F)(F)F)C1=O,0.1271047983972177
C=CCC1=CC(C)C[C@H](C)C[C@H](OC)[C@H]2O[C@@](O)(C(=O)C(=O)N3CCCCC3C(=O)O[C@H](/C(C)=C/[C@@H]3CC[C@@H](O)[C@H](OC)C3)[C@H](C)[C@@H](O)CC1=O)[C@H](C)C[C@@H]2OC,0.9518230353207644
COc1cccc2c(O)c3c(c(O)c12)C(=O)C1=C(C[C@@](O)(C(=O)CO)C[C@@H]1O[C@H]1C[C@H](N)[C@@H](O)[C@H](C)O1)C3=O,-0.7695510783662587
Cn1cnc(-c2cnc(O[C@H]3CCN(C(=O)Cc4ccc(OC(F)(F)F)cc4)C[C@H]3F)c(C(N)=O)c2)c1,-0.1870866432903298
CCCCC(NC(=O)O[C@H](Cn1cnc(-c2ccc(C(F)(F)F)cc2)c1)C(C)(C)C)C(=O)C(=O)Nc1cc[nH]n1,0.3802112417297016
COc1cc(NS(C)(=O)=O)ccc1Nc1c2ccccc2nc2ccccc12,0.6532125137849947
CCC1=NC(=O)C2CSSCC/C=C\[C@H](CC(=O)NC(C(C)C)C(=O)N2)OC(=O)C(C(C)C)NC1=O,1.804820678721843
CCOc1nc(C)cc(NC(=O)NCc2cc(C)c(-c3cn(C)nc3C(F)(F)F)nn2)c1C,-0.2676062400966065
CC(C)C(=O)N1CCC(c2cn(C)c3ncc(NC(=O)c4cccc(C#N)c4)c(C(F)(F)F)c23)CC1,0.146128035709259
CCOc1ccc(NC(C)=O)cc1,0.4578818967491245
NCCC(O)(P(=O)(O)O)P(=O)(O)O,-0.7447274946554192
CN1C(=O)C(N2CCc3c(nn(Cc4ccccc4)c3C(N)=O)C2=O)COc2cc(Cl)ccc21,0.2304489214038206
CCOCCn1c(-c2ccc(N3[C@@H](C)CC[C@@H]3C)nc2)nc2cccc(OC)c21,0.7781512503908818
Cc1noc2c(F)cc(Nc3[nH]nc4ncccc34)cc12,0.079181246083816
C[C@H]1SC(=N)N[C@](C)(c2cc(NC(=O)c3cnc(OCF)cn3)ccc2F)[C@H]1F,0.6989700043447047
OC(Cn1cncn1)(Cn1cncn1)c1ccc(F)cc1F,-0.0132282656889825
CC(C)c1cccc(C(C)C)c1O,0.1367205671881071
CCN1CCN(c2ccc(-c3cc(C(=O)NCc4c(C)cc(C)[nH]c4=O)c(C)c(N(CC)C(=O)C4CC4)c3)cc2)CC1,0.9694159123586412
CC[C@@]1(O)C(=O)OCc2c1cc1n(c2=O)Cc2cc3c(CN(C)C)c(O)ccc3nc2-1,0.4885507165145447
O=C1CN(c2cn[nH]c(=O)c2Cl)CCN1Cc1ccccc1OC(F)(F)F,0.079181246083816
CCOP(=O)(Cn1ccc(NC(=O)c2cc(Oc3cnc(C(=O)N4CCC4)cn3)cc(OC(C)C)c2)n1)OCC,-0.5228787451355728
COc1ccc(-c2nc3cc(C4=NNC(=O)CC4C)ccc3[nH]2)cc1,0.5440680443626841
OC(CCN1CCCCC1)(c1ccccc1)C1CC2C=CC1C2,1.079181246051244
CCS(=O)(=O)c1ccc(CC(=O)Nc2ccc(-c3nc4ccc(C(F)(F)F)cc4n3[C@@H](C)c3ccc(F)cc3)cc2)cc1,0.079181246083816
CCN(C(=O)C1CCCC1)c1cc(-c2ccc(CN3CCOCC3)cc2)cc(C(=O)NCc2c(C)cc(C)[nH]c2=O)c1C,0.3074960379346066
Cc1nnc(SCC2=C(C(=O)O)N3C(=O)C(NC(=O)Cn4cnnn4)[C@H]3SC2)s1,-0.7695510783662587
COC[C@](CO)(OC[C@H]1O[C@@H](n2ncc3c(NC4CCCC4)nc(Cl)nc32)[C@H](O)[C@@H]1O)P(=O)(O)O,-0.6575773189803872
CCCC1O[C@@H]2C[C@H]3[C@@H]4CC=C5CC(=O)C=C[C@]5(C)[C@H]4[C@@H](O)C[C@]3(C)[C@]2(C(=O)CO)O1,1.4653828514499057
CC(O)CCCCn1c(=O)c2c(ncn2C)n(C)c1=O,-0.0177287669151925
COc1cc2c(cc1Cl)nc(OC)n2CCNC(C)=O,-0.2679043145989648
CCN1CCN(C(=O)NC(C(=O)NC2C(=O)N3C(C(=O)O)=C(CSc4nnnn4C)CS[C@H]23)c2ccc(O)cc2)C(=O)C1=O,-0.4089353928621432
COc1cc(-c2ccc3c(n2)[C@@H](C)N(c2cnn(CC(F)(F)F)c2)C3=O)cnc1OC,1.5051499783212632
COc1ncc(N2CCOc3ccc(CN(C)C)cc32)cc1NS(C)(=O)=O,0.929418925719402
Cc1ccn2nc([C@H](C)Nc3ncnc4[nH]cc(-c5cc(NS(N)(=O)=O)cc6[nH]ccc56)c34)n(-c3ccccc3)c(=O)c12,0.716003343643151
C[C@@H](O)C1C(=O)N2C(C(=O)O)=C(S[C@@H]3CNC(C(=O)Nc4cccc(C(=O)O)c4)C3)[C@H](C)[C@H]12,-0.4685210828300111
COc1nc2ccc3c(c2n1CCNC(C)=O)CCO3,0.0464304717088613
CCCCCCCC/C=C/CCCCCCCC(=O)OC(C)CCCCn1c(=O)c2c(ncn2C)n(C)c1=O,1.1752218003459534
CNC(=O)c1cc(OC)c2c(nc(-c3ccc(N4[C@@H](C)CC[C@@H]4C)nc3)n2C[C@@H]2CNCCO2)c1F,0.4471580313577297
CS(=O)(=O)c1ccc(CC(=O)Nc2ccc(-c3ccc(C(O)(C(F)(F)F)C(F)(F)F)cc3F)cc2)cc1,0.549003262038056
COCc1nn(Cc2ccc(Cn3ccccc3=O)cc2)cc1C(=O)NCc1c(C#N)ccc(OC)c1F,-0.2218487495439739
CC(C)(C)n1cc2c(n1)C(=O)CC1(CCN(C(=O)c3ccnc(-c4ccc(C(=O)O)cc4)c3)CC1)O2,0.612783856730328
CCC(CC)O[C@@H]1C=C(C(=O)O)C[C@H](NCc2ccc(Sc3ccccc3)cc2)[C@H]1NC(C)=O,0.5453071164781971
CCOC(=O)c1ncn2c1CN(C)C(=O)c1cc(F)ccc1-2,0.113943352340244
CC(C)c1cc(Nc2nc(N3CCC[C@H](N)C3)ncc2C(N)=O)cc(C(C)C)n1,1.2671717284053614
CC(C)(Oc1ccc(-c2cnc(N)c(-c3ccc(Cl)cc3)c2)cc1)C(=O)O,-0.6020599911542446
CNC(C)C1CCC(N)C(OC2C(N)CC(N)C(OC3OCC(C)(O)C(NC)C3O)C2O)O1,-0.4814860599905081
C[C@@H](F)[C@H]1OC(=N)N[C@](C)(c2cc(NC(=O)c3cnc(OCF)cn3)ccc2F)[C@H]1F,0.8388490907435494
CN(C(=O)CO)c1c(I)c(C(=O)NCC(O)CO)c(I)c(C(=O)NCC(O)CO)c1I,-0.6575773189803872
O=C(CCCN1CCC(O)(c2ccc(Cl)cc2)CC1)c1ccc(F)cc1,1.0170333393029565
CN[C@@H](C)Cc1ccccc1,0.9542425094441505
COc1nc(C#N)cc2c1[C@]1(O)[C@H](O)[C@H](CN(C)C)[C@@H](c3ccccc3)[C@]1(c1ccc(C#N)cc1)O2,1.0128372247093886
COc1ccc2c3c1O[C@H]1C[C@@H](O)C=C[C@@]31CCN(C)C2,0.716003343643151
Cc1cc(C(=O)NC(C)(C)C)cc(C#Cc2ccc3c4c(oc3c2)C(C)(C)c2cc(NS(C)(=O)=O)ccc2C4=O)n1,-0.2291479882842466
CCOc1cc(NC(=O)NCc2cc(C)c(-c3cn(C)nc3C(F)(F)F)nn2)cc(Cl)n1,-0.4202164032689018
CC(Cc1ccc(Cl)c(NC(=O)C(c2ccc(Cl)cc2)[C@@H](C)C(F)(F)F)c1)C(=O)O,0.3010299956856959
Cn1c(=O)c2nc3n(c2n(C)c1=O)CC(c1ccc(Cl)cc1)=NN3c1ccccc1,1.4471580313437702
C[C@]12C=CC(=O)C=C1CC[C@@H]1C2C(=O)C[C@@]2(C)[C@H]1CC[C@]2(O)C(=O)CO,0.113943352340244
CC(C)Cc1ccc(C(C)C(=O)O)cc1,-0.2596373104267935
O=C(O)CC(NC(=O)CP(=O)(O)O)C(=O)O,0.0413926851977064
Cc1ccn2nc([C@H](C)Nc3ncnc(N)c3-c3ccc(O)c(F)c3)n(-c3ccccc3)c(=O)c12,0.716003343643151
CN(C)C(N)=NC(=N)N,-0.2676062400966065
CON=C(C(=O)NC1C(=O)N2C(C(=O)[O-])=C(C[n+]3ccc(N)n3CCO)CS[C@H]12)c1csc(N)n1,-0.6989700041188716
CC(C)Oc1ccccc1N1CCN(Cc2cccc(C(=O)N3CCCCC3)c2)CC1,0.2380461031538991
Cc1nc2sccn2c(=O)c1CCN1CCC(=C(c2ccc(F)cc2)c2ccc(F)cc2)CC1,0.9030899869973724
CCCS(=O)(=O)N[C@H]1C[C@@H](N(C)c2ncnc3[nH]ccc23)C1,0.0170333393405394
CCCCC(NC(=O)O[C@H](Cn1ccc(-c2ccc(C(F)(F)F)cc2)n1)C(C)(C)C)C(=O)C(=O)Nc1ccccn1,0.2552725051274335
C[C@@H]1Cc2c([nH]c3ccccc23)[C@@H](c2c(F)cc(-c3ccc(C(=O)O)cc3)cc2F)N1CC(C)(C)F,0.146128035709259
CNn1cc(C(=O)O)c(=O)c2cc(F)c(N3CCN(C)CC3)cc21,0.5563025007793511
CCCOc1ccc(NC(=O)CN2CCN(C)CC2)cc1-c1nc(=O)c(CC)c(CC)[nH]1,0.6963563887420704
C[C@H]1CN(C2COC2)CCN1c1ccc(Nc2cc(-c3ccnc(N4CCn5c(cc6c5CC(C)(C)C6)C4=O)c3CO)cn(C)c2=O)nc1,0.7339992865463998
O=C(/C=C/c1ccc(C(F)(F)F)nc1N1CCOCC1)Nc1ccc2cccnc2c1,0.0413926851977064
C#C[C@]1(O)CC[C@H]2[C@@H]3CC=C4CC(=O)CCC4[C@H]3CC[C@@]21CC,-0.1307682802103353
O=C(Cc1ccccc1[N+](=O)[O-])Nc1ccc(-c2ccc(C(O)(C(F)(F)F)C(F)(F)F)cc2F)cc1,0.5352941200554322
Nc1ccn([C@@H]2CS[C@H](CO)O2)c(=O)n1,0.2922560713786339
CC#CC(=O)Nc1cc(-c2cc3c(cn2)cc(-c2c(Cl)c(OC)cc(OC)c2Cl)c(=O)n3CC)c(OC)cc1N1C[C@H]2C[C@@H]1CO2,0.0413926851977064
CN(C)c1ccc2c(Oc3ccc(NC(=O)NCc4ccc(C(F)(F)F)nc4)cc3)ncnc2c1,-0.2218487495439739
C[C@@H](O)C1C(=O)N2C(C(=O)O)=C(COC(N)=O)S[C@H]12,-1.3010299947953925
Nc1nc(Cl)nc2c1ncn2[C@H]1C[C@H](O)[C@@H](CO)O1,0.6532125137849947
CCN(CC)CCNC(=O)c1ccc(N)cc1,0.6866362692712296
COCc1nn(Cc2ccc(Cn3ccccc3=O)cc2)cc1C(=O)NCc1nccc(OC)c1F,-0.3010299955771223
CC(C(=O)O)c1cccc(C(=O)c2ccccc2)c1,0.075546961429026
CCN(CC)CCCn1c2c(c3ccccc3c1=O)C(=O)C(=O)c1cc(C)oc1-2,0.9020028913561716
CC1=CCC[C@H]1NC(=O)Nc1ccc(Cl)c(S(=O)(=O)C(C)(C)CF)c1O,0.3424226808419469
C[C@@H](C1CC1)N1Cc2cc(-c3ccn4nc(N)c(C(=O)N[C@H]5CC[C@@](C)(O)CC5)c4n3)cc(OC(F)(F)F)c2C1=O,0.4814426285166381
CCC(C)(CN)c1cccc(-c2ccnc3[nH]nc(C(F)(F)F)c23)c1,0.4313637641750723
N#C[C@@H]1CCCN1C(=O)CNC12CC3CC(CC(O)(C3)C1)C2,0.9344984512486176
COc1ccc(N(C)c2nc(C)nc3ccccc23)cc1OC(C(O)=NO)C(C)C,1.3344537511529415
COC(=O)N1CCC2(CC1)C[C@H](Nc1ncnc3c1nnn3[C@@H]1C[C@@H](COS(N)(=O)=O)[C@@H](O)C1)c1ccccc12,0.2121876044306016
CC1=CCC[C@H]1NC(=O)Nc1ccc(Cl)c(S(=O)(=O)[C@@]2(C)CCOC2)c1O,0.3222192947546
C[C@]12C=CC(=O)C=C1CC[C@@H]1[C@@H]2[C@@H](O)C[C@@]2(C)[C@H]1CC[C@]2(O)C(=O)CO,0.1598652471956876
COCC1=C[C@@](C)(c2cc(NC(=O)c3ccc(C#N)cn3)ccc2F)N=C(N)O1,0.1760912590846342
CCCCC(NC(=O)OC1C(=O)OCC1(C)C)C(=O)C(=O)N[C@H](C)c1ccccc1,0.5314789170550285
Cc1cc(=O)n(-c2ccccc2)n1C,-0.0915149810677336
O=C(NC[C@H](O)CO)C1CC(c2ccccc2)CCN1,0.7323937598310111
CCCCCCCCCCCCCCCCCCCC(=O)O,-0.1804560643923291
C=CC(=O)N1CCCC[C@H]1c1nc(-c2ccc(C(=O)Nc3cc(C(F)(F)F)ccn3)cc2)c(C(N)=O)n1N,0.1760912590846342
C[C@H]1[C@H](OC(=O)CCC(=O)O)O[C@@H]2O[C@@]3(C)CC[C@H]4[C@H](C)CC[C@@H]1[C@@]24OO3,0.6020599913388197
CC(C)(C)C#C[C@]1(O)CCC2C3=C(C4=C(CC3)CC(=O)CC4)C(c3ccc(N4CCCC4)cc3)C[C@@]21C,0.1760912590846342
NC[C@H]1O[C@H](O[C@H]2[C@H](O)[C@@H](O[C@H]3O[C@H](CO)[C@@H](O)[C@H](N)[C@H]3O)[C@H](N)C[C@@H]2N)[C@H](N)C[C@@H]1O,-0.1674910872298968
CCn1cc(C(=O)O)c(=O)c2cc(F)c(N3CCNCC3)nc21,0.2552725051274335
COc1cccc2nc(-c3ccc(N4[C@@H](C)CC[C@@H]4C)nc3)n(C[C@@H]3CNCCO3)c12,0.7993405494604753
CC(C)N(C)c1ccc([C@H]2C[C@@]3(C)[C@@H](CC[C@@]3(O)C#CC(C)(C)C)[C@@H]3CC=C4CC(=O)CCC4[C@H]32)cc1,0.6627578316910152
CN1CCCC(n2nc(Cc3ccc(Cl)cc3)c3ccccc3c2=O)CC1,0.2552725051274335
COC(=O)NC(C(=O)N1CCC[C@H]1c1nc(-c2ccc3c(c2)OCC(C)(C)COc2cc(-c4c[nH]c([C@@H]5CCCN5C(=O)C(NC(=O)OC)C(C)C)n4)ccc2-3)c[nH]1)C(C)C,0.3617278360364752
COc1cc(OC)c2c(=O)[nH]c(-c3cccc(Cc4n[nH]c(=O)c5ccccc45)c3)nc2c1,1.324282455299751
CCN1CCN(C(=O)NC(C(=O)NC2C(=O)N3C(C(=O)O)C(C)(C)S[C@H]23)c2ccccc2)C(=O)C1=O,-0.4089353928621432
CNCCOc1ccccc1C(C)(C)Nc1nccn(-c2cc(C(=O)NC3CC3)ccc2C)c1=O,1.499687082619778
Cc1ccc(C(=O)NC2CC2)cc1-n1ccnc(N[C@@H](c2ccccc2)[C@@H](C)CN2CCCCC2)c1=O,0.7403626895021401
Cc1c(-c2ccc3c(c2)OCCO3)cccc1C(F)(F)Oc1cc(OCc2ccnc(C#N)c2)c(CN[C@@H]2C(O)O[C@H](CO)[C@@H](O)[C@@H]2O)cc1Cl,0.5932860670315362
CC(C)NCC(O)COc1cccc2[nH]ccc12,0.1335389084021509
O=C(CCc1cc(Cl)ccc1-n1cnnn1)N=C(CC(=O)N1CCN(c2ccccc2)CC1)C(=O)Nc1ccc(C(=O)O)cc1,-0.0132282656889825
Cc1c(CC(C)C)nc(-c2ccc(Cl)o2)n1-c1c(Cl)ccc(N2CC(C(=O)O)C2)c1Cl,0.5563025007793511
CC(C)(C#N)c1cccc(-c2ccnc3[nH]ncc23)c1,-0.0268721463540998
Cc1cc(C(C)NC(=O)c2[nH]cc(Cc3ccc(C(F)(F)F)nc3)c2C)no1,4.342945178152237e-11
CNC(=O)c1c(-c2ccc(F)cc2)oc2cc(N(C3CCc4c(B(O)O)cccc43)S(C)(=O)=O)c(C3CC3)cc12,0.5440680443626841
Cc1cccc(C)c1NC(=O)C(C)N,0.6989700043447047
O=C1N=C(c2ccccc2)c2cc(Cl)ccc2NC1O,0.3010299956856959
CCCCC(NC(=O)O[C@H](Cn1cnc(-c2ccc(C(F)(F)F)cc2)c1)C(C)(C)C)C(=O)C(=O)Nc1nccs1,0.2552725051274335
CN1CCc2cccc3c2[C@H]1Cc1ccc(O)c(O)c1-3,0.4313637641750723
CCOc1cc2ncnc(Nc3ccc(Oc4ccn5ncnc5c4)c(C)c3)c2cc1NC(=O)/C=C/[C@H]1CCCN1C,1.0253058652688674
CN(C)c1ccc2c(Oc3ccc(NC(=O)NCc4ccc(F)cc4)cc3)ncnc2c1,0.146128035709259
CCN(CC)CCNC(=O)c1cc(Cl)c(N)cc1OC,0.5185139398910479
N#Cc1cc(N2CCC(C(=O)N3N=CC[C@H]3c3cc(F)cc(F)c3)CC2)ncn1,0.6627578316910152
C[C@]12CCCN1CC1=NNC(=O)c3cc(F)cc4[nH]c2c1c34,0.8401060944630337
O=C(O)c1c[nH]c2cc(F)c(-c3ccc([C@@H]4CCCCO4)cc3)c(F)c12,-0.5086383060256323
COc1cc(F)cc(C(=O)c2cc(C)c(Oc3ccc4c(O)c(C(=O)NCC(=O)O)nc(OC)c4c3)c(C)c2)c1,-0.1426675035084128
CON=C(C(=O)NC1C(=O)N2C(C(=O)O)=C(CSc3nc(=O)c(=O)[nH]n3C)CS[C@H]12)c1csc(N)n1,4.342945178152237e-11
C[C@]1(c2cc(NC(=O)c3cnc(OCF)cn3)ccc2F)N=C(N)O[C@H](CF)[C@@H]1F,0.5440680443626841
O=C(OC(C(F)(F)F)C(F)(F)F)N1CCN(Cc2ccc(C(F)(F)F)cc2N2CCCC2)CC1,0.5051499783334777
O=C1c2ccccc2S(=O)(=O)N1CCCCNC[C@H]1CCc2ccccc2O1,0.1702617154243016
CNC(=O)c1c(-c2ccc(F)cc2)oc2cc(N(c3ccc(B(O)O)c(Cl)c3)S(C)(=O)=O)c(C3CC3)cc12,0.0413926851977064
Nc1ncnc2c1ncn2CCOCP(=O)(O)O,0.2041199826830682
CO[C@@]1(NC(O)=c2sc(=C(C(N)=O)C(=O)O)s2)C(=O)N2C(C(=O)O)=C(CSc3nnnn3C)CS[C@@H]21,-0.6020599911542446
CON=C(C(=O)NC1C(=O)N2C(C(=O)O)=C(COC(N)=O)CS[C@H]12)c1ccco1,-0.5790545939132726
CNC(=O)Nc1ccc2c(c1)CC[C@@]21OC(=O)N(CC(=O)N2Cc3ccccc3CC[C@H]2C2CC2)C1=O,-0.0555173278004797
CCOC(=O)C1(c2ccccc2)CCN(C)CC1,0.9637878273502758
COc1cncc2c1[C@]1(O)[C@H](O)[C@H](CN(C)C)[C@@H](c3ccccc3)[C@]1(c1ccc(C#N)cc1)O2,0.716003343643151
COc1cccc([C@@]2(O)CCCC[C@@H]2CN(C)C)c1,0.5865873046830061
Cc1cn([C@H]2C=C[C@@H](CO)O2)c(=O)[nH]c1=O,0.0374264979804672
FC(F)(F)c1c(Cl)ccc(-n2ccnn2)c1Cl,0.3010299956856959
C[C@H](N)Cc1ccccc1,0.8195439355484488
COCc1nn(Cc2ccc(Cn3ccccc3=O)cc2)cc1C(=O)NCc1nccc(OC)c1C,-0.6777807050592738
Cc1c(C(=O)Nc2ccc3c(c2)B(O)OC3)nnn1-c1ccccn1,-0.2218487495439739
Cc1nnc(N2CCC(C(=O)N3N=CC[C@H]3c3ccccc3)CC2)o1,0.2041199826830682
N=C(N)N1CCC[C@@H](CNC(=O)CC(NS(=O)(=O)c2ccc3ccccc3c2)C(=O)N(CC(=O)O)C2CC2)C1,-0.2218487495439739
NC(Cc1ccc(O)c(O)c1)C(=O)O,0.5809249756870181
O=[N+]([O-])O[C@@H]1CO[C@H]2[C@@H]1OC[C@@H]2O,-0.0132282656889825
COC(C(=O)Nc1nnc(N[C@@H]2CCN(c3nccnn3)C2)s1)c1ccccc1,-0.2218487495439739
CCCCCN(CCCOC)C(=O)C(CCC(=O)O)NC(=O)c1ccc(Cl)c(Cl)c1,-0.0087739242631893
NNc1nncc2ccccc12,0.440909082080953
COCCCOc1ccnc(C[S+]([O-])c2nc3ccccc3[nH]2)c1C,0.0170333393405394
C[C@@H](C1CC1)N1Cc2cc(-c3ccn4nc(N)c(C(=O)N[C@H]5CC[C@@](C)(O)CC5)c4n3)cc(OC(F)F)c2C1=O,0.4638929890008315
COc1cnc(-n2cncn2)c2[nH]cc(C(=O)C(=O)N3CCN(C(=O)c4ccccc4)CC3)c12,-0.3979400085634639
CCOC(=O)C1=C(C)N=C(C)C(C(=O)OC)C1c1cccc(Cl)c1Cl,1.1760912590585766
COc1ccnc(CNC(=O)c2cn(Cc3ccc(Cn4ccccc4=O)cc3)nc2C(F)(F)F)c1F,-0.5086383060256323
CCCCCCCCCCCCCCCC(=O)OC(C)CCCCn1c(=O)c2c(ncn2C)n(C)c1=O,1.1389339402600775
Cc1cc(N2C(=O)NC(=O)C2(C)C)cc(C)c1CCS(=O)(=O)N1CCC2(CC1)N=C(c1ccc(OC(F)(F)F)cc1)NC2=O,0.4828735836230397
CCOc1ncc(S(=O)(=O)N2CCN(CC)CC2)cc1-c1nc(=O)c2nn(CCOC)c(CC)c2[nH]1,0.3424226808419469
Cc1cccc(C)c1NC(=O)NCCCNC(C)C,0.5051499783334777
CCN(CCO)CCCC(C)Nc1ccnc2cc(Cl)ccc12,1.1643528557874117
COc1c(N2C[C@@H]3CCCN[C@@H]3C2)c(F)cc2c(=O)c(C(=O)O)cn(C3CC3)c12,0.5563025007793511
CC1=C(C(=O)O)N2C(=O)C(NC(=O)C(N)C3=CCC=CC3)[C@H]2SC1,0.0413926851977064
CCC1(c2cccc(O)c2)CCCCN(C)C1,0.6434526764960578
CN=C(C[N+](=O)[O-])NCCSCc1ccc(CN(C)C)o1,0.4578818967491245
CON=C(C(=O)NC1C(=O)N2C(C(=O)O)=C(CSc3nnnn3C)CS[C@H]12)c1csc(N)n1,-0.5528419685026755
CN[C@@H]1C[C@H]2O[C@@](C)([C@@H]1OC)n1c3ccccc3c3c4c(c5c6ccccc6n2c5c31)C(=O)N[C@@H]4O,1.222716471150184
C#CCCCC(=O)c1cc(C(C)(C)C)c(O)c(C(C)(C)C)c1,0.8976270912959389
Cc1ncc2n1-c1ccc(Cl)cc1C(c1ccccc1F)=NC2,0.4149733479875216
COc1cc2nc(N3CCN(C(=O)C4COc5ccccc5O4)CC3)nc(N)c2cc1OC,0.4771212547341389
O=c1nc(OC[C@@H]2COCCO2)cc2n1CCc1cc(C#CC3CC3)ccc1-2,0.079181246083816
N[C@@H](CC(=O)N1CCn2c(nnc2C(F)(F)F)C1)Cc1cc(F)c(F)cc1F,0.9084850188840112
COC(=O)C(c1ccccc1)C1CCCCN1,0.4771212547341389
Nc1nc(-c2cccc(-n3ccc4cc(C5CC5)cc(F)c4c3=O)c2CO)c2cc(C3=CCN(C4COC4)CC3)[nH]c2n1,0.5611013836609872
CN1Cc2cc(Cl)ccc2-n2c(nnc2-c2ccc(-c3ccccc3)cc2)C1,0.6020599913388197
C[C@@H](O[C@H]1OCCN(Cc2n[nH]c(=O)[nH]2)[C@H]1c1ccc(F)cc1)c1cc(C(F)(F)F)cc(C(F)(F)F)c1,0.5051499783334777
Cc1ncc([N+](=O)[O-])n1CCO,0.079181246083816
CCCS(=O)(=O)N[C@H]1C[C@H](N(C)c2ncnc3[nH]ccc23)C1,0.1522883444136406
C[C@]1(c2cc(NC(=O)c3cnc(OCF)cn3)ccc2F)N=C(N)O[C@H](C2(F)CC2)[C@@H]1F,0.7323937598310111
Cc1cccc(Nc2ccncc2S(=O)(=O)NC(=O)NC(C)C)c1,-0.6382721637935834
CS(=O)(=O)OCCCCOS(C)(=O)=O,-0.1674910872298968
Cc1cn([C@H]2C[C@H](N=[N+]=[N-])[C@@H](CO)O2)c(=O)[nH]c1=O,-0.0655015487059329
NCc1ccccc1CC(=O)NC1C(=O)N2C(C(=O)O)=C(CSc3nnnn3CC(=O)O)CS[C@H]12,-0.3010299955771223
C#CCN(C)[C@H](C)Cc1ccccc1,1.6512780139991134
CCCCS(=O)(=O)NC(Cc1ccc(OCCCCC2CCNCC2)cc1)C(=O)O,0.1522883444136406
CC(C)CCN1C(=O)[C@]2(CC(=O)Nc3c2nnn3[C@@H](C)c2ccc(Cl)cc2)c2cc(Cl)ccc21,0.4265112613808409
C[C@@H]1CN(C(=O)c2nc(Nc3cc(C4CC4)[nH]n3)c3cc(Cl)ccc3n2)CCN1,0.8082109729309762
CN1CCN(c2cc(-c3ccncc3)c(-c3ccc4ccccc4c3)nn2)CC1,0.6091246035758457
O=[N+]([O-])c1cn2c(n1)OC[C@H](Oc1ccc(C(F)(F)F)cn1)C2,0.1760912590846342
CCN(C(=O)C1CC1)c1cc(-c2ccc(CN3CCOCC3)cc2)cc(C(=O)NCc2c(C)cc(C)[nH]c2=O)c1C,0.681241237384635
COC(C(=O)Nc1nnc(N[C@@H]2CCN(c3cccnn3)C2)s1)c1ccccc1,0.3802112417297016
Cc1cccnc1NS(=O)(=O)c1ccc(C#Cc2ccc(O)c(C(=O)O)c2)cc1,0.079181246083816
CS(=O)(=O)c1ccc(Oc2cc(F)cc(C#N)c2)c2c1[C@H](O)C(F)(F)C2,0.7951845896893839
CN1CCN(CCNc2nccc(-c3c(-c4cccc(O)c4)nc4sccn34)n2)S1(=O)=O,-0.2365720063621844
Cc1ccc(NC(=O)c2ccc(CN3CCN(C)CC3)cc2)cc1Nc1nccc(-c2cccnc2)n1,0.4913616938482822
Cc1ccc(C(=O)NC2CC2)cc1-n1cnc2ccc(N3CCN(C)CC3)cc2c1=O,0.2787536009756865
COc1ccc2c3c1OC1C(=O)CC[C@@]4(O)[C@@H](C2)N(C)CC[C@]314,0.4471580313577297
O=C(O)c1c[nH]c2cc(Cl)c(-c3ccc(C4(O)CCC4)cc3)cc12,-0.0705810742346138
Cc1ccc(-c2nc3ccc(C)cn3c2CC(=O)N(C)C)cc1,0.0211892991112994
COC(=O)NC(C(=O)N1CCC[C@H]1c1nc(-c2cc3c(s2)-c2ccc(-c4cnc([C@@H]5CCCN5C(=O)C(NC(=O)OC)C(C)C)[nH]4)cc2CC3)c[nH]1)C(C)C,0.0413926851977064
C[C@@H]1C[C@H]2[C@@H]3CC=C4CC(=O)C=C[C@]4(C)[C@@]3(F)[C@@H](O)C[C@]2(C)[C@@]1(O)C(=O)CO,0.0413926851977064
Cc1cc(CNC(CO)C(=O)O)c(OCc2cncc(C#N)c2)cc1NCc1cccc(-c2ccccc2)c1C,0.336459733868543
COc1ccc(CCN(C)CCCC(C#N)(c2ccc(OC)c(OC)c2)C(C)C)cc1OC,0.332438459935805
CC(C)NCC(O)COc1ccc(CCOCC2CC2)cc1,1.079181246051244
Cc1cnc(C(=O)NCCc2ccc(S(=O)(=O)NC(=O)NC3CCCCC3)cc2)cn1,-0.5228787451355728
COc1cnc(-c2cnccn2)c2[nH]cc(C(=O)C(=O)N3CCN(C(=O)c4ccccn4)[C@H](C)C3)c12,0.0413926851977064
CCOc1ccccc1OCCN[C@H](C)Cc1ccc(OC)c(S(N)(=O)=O)c1,0.5118833609922373
Cc1c2ccc(N(C)c3ccnc(Nc4ccc(C(=O)Nc5ccccc5N)cc4)n3)cc2nn1C,0.3138672203902357
Cc1c(C2(c3ccc(C(F)(F)F)nc3)CC2)c[nH]c1C(=O)NC(C)c1nc[nH]n1,0.3222192947546
CC(CS)C(=O)N1CCCC1C(=O)O,0.2304489214038206
CCOc1cc2ncnc(Nc3ccc(Oc4ccn5ncnc5c4)c(C)c3)c2cc1NC(=O)/C(F)=C\[C@H]1CCCN1C,1.3736474722110548
CCc1ncn(-c2ncc(OC)c3c(C(=O)C(=O)N4CCN(C(=O)c5ccccc5)CC4)c[nH]c23)n1,-0.9208187535904632
CC(C)NCC(O)COc1cccc2ccccc12,0.6608654780133516
COC1CC(OC2C(C)C(=O)OC(C)C(C)C(O)C(C)C(=O)C3(CO3)CC(C)C(OC3OC(C)CC(N(C)C)C3O)C2C)OC(C)C1O,0.832508912712623
COc1cc(NC(C(=O)c2c[nH]c3ccccc23)c2ccccc2)cc(OCCO)c1,0.7634279935704251
CN(C(=O)c1c(O)c2ccccc2n(C)c1=O)c1ccccc1,-0.4948500215443769
COc1nc(-c2cccc(-c3ccccc3)c2C)ccc1CNCCO,1.8954225460399603
CCNC(=O)c1cc2c(-c3cc(S(=O)(=O)CC)ccc3Oc3c(C)cccc3C)cn(C)c(=O)c2[nH]1,0.5440680443626841
C[C@@H](CN1CC(=O)NC(=O)C1)N1CC(=O)NC(=O)C1,0.0413926851977064
Cc1nnc2n1-c1ccc(Cl)cc1C(c1ccccc1)=NC2,0.4313637641750723
CC(C)(C)S(=O)(=O)CC(Cc1ccccc1)C(=O)NC(Cc1c[nH]cn1)C(=O)N[C@@H](CC1CCCCC1)[C@@H](O)[C@@H](O)C1CC1,0.6434526764960578
Cn1ncc(NC(=O)C2CCCCC2C(=O)c2ccc(-c3cc[nH]n3)cc2)c1C(F)(F)F,-0.0132282656889825
NS(=O)(=O)OCC1(O)CC1n1ccc2c(N[C@H]3CCc4ccccc43)ncnc21,0.2504200023332925
[C-]#[N+]c1ccc(COn2c(-c3cccc(C#N)c3)nc(C)c2C(=O)O)cc1,1.3281756614403624
C[C@H]1O[C@@H](O[C@H]2[C@@H](O)C[C@H](O[C@H]3[C@@H](O)C[C@H](O[C@H]4CC[C@@]5(C)[C@H](CC[C@@H]6[C@@H]5C[C@@H](O)[C@]5(C)[C@@H](C7=CC(=O)OC7)CC[C@]65O)C4)O[C@@H]3C)O[C@@H]2C)C[C@H](O)[C@@H]1O,1.2278867046162432
CC(=O)N1CCC(COc2ccc(-c3cc[nH]n3)nc2)CC1,-0.0757207138864166
Cc1noc(NS(=O)(=O)c2ccc(N)cc2)c1C,-0.6020599911542446
OC1CCCCC1CNc1cc(Br)cc2[nH]ncc12,1.4479328655937285
CC#C[C@]1(O)CCC2C3=C(C4=C(CC3)CC(=O)CC4)C(c3ccc(N(C)C)cc3)C[C@@]21C,0.612783856730328
COc1cnc(-n2cnc(N3CCOCC3)n2)c2[nH]cc(C(=O)C(=O)N3CCN(C(=O)c4ccccc4)CC3)c12,-0.5850266518621456
CCC(=O)c1sc(-c2cccc(F)c2)nc1O,0.2278867046393714
Cc1c(COc2cc(OCc3cccc(C#N)c3)c(CNC(C)(C)C(=O)O)cc2Cl)cccc1-c1ccccc1,0.3222192947546
CCC(CC)O[C@@H]1C=C(C(=O)O)C[C@H](NCc2ccc(-c3ccsc3)cc2OC)[C@H]1NC(C)=O,-0.7447274946554192
CCOc1cccnc1Oc1cncc(-c2ncc(C(=O)N[C@H]3CCOC3)cn2)c1,-0.0457574905124201
C[C@H]1CC[C@@H](c2nc3ccccc3c(=O)n2-c2cccnc2)N1c1nc(N)nc(N)c1C#N,0.2201080880662174
C[C@H]1Cc2c(nnn2-c2ccsc2)CN1C(=O)c1cccc(C(F)(F)F)c1Cl,0.2304489214038206
CC(C)(C#N)c1cc(Nc2nc(N3CCC[C@H](N)C3)ncc2C(N)=O)cc(C(C)(C)C#N)c1,1.6053050461421872
CN1CCN(c2ccc(-c3cc4c(N5CCN(C(=O)Nc6ccc(Cl)c(C(F)(F)F)c6)CC5)ncnc4s3)cc2)CC1,0.7323937598310111
CC(C)[C@H](NC(=O)C(C)(F)F)[C@H](Oc1ccc2c(cnn2-c2ccc(=O)n(C)c2)c1)c1ccccc1,-0.1804560643923291
N=C(CCSCc1csc(N=C(N)N)n1)NS(N)(=O)=O,-0.0969100129537695
CCN(CC)CCNC(=O)c1ccc(NS(C)(=O)=O)cc1,0.3180633349836411
CCN(C(=O)C1CC1)c1cc(-c2ccc(N3CCN(CC4CC4)CC3)nc2)cc(C(=O)NCc2c(C)cc(C)[nH]c2=O)c1C,0.812913356649537
CN(C)CCCN1c2ccccc2CCc2ccccc21,1.298853076411889
O=C(N[C@H]1CCN(CC2CC2)CC1C(=O)NC1(c2ncccn2)CC1)c1cc(-c2ccc(F)cc2F)on1,0.5563025007793511
Cc1nnc(C(C)C)n1C1C[C@H]2CC[C@@H](C1)N2CC[C@H](NC(=O)C1CCC(F)(F)CC1)c1ccccc1,0.4031205211929837
N=C(N)NCCCNC(=O)C1CCCCN1C(=O)C(CC1CCCCC1)NCC(=O)O,-0.1135092747711162
N#Cc1ccc(COc2cccc(C3CCN(Cc4nc5ccc(C(=O)O)cc5n4C[C@@H]4CCO4)CC3)n2)c(F)c1,-0.0655015487059329
Nc1ccn([C@@H]2CO[C@H](CO)O2)c(=O)n1,0.1522883444136406
CS(=O)(=O)c1ccc(-c2nnc(/C=C/c3nnc(-c4ccc(C#N)cc4)o3)n2-c2ccccc2Cl)nc1,0.2528530310041554
C=CC(=O)NCCOCCNC(=O)CCN1CCC(c2cc(OC(C)C)c(Nc3ncc(Cl)c(Nc4ccccc4S(=O)(=O)C(C)C)n3)cc2C)CC1,0.4487063199205352
CC(C)(C)[C@]1(O)C[C@@H]2OC(=O)C[C@@]23C(=O)O[C@@H]2OC(=O)C(O)[C@]213,1.000000000004343
C=C1c2c(-c3ccc(Oc4ccccc4)cc3)c3c(N)ncnc3n2C[C@H]1NC(=O)C#CC,0.1430148002853392
Cc1c[nH]c2ncnc(-c3ccc(NC(=O)N(CCO)c4ccccc4)cc3)c12,-0.3010299955771223
CCCC(=O)OCOC(=O)C1=C(C)N=C(C)C(C(=O)OC)C1c1cccc(Cl)c1Cl,-0.3565473234151092
CCCCC(NC(=O)O[C@H](Cc1nnc(-c2ccc(C(F)(F)F)cc2)o1)C(C)(C)C)C(=O)C(=O)NN1CCOC1=O,0.4913616938482822
CNC(C)C(=O)NC(C(=O)N1CCCC1C(=O)Nc1snnc1-c1ccccc1)C1CCCCC1,0.2671717284264892
CO[C@@]1(NC(=O)C(C(=O)O)c2ccc(O)cc2)C(=O)N2C(C(=O)O)=C(CSc3nnnn3C)CO[C@@H]21,-0.6020599911542446
Nc1ccn(C[C@@H](CO)OCP(=O)(O)O)c(=O)n1,0.3010299956856959
CCC(C)C(=O)O[C@H]1C[C@H](O)C=C2C=C[C@H](C)[C@H](CC[C@@H](O)C[C@@H](O)CC(=O)O)[C@H]21,-0.721246398818595
Cc1c(C2(c3ccc(C(F)(F)F)c(C#N)c3)CC2)c[nH]c1C(=O)NC(C)c1nc[nH]n1,0.3222192947546
CC(O)(C#Cc1ccc(N2CCOCC2)c(Nc2ncnc3[nH]ccc23)c1)c1nccs1,0.4361626470566642
O=C(Cc1ccccc1)Nc1nnc(N[C@@H]2CCN(c3cccnn3)C2)s1,0.2041199826830682
COc1cnc(-n2ccc(N)n2)c2[nH]cc(C(=O)C(=O)N3CCN(C(=O)c4ccccc4)CC3)c12,-0.3979400085634639
CCC(=O)N(c1ccccc1)C1CCN(CCc2ccccc2)CC1,0.579783596628239
COc1cnc(-n2cccn2)c2[nH]cc(C(=O)C(=O)N3CCN(C(=O)c4ccccc4)CC3)c12,-0.3187587625339347
CNC(=O)c1cc(C(=O)NC2CC2)cc2c1O[C@H](C)[C@H]2c1ccccc1,0.3617278360364752
Cc1cc(CC(NC(=O)N2CCC3(CC2)OC(=O)Nc2ncccc23)C(=O)NC(CC2CCNCC2)C(=O)N2CCN(c3ccncc3)CC2)cc2c[nH]nc12,4.342945178152237e-11
CN1CCC([C@@](C)(O)c2ccc3cnc(Nc4cc(N5CCOCC5)ncc4F)cc3n2)CC1,0.9731278536043187
CC(=N)N1CC[C@H](SC2=C(C(=O)O)N3C(=O)C([C@@H](C)O)[C@H]3C2)C1,-0.6989700041188716
C=CC(=O)N1CCC([C@@H]2CCNc3c(C(N)=O)c(-c4ccc(Oc5ccccc5)cc4)nn32)CC1,0.3654879849096192
CC(C)C[C@H](NC(=O)C(Cc1ccccc1)NC(=O)c1c(F)cccc1F)B(O)O,0.8864907251781221
CCC#CC[C@H](C)[C@H](O)C#C[C@@H]1[C@H]2C/C(=C/COCCCC(=O)O)C[C@H]2C[C@H]1O,0.1760912590846342
Cc1ccc2nc(N3CCS(=O)(=O)c4ccccc4C3)cc(NCC3(N)COC3)c2c1,0.612783856730328
COc1cc(NCc2ccc3nc(N)nc(N)c3c2C)cc(OC)c1OC,0.9637878273502758
Cn1ncc(NC(=O)C2C[C@@H]3C[C@@H]3CC2C(=O)c2ccc(-c3cc[nH]n3)cc2)c1C(F)(F)F,0.0413926851977064
CN(C)c1ccc(-c2ccc(CN(C(=O)C3CCCCC3)c3cc(F)cc(/C=C/C(=O)O)c3)cc2C#N)cc1,0.146128035709259
COc1cnc(-n2cnc(C)n2)c2[nH]cc(C(=O)C(=O)N3CCN(C(=O)c4ccccc4)[C@H](C)C3)c12,-0.4685210828300111
COC(C)(C)C#C[C@]1(O)CC[C@H]2[C@@H]3CC=C4CC(=O)CCC4[C@H]3[C@@H](c3ccc(N(C)C)cc3)C[C@@]21C,0.8573324964373004
COc1cc(OC)c2c(=O)[nH]c(-c3ccc(OCC(=O)Nc4ccc(N5CCN(C)CC5)c(Cl)c4)cc3)nc2c1,1.324282455299751
Cc1cc(Nc2ccc(S(F)(F)(F)(F)F)cc2)n2nc(C(C)(F)F)nc2n1,0.7708520116495051
C#C[C@]1(O)CC[C@H]2[C@@H]3CCc4cc(O)ccc4[C@H]3CC[C@@]21C,0.7558748556801106
COc1cc2c(cc1OC)C(=O)C(CC1(F)CCN(Cc3ccccc3F)CC1)C2,0.8142475957385811
CO[C@H]1[C@@H](CF)OC(=N)N[C@]1(C)c1cc(NC(=O)c2ccc(C#N)cn2)ccc1F,0.6434526764960578
C[C@]1(c2cc(NC(=O)c3ccc(C#N)cn3)ccc2F)N=C(N)O[C@H](CF)[C@@H]1F,0.6532125137849947
O=C(O)CCNC(=O)c1ccccc1,-0.6382721637935834
CCN1CCC[C@H]1CNC(=O)c1c(OC)ccc(Br)c1OC,0.6532125137849947
CC(C)(C#N)c1cccc(-c2ccnc3[nH]ccc23)n1,-0.0043648053585819
COC(=O)/C=C/c1cc(F)cc(N(Cc2ccc(-c3ccc(N(C)C)cc3)c(C#N)c2)C(=O)C2CCCCC2)c1,-0.1549019599237011
c1ccc(C2(N3CCCCC3)CCCCC2)cc1,1.1003705451210095
O=C(N1CC[C@@]2(S(=O)(=O)c3ccc(F)cc3)c3ccc(C(F)(C(F)(F)F)C(F)(F)F)cc3CC[C@@H]12)C1(O)CCS(=O)(=O)CC1,0.4623979979139317
O=C(O)CNC(=O)c1ncc(C#CCOc2ccc(Cl)cc2)cc1O,0.401400540798778
Cc1nc2n(c(=O)c1CCN1CCC(c3noc4cc(F)ccc34)CC1)CCCC2,0.5563025007793511
C[C@H]1C(=NC(=O)C(NOC(C)(C)C(=O)O)c2csc(N)n2)C(=O)N1S(=O)(=O)O,-0.387216143174339
O=c1[nH]c(O)cn1/N=C/c1ccc([N+](=O)[O-])o1,-0.4685210828300111
N#Cc1cc(F)cc(Oc2ccc(S(=O)(=O)C(F)F)c3c2CC(F)(F)[C@H]3O)c1,0.7442929831305014
Cc1noc2c(F)cc(Nc3[nH]nc4cccnc34)cc12,0.4913616938482822
COc1ccc(Cl)cc1[C@]1(F)C(=O)Nc2cc(C(F)(F)F)ccc21,0.7993405494604753
CC(C(=O)O)c1ccccc1-c1cc2c(cn1)ncn2[C@H](C)c1c(Cl)ccc(C2CC2)c1Cl,0.2041199826830682
NC1[C@H]2CN(c3nc4c(cc3F)c(=O)c(C(=O)O)cn4-c3ccc(F)cc3F)C[C@@H]12,-0.124938736550394
