SMILES,rat_CL_mL_min_kg
Cc1c(-c2ccc3c(c2)OCCO3)cccc1C(F)(F)Oc1cc(OCc2ccnc(C#N)c2)c(CN2CCCCC2C(=O)O)cc1Cl,2.1553360374653656
O=C(O)C1CN(Cc2ccc(-c3noc(-c4ccc([C@@H]5CCC(F)(F)C5)cc4)n3)cc2)C1,0.7634279935704251
Cc1nc(C#Cc2cncc(-c3cccnc3)c2)cs1,1.4623979979004536
Nc1nc(=O)c2ncn(COCCO)c2[nH]1,0.8260748027073085
COc1cc(F)cc([C@@H](CO)NC(=O)C(C)N2Cc3ccc(-c4nc(NC5CCOCC5)ncc4Cl)cc3C2=O)c1,1.2552725051057187
CN1C2CCC[C@@H]1CC(NC(=O)c1nn(C)c3ccccc13)C2,2.9159272116971686
O=C(Nc1ccc2[nH]ncc2n1)C1CCCN1C(=O)C1(c2ccc(Cl)cc2)CC(F)(F)C1,2.176091259055971
C[C@@H]1CCCN1CCc1cc2cc(-c3cccc(C(=O)C4CC4)c3)ccc2o1,1.1562461904003751
CN1C(=O)NC(=O)C(C)(C2=CCCCC2)C1=O,1.6085260335782638
NC(C(=O)O)C1CC(Cl)=NO1,0.7610916588169121
CNCc1cc(Cl)ccc1Cn1c(=S)[nH]c(=O)c2[nH]ccc21,1.3424226808241804
C=CC(=O)N[C@@H]1Cn2c(c(-c3ccc(Oc4ccccc4)cc3)c3c(N)ncnc32)C1=C,1.6655809910188912
CC(C)[C@@H](O)CC[C@@H](C)[C@H]1CC[C@H]2[C@@H]3CC=C4C[C@@H](O)CC[C@]4(C)[C@H]3CC[C@]12C,1.9926860391625696
C=CC1CN2CC[C@H]1CC2C(O)c1ccnc2ccc(OC)cc12,1.944087679415928
CC(C(=O)N1CCC(F)(F)C1)N1CCC(n2c(=O)[nH]c3ccccc32)CC1,1.5314789170435326
CCCCNC(=O)c1c(O)c2sccc2n(Cc2ccccc2)c1=O,0.4578818967491245
C[C@@H](O)C1C(=O)N2C(C(=O)O)=C(S[C@@H]3CN[C@H](/C=C/c4ccno4)C3)[C@H](C)[C@H]12,1.2552725051057187
O=C(c1ccc2cc(Oc3ccc(C(F)(F)F)cn3)ccc2n1)N1CCCC1,1.1809855807895933
CCC(=O)c1sc(-c2ccc(Cl)cc2)c(C)c1-c1ccc(S(N)(=O)=O)cc1,0.113943352340244
CN(C)C1C(=O)C(C(N)=O)C(=O)[C@@]2(O)C(=O)C3C(=O)c4c(O)cccc4[C@@](C)(O)[C@H]3C[C@@H]12,1.2718416065388214
C[C@@H]1COCCN1c1nc(N2CCOC[C@@H]2C)nc2sc(-c3cc[nH]n3)nc12,0.9777236052934192
CC(C)(C)Cc1noc2cc(Nc3[nH]nc4nccnc34)ccc12,1.5774917998383742
NCCC(O)C(=O)N[C@@H]1C[C@H](N)[C@@H](O[C@H]2O[C@H](CN)[C@@H](O)[C@H](O)[C@H]2O)[C@H](O)[C@H]1O[C@H]1O[C@H](CO)[C@@H](O)[C@H](N)[C@H]1O,0.7323937598310111
Cc1nc2cc(OC[C@H](O)CN3CCN(CC(=O)Nc4c(C)cccc4C)CC3)ccc2s1,1.7363965022774392
NC(=O)C(c1ccccc1)(c1ccccc1)[C@@H]1CCN(CCc2ccc3c(c2)CCO3)C1,1.7708520116428803
CN1CC[C@]23c4c5ccc(O)c4O[C@H]2[C@@H](O)C=C[C@H]3[C@H]1C5,1.8130007119246183
COc1cnc(-n2ccc(C)n2)c2[nH]cc(C(=O)C(=O)N3CCN(C(=O)c4ccccc4)[C@H](C)C3)c12,1.0492180226740593
O=C(c1cocn1)N1CCC(C(=O)N2N=CCC2c2ccccc2)CC1,1.763427993563686
COc1cc2c(c(OC)c1OC)-c1ccc(OC)c(=O)cc1[C@@H](NC(C)=O)CC2,1.5352941200440366
COCc1nnc(N2CC(Oc3ccc(F)cc3Cl)C2)n1-c1ccc(OC)nc1,1.5563025007684936
COc1cc(O[C@H]2C[C@H](OC)C2)nc(-c2ccc3c(c2)CC[C@H](CCC(=O)O)O3)c1F,0.5314789170550285
C[C@H]1CCN1c1nc(N2C[C@@H]3C(CC(=O)O)[C@H]3C2)cc(C(F)(F)F)n1,-0.4436974991120754
N#Cc1cccc(-n2nnc(-c3ccccn3)n2)c1,1.5185139398792036
CCc1nc(-c2ccc3c(c2)CCC3NC(=O)c2cnn(C)c2)no1,0.3222192947546
CC(F)(F)c1noc2cc(Nc3[nH]nc4cccnc34)ccc12,1.4440447959196383
O=c1n(Cc2nc3nc(Cl)ccc3n2CCCC(F)(F)F)c2cnccc2n1C1CC1,1.367914738795614
Nc1nc(C(=NO)C(=O)NC2C(=O)N3C(C(=O)O)=C(C=C4CCN(CC(F)(F)F)C4=O)CS[C@H]23)cs1,-0.022276394665437
CC1COc2c(N3CCN(C)CC3)c(F)cc3c(=O)c(C(=O)O)cn1c23,1.2702648398502747
COc1cc(-c2ccc(C#N)cc2)ccc1Oc1cc(N)nc(Nc2ccc(C#N)cc2)n1,1.71256552787415
O=C(N[C@H]1CN(S(=O)(=O)c2ccccc2)CC1C(=O)N[C@H]1CCCNC1)c1cc(-c2ccccc2)on1,1.2787536009551146
CO[C@@]1(NC(=O)CSCC#N)C(=O)N2C(C(=O)O)=C(CSc3nnnn3C)CS[C@@H]21,1.5025902562532911
Cn1cc(C(=O)O)c2ccc(N3CCC(OCc4c(-c5c(Cl)cccc5Cl)noc4C4CC4)CC3)cc21,1.916980047320908
CC(C)C(NC(=O)c1cc(C(F)(F)F)ccc1F)C(=O)N1CCC2(CC1)C(=O)N(C)C(=O)N2c1ccc2[nH]ncc2c1,1.5563025007684936
O=c1c(O)c(-c2ccc(O)c(O)c2)oc2cc(O)cc(O)c12,2.064083435963971
CC(=O)c1cc(C(=O)Nc2cc(CO)cc(-c3cnn(C)c3)c2F)c2cc(N)ccn12,2.073094864516113
O=C(Nc1ccc2[nH]ncc2n1)C1C[C@@H](F)CN1C(=O)C1(c2ccc(Cl)cc2)CCC1,2.127104798365132
C[C@@H]1C[C@H](N2C(=O)C[C@@](C)(c3cccc(Nc4ccc(C5CC5)nc4)c3Cl)N=C2N)CCO1,1.3117538610578727
CN=C1N[C@@H]2[C@@H](O)[C@H](O)[C@@H](CF)O[C@@H]2S1,1.4440447959196383
O=C1N=C(c2ccccc2Cl)c2cc(Cl)ccc2NC1O,1.4345689040357954
Cc1cc(-c2ccc(C(=O)C3CCCCC3C(=O)Nc3cn(C)nc3C)cc2)[nH]n1,0.7781512503908818
Cc1ccc(C(=O)NC2CC2)cc1-n1ccnc(NC(C)(C)c2ccccc2OCCN2CCCC2)c1=O,1.9956351945979889
O=C(NCCO)c1cccc2c1CCN2c1cc(Cc2cc(F)cc(C(F)(F)F)c2)ncn1,1.2631624649645858
O=C(O)COc1cccc(C[C@@H]2CCC=C2c2nc(-c3ccccc3)c(-c3ccccc3)o2)c1,0.9633155113908368
C[C@@H]1CCCN1CCc1cc2cc(C(=O)c3cccc(Cl)c3)ccc2o1,1.6720978579366417
C[C@@H]1CCCN1CCc1cc2cc(C(=O)c3ccccc3)ccc2o1,1.6751365044689115
C=CC(=O)Nc1cccc(-c2c(-c3ccccc3)oc3ncnc(N[C@H](CO)c4ccccc4)c23)c1,1.8836614351541847
CCc1ncn(-c2ncc(OC)c3c(C(=O)C(=O)N4CCN(C(=O)c5ccccc5)[C@H](C)C4)c[nH]c23)n1,0.2552725051274335
CCC1(c2ccccc2)C(=O)NC(=O)NC1=O,-0.0969100129537695
CCN(CC)CC(=O)Nc1c(C)cccc1C,1.6707073692518415
C[C@H](Nc1ncnc2[nH]cnc12)c1cc2cccc(Cl)c2c(=O)n1-c1ccccc1,1.4842998393482096
CC[C@]1(O)C[C@@H]2CN(CCc3c([nH]c4ccccc34)[C@@](C(=O)OC)(c3cc4c(cc3OC)N(C)[C@H]3[C@@](O)(C(=O)OC)[C@H](OC(C)=O)[C@]5(CC)C=CCN6CC[C@]43[C@@H]65)C2)C1,1.3979400086737748
CON=C(C(=O)NC1C(=O)N2C(C(=O)[O-])=C(C[n+]3ccn4ncccc43)CS[C@H]12)c1nsc(N)n1,0.9731278536043187
C[C@@H]1CCOc2cc(F)ccc2C(=O)Nc2cccc(n2)-c2nncn2C1,0.920801381830866
C[C@@H]1CN(c2ncccc2Cl)CCN1c1nc2cc(C(C)(C)C)ccc2[nH]1,2.1260339480521377
CN(C)CCC1=C(Cc2cccnn2)c2ccc(F)cc2C1,1.763427993563686
C=CC(=O)N[C@H]1CCOC[C@H]1Nc1ncc2cc(-c3c(Cl)c(OC)cc(OC)c3Cl)ccc2n1,1.2219355998306105
Cc1noc2ccc(Nc3[nH]nc4ncccc34)cc12,1.579783596617953
O[C@H](C[C@H]1c2c(F)cccc2-c2cncn21)[C@H]1CC[C@H](O)CC1,1.50665760730905
COc1ccc(CNC(=O)Nc2ccc(Oc3ncnc4cc(N(C)C)ccc34)cc2)cn1,1.392696953261424
CC1(C)Oc2cc(NS(C)(=O)=O)ccc2N(c2ccc(F)cc2)C1=O,0.2810333672704654
CC(C)Cc1ccc(-c2nc(-c3ccc(CN4CC(C(=O)O)C4)cc3)no2)cc1,0.612783856730328
NC1(C(=O)O)CC1,0.5051499783334777
N#Cc1cc(F)cc(Oc2ccc(S(=O)(=O)CF)c3c2CC(F)(F)[C@H]3O)c1,1.760422483423966
Cc1c(C(F)(F)F)nc(-c2ccc(Cl)o2)n1-c1c(Cl)ccc(N2CC(C(=O)O)C2)c1Cl,1.47712125472111
CC(C)[N+]1(C)C2CCC1CC(OC(=O)C(CO)c1ccccc1)C2,1.954242509439808
CC(=O)OC1=C2C(C)[C@@H](OC(=O)C(O)C(NC(=O)c3ccccc3)c3ccccc3)C[C@@](O)([C@@H](OC(=O)c3ccccc3)[C@@H]3[C@]4(OC(C)=O)CO[C@@H]4C[C@H](O)[C@@]3(C)C1=O)C2(C)C,1.0293837776892685
CC(C)n1c(/C=C/C(O)CC(O)CC(=O)O)c(-c2ccc(F)cc2)c2ccccc21,1.5051499783212632
Cn1c(=O)c2c(ncn2C)n(C)c1=O,1.105426682660854
CCC(=O)N1CC[C@H](N2C(=O)N(c3cc(OC)ccc3Cl)Cc3cnc(Nc4ccc(N5CCN(C)CC5)c(C)c4)nc32)C1,0.2648178230331394
C=CC(=O)Nc1ccccc1[C@@H]1CCNc2c(C(N)=O)c(-c3ccc(Cl)cc3)nn21,1.9063350418056293
CN(Cc1cnc2nc(N)nc(N)c2n1)c1ccc(C(=O)NC(CCC(=O)O)C(=O)O)cc1,1.050185272562659
C#C[C@]1(O)CC[C@H]2[C@@H]3CCc4cc(O)ccc4[C@H]3[C@@H](OC)C[C@@]21C,1.7160033436356343
CCS(=O)(=O)c1ccc(CC(=O)Nc2ccc(-c3nc4ccc(C(F)(F)F)cc4n3[C@H](C)c3ccc(F)cc3)cc2)cc1,0.4771212547341389
C[C@@H](CN1CCC2(CC1)OC(=O)NC[C@H]2c1cccc(F)c1)NC(=O)c1ccc(F)cc1,2.075546961392896
C[C@@H]1CCC[C@H](C)N1CCCC(O)(c1ccccc1)c1ccccn1,1.7923916894989544
COc1ccc2c(c1)O[C@@H](c1ccc(C(=O)O)cc1)C[C@H]2NC(=O)C1(c2ccc3c(c2)OC(F)(F)O3)CC1,-0.2076083104316986
CCN=C1N[C@@H]2[C@@H](O)[C@H](O)[C@@H](C(F)F)O[C@@H]2S1,1.5616873173938193
O=[N+]([O-])c1cn2c(n1)OC[C@H](Oc1ccc(OC(F)(F)F)cc1)C2,1.041392685162173
Cc1cc(N(C)C(N)=O)cc(C)c1CCS(=O)(=O)N1CCC2(CC1)N=C([C@H]1CC[C@H](C)CC1)NC2=O,-0.2076083104316986
O=C(Nc1cccc(Br)c1)Nc1cc(Oc2ccc3nc(NC(=O)C4CC4)sc3c2)ccc1F,0.4149733479875216
N#Cc1ccc2c(c1)CN(S(=O)(=O)c1cccs1)[C@H](Cc1ccccc1)CN2Cc1c[nH]cn1,0.7558748556801106
CN(C)C1=N[C@@H]2[C@@H](O)[C@H](O)[C@@H](CF)O[C@@H]2S1,1.6404814369714158
CN=C1N[C@@H]2[C@H](F)[C@H](O)[C@@H](C(F)F)O[C@@H]2S1,1.056904851340282
CN(C)C/C=C/C(=O)Nc1cccc(-c2c(-c3ccccc3)oc3ncnc(N[C@H](CO)c4ccccc4)c23)c1,1.7450747915828386
Cc1cc(OCc2cccc(-c3ccc4c(c3)OCCO4)c2C)cc(OCc2cccc(C#N)c2)c1CNC(CO)C(=O)O,2.093421685162585
COc1ccc2cc(C(C)C(=O)O)ccc2c1,-0.387216143174339
Nc1ccc(S(=O)(=O)Nc2ncccn2)cc1,0.0413926851977064
CC(C)N1CN(C2c3ccccc3CSc3ccccc32)n2ccc(=O)c(O)c2C1=O,1.5533622550292958
CCN(C(C)=O)c1cccc(-c2ccnc3c(C#N)cnn23)c1,1.3159703454590157
O=C(NC1CCOC1)c1ccc2cc(Oc3ccc(C(F)(F)F)cn3)ccc2n1,1.5185139398792036
O=C1c2c(O)c(=O)ccn2N(C2c3ccccc3CSc3ccccc32)CN1C(CF)CF,1.5250448070381415
N#Cc1cccc(-c2cnnc(-c3ccccc3)c2)c1,1.5563025007684936
C[C@H](CC[C@@H](O)C(F)(F)F)[C@H]1CC[C@H]2[C@@H]3CC=C4C[C@@](C)(O)CC[C@]4(C)[C@H]3CC[C@]12C,1.5006480633732833
CC(=O)N[C@H]1[C@H]([C@H](O)[C@H](O)CO)OC(C(=O)O)=C[C@@H]1N=C(N)N,1.5010592622191214
N=C(N)c1ccc(C(=O)NC(Cc2ccc(O)cc2)C(=O)N2CCC(OCC(=O)O)CC2)cc1,0.9777236052934192
Cc1nnc(N2CCC(C(=O)N3N=CC[C@H]3c3cc(F)cc(F)c3)CC2)o1,1.14612803568134
CCCCCNC(=O)c1coc([C@@H]2C3CCC(O3)[C@@H]2Cc2ccccc2CCC(=O)O)n1,1.9420080530228097
CS(=O)(=O)CCNC(=O)c1ccc2cc(Oc3ccc(C(F)(F)F)cn3)ccc2n1,0.1760912590846342
Cc1cc(/C=C/C#N)cc(C)c1Oc1nc(NC2CCN(Cc3ccc(C(N)=O)cc3)CC2)nc2c1COC2,1.821513528405428
CCN1CCN(CCC(=O)Nc2ccc(S(=O)(=O)N(CC(N)=O)c3ccc(N(CC(N)=O)S(=O)(=O)c4ccc(OC)cc4)c4ccccc34)cc2)CC1,1.9676883504537803
COc1ccccc1Oc1c(NS(=O)(=O)c2ccc(C(C)(C)C)cc2)nc(-c2ncccn2)nc1OCCO,1.7403626894950337
CCCNCC(O)COc1ccccc1C(=O)CCc1ccccc1,1.62054900470279
O=C1CN(c2cn[nH]c(=O)c2Cl)CCN1Cc1ccc(F)cc1C(F)(F)F,1.431363764160596
CC1(NCc2ccc(C(=O)NCc3ccc(/C=C/C(O)=NO)cc3)cc2)CCN(c2cnc(-c3cccc(Cl)c3Cl)c(N)n2)CC1,0.734799829596845
CO[C@@]1(NC(=O)CSC(F)F)C(=O)N2C(C(=O)O)=C(CSc3nnnn3CCO)CO[C@@H]21,1.2787536009551146
C[C@H](Oc1ccc(-c2cc3c(C4=CCNCC4)ncnc3[nH]2)cc1)c1ccccc1,2.491361693834413
CCCCC(NC(=O)O[C@H](Cn1cc(-c2ccc(C(F)(F)F)cc2)cn1)C(C)(C)C)C(=O)C(=O)Nc1cc[nH]n1,0.959041392325866
Cn1cc(C(=O)O)c2ccc(N3CCC(F)(COCc4c(-c5c(Cl)cccc5Cl)noc4C4CC4)CC3)cc21,1.945468585132312
CNC(=O)c1cnc(N)c(O[C@H]2CN(C(=O)Cc3ccc(OC(F)(F)F)cc3)CC2(F)F)c1,1.2671717284053614
CC(C(=O)N1CCN[C@@H](C)C1)N1CCC(n2c(=O)[nH]c3ccccc32)CC1,1.5910646070276129
Nc1nccc(COc2ccc3nc(N[C@@H]4CCCC[C@H]4O)sc3c2)c1Cl,0.5051499783334777
C=c1cc(C)[nH]c1=Cc1c(O)[nH]c2ccccc12,1.6532125137763087
CCC(CC)O[C@@H]1C=C(C(=O)O)C[C@H](N)[C@H]1NC(C)=O,1.3979400086737748
O=c1[nH]c(N2CCC3(CC2)CN(CCO)c2cc(F)cc(F)c23)nc2c1CCCC2,0.9542425094441505
Cc1c(C)c2c(c(C)c1O)CCC(C)(COc1ccc(Cc3sc(=O)[nH]c3O)cc1)O2,1.3424226808241804
COc1cc(CNc2ccc3c(c2)ncn3-c2ccccc2)ccc1OCCO,1.6351820486572737
NC(=O)c1ncn([C@@H]2O[C@H](CO)[C@@H](O)[C@H]2O)n1,1.6334684555805965
O=C(CC(=O)Nc1ccc2c(C=Cc3ccccn3)[nH]nc2c1)Nc1cccc(F)c1,1.7403626894950337
C[C@@H](CN1CCC2(CC1)OC(=O)Nc1ccncc12)NC(=O)c1ccc(F)cc1,1.681241237376492
Cc1cc(-c2ccc(N3CCC(c4nc(C(C)C)no4)CC3)nc2)c(C#N)cc1C#N,1.1271047983680489
O=C1CN=C(c2ccccc2Cl)c2cc([N+](=O)[O-])ccc2N1,1.585204205864001
CN(C)C(=O)c1cc2cnc(Nc3ccc(NC(=O)CCCCCCC(O)=NO)cc3)nc2n1C1CCCC1,1.8388490907378847
C[C@@H](O)C1C(=O)N2C(C(=O)O)=C(S[C@@H]3CN[C@H](CNS(N)(=O)=O)C3)[C@H](C)[C@H]12,1.5526682161134098
COc1cnc(-c2cncc(=O)[nH]2)c2[nH]cc(C(=O)C(=O)N3CCN(C(=O)c4ccccc4)CC3)c12,0.7481880270139557
CC(=O)[C@]1(O)C=C2C(=O)c3c(c(O)c4ccccc4c3O)C(=O)C2[C@@H](O[C@H]2C[C@H](N)[C@H](O)[C@H](C)O2)C1,1.8948696567458057
N=C(N)c1ccc(OCCCCCOc2ccc(C(=N)N)cc2)cc1,2.047274867384569
C[C@@H]1CCCN1CCc1cc2cc(C(=O)c3ccc(Cl)cc3)ccc2o1,1.0542299098672303
CC(C)(C)NC(=O)C1CN(Cc2cccnc2)CCN1C[C@@H](O)CC(Cc1ccccc1)C(=O)N[C@H]1c2ccccc2C[C@H]1O,1.9493900066454009
NC12CC3CC(CC(C3)C1)C2,1.2787536009551146
Cn1cc(/C=C2/C(=O)N3C(C(=O)O)=CS[C@H]23)nn1,2.136720567156724
Oc1ccc2c(c1)[C@]13CCCC[C@@]1(O)[C@H](C2)N(CC1CCC1)CC3,1.9599948383288923
CCNC(=O)c1noc(-c2cc(-c3ccc(C)cc3)c(O)cc2O)c1-c1ccc(CN2CCOCC2)cc1,2.00761977451783
COc1cc2ncnc(Nc3ccc(F)c(Cl)c3)c2cc1OCCCN1CCOCC1,1.832508912706875
C[C@@H]1CCCN1CCc1cc2cc(CNc3ncccn3)ccc2o1,1.678245151927953
C[C@@H]1CCCN1CCc1cc2cc(C(=O)c3ccc(F)cc3)ccc2o1,1.4698220159796351
C[C@@H](N1CN([C@@H]2c3ccccc3SCc3cccc(F)c32)n2ccc(=O)c(O)c2C1=O)C(F)(F)F,1.2552725051057187
CN1CC(=O)N2C(Cc3c([nH]c4ccccc34)[C@H]2c2ccc3c(c2)OCO3)C1=O,0.7132384615540669
NCCNc1cc(N2CCCc3ccccc3C2)nc2ccccc12,2.02530586526518
CC(=O)Nc1ccc(O)cc1,1.1760912590585766
CCCCCCN1CCNC(=O)C(CO[C@H]2C[C@H](N)C2)NC(=O)C(CN)NC(=O)C(C2CCCCC2)NC(=O)C(CC(C)C)N(C)C(=O)C1C,0.9395192526236104
CCN(C)C1=N[C@@H]2[C@@H](O)[C@H](O)[C@@H](CO)O[C@@H]2S1,1.821513528405428
COc1cnc(-n2ccc(CO)n2)c2[nH]cc(C(=O)C(=O)N3CCN(C(=O)c4ccccc4)[C@H](C)C3)c12,1.4623979979004536
O=C1c2nc3cccc(C(F)(F)F)c3n2CCN1CC1CCC1,1.7781512503843675
CN=C1N[C@@H]2[C@H](F)[C@H](O)[C@@H](CO)O[C@@H]2S1,1.5658478186746978
CC1C(=O)O[C@H]2[C@H](O)[C@@]34[C@H]5C[C@@H](C(C)(C)C)[C@@]36C(O)C(=O)O[C@H]6O[C@@]4(C(=O)O5)[C@@]12O,1.7781512503843675
CN(C)c1ccc(C2=C3C4=C(CCC3C3CC[C@@](O)(C#CC(C)(C)C)[C@@]3(C)C2)CC(=O)CC4)cc1,1.2129952232325176
CN(C)CCc1c[nH]c2ccc(C[C@H]3COC(=O)N3)cc12,1.4683473304136343
CNC(=O)c1c(-c2ccc(F)cc2)oc2cc(-n3ncnc3-c3ccc(B(O)O)c(F)c3)c(C3CC3)cc12,0.6532125137849947
CN(C)CCC=C1c2ccccc2CCc2ccccc21,1.851258348719687
C[C@@H](CN1CCC2(CC1)CC(=O)Nc1ccccc12)NC(=O)c1ccc(F)cc1,0.9344984512486176
CS(=O)(=O)N(CCO)c1c(Cl)c(Cl)cc2[nH]c(=O)c(=O)[nH]c12,1.079181246051244
CC[C@H]1OC(=O)C(C)[C@@H](O[C@H]2C[C@@](C)(OC)[C@@H](O)[C@H](C)O2)[C@H](C)[C@@H](O[C@@H]2O[C@H](C)C[C@H](N(C)C)[C@H]2O)[C@](C)(O)CC(C)C(=O)C(C)[C@@H](O)[C@]1(C)O,1.8633228601210508
COc1cc2nc(N3CCN(C(=O)c4ccco4)CC3)nc(N)c2cc1OC,1.8375884382361425
C(#Cc1ccccn1)C1=CCC(Nc2cccnc2)CC1,1.5314789170435326
COC(=O)NCCCOc1ccc(C[C@H](NC(=O)O[C@H]2CO[C@H]3OCC[C@H]32)[C@H](O)CN(CC(C)C)S(=O)(=O)c2ccc3c(c2)OCO3)cc1,-0.1446625954698632
Cc1ccc2nc(N3CCS(=O)(=O)c4ccccc4C3)cc(NCCN)c2c1,1.9867717342666928
COc1ccnc(C[S+]([O-])c2nc3cc(OC(F)F)ccc3[nH]2)c1OC,0.929418925719402
c1ccc2c(c1)OCC(C1=NCCN1)O2,1.8524799936374663
COc1ccccc1Oc1c(NS(=O)(=O)c2ccc(C(C)C)cn2)nc(-c2ccnc(-c3nn[nH]n3)c2)nc1OCCO,0.6334684555896863
C[C@@H]1CCCN1CCc1cc2cc(Nc3cncnc3)ccc2o1,1.6720978579366417
CC[C@@]1(O)C(=O)OCc2c1cc1n(c2=O)Cc2cc3c(N)cccc3nc2-1,2.176091259055971
CC(=O)C(C#N)C(=O)Nc1cc(O[C@@H](C)C(F)(F)F)c(C(=O)Nc2c(F)cccc2Cl)cc1F,0.6989700043447047
O=C(O)CC[C@H]1CCc2cc(-c3nc(OC4CCC4)ccc3F)ccc2O1,0.959041392325866
CC#CC(=O)N[C@H]1CCCN(c2c(F)cc(C(N)=O)c3[nH]c(C)c(C)c23)C1,0.9395192526236104
COc1cc(OC)c2c(=O)cc(-c3cc(C)c(OC[C@H](O)CN4CCCCC4)c(C)c3)oc2c1,1.3921691494914965
CC(C)(C#N)c1cccc(-c2ccnc3[nH]ncc23)n1,1.3424226808241804
O=C1Nc2c(Cl)ccc(OCCO)c2C2(CCCCC2)N1,1.5263392773911366
O=c1ccc2ccccc2o1,1.3010299956661526
O=C(c1c[nH]nn1)N1CCC(C(=O)N2N=CCC2c2ccccc2)CC1,1.5682017240681687
CCN1CCN(c2cc(Nc3ncc(-c4ccncc4)s3)nc(C)n2)CC1,1.597695185926609
COc1cc2c[nH]nc2cc1-c1ccc(F)c2c(N)c(C(N)=O)cnc12,1.3180633349648494
CC(Cc1ccc(O)cc1)NCC(O)c1cc(O)cc(O)c1,1.8061799739845656
O=C(O)c1cc(F)c2nc(N3C4CCC3CC(F)(COCc3c(-c5ccccc5OC(F)(F)F)noc3C3CC3)C4)sc2c1,0.9314578706940904
C[C@@H]1CCCN1CCc1cc2cc(-c3cccc(C#N)c3)ccc2o1,1.3010299956661526
O=C(Nc1ccc(C(F)(F)F)cc1)Nc1ccc(S(=O)(=O)N2CCC[C@H]2CN2CCOCC2)cc1,1.8750612633922792
CCCc1nn(C)c2c(=O)[nH]c(-c3cc(S(=O)(=O)N4CCN(C)CC4)ccc3OCC)nc12,1.681241237376492
C[C@@H]1CCCN1CCc1cc2cc(C(=O)c3cc(F)cc(F)c3)ccc2o1,1.3186892699498307
CC(O)c1cccc(-c2ccc3oc(CCN4CCC[C@H]4C)cc3c2)c1,1.5419534744594832
C[C@H](CCC(C)(C)O)[C@H]1CC[C@H]2[C@@H]3CC=C4C[C@@](C)(O)CC[C@]4(C)[C@H]3CC[C@]12C,1.2631624649645858
O=C(O)c1cc(-c2ccc(F)cc2F)ccc1O,0.1818435879733445
CC1(C)S[C@@H]2C(NC(=O)C(N)c3ccccc3)C(=O)N2C1C(=O)O,1.2787536009551146
COc1ncc2cc1NS(=O)(=O)CCN(C)Cc1ccc3c(c1)N2CCO3,1.0899051114429288
C[C@H]1CCCOc2cc(F)ccc2C(=O)Nc2cccc(n2)-c2nncn21,1.1357685145709993
CN(C)CCCN1c2ccccc2Sc2ccc(Cl)cc21,1.785329835011479
CN(C)CCn1cc(-c2ccc3c(c2)C(=O)Nc2cccc(n2)-c2nncn2CCCCO3)cn1,1.785329835011479
COC1CCC(C(=O)c2ccc3nc4c(cc3c2)CCCO4)CC1,1.9622272313505589
O=C(O)c1cccc(C[C@@H]2CCCC=C2c2nc(-c3ccccc3)c(-c3ccccc3)o2)c1,1.0492180226740593
CC(Sc1nc2ncccc2n1-c1ccc(C2CC2)c2ccccc12)C(=O)O,0.6434526764960578
O=C1NC(=O)C(c2ccccc2)(c2ccccc2)N1,0.8692317197368451
CC(C)CC(=O)c1ccc(OCCCCOc2cccc(F)c2F)c(Br)c1O,1.8750612633922792
COCc1c(-c2ccc(F)cc2)c(=CC[C@@H](O)C[C@@H](O)CC(=O)O)c(C(C)C)nc1=C(C)C,1.431363764160596
CC[C@@H](c1nc2cccc(F)c2c(=O)n1C1CC1)n1nc(-c2ccc(OC)c(F)c2)c2c(N)ncnc21,1.257678574871584
C=CC(=O)Nc1ccccc1[C@@H]1CCNc2c(C(N)=O)c(-c3ccc(OCC4CC4)cc3)nn21,1.9153998352127968
CN1CCN(c2cc(F)c(-c3ccc(C(=O)N(C)C)cc3)cc2Nc2ncnc(Cl)c2N)CC1,1.9100905455946025
O=c1n(Cc2cc3cnccc3n2CCCC(F)(F)F)c2cnccc2n1C1CC1,1.8750612633922792
CCc1c2c(nc3ccc(OC(=O)N4CCC(N5CCCCC5)CC4)cc13)-c1cc3c(c(=O)n1C2)COC(=O)[C@]3(O)CC,1.6570284596213387
CC#C[C@]1(O)CC[C@H]2[C@@H]3CC=C4CC(=O)CC[C@]4(C)[C@H]3[C@@H](c3ccc(N(C)C)cc3)C[C@@]21C,1.7132384615465022
CC(C)Oc1cc(NC(=O)N2CCCc3cc(CN4CCN(C)CC4=O)c(C=O)nc32)ncc1C#Cc1cccnc1,0.7888751157824785
CCC(=O)N(c1ccccc1)C1(COC)CCN(CCn2nnn(CC)c2=O)CC1,1.5806840011186705
CC(C)(C)NCC(O)c1cc(O)cc(O)c1,1.7781512503843675
COc1cccc2[nH]c(C(=O)NC(CC(C)C)C(=O)NC(CC3CCNC3=O)C(=O)c3nc4ccccc4s3)cc12,2.0296678026757284
NC(=O)c1cc[n+](COC[n+]2ccccc2C=NO)cc1,0.9912260756969264
Nc1n[nH]c(N2CCC(N3CCOC[C@@H]3Cc3ccc(Cl)cc3)CC2)n1,1.5276299008726273
CCOc1nc2ccc(OC)cc2n1CCCNC(C)=O,1.6821450763747348
COCCc1ccc(OCC(O)CNC(C)C)cc1,2.103844106668157
CC(C)(C)c1ccc(NC(=O)N2CCN(c3ncccc3Cl)CC2)cc1,1.884625463256801
Cc1ccc(C(=O)c2cc(O)c(O)c([N+](=O)[O-])c2)cc1,0.9444826721551038
CCN=C1N[C@H]2C(O[C@H](CF)[C@@H](O)[C@@H]2O)S1,1.5728716022016414
COc1ccc(NC(=O)N2CCc3c(sc(NC(=O)c4cnn(C)c4)c3C#N)C2)cc1,0.4638929890008315
CC[C@]1(O)C[C@H]2CN(CCc3c([nH]c4ccccc34)[C@@](C(=O)OC)(c3cc4c(cc3OC)N(C=O)[C@H]3[C@@](O)(C(=O)OC)[C@H](OC(C)=O)[C@]5(CC)C=CCN6CC[C@]43[C@@H]65)C2)C1,0.3010299956856959
O=C(CCCCCCC(O)=NO)Nc1ccccc1,2.112269768417606
O=c1[nH]cnc2c1ncn2[C@H]1CC[C@@H](CO)O1,1.9985402177363385
C[C@H]1CN(C(=O)CC#N)[C@]12CCN(c1ncnc3[nH]ccc13)C2,1.5440680443515165
CCN1c2ncc(CCOc3ccc(C(=O)O)cc3C)cc2C(=O)N(C)c2cccnc21,0.8512583487251921
O=C(O)c1cn(C2CC2)c2cc(N3CCNCC3)c(F)cc2c1=O,1.431363764160596
CCn1c(=O)c(-c2ccc(Cl)cc2Cl)cc2cnc(Nc3ccc(N4CCNCC4)c(F)c3)nc21,1.6884198220036006
O=C1Nc2cccc(n2)-c2nncn2CCCCOc2cc(F)ccc21,1.247236549509222
CCOc1nc2cc(Cl)c(OC)cc2n1CCCNC(C)=O,1.2009758379951505
CON=C(C(=O)NC1C(=O)N2C(C(=O)[O-])=C(Cn3cc[n+]4ncccc34)CS[C@H]12)c1nsc(N)n1,0.9731278536043187
CC[C@]1(C(=O)O)CCc2ccc(OCCCOc3ccc(C4CCC(C)(C)CC4)cc3Cl)cc2O1,0.4313637641750723
C/C(=C\c1ccc(OCCN2CCOCC2)cc1)c1ccc2c(c1)C(C)(C)CCC2(C)C,1.204119982658639
CCS(=O)(=O)c1ccc(CC(=O)Nc2ccc(-c3ccc(C(O)(C(F)(F)F)C(F)(F)F)cc3F)cc2)cc1,0.6570558528666699
O=C(Nc1ccc(C(F)(F)F)cc1)Nc1ccc(S(=O)(=O)N2CCC[C@H]2CN2CCC(O)CC2)cc1,2.01422642938965
CC(C)(C)NC(=O)C1C[C@@H]2CCCC[C@@H]2CN1C[C@@H](O)[C@H](Cc1ccccc1)NC(=O)C(CC(N)=O)NC(=O)c1ccc2ccccc2n1,1.9030899869924864
CCOc1cc(NC(=O)NCc2cc(C)c(-c3cn(C)nc3C(F)(F)F)nn2)cc(C(F)(F)F)n1,0.1818435879733445
CC(C)(O)c1ccc(-c2cccc(N(CC34CCC(c5noc(C(C)(C)F)n5)(CC3)CC4)C(=O)C3CC(O)(C(F)(F)F)C3)c2)cc1,0.6020599913388197
CNC(=O)c1c(-c2ccc(F)cc2)oc2cc(N3C(=O)OC[C@@H]3c3ccc(B(O)O)c(F)c3)c(C3CC3)cc12,1.3424226808241804
CC(C)/C=C/C(=O)N1CC2(CC2)CC1C(=O)NC(CC1CCNC1=O)C(=O)COC(F)(F)F,1.7259116322958643
O=[N+]([O-])O[C@H]1CO[C@H]2[C@@H]1OC[C@H]2O[N+](=O)[O-],2.079120918990798
COc1ccc([C@H](CC(=O)O)N2CCN(CCCc3ccc4c(n3)NCCC4)C2=O)cn1,1.6720978579366417
CN1CCN(C2=Nc3cc(Cl)ccc3Nc3ccccc32)CC1,1.8893017025068704
CCOC(=O)C1=C(COCCN)N=C(C)C(C(=O)OC)C1c1ccccc1Cl,2.086359830675104
C[C@@H]1CN(c2cc(F)c3c(c2)N(C)C(=O)C32CCN(c3nc(=O)c4c([nH]3)N(C)CCC4)CC2)C[C@H](C)O1,0.5010592622314516
CCCCN1CCCCC1C(=O)Nc1c(C)cccc1C,1.880813592281363
N#Cc1cc(-c2ccc(Cl)cc2)c(-c2ccc(Cl)cc2Cl)nc1OCc1ccc(F)c(F)c1,0.5563025007793511
CC(=O)N1CCc2nc(OCc3c(C)nnn3-c3ccc(F)cc3)ccc2C1,1.891537457673122
Cc1ccc(S(=O)(=O)N2CC=C(C#Cc3ccccn3)CC2)cc1,1.4623979979004536
COc1cc2c(cc1OC)[C@H](CCc1c[nH]c3cc(C)ccc13)N(C=O)CC2,1.45224657452197
CC1C(=O)NC(Cc2ccc(F)cc2)C(=O)NCCCc2ccccc2O[C@H](C)CNC(C2CC2)C(=O)N1C,0.6063813651213549
CN(C)C1=N[C@@H]2C[C@H](O)[C@@H](CO)O[C@@H]2S1,1.4099331233329844
Cc1nc(C#Cc2ccc(-c3cccnc3)nc2)cs1,1.1760912590585766
CCCCC(NC(=O)OC(Cc1nnc(-c2ccc(F)cc2)o1)C(C)(C)C)C(=O)C(=O)NC1CCCNC1=O,1.5440680443515165
CC(C)(C)c1ccc(/C=C/C(=O)Nc2ccc3c(c2)OCCO3)cc1,1.8652816849962028
O=C(c1ccc2cc(Oc3ccc(C(F)F)cn3)ccc2n1)N1CCNCC1,1.2174839442165384
O=C(O)c1c(F)ccc2c1OB(O)[C@@H]1C[C@H]21,0.6839471307605037
CNC(=O)c1cc(C(=O)NCCC[C@H]2OC[C@H](N)CO2)cc2c1O[C@H](CF)[C@H]2c1ccccc1,1.8633228601210508
C=C[C@H]1CN2CC[C@H]1C[C@@H]2[C@@H](O)c1ccnc2ccc(OC)cc12,1.4008458859710533
O=C(O)COc1ccc(Cl)c2c1C1(CCCCC1)NC(=O)N2,1.5954962218266764
CCS(=O)(=O)c1ccc(CNC(=O)c2ccc3c(c2)cc(Cc2ccc(Cl)cc2C(F)(F)F)n3CCF)cc1,1.2095150145453115
CC#CCC(C)[C@H](O)/C=C/[C@@H]1[C@H]2C/C(=C/CCCC(=O)O)C[C@H]2C[C@H]1O,1.5078474942646078
CC[C@H]1OC(=O)C(C)[C@@H](O[C@H]2C[C@@](C)(OC)[C@@H](O)[C@H](C)O2)[C@H](C)[C@@H](O[C@@H]2O[C@H](C)C[C@H](N(C)C)[C@H]2O)[C@](C)(O)C[C@@H](C)CN(C)[C@H](C)[C@@H](O)[C@]1(C)O,1.5314789170435326
CN(C)CCN(C)c1ccc(C#N)c(CN2CCN(c3ccc(Cl)cc3)CC2)c1,1.2586372827264705
CNC1(c2ccccc2Cl)CCCCC1=O,2.0595634179016464
CON=C(C(=O)NC1C(=O)N2C(C(=O)[O-])=C(C[n+]3cccc4c3CCC4)CS[C@H]12)c1csc(N)n1,0.9777236052934192
CCN1CCN(c2ccc(C(=O)Nc3cc(-c4ccc5ncn(Cc6c(Cl)cccc6Cl)c5c4)[nH]n3)cc2)CC1,1.6039018317327527
CCCn1c(=O)[nH]c(=O)c2[nH]cnc21,1.079181246051244
Cc1ccc2[nH]c(C(=O)N[C@H]3CN(S(=O)(=O)c4cn(C)nc4C)CC3C(=O)NCCN(C)C)cc2c1,1.6532125137763087
O=C1Cc2cccc(c2)OCCC=CCCOc2cccc(c2)CC(=O)Nc2nnc(s2)CCCCc2ccc(nn2)N1,1.726971583683691
COc1cccc(C(=O)N[C@H]2C[C@@](N)(C(=O)O)[C@@H]3C(C(=O)O)[C@H]23)c1,1.2624510897328027
Cn1cc(NC(=O)C2CCCCC2C(=O)c2ccc(-c3cc[nH]n3)cc2)c(C(F)(F)F)n1,0.832508912712623
O=C1CN=C(c2ccccc2)c2cc(Cl)ccc2N1,1.7723217067236534
NCc1ccc2c(c1)nc(CN1C(=O)C3(CC3)c3cccc(F)c31)n2CCCC(F)(F)F,2.3201462861112616
CNS(=O)(=O)Cc1ccc2[nH]cc(CCN(C)C)c2c1,1.4471580313437702
CC(=O)CCCCn1c(=O)c2c(ncn2C)n(C)c1=O,0.8621313793190027
C[C@@H](O)C1C(=O)N2C(C(=O)O)=C(S[C@H]3CC(C(=O)N4CC[C@H](NC(=O)CN=C(N)N)C4)N(C)C3)[C@H](C)[C@H]12,1.195899652412
COc1ccn2c(C(C)=O)cc(C(=O)Nc3cc(C(C)O)cc(-c4cnn(C5CC5)c4)c3F)c2c1,0.3673559210446582
Cc1cc(Cl)nnc1N1CCN(C(=O)Nc2nc3ccc(F)cc3s2)[C@H](C)C1,0.2631624649859098
CC(c1ncncc1F)[C@](O)(Cn1cncn1)c1ccc(F)cc1F,0.959041392325866
O=C(NCC1CCCCN1)c1cc(OCC(F)(F)F)ccc1OCC(F)(F)F,1.5314789170435326
Cc1cc(/C=C/C#N)cc(C)c1Oc1nc(Nc2ccc(C#N)c(F)c2)nc2ccsc12,0.583198773979962
Cc1cccc([C@H](C)c2c[nH]cn2)c1C,1.7737864449819247
N#Cc1cnc(N2CCC(C(=O)N3N=CC[C@H]3c3cc(F)cc(F)c3)CC2)cn1,1.6720978579366417
COc1ncc(OC)c2c(C(=O)C(=O)N3CCN(C(=O)c4ccccc4)CC3)c[nH]c12,1.1139433523101776
CCC(C)n1ncn(-c2ccc(N3CCN(c4ccc(OC[C@H]5CO[C@](Cn6cncn6)(c6ccc(Cl)cc6Cl)O5)cc4)CC3)cc2)c1=O,0.9618954736725916
O=C(C(=O)N1CCN(C(=O)c2ccccc2)CC1)c1c[nH]c2c(-n3cncn3)ncc(F)c12,-0.1549019599237011
COc1cc2nc(N3CCN(C(=O)C4CCCO4)CC3)nc(N)c2cc1OC,1.392696953261424
Cc1cc(Cl)nnc1N1CCN(C(=O)Nc2ccc(C(C)(C)C)cc2)[C@H](C)C1,2.03474874314689
CCC(CC)O[C@@H]1C=C(C(=O)O)C[C@H](NCc2ccc3sc4ccccc4c3c2)[C@H]1NC(C)=O,0.8920946026960482
Cn1cc(-c2ccc3c(c2)CC[C@]32NC(=O)N(CC(=O)N3Cc4cc(F)ccc4OC[C@H]3C(F)(F)F)C2=O)cn1,1.1271047983680489
N#Cc1cc(F)cc(Oc2ccc3c(c2C(F)F)[C@@H](O)C(F)(F)S3(=O)=O)c1,1.4345689040357954
FC(F)(F)c1ccc(-c2noc(CN3CCCC(CN4CCOCC4)C3)n2)cc1,2.030761590951421
CCC(=O)C(CC(C)N(C)C)(c1ccccc1)c1ccccc1,1.7756029718746813
Cn1nnc2c(C(N)=O)ncn2c1=O,0.9912260756969264
Cc1cc(C)n(Cc2ccc(C(=O)Nc3ccc(Cl)c(Cl)c3)s2)n1,1.4445132063356034
COc1ncc(NC(=O)Nc2cnc3ccc(C#N)cc3c2N2CCOC[C@@H]2C)cc1Cl,1.4913616938356735
CC1(C)Cc2c(sc(NC(=O)c3cc[nH]n3)c2C(N)=O)C(C)(C)O1,0.2833012287261691
C/N=C1/CN(O)C(c2ccccc2)=c2cc(Cl)ccc2=N1,0.8920946026960482
CCn1c(C(=O)NCCCN2CCOCC2)ccc1C(CC)(CC)c1ccc(OCCC(O)(CC)CC)c(C)c1,-0.3098039198828548
C[C@@H](O)C1C(=O)N2C(C(=O)O)=C(SCCOC(N)=O)S[C@H]12,1.410166422451406
COc1cnc(-n2ccc(C)n2)c2[nH]cc(C(=O)C(=O)N3CCN(C(=O)c4ccccc4)CC3)c12,0.5682017240787327
CCOc1ccc(-c2nn3ncccc3c2-c2ccc(S(C)(=O)=O)cc2)cc1,0.9542425094441505
C=c1c(NC(=O)CCN2CCCC2)c[nH]c1=Cc1c(O)[nH]c2ccc(F)cc12,0.7634279935704251
CC(C)(ON=C(C(=O)NC1C(=O)N2C(C(=O)[O-])=C(C[n+]3ccccc3)CS[C@H]12)c1csc(N)n1)C(=O)O,0.9395192526236104
COC(=O)NC(C(=O)N1[C@H](c2nc(-c3ccc4c(c3)-c3ccc(-c5c[nH]c([C@@H]6C[C@@H]7CCC[C@@H]7N6C(=O)C(NC(=O)OC)[C@@H](C)OC)n5)cc3-4)c[nH]2)C[C@@H]2CCC[C@@H]21)[C@@H](C)OC,1.5289167002789397
COC(=O)C1=C(C)N=C(C)C(C(=O)OCCN(C)Cc2ccccc2)C1c1cccc([N+](=O)[O-])c1,2.1364427223791065
O=C(Nc1ccn(-c2ccnc(F)c2)n1)C1(c2ccccc2F)CC1,1.2552725051057187
Cn1c(=O)c2c(ncn2CC(O)CO)n(C)c1=O,1.392696953261424
Cc1nccn1-c1sc(Nc2cnccn2)nc1-c1cccc(C#N)c1,1.974971994298529
O=c1n(CCCN2CCN(c3cccc(Cl)c3)CC2)nc2ccccn12,1.7143297597460714
Cn1cc(-c2ccc3c(c2)CC[C@]32NC(=O)N(CC(=O)N3Cc4cc(F)ccc4OC[C@H]3C3CC3)C2=O)cn1,1.3159703454590157
O=c1c(CC[S+]([O-])c2ccccc2)c(O)n(-c2ccccc2)n1-c1ccccc1,-0.337242168224014
O=C(O)C(CO)NCc1cc(Cl)c(OCc2cccc(-c3ccccc3)c2Br)cc1OCc1ccc2nonc2c1,1.5979144712036244
COc1cc(NC(C(=O)c2c[nH]c3ccccc23)c2ccccc2)cc(OC)c1,1.8260748027014744
CC(C)NCC(O)COc1ccc(CC(N)=O)cc1,1.8388490907378847
CCCC(CCC)N1CC2CCN(c3ccc(C(F)(F)F)cc3C(F)(F)F)c3nc(C)nc1c32,1.1760912590585766
Cc1c(-c2ccc3c(c2)OCCO3)cccc1C(F)(F)Oc1cc(OCc2ccnc(C#N)c2)c(CN[C@@H](CO)[C@@H](O)[C@@H](O)[C@H](O)CO)cc1Cl,2.117271295656096
Cc1c(CC(=O)O)c2cc(F)ccc2n1S(=O)(=O)c1ccc(S(C)(=O)=O)cc1,1.602059991329048
CC(Nc1nc(N)nc(N)c1C#N)c1c(-c2ccccc2)c(=O)n2cc(F)ccc2c1-c1ccc(F)cc1,0.4623979979139317
CCCC(CCC)n1cc2c3c(nc(C)nc31)N(c1ccc(C(F)(F)F)cc1C(F)(F)F)CC2,1.000000000004343
O=C(O)[C@]1(OCc2ccc(-c3ccccc3C(F)(F)F)cc2)C[C@@H](O)[C@@H](O)[C@H](O)C1,0.6020599913388197
O=C(NS(=O)(=O)Cc1ccccc1)c1cccc(C[C@@H]2CCCC=C2c2nc(-c3ccccc3)c(-c3ccccc3)o2)c1,1.0086001717661752
CCCC(CCC)N1CCC2CN(c3ccc(Cl)cc3Cl)c3nc(C)nc1c32,1.4913616938356735
COc1cc([C@@H]2c3cc4c(cc3[C@@H](O[C@@H]3O[C@@H]5CO[C@@H](C)O[C@H]5[C@H](O)[C@H]3O)[C@H]3COC(=O)C23)OCO4)cc(OC)c1O,1.361727836019481
COc1cc(OCc2ccnc(Nc3cnn(C)c3)n2)cc2sc(NC3CCCC[C@@H]3O)nc12,1.1139433523101776
C[C@H]1CCCN1CCc1cc2cc(-c3ccc(C#N)cc3)ccc2o1,0.9030899869973724
Cc1c(Cc2ccc(C(F)(F)F)nc2)c[nH]c1C(=O)NC(C)c1cnn(C)c1,0.3802112417297016
CC(=O)c1cc(C(=O)Nc2cc(C(C)O)cc(-c3cnn(C4CC4)c3)c2F)c2cc(N)ccn12,2.0280422950911565
OCCOCc1cn(CCNc2nonc2C(=NO)Nc2ccc(F)c(Br)c2)nn1,1.4393326938318418
C[C@]1(c2cc(NC(=O)c3ccc(C#N)cn3)ccc2F)N=C(N)CO[C@H]1C(F)(F)F,1.6720978579366417
CCN(CC)CCNC(=O)c1ccc(NC(C)=O)cc1,1.4471580313437702
O=C1Nc2cccc(n2)-c2nncn2CCCCOc2ccc(N3CC4(COC4)C3)cc21,1.6989700043368874
CC(=O)Oc1ccccc1C(=O)O,1.9395192526191176
O=C1c2c(O)c(=O)ccn2N(C2c3ccccc3CSc3ccccc32)CN1C1CC1,1.6627578316825182
Cc1cc(/C=C/C#N)cc(C)c1Oc1nc(Nc2ccc(C#N)cc2)nc2c1CSCC2,1.361727836019481
O=C(/C=C/c1ccc(C(F)(F)F)nc1N1CCCCC1)Nc1ccc2cccnc2c1,1.1248301494171171
Cc1cc2ncc(C(=O)N3CCC([C@H](N)Cc4cc(F)c(F)cc4F)CC3)c(C)n2n1,1.2552725051057187
Cc1ccsc1C(=CCCN1CCCC(C(=O)O)C1)c1sccc1C,1.9493900066454009
CC1=C(C(=O)O)N2C(=O)C(NC(=O)C(N)c3ccccc3)[C@H]2SC1,1.383815365982226
Oc1ccc2c3c1O[C@H]1[C@@H](O)CC[C@@]4(O)[C@@H](C2)N(CC2CCC2)CC[C@]314,2.044147620879115
CCCCNC(=O)NS(=O)(=O)c1ccc(C)cc1,-0.3767507094986961
Cc1cc(-c2ccc(C(=O)C3CCCCC3C(=O)Nc3cn(C)nc3C(N)=O)cc2)[nH]n1,0.7403626895021401
N[C@@H](CC(=O)N1CCSC1)Cc1cc(F)c(F)cc1F,2.0791812460479866
CCCCC(c1ccc(F)cc1)N(CCC)c1nc(-c2ccc(Cl)cc2OC)n(C)n1,1.4424797690660165
O=C(c1cnco1)N1CCC(C(=O)N2N=CC[C@H]2c2ccccc2)CC1,1.6232492903989346
COc1ccc2nc(OC)n(CCNC(C)=O)c2c1,1.815577748324932
CNC(=O)c1cc(C(=O)N[C@@H]2C[C@H]2CO)cc2c1O[C@H](CF)[C@H]2c1ccccc1,1.991226075692938
CC[C@@]1(O)CC(=O)OCc2c1cc1n(c2=O)Cc2cc3cc(F)c(F)cc3nc2-1,1.361727836019481
CC(C)N(CCC(C(N)=O)(c1ccccc1)c1ccccn1)C(C)C,1.5314789170435326
COCCO[C@H]1CC[C@H](NC(=O)c2cc(-c3cncs3)nc3[nH]ccc23)CC1,0.5440680443626841
COc1ccc2[nH]cc(CCNC(C)=O)c2c1,1.5465426634793649
CN1C(=O)[C@](O)(C#Cc2cccc(-n3nc(C(N)=O)c4cccnc43)c2)[C@H]2C[C@H]21,1.6232492903989346
CNC(=O)c1c(-c2ccc(F)cc2)oc2cc(-n3nccc3-c3ccc(B(O)O)c(F)c3)c(C3CC3)cc12,0.7323937598310111
CC(C)(C)NCC(O)COc1ccc(NC(=O)NC2CCCCC2)cc1,1.676693609625781
COc1ccc2c(c1)c(CC(=O)O)c(C)n2C(=O)c1ccc(Cl)cc1,-0.3665315443194147
C[C@@H](COc1ccn(-c2ccc(F)cc2)c(=O)c1)Oc1ccccc1,1.8825245379554496
CC(C)c1cc(C(=O)N2CC[C@@H](NC(=O)NC3CC3)C2)[nH]n1,1.845098040014877
CCN(C(=O)C1CC1)c1cc(-c2ccc(N3CCN(CC4CC4)CC3)nc2C)cc(C(=O)NCc2c(C)cc(C)[nH]c2=O)c1C,1.9319661147286809
Nc1nc(NC2CC2)c2ncn([C@H]3C=C[C@@H](CO)C3)c2n1,1.47712125472111
CCCCCC[C@H]1OC(=O)C(C)NC(=O)C([C@H](C)O)NC(=O)C(CN)NC(=O)C(C2CCCCC2)NC(=O)C(CCC)N(C)C(=O)C1C,2.1702617153952506
COCCOCC(CC1(C(=O)NC2CCC(C(=O)O)CC2)CCCC1)C(=O)O,1.1760912590585766
O=C(N[C@H]1C[C@@H](O)C1)c1ccc2cc(Oc3ccc(C(F)(F)F)cn3)ccc2n1,1.7805333253171245
COc1cc2c(c(OC)n1)[C@]1(O)[C@H](O)[C@H](CN(C)C)[C@@H](c3ccccc3)[C@]1(c1ccc(C#N)cc1)O2,1.681241237376492
CCn1cc(C(=O)O)c(=O)c2cc(F)c(N3CCN(C)CC3)cc21,1.4543874671484804
C[C@@H](N1CN([C@@H]2c3ccccc3SCc3c(F)cccc32)n2ccc(=O)c(O)c2C1=O)C(F)(F)F,0.9227254579984486
O=C(O)[C@]1(OCc2ccc(-c3cc(C(F)(F)F)cc(C(F)(F)F)c3)cc2)C[C@@H](O)[C@@H](O)[C@H](O)C1,1.3802112417134156
CC(C(=O)N1CCNC(C)(C)C1)N1CCC(n2c(=O)[nH]c3ccccc32)CC1,1.5910646070276129
CS(=O)(=O)Nc1nnc2cc(OCC34CC5CC(CC(C5)C3)C4)c(C3CC3)cn12,0.3617278360364752
C=CC1=C(C(=O)O)N2C(=O)C(=NC(=O)C(NOCC(=O)O)c3csc(N)n3)[C@H]2SC1,0.7781512503908818
CC(CCCCn1c(=O)c2c(ncn2C)n(C)c1=O)OC(=O)CCCCC1CCSS1,1.2003031829843234
CON=C(C(=O)NC1C(=O)N2C(C(=O)O)=CCS[C@H]12)c1csc(N)n1,1.2824927274929572
O=c1[nH]c(CCCN2CC=C(c3ccc(F)cc3)CC2)nc2c(Cl)cccc12,1.130333768498223
O=C(CCCCN1CCC(c2noc3cc(F)ccc23)CC1)c1cc2c3c(c1)CCN3C(=O)CC2,1.187520720839283
O=C1c2cc(-c3ccc(OC(F)(F)F)cc3)ccc2OCCN1Cc1ncccn1,0.3679147388123679
C[C@@H](O)C1C(=O)N2C(C(=O)O)=C(SCCN=CN)C[C@H]12,1.16136800223797
CC1CCCC(C)N1CCCC(O)(c1ccccc1)c1ccccn1,1.361727836019481
CS(=O)(=O)c1ccc(Oc2cc(F)cc(C#N)c2)c2c1[C@H](O)[C@H](F)[C@@H]2F,1.2787536009551146
COc1cc(OC)c2c(=O)cc(-c3cc(C)c(OC[C@H](O)CN4CCN(C)CC4)c(C)c3)oc2c1,1.3921691494914965
Cc1cc(-n2cc3c(n2)CN(C(=O)c2cc(C#N)ccc2OC(C)C)C3)ccn1,1.1643528557874117
C=C(F)C(=O)N1CCN(c2nc(OC[C@@H]3CCCN3C)nc3c2CCN(c2cccc4cccc(Cl)c24)C3)C[C@@H]1CC#N,1.6454222693500744
CCn1nnc(-c2sc(-c3cccc(F)c3)nc2O)n1,0.4927603890408019
CCCC[C@@H]1CC(=O)[C@]2(O)O[C@@H]3[C@@H](NC)[C@@H](O)[C@@H](NC)[C@H](O)[C@H]3O[C@@H]2O1,0.6314437690233191
N[C@@H]1[C@H]2CN(c3nc4c(cc3F)c(=O)c(C(=O)O)cn4-c3ccc(F)cc3F)C[C@@H]12,1.14612803568134
CCOc1nc2ccc(OC)cc2n1CCNC(C)=O,1.7619278384212804
CNC(=O)c1cc(C(=O)N[C@@H]2[C@@H]3COC[C@@H]32)cc2c1O[C@H](CF)[C@H]2c1ccccc1,1.8633228601210508
Cc1nnc2n1-c1ccc(Cl)cc1C(c1ccccc1Cl)=NC2,1.7839035792734492
Cc1c(Cc2ccc(C(F)(F)F)nc2)c[nH]c1C(=O)NC(C)c1cn[nH]c1,0.7923916895052586
CCOC(=O)C1C(=O)C(=Cc2c[nH]c3ncccc23)OC1=NN1CCN(CC(F)(F)F)CC1,1.5759956202044203
CNCC[C@@H](Oc1ccccc1C)c1ccccc1,1.5563025007684936
C[C@@H](N1CN([C@H]2c3ccc(Cl)cc3CSc3ccccc32)n2ccc(=O)c(O)c2C1=O)C(F)(F)F,0.7558748556801106
CCCCC(NC(=O)O[C@H](Cc1nnc(-c2ccc(F)cc2)o1)C(C)(C)C)C(=O)C(=O)NCc1cccnc1,1.041392685162173
O=C(O)CCCCO/N=C(/c1cccnc1)c1cccc(C(F)(F)F)c1,0.3010299956856959
O=C(Cc1cccc(OC(F)(F)F)c1)Nc1ccc(CCCCc2nnc(NC(=O)Cc3ccccn3)s2)nn1,1.638230902088334
Cc1ccc(CNC(=O)Nc2ccc(Oc3ncnc4cc(N(C)C)ccc34)cc2)cn1,0.7481880270139557
C/C=C/c1ccc(-c2cccc(CO[C@]3(C(=O)O)C[C@@H](O)[C@H](O)[C@H](O)C3)c2)cc1,0.7781512503908818
CN(CCOc1ccc(Cc2sc(=O)[nH]c2O)cc1)c1ccccn1,0.113943352340244
CCN(C(=O)C1CC1)c1cc(-c2cnc(N3CCN(CC4CC4)CC3)c(C)c2)cc(C(=O)NCc2c(C)cc(C)[nH]c2=O)c1C,1.784403301753722
COc1cncc2c1[C@]1(O)[C@H](O)C(C(=O)N(C)C)[C@@H](c3ccccc3)[C@]1(c1ccc(C#N)cc1)O2,1.2552725051057187
c1cnc2c(Nc3ccc4c(C5CCCC5)noc4c3)[nH]nc2n1,1.3654879848927717
Cc1nc(C)c(C(OC(C)(C)C)C(=O)O)c(N2CCC(C)(C)CC2)c1-c1ccc(OCCc2ccc(F)cc2)cc1,0.7403626895021401
CC(=O)Nc1nnc(S(N)(=O)=O)s1,1.832508912706875
CCCn1cnc(CC(CCCN)C(=O)O)c1,1.0086001717661752
CCc1cnc(NCc2ccc3oc(CCN4CCC[C@H]4C)cc3c2)nc1,1.9021661292715952
COC(=O)Nc1nc2cc(C(=O)c3ccccc3)ccc2[nH]1,0.9912260756969264
Nc1nc(N)c2nc(-c3ccccc3)c(N)nc2n1,1.0043213737869423
CN1C(=O)OC(C)(C)C1=O,0.7558748556801106
CCCCC(NC(=O)O[C@H](Cc1nnc(-c2ccc(C(F)(F)F)cc2)o1)C(C)(C)C)C(=O)C(=O)Nc1cc[nH]n1,1.041392685162173
COc1cc(C(N)=O)c(F)c2nc(-c3ccc(N4CCC[C@@H]4C)nc3)n(C[C@@H]3CN(C)CCO3)c12,1.14612803568134
O=C(O[C@H](CO)C(F)(F)F)N1C[C@@H]2[C@H](C1)[C@H]2c1ccn(-c2ccc(F)cc2)n1,1.785329835011479
CC(C)(C)Cc1noc2cc(Nc3[nH]nc4cccnc34)ccc12,1.6354837468159171
COC(=O)NCCOc1ccc(C[C@H](NC(=O)O[C@H]2CO[C@H]3OCC[C@H]32)[C@H](O)CN(CC(C)C)S(=O)(=O)c2ccc3c(c2)OCO3)cc1,-0.0377727686025391
O=C1c2ccccc2C(=O)c2c1nnn2-c1cc(F)c(-c2ccccc2F)c(F)c1,1.014100321523825
C[C@@H](O)C1C(=O)N2C(C(=O)[O-])=C(SC3Cn4cnc[n+]4C3)[C@H](C)[C@H]12,1.1590316674844083
CC(C)(C)C#C[C@]1(O)CCC2C3=C(C4=C(CC3)CC(=O)CC4)C(c3ccc(C4(C)COC4)cc3)C[C@@]21C,0.4771212547341389
COCC(=O)O[C@]1(CCN(C)CCCc2nc3ccccc3[nH]2)CCc2cc(F)ccc2[C@@H]1C(C)C,1.9731278536001609
COc1ccc(C(=O)N(CC(C)(C)C)c2cccc(C)n2)c(N2CCC(COc3cc([C@@H](CC(=O)O)C4CC4)ccn3)CC2)c1,1.3914644118408663
C[C@@H]1CN(c2c(F)c(N)c3c(=O)c(C(=O)O)cn(C4CC4)c3c2F)C[C@H](C)N1,1.292256071358692
Cc1nc2c(-c3nc[nH]n3)cc(-c3ccnc(C#N)c3)cc2n1-c1ccnc2c(F)ccc(F)c12,1.516270882730663
Cc1cc(-c2ccnc(Nc3cnn(C)c3)n2)ccc1CNC(=O)N1CC(OC(C)C)C1,0.4771212547341389
CC(C)C1OC(=O)N(C2CCCC2)c2nc(Nc3cc(F)c(O)c(F)c3)ncc21,1.8293037728316683
Nc1ccn([C@H]2CC[C@@H](CO)O2)c(=O)n1,1.0492180226740593
COc1ccc2[nH]c([S+]([O-])Cc3ncc(C)c(OC)c3C)nc2c1,1.7242758696016085
C[C@@H]1CC2c3ccccc3NC2[C@@H](c2c(F)cc(/C=C/C(=O)O)cc2F)N1CC(C)(C)F,1.000000000004343
O=C(O)C1CN(Cc2ccc(-c3noc(-c4ccc(C5CCCC5)cc4)n3)cc2)C1,1.845098040014877
CN1CCN(c2c(F)cc3c(=O)c(C(=O)O)cn(CCF)c3c2F)CC1,0.7596514246252679
CNC(=O)c1c(-c2ccc(F)cc2)oc2cc(N(c3cc(Cl)c4c(c3)COB4O)S(C)(=O)=O)c(C3CC3)cc12,0.8388490907435494
C[C@@H](N1CN([C@H]2c3ccccc3CSc3ccc(F)cc32)n2ccc(=O)c(O)c2C1=O)C(F)(F)F,1.187520720839283
CS(=O)(=O)c1ccc(-c2nc3c(s2)CCN(C(=O)C[C@H](N)Cc2cc(F)ccc2F)C3)cc1,1.7781512503843675
OC[C@H]1O[C@@H]2SC(N3CCC3)=N[C@@H]2[C@@H](O)[C@@H]1O,1.7291647896935802
CN1CCN(C(=O)c2ccc3cc(Oc4ccccn4)ccc3n2)CC1,1.845098040014877
CNC(=O)c1cc(C(=O)NC2CC2)cc2c1O[C@H](CO)[C@H]2c1ccccc1,1.869231719731563
COc1cnc(-n2ccnn2)c2[nH]cc(C(=O)C(=O)N3CCN(C(=O)c4ccccc4)[C@H](C)C3)c12,1.079181246051244
O=C(NC[C@H]1CN(c2ccc(N3CCOCC3=O)cc2)C(=O)O1)c1ccc(Cl)s1,0.823930455132078
C[C@H]1NCc2cc(-c3ccc4c(=O)c(C(=O)O)cn(C5CC5)c4c3OC(F)F)ccc21,1.0827853703200392
CC1=NC(=O)C(CCN(C(C)C)C(C)C)(c2ccccc2)C2CCCCN12,0.9912260756969264
Cn1ccnc1SC[C@H]1CCN(S(=O)(=O)c2ccc3c(c2)CCO3)C[C@@H]1F,1.7520484478202072
O=C(O)[C@]1(OCc2cccc(-c3cc4ccccc4o3)c2)C[C@@H](O)[C@@H](O)[C@H](O)C1,1.000000000004343
NC(=O)OC[C@@H]1C(=NC(=O)C(NOCC(=O)O)c2csc(N)n2)C(=O)N1S(=O)(=O)O,1.3424226808241804
CC(O)c1cn(CCNc2nonc2C(=NO)Nc2ccc(F)c(Br)c2)nn1,1.5171958979512945
O=C(O)CNCCOc1ccc(Cl)c2c1C1(CCCCC1)NC(=O)N2,1.6009728956878366
C[C@H]1CC[C@@H](c2nc3cccc(Cl)c3c(=O)n2-c2cccnc2)N1c1nc(N)nc(N)c1C#N,1.0969100130115308
CON=C(C(=O)NC1C(=O)N2C(C(=O)O)=C(CSc3nc(C)c(CC(=O)O)s3)CS[C@H]12)c1csc(N)n1,0.0413926851977064
COc1cnc(-c2cnccn2)c2[nH]cc(C(=O)C(=O)N3CCN(C(=O)c4ccccn4)CC3)c12,1.079181246051244
CON=C(C(=O)NC1C(=O)N2C(C(=O)[O-])=C(C[N+]3(C)CCCC3)CS[C@H]12)c1csc(N)n1,1.041392685162173
COC(=O)C1=C(C)N=C(C)C(C(=O)OCC(C)C)C1c1ccccc1[N+](=O)[O-],1.660865478004817
CC(C)n1ncc2c1C(=O)CC1(CCN(C(=O)c3cc(-c4ccc(C(=O)O)cc4)nc(N(C)C)c3)CC1)C2,1.498310553790979
CC(C(=O)N1C[C@@H](C)N[C@H](C)C1)N1CCC(n2c(=O)[nH]c3ccccc32)CC1,1.4471580313437702
O=P1(N(CCCl)CCCl)NCCCO1,1.062252112420907
COCCOC(=O)C1=C(C)N=C(C)C(C(=O)OC(C)C)C1c1cccc([N+](=O)[O-])c1,1.520222049182834
C[C@@H]1CCCN1CCc1cc2cc(-c3cccc(C(C)(C)O)c3)ccc2o1,1.3117538610578727
O=C1Nc2cccc(n2)-c2nncn2CCCCOc2ccccc21,1.684216795139779
CCCN=C1N[C@@H]2[C@@H](O)[C@H](O)[C@@H](C(F)F)O[C@@H]2S1,1.860936620700692
C[C@@H]1CN(C2CCC(C#N)(c3ccc(F)cc3)CC2)CC[C@]1(C(=O)O)c1ccccc1,1.431363764160596
CSc1nccc(Nc2cc(NC(=O)c3cc(F)cc(N4CCOCC4)c3)ccc2C)n1,1.3979400086737748
CCCCC1C(=O)N(C)C(CCC)C(=O)NC(C2CCCCC2)C(=O)NC(CN)C(=O)NC(CO[C@H]2C[C@H](N)C2)C(=O)N[C@H](C)CN1CCCC,1.3802112417134156
CC(C)(N)CC(=O)NC1CCc2ccccc2N(Cc2ccc(-c3ccccc3-c3nn[nH]n3)cc2)C1=O,0.4313637641750723
COc1cnc(-n2cc(C)nn2)c2[nH]cc(C(=O)C(=O)N3CCN(C(=O)c4ccccc4)[C@H](C)C3)c12,0.6334684555896863
CC(C(=O)N1CCOCC1)N1CCC(n2c(=O)[nH]c3ccccc32)CC1,1.1139433523101776
CCCCC(NC(=O)O[C@H](Cn1ccc(-c2ccc(C(F)(F)F)cc2)n1)C(C)(C)C)C(=O)C(=O)NCc1ccno1,0.5051499783334777
C=CC(=O)Nc1ccccc1[C@@H]1CCNc2c(C(N)=O)c(-c3ccc(OC)cc3)nn21,1.8904210188014727
C[C@@H](CN1CCC2(CC1)C(=O)NCN2c1cccc(F)c1)NC(=O)c1ccc(Br)cc1,1.5563025007684936
COc1cccc2c(O)c3c(c(O)c12)C(=O)C1=C(C[C@@](O)(C(=O)CO)C[C@@H]1O[C@H]1C[C@H](N)[C@H](O)[C@H](C)O1)C3=O,1.5210119636257424
CCS(=O)(=O)c1ccc(CC(=O)Nc2ccc(-c3nc4ccc(C)cc4n3[C@@H](C)c3ccc(C)cc3)cc2)cc1,1.1195857749650815
COc1cc2nc(N3CCN(C(=O)C(C)OC)CC3)nc(N)c2cc1OC,1.6454222693500744
CC(=O)c1cnc(N)nc1N1CC[C@H]1c1nn2ccc(Cl)c2c(=O)n1-c1ccccc1,1.1038037209593765
O=C(Nc1noc2ccccc12)N1C[C@H]2CN(Cc3cccc(Oc4ccc(Cl)cc4)c3)C[C@H]2C1,1.400883215550088
COC(=O)NC(C(=O)N1CCC[C@H]1c1nc(-c2cc3ccc4cc(-c5cnc([C@@H]6CCCN6C(=O)C(NC(=O)OC)C(C)C)[nH]5)ccc4c3s2)c[nH]1)C(C)C,1.041392685162173
CCN(CC)C(=O)C(C#N)=Cc1cc(O)c(O)c([N+](=O)[O-])c1,1.0334237554909709
Oc1ccccc1C1=NNC(c2ccc(Cl)cc2)C1,1.928395852257226
Cc1nnc2n1-c1sc(Br)cc1C(c1ccccc1Cl)=NC2,1.361727836019481
CC(=O)NC[C@H]1CN(c2ccc(N3CCOCC3)c(F)c2)C(=O)O1,1.0211892990740743
CCOc1cc2ncnc(Nc3ccc(Oc4ccn5ncnc5c4)c(C)c3)c2cc1NC(=O)/C(F)=C/[C@H]1CCCN1C,1.1139433523101776
O=C(OC1CC2CC3C[C@@H](C1)N2CC3=O)c1c[nH]c2ccccc12,1.857332496431872
CC(C)C(=O)Nc1ncc(-c2cc(C(F)F)nn2-c2c(Cl)cccc2Cl)s1,1.4871383754786012
CC(F)(F)[C@H]1OC(=N)N[C@](C)(c2cc(NC(=O)c3cnc(OCF)cn3)ccc2F)[C@H]1F,0.968482948558605
C[C@H](CCCC(C)(C)O)[C@H]1CC[C@H]2[C@@H]3CC=C4C[C@@H](O)CC[C@]4(C)[C@H]3CC[C@]12C,1.6198235004583204
CCCC[C@](C)(CO)Nc1nc(N)nc2cc(F)cnc12,1.47712125472111
O=C(N[C@H]1CN(S(=O)(=O)c2ccccc2)CC1C(=O)N[C@H]1CCCNC1)c1cc(-c2ccccc2Cl)on1,1.1398790864043835
C[C@@]1(c2cc(NC(=O)c3ccc(C#N)cn3)ccc2F)C=CSC(=N)N1,1.357934847002359
COc1cccc2c1C(=O)c1cc3c(c(O)c1C2=O)C[C@@](O)(C(=O)CO)C[C@@H]3O[C@H]1CC(N)C(I)C(C)O1,1.5682017240681687
O=C1c2ccccc2OCN1CCO[N+](=O)[O-],1.928907690244464
c1cc(CNc2cc3c(cn2)[nH]c2ccccc23)cc(Oc2ccc3c(c2)OCO3)c1,1.4036351897922623
CCCCCNC(=O)c1coc([C@H]2[C@@H](Cc3ccccc3CCC(=O)O)[C@@H]3CC[C@H]2O3)n1,1.944482672150662
CC(NC(=O)c1ccco1)C(=O)N1CCN(CCCOc2ccc(C(=O)C3CC3)cc2)CC1,1.5835388192554851
Cc1ccc2nc(N3CCS(=O)(=O)c4ccccc4C3)cc(NCCO)c2c1,1.5185139398792036
CC1C(=O)O[C@H]2C[C@@]34[C@H]5C[C@@H](C(C)(C)C)[C@@]36C(O)C(=O)O[C@H]6O[C@@]4(C(=O)O5)[C@@]12O,1.812913356643524
N#CCCCn1c(Cn2c(=O)n(C3CC3)c3ccncc32)cc2cc(Cl)ccc21,1.5643109099617871
Cc1nc2c(-c3nc[nH]n3)cc(-c3ccnc(N)c3F)cc2n1-c1ccnc2c(F)ccc(F)c12,1.0542299098672303
CCC(=O)c1sc(-c2ccc(OC)cc2)c(C)c1-c1ccc(S(N)(=O)=O)cc1,1.4913616938356735
COc1cc(Cc2cnc(N)nc2N)cc(OC)c1OC,1.602059991329048
CC1=C[C@@](CF)(c2cc(NC(=O)c3ccc(C#N)cn3)ccc2F)N=C(N)O1,1.3138672203712616
C=CC(=O)N(C)CCOc1c(N)ncnc1-c1cc(F)cc(NC(=O)c2ccc(C3CC3)cc2F)c1C,2.330413773349394
CN1C(=O)CN=C(c2ccccc2F)c2cc([N+](=O)[O-])ccc21,1.9030899869924864
CNCCCN1c2ccccc2CCc2ccccc21,0.9912260756969264
O=C(c1ccc(OCCCc2c[nH]cn2)cc1)C1CC1,1.1711411510313106
COc1nc(C)nc(Cl)c1NC1=NCCN1,1.6998377258681123
OC[C@H]1O[C@@H]2SC(=NCCF)N[C@@H]2[C@@H](O)[C@@H]1O,1.5263392773911366
CC1=NC(=O)[C@](CCN(C(C)C)C(C)C)(c2ccccc2)[C@H]2CCCCN12,1.681241237376492
CCC(=O)N1CC[C@H](N2C(=O)N(c3cc(OC)ccc3Cl)Cc3cnc(Nc4ccc(N5CCN(C6COC6)CC5)c(C)c4)nc32)C1,0.2380461031538991
CC(C)(Sc1nc2ncccc2n1Cc1ccc(Br)c2ccccc12)C(=O)O,0.3424226808419469
CC(C)C[C@](C)(N)COc1ccc(-c2ccnc(C(F)F)c2)nc1C(F)F,1.454844860010034
COc1cnc(-n2ccnn2)c2[nH]cc(C(=O)C(=O)N3CCN(C(=O)c4ccccc4)CC3)c12,0.3802112417297016
CN1C(=O)CN=C(c2ccccc2)c2cc(Cl)ccc21,1.717670503003094
CC(N)C(=O)N1CCN(CCCOc2ccc(C(=O)C3CC3)cc2)CC1,1.6532125137763087
COc1ccc(NC(=O)Nc2ccc(Oc3ncnc4cc(N(C)C)ccc34)cc2)cc1,0.7481880270139557
C[C@@H](N1CN([C@H]2c3ccccc3SCc3cccc(Cl)c32)n2ccc(=O)c(O)c2C1=O)C(F)(F)F,1.292256071358692
O=C(c1ccc2cc(Oc3cc(C(F)(F)F)ccn3)ccc2n1)N1CCNCC1,2.0606978403539893
COc1c(C=Cc2ccc(NS(C)(=O)=O)cc2)cc(-n2ccc(=O)[nH]c2=O)cc1C(C)(C)C,-0.0457574905124201
COc1cc(Oc2ncc(C)s2)cc(-c2ccc3c(c2)CC[C@H](CCC(=O)O)O3)c1F,0.2041199826830682
COc1ccc(C(CN(C)C)C2(O)CCCCC2)cc1,1.809559714635941
CC(C)C(NS(=O)(=O)c1ccc(-c2ccc(NC(=O)c3cc4ccccc4o3)cc2)cc1)C(=O)O,0.3010299956856959
CCCC(CCC)N1CCn2c(=O)n(-c3ccc(OC)cc3)c3nc(C)cc1c32,1.7275412570293698
Nc1ncn([C@H]2C[C@H](O)[C@@H](CO)O2)c(=O)n1,0.8976270912959389
C=CCN(C)C1=N[C@@H]2[C@@H](O)[C@H](O)[C@@H](CO)O[C@@H]2S1,1.660865478004817
O=C(c1ccc(F)cc1)C1CCN(CCn2c(=O)[nH]c3ccccc3c2=O)CC1,0.579783596628239
NCc1ccc2c(c1)nc(CN1C(=O)C3(CC3)c3ccc(F)cc31)n2CCCC(F)(F)F,2.214843848047962
CN(CCOc1ccc(NS(C)(=O)=O)cc1)CCc1ccc(NS(C)(=O)=O)cc1,1.8228216453037576
CO[C@H]1C[C@H](Oc2cc(F)c(F)c(-c3ccc4c(c3)CC[C@H](CCC(=O)O)O4)n2)C1,0.113943352340244
CCc1cnc(Nc2ccc3oc(CCN4CCC[C@H]4C)cc3c2)nc1,1.6720978579366417
CN1CCN(C(=O)COc2ccc3cc(Oc4ccccn4)ccc3n2)CC1,1.7323937598237729
CCOC(=O)c1sc(-c2cccc(F)c2)nc1O,1.3802112417134156
CN=C1N[C@@H]2[C@@H](O)[C@H](O)[C@@H](C(F)F)O[C@@H]2S1,1.4329692908760083
Cc1nc(-c2cnn(C)c2-c2ccc(C(F)(F)F)cn2)c2c(N3CCC3)ncnn12,2.086359830675104
COCC(NC(=O)c1ccc(Cl)s1)C(=O)Nc1ccc(N2CCOCC2=O)c(C)c1,1.1950689964713617
O=C(Nc1ccc2[nH]ncc2n1)C1C[C@@H](F)CN1C(=O)C1(c2ccc(Cl)cc2)CC(F)(F)C1,1.977723605289305
C[C@]12CC[C@@H]3c4ccc(O)cc4CC[C@H]3[C@@H]1CC[C@@H]2O,1.8388490907378847
OCCn1cc(-c2cnc3nnn(Cc4ccc5ncccc5c4)c3n2)cn1,0.9138138523890128
CC1=C2CC(=O)C=C[C@]2(C)[C@@H]2[C@@H](C1)[C@@H]1CC[C@](O)(C(=O)CO)[C@@]1(C)C[C@@H]2O,1.7930916001772796
Cn1cc(-c2ccnc(N3CCn4c(cc5c4CC(C)(C)C5)C3=O)c2CO)cc(Nc2ccc(N3CCN(C4COC4)CC3)cn2)c1=O,2.2174839442141696
O=C1NCCCCn2cc(cn2)-c2cnc3ccc(cc3c2)CCn2nc(ccc2=O)-c2ccc1c(C(F)(F)F)c2,1.8458419074223769
CCOc1nc2cc(Cl)c(OC)cc2n1CCNC(C)=O,1.726727209027387
O=C(O)C1CN(Cc2ccc(-c3noc(-c4ccc([C@H]5CCC(F)(F)C5)cc4)n3)cc2)C1,1.000000000004343
Cc1nc2cc(OC[C@H](O)CN3CCN(Cc4noc(-c5ccc(C(F)(F)F)cc5)n4)CC3)ccc2s1,1.3521825181132927
CCCCC/C=C/C/C=C/CCCCCCCC(=O)OC(C)CCCCn1c(=O)c2c(ncn2C)n(C)c1=O,1.0240749873115351
CC(C)(C)NCC(O)c1ccc(O)c(CO)c1,1.9867717342666928
CC(=O)O[C@@]12CO[C@@H]1C[C@H](O)[C@@]1(C)C(=O)C(=O)C3C(C)[C@@H](OC(=O)C(O)C(NC(=O)OC(C)(C)C)c4ccccc4)C[C@@](O)([C@@H](OC(=O)c4ccccc4)[C@H]21)C3(C)C,2.0975002522320336
N#Cc1ccc(OC[C@@H](N)CCNS(=O)(=O)c2ccc(Cl)cc2Cl)cc1F,0.6334684555896863
CC1(C)OC(=O)Nc2ccc(-c3cccc(C#N)c3)cc21,1.56026539786391
N#CCN1CCC(n2c(=O)cnc3cnc4ccc(-c5ccc(N)nc5)cc4c32)CC1,0.184691430845984
CCCCC(NC(=O)O[C@H](CN1CCN(c2ccc(C(F)(F)F)cc2)C1=O)C(C)(C)C)C(=O)C(=O)Nc1cc[nH]n1,1.7403626894950337
Oc1ccccc1C1=NNC(c2ccc(Br)cc2)C1,2.0000000000004343
O=c1[nH]cc(F)c(=O)[nH]1,1.5185139398792036
CCC[C@@H]1CC(C(=O)N[C@@H]([C@H]2O[C@H](SC)[C@H](O)[C@@H](O)[C@H]2O)[C@H](C)Cl)N(C)C1,1.602059991329048
O=C(c1cn[nH]c1)N1CCC(C(=O)N2N=CCC2c2ccccc2)CC1,1.6627578316825182
COc1cc(C(=O)N2CCC3(CC2)CC(=O)c2c(cnn2C(C)C)C3)cc(-c2ccc(C(=O)O)cc2)n1,1.204119982658639
Cc1cc(-n2ncc(=O)[nH]c2=O)cc(C)c1Oc1ccc(O)c(Cc2ccc(F)cc2)c1,1.658011396658067
O=C(O)Cn1cc(Cc2nc3c(F)c(F)cc(F)c3s2)c2ccccc21,0.2304489214038206
CNC(=O)c1c(-c2ccc(F)cc2)oc2cc(N(Cc3ccc(B(O)O)c(F)c3)S(C)(=O)=O)c(C3CC3)cc12,1.4623979979004536
CCN(CC)CCN1C(=O)[C@@](O)(c2ccc(Cl)cc2Cl)c2c1cc(C(N)=O)cc2C(F)(F)F,1.707570176098788
Cc1cc(=O)c(C(=O)NC(C(=O)NC2C(=O)N3C(C(=O)O)=C(CSc4nnnn4C)CS[C@H]23)c2ccc(O)cc2)c[nH]1,0.9777236052934192
Cc1ccc2[nH]c(C(=O)N[C@H]3CN(S(=O)(=O)c4ccnc(C)c4)CC3C(=O)NCCN(C)C)cc2c1,1.8195439355425267
C=CC(=O)NC[C@@H]1CCNc2c(C(N)=O)c(-c3ccc(Oc4ccccc4)cc3)nn21,1.9726655922665728
Cc1ccc2nc(N3CCS(=O)(=O)c4ccccc4C3)cc(NC3(CN)COC3)c2c1,1.7242758696016085
Cc1cnc(Oc2cc(Cl)c(F)c(-c3ccc4c(c3)CC[C@H](CCC(=O)O)O4)c2)s1,0.2041199826830682
Nc1ncc(-c2nc(N3CCOCC3)nc(N[C@@]3(CO)CCN(C(=O)OCC(F)F)C3)c2F)cn1,1.47712125472111
CN(C)CCc1c[nH]c2ccc(CS(=O)(=O)N3CCCC3)cc12,1.7466341989383571
CCc1ccc(C2=C3C4=C(CCC3C3CC[C@@](O)(C#CC(C)(C)C)[C@@]3(C)C2)CC(=O)CC4)cc1,-0.387216143174339
N#Cc1ccc(C(c2ccc(C#N)cc2)n2cncn2)cc1,-0.1804560643923291
Cc1c(OCCCCSc2ccncc2)ccc(C(=O)CC(C)C)c1O,1.5185139398792036
O=C(C=Cc1c(C(=O)O)[nH]c2cc(Cl)cc(Cl)c12)Nc1ccccc1,0.079181246083816
CC[C@H](Nc1ncnc2[nH]cnc12)c1nc2cccc(F)c2c(=O)n1-c1ccccc1,1.6794278966130274
CNC(=O)Nc1ccc2c(c1)CC[C@@]21OC(=O)N(CC(=O)N2Cc3ccccc3CC[C@H]2C(F)(F)F)C1=O,1.5453071164670615
C=CCC1=CC(C)C[C@H](C)C[C@H](OC)[C@H]2O[C@@](O)(C(=O)C(=O)N3CCCCC3C(=O)O[C@H](/C(C)=C/[C@@H]3CC[C@@H](O)[C@H](OC)C3)[C@H](C)[C@@H](O)CC1=O)[C@H](C)C[C@@H]2OC,1.499687082619778
COc1cccc2c(O)c3c(c(O)c12)C(=O)C1=C(C[C@@](O)(C(=O)CO)C[C@@H]1O[C@H]1C[C@H](N)[C@@H](O)[C@H](C)O1)C3=O,1.4132997640829286
Cn1cnc(-c2cnc(O[C@H]3CCN(C(=O)Cc4ccc(OC(F)(F)F)cc4)C[C@H]3F)c(C(N)=O)c2)c1,1.1271047983680489
C[C@@H](N1CN([C@H]2c3ccccc3CSc3cccc(F)c32)n2ccc(=O)c(O)c2C1=O)C(F)(F)F,0.9585638832267452
CCCCC(NC(=O)O[C@H](Cn1cnc(-c2ccc(C(F)(F)F)cc2)c1)C(C)(C)C)C(=O)C(=O)Nc1cc[nH]n1,1.1760912590585766
COc1cc(NS(C)(=O)=O)ccc1Nc1c2ccccc2nc2ccccc12,1.919078092376597
CCC1=NC(=O)C2CSSCC/C=C\[C@H](CC(=O)NC(C(C)C)C(=O)N2)OC(=O)C(C(C)C)NC1=O,2.7958800173441447
CCOc1nc(C)cc(NC(=O)NCc2cc(C)c(-c3cn(C)nc3C(F)(F)F)nn2)c1C,0.7902851640402805
CCCc1ccc(-c2nc(-c3ccc(CN4CC(C(=O)O)C4)cc3)no2)cc1,1.5051499783212632
CC(C)C(=O)N1CCC(c2cn(C)c3ncc(NC(=O)c4cccc(C#N)c4)c(C(F)(F)F)c23)CC1,0.5314789170550285
NCCC(O)(P(=O)(O)O)P(=O)(O)O,1.1818435879476297
CN1C(=O)C(N2CCc3c(nn(Cc4ccccc4)c3C(N)=O)C2=O)COc2cc(Cl)ccc21,1.27415784926599
CCOCCn1c(-c2ccc(N3[C@@H](C)CC[C@@H]3C)nc2)nc2cccc(OC)c21,2.2787536009530576
CCN(CC)c1cnc2ccc(-c3nc(Nc4ccc(N5CCNCC5)cn4)ncc3F)cc2n1,1.8740757452236152
Cc1noc2c(F)cc(Nc3[nH]nc4ncccc34)cc12,1.4842998393482096
C[C@H]1SC(=N)N[C@](C)(c2cc(NC(=O)c3cnc(OCF)cn3)ccc2F)[C@H]1F,1.431363764160596
OC(Cn1cncn1)(Cn1cncn1)c1ccc(F)cc1F,0.6232492904082408
CC(C)c1cccc(C(C)C)c1O,2.030599721966356
Cc1ccnnc1N1CCN(C(=O)Nc2ccc(C(F)(F)F)cc2)[C@H](C)C1,1.7468676278512074
CCN1CCN(c2ccc(-c3cc(C(=O)NCc4c(C)cc(C)[nH]c4=O)c(C)c(N(CC)C(=O)C4CC4)c3)cc2)CC1,1.844601419626968
O=C(CC(=O)[C@]1(O)C[C@@H](O)[C@@H](O)[C@H](O)C1)Nc1cc(NC(=O)c2sc3ccccc3c2Cl)cc(C(=O)O)c1,1.079181246051244
CC[C@@]1(O)C(=O)OCc2c1cc1n(c2=O)Cc2cc3c(CN(C)C)c(O)ccc3nc2-1,1.5365584425727925
O=C1CN(c2cn[nH]c(=O)c2Cl)CCN1Cc1ccccc1OC(F)(F)F,1.748188027006976
CCOP(=O)(Cn1ccc(NC(=O)c2cc(Oc3cnc(C(=O)N4CCC4)cn3)cc(OC(C)C)c2)n1)OCC,0.6434526764960578
COc1ccc(-c2nc3cc(C4=NNC(=O)CC4C)ccc3[nH]2)cc1,2.212187604404224
OC(CCN1CCCCC1)(c1ccccc1)C1CC2C=CC1C2,1.832508912706875
CCS(=O)(=O)c1ccc(CC(=O)Nc2ccc(-c3nc4ccc(C(F)(F)F)cc4n3[C@@H](C)c3ccc(F)cc3)cc2)cc1,0.5224442335193618
CCN(C(=O)C1CCCC1)c1cc(-c2ccc(CN3CCOCC3)cc2)cc(C(=O)NCc2c(C)cc(C)[nH]c2=O)c1C,1.797059694700664
Cc1nnc(SCC2=C(C(=O)O)N3C(=O)C(NC(=O)Cn4cnnn4)[C@H]3SC2)s1,0.7792342812691597
COC[C@](CO)(OC[C@H]1O[C@@H](n2ncc3c(NC4CCCC4)nc(Cl)nc32)[C@H](O)[C@@H]1O)P(=O)(O)O,0.4771212547341389
CCCC1O[C@@H]2C[C@H]3[C@@H]4CC=C5CC(=O)C=C[C@]5(C)[C@H]4[C@@H](O)C[C@]3(C)[C@]2(C(=O)CO)O1,1.857332496431872
Cc1ccc(C(=O)c2ccc3oc(CCN4CCC[C@H]4C)cc3c2)cc1,1.6500159524728109
NCc1cc(Cl)ccc1Cn1c(=S)[nH]c(=O)c2[nH]ccc21,1.5051499783212632
CC(O)CCCCn1c(=O)c2c(ncn2C)n(C)c1=O,1.2309595557511206
COc1cc2c(cc1Cl)nc(OC)n2CCNC(C)=O,1.530963614548873
CCN1CCN(C(=O)NC(C(=O)NC2C(=O)N3C(C(=O)O)=C(CSc4nnnn4C)CS[C@H]23)c2ccc(O)cc2)C(=O)C1=O,1.361727836019481
COc1cc(-c2ccc3c(n2)[C@@H](C)N(c2cnn(CC(F)(F)F)c2)C3=O)cnc1OC,0.9444826721551038
COc1ncc(N2CCOc3ccc(CN(C)C)cc32)cc1NS(C)(=O)=O,2.3673559210262054
Cc1ccn2nc([C@H](C)Nc3ncnc4[nH]cc(-c5cc(NS(N)(=O)=O)cc6[nH]ccc56)c34)n(-c3ccccc3)c(=O)c12,1.9822712330400207
C[C@@H](O)C1C(=O)N2C(C(=O)O)=C(S[C@@H]3CNC(C(=O)Nc4cccc(C(=O)O)c4)C3)[C@H](C)[C@H]12,1.000000000004343
O=C(c1ccc2cc(Oc3ccc(C(F)(F)F)cn3)ccc2n1)N1CCNCC1,1.014100321523825
COc1nc2ccc3c(c2n1CCNC(C)=O)CCO3,1.5333529998333295
CCCCCCCC/C=C/CCCCCCCC(=O)OC(C)CCCCn1c(=O)c2c(ncn2C)n(C)c1=O,1.6048737705537144
Cc1cc(C#N)cc(-n2nnc(-c3ccccn3)n2)c1,1.6989700043368874
CNC(=O)c1cc(OC)c2c(nc(-c3ccc(N4[C@@H](C)CC[C@@H]4C)nc3)n2C[C@@H]2CNCCO2)c1F,1.041392685162173
Cc1ccccc1NC(=O)Nc1ccc(CC(=O)N2CCCC2C(=O)NCCCCC(=O)O)cc1,1.8756399370047467
Cc1ccc2[nH]c(C(=O)N[C@H]3CN(S(=O)(=O)c4ccnnc4)CC3C(=O)NCCN(C)C)cc2c1,1.5314789170435326
O=C(NC[C@H]1CN(c2ccc(N3CCOCC3=O)c(F)c2)C(=O)O1)c1ccc(Cl)s1,1.2593549273104243
CS(=O)(=O)c1ccc(CC(=O)Nc2ccc(-c3ccc(C(O)(C(F)(F)F)C(F)(F)F)cc3F)cc2)cc1,0.5092025223445485
N#Cc1ccc(N)c(OC[C@@H](N)CCNS(=O)(=O)c2ccc(Cl)cc2Cl)c1,1.579783596617953
COCc1nn(Cc2ccc(Cn3ccccc3=O)cc2)cc1C(=O)NCc1c(C#N)ccc(OC)c1F,1.204119982658639
CC(C)(C)n1cc2c(n1)C(=O)CC1(CCN(C(=O)c3ccnc(-c4ccc(C(=O)O)cc4)c3)CC1)O2,1.7363965022774392
CCC(CC)O[C@@H]1C=C(C(=O)O)C[C@H](NCc2ccc(Sc3ccccc3)cc2)[C@H]1NC(C)=O,0.1492191126861809
CCOC(=O)c1ncn2c1CN(C)C(=O)c1cc(F)ccc1-2,2.167317334748472
CC(C)c1cc(Nc2nc(N3CCC[C@H](N)C3)ncc2C(N)=O)cc(C(C)C)n1,1.5622928644576646
CC(C)(Oc1ccc(-c2cnc(N)c(-c3ccc(Cl)cc3)c2)cc1)C(=O)O,-0.1191864076620646
COc1ccccc1Oc1ccc(N(Cc2cccnc2)S(=O)(=O)CC(F)(F)F)cc1,1.845098040014877
CNC(C)C1CCC(N)C(OC2C(N)CC(N)C(OC3OCC(C)(O)C(NC)C3O)C2O)O1,0.8920946026960482
C[C@@H](F)[C@H]1OC(=N)N[C@](C)(c2cc(NC(=O)c3cnc(OCF)cn3)ccc2F)[C@H]1F,1.041392685162173
CC(c1ccccn1)c1c(CCN(C)C)sc2ccccc12,1.5634810853955974
CN(C(=O)CO)c1c(I)c(C(=O)NCC(O)CO)c(I)c(C(=O)NCC(O)CO)c1I,0.8692317197368451
O=C(O)C1CN(Cc2ccc(-c3noc(-c4ccc(C5CCCCC5)cc4)n3)cc2)C1,1.707570176098788
O=C(CCCN1CCC(O)(c2ccc(Cl)cc2)CC1)c1ccc(F)cc1,1.9355072658252168
CN[C@@H](C)Cc1ccccc1,2.100370545117908
COc1nc(C#N)cc2c1[C@]1(O)[C@H](O)[C@H](CN(C)C)[C@@H](c3ccccc3)[C@]1(c1ccc(C#N)cc1)O2,1.4149733479724882
CCC1(C)CC(=O)NC1=O,0.4913616938482822
CCCC(CCC)N1CC2CCN(c3ccc(Cl)cc3Cl)c3nc(C)nc1c32,1.5051499783212632
COc1ccc2c3c1O[C@H]1C[C@@H](O)C=C[C@@]31CCN(C)C2,1.5010592622191214
Cc1cc(C(=O)NC(C)(C)C)cc(C#Cc2ccc3c4c(oc3c2)C(C)(C)c2cc(NS(C)(=O)=O)ccc2C4=O)n1,0.0293837777257979
CCOc1cc(NC(=O)NCc2cc(C)c(-c3cn(C)nc3C(F)(F)F)nn2)cc(Cl)n1,0.6201360549841722
Nc1nc2cc(-c3nc(N4CCOCC4)nc(N4CCOCC4)n3)ccc2o1,0.7573960288006167
Cc1ccnnc1N1CCN(C(=O)Nc2ccc(C(C)(C)C)cc2)[C@H](C)C1,2.0669591978674946
CC(CN(C)C)N1CN(C2c3ccccc3CSc3ccccc32)n2ccc(=O)c(O)c2C1=O,1.9943171526700767
Cn1c(=O)c2nc3n(c2n(C)c1=O)CC(c1ccc(Cl)cc1)=NN3c1ccccc1,1.577836341293892
C[C@@H](N1CN([C@@H]2c3ccccc3SCc3c2ccc(F)c3F)n2ccc(=O)c(O)c2C1=O)C(F)(F)F,1.041392685162173
C[C@]12C=CC(=O)C=C1CC[C@@H]1C2C(=O)C[C@@]2(C)[C@H]1CC[C@]2(O)C(=O)CO,2.200838959051936
CC(C)Cc1ccc(C(C)C(=O)O)cc1,0.681241237384635
O=C(O)CC(NC(=O)CP(=O)(O)O)C(=O)O,1.482412558943352
Cc1ccn2nc([C@H](C)Nc3ncnc(N)c3-c3ccc(O)c(F)c3)n(-c3ccccc3)c(=O)c12,2.049218022670569
CN(C)C(N)=NC(=N)N,1.225309281728448
CON=C(C(=O)NC1C(=O)N2C(C(=O)[O-])=C(C[n+]3ccc(N)n3CCO)CS[C@H]12)c1csc(N)n1,0.9822712330440924
CN1CCN(c2ccc(Nc3ncc(Cl)c(Nc4cccc(C(F)(F)F)c4)n3)nc2)CC1,2.127104798365132
CC(C)Oc1ccccc1N1CCN(Cc2cccc(C(=O)N3CCCCC3)c2)CC1,1.5932860670215652
Cc1nc2sccn2c(=O)c1CCN1CCC(=C(c2ccc(F)cc2)c2ccc(F)cc2)CC1,1.4265112613662017
Cc1cc(C(=O)c2ccc3oc(CCN4CCC[C@H]4C)cc3c2)ccc1F,1.983761560286616
C[C@@H](N1CN([C@H]2c3ccccc3CSc3cc(Cl)ccc32)n2ccc(=O)c(O)c2C1=O)C(F)(F)F,1.086359830678308
CCCS(=O)(=O)N[C@H]1C[C@@H](N(C)c2ncnc3[nH]ccc23)C1,1.4248816366326995
CCCCC(NC(=O)O[C@H](Cn1ccc(-c2ccc(C(F)(F)F)cc2)n1)C(C)(C)C)C(=O)C(=O)Nc1ccccn1,1.6127838567207948
O=C(Nc1ccc2[nH]ncc2c1)[C@]12ON=C(c3cccnc3)[C@H]1[C@@H]1CC[C@H]2C1,-0.5376020019512873
c1cnc2c(Nc3ccc4c(C5CCCC5)noc4c3)[nH]nc2c1,1.7930916001772796
C[C@@H]1Cc2c([nH]c3ccccc23)[C@@H](c2c(F)cc(-c3ccc(C(=O)O)cc3)cc2F)N1CC(C)(C)F,0.2227164711735889
CC1(C)CN(Cc2ccccc2)C(=O)C1Oc1ccc(C#N)c(C(F)(F)F)c1,1.7558748556732533
CNn1cc(C(=O)O)c(=O)c2cc(F)c(N3CCN(C)CC3)cc21,1.079181246051244
CCCOc1ccc(NC(=O)CN2CCN(C)CC2)cc1-c1nc(=O)c(CC)c(CC)[nH]1,1.5759956202044203
C[C@@H]1CCCN1CCc1cc2cc(C(=O)c3ccccc3F)ccc2o1,1.710371264261609
CCCC(CCC)C(=O)O,0.6232492904082408
C[C@H]1CN(C2COC2)CCN1c1ccc(Nc2cc(-c3ccnc(N4CCn5c(cc6c5CC(C)(C)C6)C4=O)c3CO)cn(C)c2=O)nc1,1.4377505628219729
Cc1nc(=O)c(C#N)c(NCc2cccnc2)[nH]1,1.4471580313437702
O=C(/C=C/c1ccc(C(F)(F)F)nc1N1CCOCC1)Nc1ccc2cccnc2c1,1.1760912590585766
CN1CC[C@@](O)(C#Cc2cccc(-n3nc(C(N)=O)c4cccnc43)c2)C1=O,1.7708520116428803
C#C[C@]1(O)CC[C@H]2[C@@H]3CC=C4CC(=O)CCC4[C@H]3CC[C@@]21CC,0.113943352340244
O=C(Cc1ccccc1[N+](=O)[O-])Nc1ccc(-c2ccc(C(O)(C(F)(F)F)C(F)(F)F)cc2F)cc1,0.7355988997061633
Nc1ccn([C@@H]2CS[C@H](CO)O2)c(=O)n1,1.857332496431872
CC#CC(=O)Nc1cc(-c2cc3c(cn2)cc(-c2c(Cl)c(OC)cc(OC)c2Cl)c(=O)n3CC)c(OC)cc1N1C[C@H]2C[C@@H]1CO2,0.8241258339230602
CN(C)c1ccc2c(Oc3ccc(NC(=O)NCc4ccc(C(F)(F)F)nc4)cc3)ncnc2c1,0.6532125137849947
C[C@@H](O)C1C(=O)N2C(C(=O)O)=C(COC(N)=O)S[C@H]12,1.1972258404158662
Nc1nc(Cl)nc2c1ncn2[C@H]1C[C@H](O)[C@@H](CO)O1,1.4031205211775344
CCN(CC)CCNC(=O)c1ccc(N)cc1,2.0791812460479866
COCc1nn(Cc2ccc(Cn3ccccc3=O)cc2)cc1C(=O)NCc1nccc(OC)c1F,1.0681858617498736
CC(=O)c1cc(C(=O)Nc2cc(CO)cc(-c3cnn(C4CC4)c3)c2F)c2cc(OC(=O)N(C)C)ccn12,0.4517864355396363
CC(C(=O)O)c1cccc(C(=O)c2ccccc2)c1,0.2227164711735889
CCN(CC)CCCn1c2c(c3ccccc3c1=O)C(=O)C(=O)c1cc(C)oc1-2,2.2455126678143964
CC1=CCC[C@H]1NC(=O)Nc1ccc(Cl)c(S(=O)(=O)C(C)(C)CF)c1O,1.195899652412
C[C@@H]1CCCN1CCc1cc2cc(-c3ccc(C(=O)C4CC4)cc3)ccc2o1,1.0073209529270148
C[C@@H](C1CC1)N1Cc2cc(-c3ccn4nc(N)c(C(=O)N[C@H]5CC[C@@](C)(O)CC5)c4n3)cc(OC(F)(F)F)c2C1=O,1.4393326938318418
CCC(C)(CN)c1cccc(-c2ccnc3[nH]nc(C(F)(F)F)c23)c1,1.6532125137763087
N#C[C@@H]1CCCN1C(=O)CNC12CC3CC(CC(O)(C3)C1)C2,1.6839471307524112
COc1ccc(N(C)c2nc(C)nc3ccccc23)cc1OC(C(O)=NO)C(C)C,1.4598446423897142
CC(C)CC(NC(=O)C(=O)NCC(F)(F)F)C(=O)NC(CC1CCNC1=O)C(=O)COC(F)(F)F,1.5514499979740952
O=C1CC[C@@]2(O)[C@H]3Cc4ccc(O)c5c4[C@@]2(CCN3CC2CC2)C1O5,1.9030899869924864
COC(=O)N1CCC2(CC1)C[C@H](Nc1ncnc3c1nnn3[C@@H]1C[C@@H](COS(N)(=O)=O)[C@@H](O)C1)c1ccccc12,1.2174839442165384
CC1=CCC[C@H]1NC(=O)Nc1ccc(Cl)c(S(=O)(=O)[C@@]2(C)CCOC2)c1O,0.959041392325866
C[C@]12C=CC(=O)C=C1CC[C@@H]1[C@@H]2[C@@H](O)C[C@@]2(C)[C@H]1CC[C@]2(O)C(=O)CO,1.974279831054942
COCC1=C[C@@](C)(c2cc(NC(=O)c3ccc(C#N)cn3)ccc2F)N=C(N)O1,1.1105897103026157
Cc1cc(=O)n(-c2ccccc2)n1C,0.9795206961651044
O=C(NC[C@H](O)CO)C1CC(c2ccccc2)CCN1,1.7377490738923516
Cc1cc(F)c(C(=O)Nc2cccc(-c3nncn3C(C)C)n2)cc1-n1cnc(C2CC2)c1,0.4771212547341389
CCCCCCCCCCCCCCCCCCCC(=O)O,0.6232492904082408
C=CC(=O)N1CCCC[C@H]1c1nc(-c2ccc(C(=O)Nc3cc(C(F)(F)F)ccn3)cc2)c(C(N)=O)n1N,1.1271047983680489
COCC(C)N1CN(C2c3ccccc3CSc3ccccc32)n2ccc(=O)c(O)c2C1=O,1.691081492123853
C[C@H]1[C@H](OC(=O)CCC(=O)O)O[C@@H]2O[C@@]3(C)CC[C@H]4[C@H](C)CC[C@@H]1[C@@]24OO3,2.3263358609289564
CCCNC(=O)c1cc(-c2ccc(Cl)cc2)c(-c2ccc(Cl)cc2Cl)nc1OCc1ccc(F)c(F)c1,0.7634279935704251
CC(=O)c1cccc(-c2ccc3oc(CCN4CCC[C@H]4C)cc3c2)c1,2.150234358958204
CCC(=O)N1CC[C@H](N2C(=O)N(c3cc(OC)ccc3F)Cc3cnc(Nc4ccc(N5CCN(C)CC5)c(C)c4)nc32)C1,0.4216039268862816
NC[C@H]1O[C@H](O[C@H]2[C@H](O)[C@@H](O[C@H]3O[C@H](CO)[C@@H](O)[C@H](N)[C@H]3O)[C@H](N)C[C@@H]2N)[C@H](N)C[C@@H]1O,1.195899652412
CCn1cc(C(=O)O)c(=O)c2cc(F)c(N3CCNCC3)nc21,1.630427875026041
O=C(O)COc1cccc(C[C@@H]2CCC[C@H]3O[C@]23c2nc(-c3ccccc3)c(-c3ccccc3)o2)c1,1.2695129442202513
C[C@@H](CN1CCC2(CC1)OC(=O)Nc1ccccc12)NC(=O)c1ccc(F)cc1,1.602059991329048
COc1cccc2nc(-c3ccc(N4[C@@H](C)CC[C@@H]4C)nc3)n(C[C@@H]3CNCCO3)c12,1.5440680443515165
CC[C@]1(C(=O)O)CCc2ccc(OCCCOc3ccc(C4CCCCC4)cc3Cl)cc2O1,0.9138138523890128
Cc1cc(C(=O)c2ccc3oc(CCN4CCC[C@H]4C)cc3c2)ccc1Cl,1.56026539786391
CC(C)N(C)c1ccc([C@H]2C[C@@]3(C)[C@@H](CC[C@@]3(O)C#CC(C)(C)C)[C@@H]3CC=C4CC(=O)CCC4[C@H]32)cc1,0.2787536009756865
N#Cc1ccc(Oc2ccc3c(ccc(=O)n3CCN3CCCCC3)c2)cc1,1.7215633183583054
CN1CCCC(n2nc(Cc3ccc(Cl)cc3)c3ccccc3c2=O)CC1,1.763427993563686
CCCC1C(=O)NC(C2CCCCCC2)C(=O)NC(CN)C(=O)NC(CO[C@H]2C[C@H](N)C2)C(=O)N[C@H](C)CO[C@H](CC2CC3(CCC3)C2)C(C)C(=O)N1C,1.602059991329048
COC(=O)NC(C(=O)N1CCC[C@H]1c1nc(-c2ccc3c(c2)OCC(C)(C)COc2cc(-c4c[nH]c([C@@H]5CCCN5C(=O)C(NC(=O)OC)C(C)C)n4)ccc2-3)c[nH]1)C(C)C,1.2304489213808285
COc1cc(OC)c2c(=O)[nH]c(-c3cccc(Cc4n[nH]c(=O)c5ccccc45)c3)nc2c1,1.5276299008726273
O=C1Nc2cccc(n2)-c2nncn2CCCCOc2ccc(F)cc21,1.5356738034270152
CCN1CCN(C(=O)NC(C(=O)NC2C(=O)N3C(C(=O)O)C(C)(C)S[C@H]23)c2ccccc2)C(=O)C1=O,1.2479732663642602
CNCCOc1ccccc1C(C)(C)Nc1nccn(-c2cc(C(=O)NC3CC3)ccc2C)c1=O,1.7708520116428803
Cc1ccc(C(=O)NC2CC2)cc1-n1ccnc(N[C@@H](c2ccccc2)[C@@H](C)CN2CCCCC2)c1=O,1.6989700043368874
Cc1c(-c2ccc3c(c2)OCCO3)cccc1C(F)(F)Oc1cc(OCc2ccnc(C#N)c2)c(CN[C@@H]2C(O)O[C@H](CO)[C@@H](O)[C@@H]2O)cc1Cl,1.602059991329048
CC(C)NCC(O)COc1cccc2[nH]ccc12,1.6839471307524112
CC(Sc1nc2cnccc2n1-c1ccc(C2CC2)c2ccccc12)C(=O)O,0.7250945210896479
O=C(CCc1cc(Cl)ccc1-n1cnnn1)N=C(CC(=O)N1CCN(c2ccccc2)CC1)C(=O)Nc1ccc(C(=O)O)cc1,0.9647309210583396
C[C@]1(C(=O)O)CCc2ccc(OCCCOc3ccc(OCC4CC4)cc3Cl)cc2O1,0.7075701761064519
Cc1ccc2[nH]c(C(=O)N[C@H]3CCN(S(=O)(=O)N(C)C)CC3C(=O)NCCN(C)C)cc2c1,1.602059991329048
CC#C[C@@H](CC(=O)O)c1ccc(OCc2cccc(-c3ccc(C(F)(F)F)cc3)c2)cc1,4.342945178152237e-11
CCOc1cc(Cc2cnc(N)nc2N)cc(OCC)c1-n1cccc1,1.6532125137763087
Cc1c(CC(C)C)nc(-c2ccc(Cl)o2)n1-c1c(Cl)ccc(N2CC(C(=O)O)C2)c1Cl,2.357934847000644
CC(C)(C#N)c1cccc(-c2ccnc3[nH]ncc23)c1,1.079181246051244
Cc1cc(C(C)NC(=O)c2[nH]cc(Cc3ccc(C(F)(F)F)nc3)c2C)no1,0.5051499783334777
CC(C1=C(CCN(C)C)Cc2ccccc21)c1cnccn1,1.5520595341891026
CNC(=O)c1c(-c2ccc(F)cc2)oc2cc(N(C3CCc4c(B(O)O)cccc43)S(C)(=O)=O)c(C3CC3)cc12,1.8388490907378847
Cc1cccc(C)c1NC(=O)C(C)N,1.5774917998383742
CN1CCN(CCCCN(C(=O)Nc2ccc(F)c(C(F)(F)F)c2)[C@@H]2CC[C@]3(c4ccc(C#N)cc4)C[C@H]23)CC1,1.338456493606597
O=C1N=C(c2ccccc2)c2cc(Cl)ccc2NC1O,1.3820170425766705
CCCCC(NC(=O)O[C@H](Cn1cnc(-c2ccc(C(F)(F)F)cc2)c1)C(C)(C)C)C(=O)C(=O)Nc1nccs1,1.1760912590585766
CN1CCc2cccc3c2[C@H]1Cc1ccc(O)c(O)c1-3,2.292256071356697
O=C(O)[C@]1(OCc2cccc(-c3ccc(OC(F)(F)F)cc3)c2)C[C@@H](O)[C@@H](O)[C@H](O)C1,0.6989700043447047
CCOc1cc2ncnc(Nc3ccc(Oc4ccn5ncnc5c4)c(C)c3)c2cc1NC(=O)/C=C/[C@H]1CCCN1C,1.7442929831234588
CN(C)c1ccc2c(Oc3ccc(NC(=O)NCc4ccc(F)cc4)cc3)ncnc2c1,1.086359830678308
C[C@H](CC[C@@H](O)C1CCC1)[C@H]1CC[C@H]2[C@@H]3CC=C4C[C@@](C)(O)CC[C@]4(C)[C@H]3CC[C@]12C,1.9461082304373976
CCN(CC)CCNC(=O)c1cc(Cl)c(N)cc1OC,1.681241237376492
CCN=C1N[C@@H]2[C@@H](F)[C@H](O)[C@@H](CO)O[C@@H]2S1,1.5037906830585426
N#Cc1cc(N2CCC(C(=O)N3N=CC[C@H]3c3cc(F)cc(F)c3)CC2)ncn1,1.6627578316825182
C[C@]12CCCN1CC1=NNC(=O)c3cc(F)cc4[nH]c2c1c34,1.356025857195036
O=C(O)c1c[nH]c2cc(F)c(-c3ccc([C@@H]4CCCCO4)cc3)c(F)c12,0.0606978403913763
COc1cc(F)cc(C(=O)c2cc(C)c(Oc3ccc4c(O)c(C(=O)NCC(=O)O)nc(OC)c4c3)c(C)c2)c1,0.8937617620634899
Cn1c(=O)c2[nH]c(-c3ccccn3)nc2n(C)c1=O,2.128173014750052
Cc1cc(/C=C/C#N)cc(C)c1Oc1nc(NC2CCN(Cc3ccc(S(N)(=O)=O)cc3)CC2)nc2sccc12,1.5835388192554851
N[C@@H](CC(=O)N1CCc2sc(C(F)(F)F)nc2C1)Cc1cc(F)ccc1F,2.397940008672211
Cc1cnc(Nc2ccc3c(c2)CCN(C(=O)/C=C/CN(C)C)C3)nc1-c1cnn(C(C)C)c1,1.9216864754841223
CON=C(C(=O)NC1C(=O)N2C(C(=O)O)=C(CSc3nc(=O)c(=O)[nH]n3C)CS[C@H]12)c1csc(N)n1,0.9515449935024862
C[C@]1(c2cc(NC(=O)c3cnc(OCF)cn3)ccc2F)N=C(N)O[C@H](CF)[C@@H]1F,0.9190780923813064
O=C(c1ccc2cc(Oc3cccc(C(F)(F)F)n3)ccc2n1)N1CCNCC1,1.9208013818261755
O=C(OC(C(F)(F)F)C(F)(F)F)N1CCN(Cc2ccc(C(F)(F)F)cc2N2CCCC2)CC1,1.1673173347511303
O=C1c2ccccc2S(=O)(=O)N1CCCCNC[C@H]1CCc2ccccc2O1,1.5831987739697566
CNC(=O)c1c(-c2ccc(F)cc2)oc2cc(N(c3ccc(B(O)O)c(Cl)c3)S(C)(=O)=O)c(C3CC3)cc12,0.7075701761064519
C(#Cc1ccccn1)C1=CC(Oc2cccnc2)CCC1,1.9731278536001609
Nc1ncnc2c1ncn2CCOCP(=O)(O)O,1.3424226808241804
C[C@]1(C(=O)O)CCc2ccc(OCCCOc3ccc(C4CCCC4)cc3Cl)cc2O1,0.832508912712623
CO[C@@]1(NC(O)=c2sc(=C(C(N)=O)C(=O)O)s2)C(=O)N2C(C(=O)O)=C(CSc3nnnn3C)CS[C@@H]21,1.1102371030679787
CNC(=O)Nc1ccc2c(c1)CC[C@@]21OC(=O)N(CC(=O)N2Cc3ccccc3CC[C@H]2C2CC2)C1=O,1.4456042032751542
CCOC(=O)C1(c2ccccc2)CCN(C)CC1,2.3961433027703496
O=C(Nc1ccc(CC(NC(=O)C2CCCN2S(=O)(=O)c2cc(Cl)cc(Cl)c2)C(=O)O)cc1)c1c(Cl)cncc1Cl,1.5820633629128458
COc1cncc2c1[C@]1(O)[C@H](O)[C@H](CN(C)C)[C@@H](c3ccccc3)[C@]1(c1ccc(C#N)cc1)O2,1.5910646070276129
NC(=O)c1csc([C@@H]2O[C@H](CO)[C@@H](O)[C@H]2O)n1,0.8388490907435494
C#C[C@]1(CO)C[C@@H](n2cnc3c(=O)[nH]c(N)nc32)C[C@@H]1O,1.5105450102079525
COc1cccc([C@@]2(O)CCCC[C@@H]2CN(C)C)c1,1.80277372529266
Cc1cn([C@H]2C=C[C@@H](CO)O2)c(=O)[nH]c1=O,1.3053513694487735
Cn1cc(-c2ccc3c(c2)C(=O)Nc2cccc(n2)-c2nncn2CCCCO3)cn1,0.920801381830866
FC(F)(F)c1c(Cl)ccc(-n2ccnn2)c1Cl,0.8750612633974907
C[C@H](N)Cc1ccccc1,1.954242509439808
COCc1nn(Cc2ccc(Cn3ccccc3=O)cc2)cc1C(=O)NCc1nccc(OC)c1C,1.14612803568134
Cc1c(C(=O)Nc2ccc3c(c2)B(O)OC3)nnn1-c1ccccn1,0.6532125137849947
Cc1nnc(N2CCC(C(=O)N3N=CC[C@H]3c3ccccc3)CC2)o1,1.2552725051057187
O=C(NC[C@H]1CN(c2ccc(N3CCCC3=O)cc2)C(=O)O1)c1ccc(Cl)s1,0.452246574535767
N=C(N)N1CCC[C@@H](CNC(=O)CC(NS(=O)(=O)c2ccc3ccccc3c2)C(=O)N(CC(=O)O)C2CC2)C1,1.814245552484228
C[C@@H](N1CN([C@H]2c3cc(Cl)ccc3CSc3ccccc32)n2ccc(=O)c(O)c2C1=O)C(F)(F)F,1.0934216851657377
O=P(O)(O)C(Sc1ccc(Cl)cc1)P(=O)(O)O,0.5185139398910479
NC(Cc1ccc(O)c(O)c1)C(=O)O,2.037426497941022
O=[N+]([O-])O[C@@H]1CO[C@H]2[C@@H]1OC[C@@H]2O,0.3979400086894094
COC(C(=O)Nc1nnc(N[C@@H]2CCN(c3nccnn3)C2)s1)c1ccccc1,1.079181246051244
CCCCCN(CCCOC)C(=O)C(CCC(=O)O)NC(=O)c1ccc(Cl)c(Cl)c1,0.7788744720099657
NNc1nncc2ccccc12,2.143014800254408
COCCCOc1ccnc(C[S+]([O-])c2nc3ccccc3[nH]2)c1C,1.915927211697643
C[C@@H](C1CC1)N1Cc2cc(-c3ccn4nc(N)c(C(=O)N[C@H]5CC[C@@](C)(O)CC5)c4n3)cc(OC(F)F)c2C1=O,1.3186892699498307
C[C@](N)(CCNS(=O)(=O)c1ccc(C#N)cc1C(F)(F)F)COc1ccc(C#N)c(F)c1,1.5682017240681687
COc1cnc(-n2cncn2)c2[nH]cc(C(=O)C(=O)N3CCN(C(=O)c4ccccc4)CC3)c12,0.3802112417297016
O=C(Nc1ccc(C[C@H](NC(=O)C2CCCN2S(=O)(=O)c2cc(Cl)cc(Cl)c2)c2cc(=O)[nH]o2)cc1)c1c(Cl)cncc1Cl,1.574841195064541
CCOC(=O)C1=C(C)N=C(C)C(C(=O)OC)C1c1cccc(Cl)c1Cl,1.856606622671349
COc1ccnc(CNC(=O)c2cn(Cc3ccc(Cn4ccccc4=O)cc3)nc2C(F)(F)F)c1F,0.8512583487251921
C[C@@H](N1CN([C@H]2c3ccccc3CSc3c(Cl)cccc32)n2ccc(=O)c(O)c2C1=O)C(F)(F)F,0.8312296938734689
CCCN=C1N[C@@H]2[C@@H](F)[C@H](O)[C@@H](CO)O[C@@H]2S1,1.6821450763747348
CCCCCCCCCCCCCCCC(=O)OC(C)CCCCn1c(=O)c2c(ncn2C)n(C)c1=O,1.8122446968010384
Cc1cc(N2C(=O)NC(=O)C2(C)C)cc(C)c1CCS(=O)(=O)N1CCC2(CC1)N=C(c1ccc(OC(F)(F)F)cc1)NC2=O,1.4842998393482096
CCOc1ncc(S(=O)(=O)N2CCN(CC)CC2)cc1-c1nc(=O)c2nn(CCOC)c(CC)c2[nH]1,1.4248816366326995
Cc1cccc(C)c1NC(=O)NCCCNC(C)C,1.9138138523842465
CCN(CCO)CCCC(C)Nc1ccnc2cc(Cl)ccc12,1.450249108320901
COc1c(N2C[C@@H]3CCCN[C@@H]3C2)c(F)cc2c(=O)c(C(=O)O)cn(C3CC3)c12,1.630928692815965
CC(C)[C@@H](O)CC[C@@H](C)[C@H]1CC[C@H]2[C@@H]3CC=C4C[C@@](C)(O)CC[C@]4(C)[C@H]3CC[C@]12C,1.7132384615465022
CCCCC1C(=O)N(C)C(CC(C)C)C(=O)NC(C2CCCCC2)C(=O)NC(CN)C(=O)NC([C@H](C)O)C(=O)N[C@H](C)CN1CCCC,1.7242758696016085
CN=C1N[C@@H]2C[C@H](O)[C@@H](CO)O[C@@H]2S1,1.5910646070276129
CC1=C(C(=O)O)N2C(=O)C(NC(=O)C(N)C3=CCC=CC3)[C@H]2SC1,1.3364597338505309
CCC1(c2cccc(O)c2)CCCCN(C)C1,1.766412847113143
CN=C(C[N+](=O)[O-])NCCSCc1ccc(CN(C)C)o1,1.5037906830585426
CON=C(C(=O)NC1C(=O)N2C(C(=O)O)=C(CSc3nnnn3C)CS[C@H]12)c1csc(N)n1,0.8727388274784904
O=S(=O)(c1ccc(Br)cc1)N1CC=C(C#Cc2ccccn2)CC1,1.8061799739845656
Cc1ccccc1NC(=O)Nc1ccc(CC(=O)N2CCOCC2C(=O)N2CCC(CC(=O)O)CC2)cc1,1.8407332346124328
CN[C@@H]1C[C@H]2O[C@@](C)([C@@H]1OC)n1c3ccccc3c3c4c(c5c6ccccc6n2c5c31)C(=O)N[C@@H]4O,1.812913356643524
C#CCCCC(=O)c1cc(C(C)(C)C)c(O)c(C(C)(C)C)c1,1.6198624021442751
Cc1ncc2n1-c1ccc(Cl)cc1C(c1ccccc1F)=NC2,1.890158656070641
N#Cc1ccc(S(=O)(=O)NCC[C@H](N)COc2ccc(C#N)c(F)c2)c(C(F)(F)F)c1,0.6720978579449578
COc1cc2nc(N3CCN(C(=O)C4COc5ccccc5O4)CC3)nc(N)c2cc1OC,1.47712125472111
O=c1nc(OC[C@@H]2COCCO2)cc2n1CCc1cc(C#CC3CC3)ccc1-2,1.0670708560490916
N[C@@H](CC(=O)N1CCn2c(nnc2C(F)(F)F)C1)Cc1cc(F)c(F)cc1F,1.6532125137763087
COC(=O)C(c1ccccc1)C1CCCCN1,1.7242758696016085
Nc1nc(-c2cccc(-n3ccc4cc(C5CC5)cc(F)c4c3=O)c2CO)c2cc(C3=CCN(C4COC4)CC3)[nH]c2n1,1.3081373786401749
C[C@@H](O[C@H]1OCCN(Cc2n[nH]c(=O)[nH]2)[C@H]1c1ccc(F)cc1)c1cc(C(F)(F)F)cc(C(F)(F)F)c1,1.2552725051057187
Cc1ncc([N+](=O)[O-])n1CCO,0.7634279935704251
Nc1ccc(-c2ccc3ncc(-c4noc(C(F)(F)F)n4)cc3c2)cc1,1.8061799739845656
CCCS(=O)(=O)N[C@H]1C[C@H](N(C)c2ncnc3[nH]ccc23)C1,1.7512791039841122
N=C(N)NC(=O)c1cnn(-c2cccc3ncccc23)c1C1CC1,2.374748346010287
C[C@]1(c2cc(NC(=O)c3cnc(OCF)cn3)ccc2F)N=C(N)O[C@H](C2(F)CC2)[C@@H]1F,0.8260748027073085
O[C@@H]1[C@H](O)CO[C@H]1n1cc(-c2ccccc2)c2c(Nc3ccc(F)cc3)ncnc21,1.335858911321822
Cc1cccc(Nc2ccncc2S(=O)(=O)NC(=O)NC(C)C)c1,0.5728716022120923
CN(C)C(=O)CCSC(SCCC(=O)O)c1cccc(/C=C/c2ccc3ccc(Cl)cc3n2)c1,1.5682017240681687
CS(=O)(=O)OCCCCOS(C)(=O)=O,0.6989700043447047
Cc1cn([C@H]2C[C@H](N=[N+]=[N-])[C@@H](CO)O2)c(=O)[nH]c1=O,1.5312157765826433
NCc1ccccc1CC(=O)NC1C(=O)N2C(C(=O)O)=C(CSc3nnnn3CC(=O)O)CS[C@H]12,0.7323937598310111
O=C(NC(c1ccccc1)c1ccccc1)c1cc(-c2cc3ccccc3o2)nc2ccccc12,1.000000000004343
O=C(CSc1nnc(Br)n1-c1ccc(C2CC2)c2ccccc12)NS(=O)(=O)c1ccc(Br)cc1,0.7371926427126914
C[C@@H](N1CN([C@H]2c3ccccc3CSc3cc(F)ccc32)n2ccc(=O)c(O)c2C1=O)C(F)(F)F,1.1271047983680489
CC(C)CCN1C(=O)[C@]2(CC(=O)Nc3c2nnn3[C@@H](C)c2ccc(Cl)cc2)c2cc(Cl)ccc21,1.1357685145709993
C[C@@H]1CN(C(=O)c2nc(Nc3cc(C4CC4)[nH]n3)c3cc(Cl)ccc3n2)CCN1,1.8494194137975133
C[C@H](CC[C@@H](O)C1CC1)[C@H]1CC[C@H]2[C@@H]3CC=C4C[C@@](C)(O)CC[C@]4(C)[C@H]3CC[C@]12C,1.8346114207233228
CN1CCN(c2cc(-c3ccncc3)c(-c3ccc4ccccc4c3)nn2)CC1,1.4204934844713186
NCC1(c2cccc(-c3ccnc4[nH]nc(C(F)(F)F)c34)c2)COC1,1.7923916894989544
O=[N+]([O-])c1cn2c(n1)OC[C@H](Oc1ccc(C(F)(F)F)cn1)C2,0.7853298350178866
CCN(C(=O)C1CC1)c1cc(-c2ccc(CN3CCOCC3)cc2)cc(C(=O)NCc2c(C)cc(C)[nH]c2=O)c1C,1.8396665568830608
COC(C(=O)Nc1nnc(N[C@@H]2CCN(c3cccnn3)C2)s1)c1ccccc1,1.5440680443515165
C=CCN1CC[C@]23c4c5ccc(O)c4OC2C(=O)CC[C@@]3(O)[C@H]1C5,1.6884198220036006
Cc1cccnc1NS(=O)(=O)c1ccc(C#Cc2ccc(O)c(C(=O)O)c2)cc1,1.7923916894989544
CS(=O)(=O)c1ccc(Oc2cc(F)cc(C#N)c2)c2c1[C@H](O)C(F)(F)C2,1.5390760987940315
CCCN(Cc1c(C(F)(F)F)nc2n(-c3c(C)cc(C)cc3C)c3ccccc3n12)CC1CC1,0.7075701761064519
CN1CCN(CCNc2nccc(-c3c(-c4cccc(O)c4)nc4sccn34)n2)S1(=O)=O,0.3159703454778981
O=C(c1ccc2cc(Oc3ccc(C(F)(F)F)cn3)ccc2n1)N1CCNC(C(F)(F)F)C1,1.607455023215741
Cc1ccc(NC(=O)c2ccc(CN3CCN(C)CC3)cc2)cc1Nc1nccc(-c2cccnc2)n1,1.298853076411889
Cc1ccc(C(=O)NC2CC2)cc1-n1cnc2ccc(N3CCN(C)CC3)cc2c1=O,1.4149733479724882
COc1ccc2c3c1OC1C(=O)CC[C@@]4(O)[C@@H](C2)N(C)CC[C@]314,1.9138138523842465
CC#C[C@]1(O)CC[C@H]2C3=C(C4=C(CC3)CC(=O)CC4)C(c3ccc(N(C)C)cc3)C[C@@]21C,1.6989700043368874
O=C(O)c1c[nH]c2cc(Cl)c(-c3ccc(C4(O)CCC4)cc3)cc12,1.3541084391493226
O=c1cc(CO)n(-c2c(Cl)cccc2Cl)c2c(Cl)cnc(OC[C@H](O)CO)c12,1.5440680443515165
Cc1ccc(-c2nc3ccc(C)cn3c2CC(=O)N(C)C)cc1,1.6875289612155262
CON=C(C(=O)NC1C(=O)N2C(C(=O)[O-])=C(C[N+]34CCC(C(N)=O)(CC3)CC4)CS[C@H]12)c1nsc(N)n1,0.9444826721551038
COC(=O)NC(C(=O)N1CCC[C@H]1c1nc(-c2cc3c(s2)-c2ccc(-c4cnc([C@@H]5CCCN5C(=O)C(NC(=O)OC)C(C)C)[nH]4)cc2CC3)c[nH]1)C(C)C,1.000000000004343
C[C@@H]1C[C@H]2[C@@H]3CC=C4CC(=O)C=C[C@]4(C)[C@@]3(F)[C@@H](O)C[C@]2(C)[C@@]1(O)C(=O)CO,0.5051499783334777
Cc1cc(CNC(CO)C(=O)O)c(OCc2cncc(C#N)c2)cc1NCc1cccc(-c2ccccc2)c1C,1.872156272748876
COc1ccc(CCN(C)CCCC(C#N)(c2ccc(OC)c(OC)c2)C(C)C)cc1OC,1.5657130860749109
CCCC1C(=O)NC(C2CCCCCC2)C(=O)NC(CN)C(=O)NC(CO[C@H]2C[C@H](N)C2)C(=O)N[C@H](C)CO[C@H](CC2C[C@H]3CC[C@@H](C2)C3)C(C)C(=O)N1C,1.1760912590585766
CC(C)NCC(O)COc1ccc(CCOCC2CC2)cc1,2.187520720836745
Cc1nc(C#Cc2cccnc2)cs1,1.4471580313437702
Cc1cnc(C(=O)NCCc2ccc(S(=O)(=O)NC(=O)NC3CCCCC3)cc2)cn1,4.342945178152237e-11
Cc1ccc(NC(=O)CCc2cccc(-c3cnc4[nH]ccc4c3)c2)cc1C(F)(F)F,2.2757028494484404
COc1cnc(-c2cnccn2)c2[nH]cc(C(=O)C(=O)N3CCN(C(=O)c4ccccn4)[C@H](C)C3)c12,0.9444826721551038
CCOc1ccccc1OCCN[C@H](C)Cc1ccc(OC)c(S(N)(=O)=O)c1,1.9148718175405788
CCCN1CCC[C@@H](c2cccc(S(C)(=O)=O)c2)C1,1.6693168805670422
Cc1c2ccc(N(C)c3ccnc(Nc4ccc(C(=O)Nc5ccccc5N)cc4)n3)cc2nn1C,1.1643528557874117
Cc1ccc2[nH]c(C(=O)N[C@H]3CN(S(=O)(=O)c4ccccc4)CC3C(=O)NCCN(C)C)cc2c1,1.8976270912909912
CC1=NS(=O)(=O)c2cc(Cl)ccc2N1,0.9030899869973724
Cc1c(C2(c3ccc(C(F)(F)F)nc3)CC2)c[nH]c1C(=O)NC(C)c1nc[nH]n1,0.832508912712623
CC(CS)C(=O)N1CCCC1C(=O)O,1.1139433523101776
Cc1nc(N2CCC3(CC2)CO[C@@H](C)[C@H]3N)cc(=O)n1-c1cccc(Cl)c1Cl,0.7634279935704251
O=C(C(=O)N1CCN(C(=O)c2ccccc2)CC1)c1c[nH]c2c(-n3ccnn3)ncc(F)c12,0.2041199826830682
CCOc1cc2ncnc(Nc3ccc(Oc4ccn5ncnc5c4)c(C)c3)c2cc1NC(=O)/C(F)=C\[C@H]1CCCN1C,1.9075725787990885
CCc1ncn(-c2ncc(OC)c3c(C(=O)C(=O)N4CCN(C(=O)c5ccccc5)CC4)c[nH]c23)n1,-0.1549019599237011
CC(C)NCC(O)COc1cccc2ccccc12,1.969149760041908
COC1CC(OC2C(C)C(=O)OC(C)C(C)C(O)C(C)C(=O)C3(CO3)CC(C)C(OC3OC(C)CC(N(C)C)C3O)C2C)OC(C)C1O,1.707570176098788
COc1cc(NC(C(=O)c2c[nH]c3ccccc23)c2ccccc2)cc(OCCO)c1,1.5440680443515165
C=CC(=O)N(C)CCOc1c(N)ncnc1-c1ccc(CN2CCN(CC(C)C)CC2=O)c(C)c1,2.100370545117908
O=C(O)COc1cccc(C[C@@H]2CCCC=C2c2nc(-c3ccccc3)c(-c3ccccc3)o2)c1,0.7479732663753016
CC(C)Cc1ccc(OCCCOc2ccc3c(c2)O[C@@](C)(C(=O)O)CC3)c(Cl)c1,0.4149733479875216
Cc1ccc2[nH]c(C(=O)N[C@H]3CN(S(=O)(=O)C4CCOCC4)CC3C(=O)NCCN(C)C)cc2c1,2.017033339299198
CS(=O)(=O)C1CN(C(=O)c2ccc3cc(Oc4ccc(C(F)(F)F)cn4)ccc3n2)C1,0.4260230157061601
Cc1ccc2[nH]c(C(=O)N[C@H]3CCN(S(=O)(=O)c4ccccc4)CC3C(=O)NCCN(C)C)cc2c1,1.7558748556732533
COc1nc(-c2cccc(-c3ccccc3)c2C)ccc1CNCCO,2.282554142852029
O=C1Nc2c(Cl)ccc(OCCN3CCOCC3)c2C2(CCCCC2)N1,1.7979596437378875
CCNC(=O)c1cc2c(-c3cc(S(=O)(=O)CC)ccc3Oc3c(C)cccc3C)cn(C)c(=O)c2[nH]1,1.6548500905623558
Cc1nnc2n1-c1ccc(Cl)cc1C(c1ccccc1)=NC2,2.123851640967412
CC(C)(C)S(=O)(=O)CC(Cc1ccccc1)C(=O)NC(Cc1c[nH]cn1)C(=O)N[C@@H](CC1CCCCC1)[C@@H](O)[C@@H](O)C1CC1,2.075546961392896
Cn1ncc(NC(=O)C2CCCCC2C(=O)c2ccc(-c3cc[nH]n3)cc2)c1C(F)(F)F,0.681241237384635
NS(=O)(=O)OCC1(O)CC1n1ccc2c(N[C@H]3CCc4ccccc43)ncnc21,1.4727564493186749
[C-]#[N+]c1ccc(COn2c(-c3cccc(C#N)c3)nc(C)c2C(=O)O)cc1,1.7032913781195214
O=C(c1ccc2cc(Oc3ccc(F)cn3)ccc2n1)N1CCNCC1,1.684216795139779
C[C@H]1O[C@@H](O[C@H]2[C@@H](O)C[C@H](O[C@H]3[C@@H](O)C[C@H](O[C@H]4CC[C@@]5(C)[C@H](CC[C@@H]6[C@@H]5C[C@@H](O)[C@]5(C)[C@@H](C7=CC(=O)OC7)CC[C@]65O)C4)O[C@@H]3C)O[C@@H]2C)C[C@H](O)[C@@H]1O,1.2718416065388214
O=C(NCc1ccc(-c2ccccc2)cc1)C1CN(C(=O)c2cc(=O)[nH]c(=O)[nH]2)CCN1c1ccc(Cl)c(Cl)c1,1.7187507347404951
CC(=O)N1CCC(COc2ccc(-c3cc[nH]n3)nc2)CC1,0.5763413502173126
Cc1noc(NS(=O)(=O)c2ccc(N)cc2)c1C,-0.1870866432903298
O=C(O)COc1cccc2c1CC[C@](O)(COC(=O)N(c1ccccc1)c1ccccc1)C2,1.5792117802326435
OC1CCCCC1CNc1cc(Br)cc2[nH]ncc12,1.607455023215741
CC[C@]1(C(=O)O)CCc2ccc(OCCCOc3ccc(C4CCC5(CC4)CC5)cc3Cl)cc2O1,-0.2076083104316986
CC#C[C@]1(O)CCC2C3=C(C4=C(CC3)CC(=O)CC4)C(c3ccc(N(C)C)cc3)C[C@@]21C,1.1791378362528708
COc1cnc(-n2cnc(N3CCOCC3)n2)c2[nH]cc(C(=O)C(=O)N3CCN(C(=O)c4ccccc4)CC3)c12,0.7853298350178866
CCC(=O)c1sc(-c2cccc(F)c2)nc1O,0.7250945210896479
Cc1c(COc2cc(OCc3cccc(C#N)c3)c(CNC(C)(C)C(=O)O)cc2Cl)cccc1-c1ccccc1,1.1760912590585766
CCC(CC)O[C@@H]1C=C(C(=O)O)C[C@H](NCc2ccc(-c3ccsc3)cc2OC)[C@H]1NC(C)=O,1.2355284469100738
CCOc1cccnc1Oc1cncc(-c2ncc(C(=O)N[C@H]3CCOC3)cn2)c1,1.785329835011479
CC(C)(C)CC(=O)Nc1nn2cccnc2c1-c1ccc(OC(F)(F)F)cc1,1.1248301494171171
C[C@H]1CC[C@@H](c2nc3ccccc3c(=O)n2-c2cccnc2)N1c1nc(N)nc(N)c1C#N,1.4842998393482096
CC(=O)c1ccc(Oc2ccc3nc(C(=O)N4CCNCC4)ccc3c2)cc1,0.823930455132078
C[C@H]1Cc2c(nnn2-c2ccsc2)CN1C(=O)c1cccc(C(F)(F)F)c1Cl,0.5682017240787327
O=C(O)C1CN(Cc2ccc(-c3noc(-c4ccc(-c5ccccc5)cc4)n3)cc2)C1,0.4623979979139317
CC(C)(C#N)c1cc(Nc2nc(N3CCC[C@H](N)C3)ncc2C(N)=O)cc(C(C)(C)C#N)c1,2.096910013008404
CN1CCN(c2ccc(-c3cc4c(N5CCN(C(=O)Nc6ccc(Cl)c(C(F)(F)F)c6)CC5)ncnc4s3)cc2)CC1,0.681241237384635
CC(C)[C@H](NC(=O)C(C)(F)F)[C@H](Oc1ccc2c(cnn2-c2ccc(=O)n(C)c2)c1)c1ccccc1,0.6532125137849947
C=CC(=O)Nc1cc(Nc2ncc(Cl)c(O[C@@H]3CO[C@H]4[C@@H]3OC[C@H]4O)n2)ccc1N(C)CCN(C)C,2.4758890071782105
N=C(CCSCc1csc(N=C(N)N)n1)NS(N)(=O)=O,1.3424226808241804
Cc1cn(-c2ccc3c(c2)C(=O)Nc2cccc(n2)-c2nncn2CCCCO3)cn1,1.0346284566293305
CCN(CC)CCNC(=O)c1ccc(NS(C)(=O)=O)cc1,1.408239965313546
CN=C1N[C@@H]2[C@H](F)[C@H](O)[C@@H](CF)O[C@@H]2S1,1.1583624920982656
CCN(C(=O)C1CC1)c1cc(-c2ccc(N3CCN(CC4CC4)CC3)nc2)cc(C(=O)NCc2c(C)cc(C)[nH]c2=O)c1C,1.7801011914686322
CN(C)C1=N[C@@H]2[C@@H](O)[C@H](O)[C@@H](C(F)F)O[C@@H]2S1,1.8481891169920148
N#CCCn1cc(-c2nc(Nc3ccc4c(ccn4S(=O)(=O)C(F)(F)F)c3)ncc2F)cn1,0.1986570869819096
CN(C)CCCN1c2ccccc2CCc2ccccc21,1.9662356240990515
Cc1ccccc1NC(=O)Nc1ccc(CC(=O)N2CCCC2C(=O)N2CCC(CC(=O)O)CC2)cc1,1.6159500516574523
O=C(N[C@H]1CCN(CC2CC2)CC1C(=O)NC1(c2ncccn2)CC1)c1cc(-c2ccc(F)cc2F)on1,1.845098040014877
C[C@]1(C(=O)O)CCc2ccc(OCCCOc3ccc(OCC(F)(F)F)cc3Cl)cc2O1,0.7075701761064519
Cc1nnc(C(C)C)n1C1C[C@H]2CC[C@@H](C1)N2CC[C@H](NC(=O)C1CCC(F)(F)CC1)c1ccccc1,1.869231719731563
N=C(N)NCCCNC(=O)C1CCCCN1C(=O)C(CC1CCCCC1)NCC(=O)O,1.8412530429701417
N#Cc1ccc(COc2cccc(C3CCN(Cc4nc5ccc(C(=O)O)cc5n4C[C@@H]4CCO4)CC3)n2)c(F)c1,1.758154621968148
C[C@@H]1CCCN1CCc1cc2cc(-c3ccc(C#N)cc3)ccc2o1,1.390608329541611
Nc1ccn([C@@H]2CO[C@H](CO)O2)c(=O)n1,1.361727836019481
CC(C(=O)N1CCN[C@H](C)C1)N1CCC(n2c(=O)[nH]c3ccccc32)CC1,1.5910646070276129
CS(=O)(=O)c1ccc(-c2nnc(/C=C/c3nnc(-c4ccc(C#N)cc4)o3)n2-c2ccccc2Cl)nc1,1.5984622004752451
CCOC(=O)C1=C(C)N=C(C)C(C(=O)OC)C1c1cccc([N+](=O)[O-])c1,1.2174839442165384
C=CC(=O)NCCOCCNC(=O)CCN1CCC(c2cc(OC(C)C)c(Nc3ncc(Cl)c(Nc4ccccc4S(=O)(=O)C(C)C)n3)cc2C)CC1,1.2299376859104916
CC(C)(C)[C@]1(O)C[C@@H]2OC(=O)C[C@@]23C(=O)O[C@@H]2OC(=O)C(O)[C@]213,2.146128035678548
C=C1c2c(-c3ccc(Oc4ccccc4)cc3)c3c(N)ncnc3n2C[C@H]1NC(=O)C#CC,1.515873843713003
Cc1c[nH]c2ncnc(-c3ccc(NC(=O)N(CCO)c4ccccc4)cc3)c12,0.6232492904082408
Cc1c(OCCCCOc2ccc(-c3nn[nH]n3)cc2)ccc(C(=O)CC(C)C)c1O,1.1760912590585766
CCCC(=O)OCOC(=O)C1=C(C)N=C(C)C(C(=O)OC)C1c1cccc(Cl)c1Cl,2.510545010206746
CCCCC(NC(=O)O[C@H](Cc1nnc(-c2ccc(C(F)(F)F)cc2)o1)C(C)(C)C)C(=O)C(=O)NN1CCOC1=O,1.041392685162173
CC(C)[C@H](O)CC[C@@H](C)[C@H]1CC[C@H]2[C@@H]3CC=C4C[C@@](C)(O)CC[C@]4(C)[C@H]3CC[C@]12C,1.5835388192554851
CNC(C)C(=O)NC(C(=O)N1CCCC1C(=O)Nc1snnc1-c1ccccc1)C1CCCCC1,1.6720978579366417
Cc1nc2cc(OC[C@H](O)CN3CCN(Cc4noc(-c5ccc(C(F)(F)F)cc5)n4)C[C@@H]3C)ccc2s1,1.2944662261637974
CN(C)CC=CC(=O)Nc1cc2c(Nc3ccc(F)c(Cl)c3)ncnc2cc1OC1CCOC1,1.8987251815900417
C[C@@H](N)c1cc(Cl)ccc1Cn1c(=S)[nH]c(=O)c2[nH]ccc21,1.2787536009551146
CO[C@@]1(NC(=O)C(C(=O)O)c2ccc(O)cc2)C(=O)N2C(C(=O)O)=C(CSc3nnnn3C)CO[C@@H]21,0.9684323665115012
Nc1ccn(C[C@@H](CO)OCP(=O)(O)O)c(=O)n1,-0.1549019599237011
CCC(C)C(=O)O[C@H]1C[C@H](O)C=C2C=C[C@H](C)[C@H](CC[C@@H](O)C[C@@H](O)CC(=O)O)[C@H]21,1.5563025007684936
C=CC(=O)Nc1cc(Nc2ncc(Cl)c(O[C@@H]3CO[C@H]4[C@@H]3OC[C@H]4OC)n2)ccc1N(C)CCN(C)C,2.190947679100467
Cc1c(C2(c3ccc(C(F)(F)F)c(C#N)c3)CC2)c[nH]c1C(=O)NC(C)c1nc[nH]n1,0.8450980400204611
CC(C)CC(NC(=O)C(=O)NC12CC(F)(C1)C2)C(=O)NC(CC1CCNC1=O)C(=O)COC(F)(F)F,1.04532297879057
CC(O)(C#Cc1ccc(N2CCOCC2)c(Nc2ncnc3[nH]ccc23)c1)c1nccs1,1.6053050461421872
O=C(Cc1ccccc1)Nc1nnc(N[C@@H]2CCN(c3cccnn3)C2)s1,1.6989700043368874
COc1cnc(-n2ccc(N)n2)c2[nH]cc(C(=O)C(=O)N3CCN(C(=O)c4ccccc4)CC3)c12,1.7558748556732533
CCC(=O)N(c1ccccc1)C1CCN(CCc2ccccc2)CC1,1.6772463002956497
COc1cnc(-n2cccn2)c2[nH]cc(C(=O)C(=O)N3CCN(C(=O)c4ccccc4)CC3)c12,0.7481880270139557
CNC(=O)c1cc(C(=O)NC2CC2)cc2c1O[C@H](C)[C@H]2c1ccccc1,1.954242509439808
Cc1cc(CC(NC(=O)N2CCC3(CC2)OC(=O)Nc2ncccc23)C(=O)NC(CC2CCNCC2)C(=O)N2CCN(c3ccncc3)CC2)cc2c[nH]nc12,1.2304489213808285
CC(C(=O)N1C[C@@H](C)N[C@@H](C)C1)N1CCC(n2c(=O)[nH]c3ccccc32)CC1,1.6532125137763087
CN1CCC([C@@](C)(O)c2ccc3cnc(Nc4cc(N5CCOCC5)ncc4F)cc3n2)CC1,1.7242758696016085
Cc1ccc(NC(=O)c2ccnc(N3CCOCC3)c2)cc1NC(=O)c1ccc(OCc2ccccn2)cc1,1.000000000004343
CC(=N)N1CC[C@H](SC2=C(C(=O)O)N3C(=O)C([C@@H](C)O)[C@H]3C2)C1,1.4448189002048932
C=CC(=O)N1CCC([C@@H]2CCNc3c(C(N)=O)c(-c4ccc(Oc5ccccc5)cc4)nn32)CC1,1.8853612200320773
O=C(c1ccc2cc(Oc3ccc(C(F)(F)F)cn3)ccc2n1)N1CC[C@H](F)C1,1.1082266563783134
CC[C@]1(C(=O)O)CCc2ccc(OCCCOc3ccc(C4CCOCC4)cc3Cl)cc2O1,1.1931245983572456
C(#Cc1ccccn1)C1=CC(Oc2ccncc2)CCC1,1.6127838567207948
O=C(Nc1ccc(C[C@H](NC(=O)C2CCCN2S(=O)(=O)c2cc(Cl)cc(Cl)c2)c2nc(=O)o[nH]2)cc1)c1c(Cl)cncc1Cl,1.7781512503843675
CCCC1CNCc2c1[nH]c(=O)c(C#N)c2-c1ccc(C)cc1,1.7781512503843675
CC(C)C[C@H](NC(=O)C(Cc1ccccc1)NC(=O)c1c(F)cccc1F)B(O)O,1.27415784926599
CCC#CC[C@H](C)[C@H](O)C#C[C@@H]1[C@H]2C/C(=C/COCCCC(=O)O)C[C@H]2C[C@H]1O,2.230448921378529
CC(=O)C(C#N)C(=O)Nc1cc(O[C@@H](C)C(F)(F)F)c(C(=O)Nc2c(F)cccc2F)cc1F,1.000000000004343
Cc1ccc2nc(N3CCS(=O)(=O)c4ccccc4C3)cc(NCC3(N)COC3)c2c1,1.707570176098788
COc1cc(NCc2ccc3nc(N)nc(N)c3c2C)cc(OC)c1OC,1.8518696007303768
Cn1ncc(NC(=O)C2C[C@@H]3C[C@@H]3CC2C(=O)c2ccc(-c3cc[nH]n3)cc2)c1C(F)(F)F,0.9912260756969264
CN(C)c1ccc(-c2ccc(CN(C(=O)C3CCCCC3)c3cc(F)cc(/C=C/C(=O)O)c3)cc2C#N)cc1,1.845098040014877
O=C(O)C1CN(Cc2ccc(-c3noc(-c4ccc(CCC(F)(F)F)cc4)n3)cc2)C1,0.7242758696089833
COc1cnc(-n2cnc(C)n2)c2[nH]cc(C(=O)C(=O)N3CCN(C(=O)c4ccccc4)[C@H](C)C3)c12,0.2787536009756865
CC(C)Oc1ccc(-c2nc(-c3ccc(CN4CC(C(=O)O)C4)cc3)no2)cc1,0.612783856730328
O=C(CC(=O)[C@]1(O)C[C@@H](O)[C@@H](O)[C@H](O)C1)Nc1cc(NC(=O)c2cc3ccccc3s2)cc(C(=O)O)c1,1.5440680443515165
COC(C)(C)C#C[C@]1(O)CC[C@H]2[C@@H]3CC=C4CC(=O)CCC4[C@H]3[C@@H](c3ccc(N(C)C)cc3)C[C@@]21C,0.6989700043447047
Cc1cc(-c2ccc(F)nc2F)nn(Cc2ccc(Cl)cc2)c1=O,1.889861721258748
COc1cc(OC)c2c(=O)[nH]c(-c3ccc(OCC(=O)Nc4ccc(N5CCN(C)CC5)c(Cl)c4)cc3)nc2c1,1.75891189239873
C[C@@H](CN1CCC2(CC1)OC(=O)Nc1cccnc12)NC(=O)c1ccc(F)cc1,1.602059991329048
Cc1cc(Nc2ccc(S(F)(F)(F)(F)F)cc2)n2nc(C(C)(F)F)nc2n1,0.812913356649537
C#C[C@]1(O)CC[C@H]2[C@@H]3CCc4cc(O)ccc4[C@H]3CC[C@@]21C,1.7732713317397997
COc1cc2c(cc1OC)C(=O)C(CC1(F)CCN(Cc3ccccc3F)CC1)C2,1.3747483460119363
COc1ccc(C(=O)c2ccc3oc(CCN4CCC[C@H]4C)cc3c2)cc1,1.706120109703558
CC(=O)NC[C@@H]1CC1c1cccc2oc(CCCCc3ccccc3)cc12,1.4393326938318418
CO[C@H]1[C@@H](CF)OC(=N)N[C@]1(C)c1cc(NC(=O)c2ccc(C#N)cn2)ccc1F,1.6127838567207948
C[C@]1(c2cc(NC(=O)c3ccc(C#N)cn3)ccc2F)N=C(N)O[C@H](CF)[C@@H]1F,0.7242758696089833
O=C(O)CCNC(=O)c1ccccc1,1.2304489213808285
CCN1CCC[C@H]1CNC(=O)c1c(OC)ccc(Br)c1OC,2.230448921378529
CC(C)(C#N)c1cccc(-c2ccnc3[nH]ccc23)n1,1.6232492903989346
COC(=O)/C=C/c1cc(F)cc(N(Cc2ccc(-c3ccc(N(C)C)cc3)c(C#N)c2)C(=O)C2CCCCC2)c1,1.9700212658288312
c1ccc(C2(N3CCCCC3)CCCCC2)cc1,1.9539366795402664
O=C(N1CC[C@@]2(S(=O)(=O)c3ccc(F)cc3)c3ccc(C(F)(C(F)(F)F)C(F)(F)F)cc3CC[C@@H]12)C1(O)CCS(=O)(=O)CC1,0.5682017240787327
O=C(O)CNC(=O)c1ncc(C#CCOc2ccc(Cl)cc2)cc1O,0.536558442584155
O=C(O)c1ccc([C@H]2C[C@@H](NC(=O)C3(c4ccc5c(c4)OC(F)(F)O5)CC3)c3ccc(OC(F)F)cc3O2)cc1,-0.2596373104267935
Cc1nc2n(c(=O)c1CCN1CCC(c3noc4cc(F)ccc34)CC1)CCCC2,1.8555191556684056
C[C@H]1C(=NC(=O)C(NOC(C)(C)C(=O)O)c2csc(N)n2)C(=O)N1S(=O)(=O)O,1.0395906230279746
C[C@@H](N1CN([C@H]2c3ccccc3CSc3cccc(Cl)c32)n2ccc(=O)c(O)c2C1=O)C(F)(F)F,1.0086001717661752
O=c1[nH]c(O)cn1/N=C/c1ccc([N+](=O)[O-])o1,1.356025857195036
N#Cc1cc(F)cc(Oc2ccc(S(=O)(=O)C(F)F)c3c2CC(F)(F)[C@H]3O)c1,1.761175813156484
Cc1noc2c(F)cc(Nc3[nH]nc4cccnc34)cc12,1.9090208542116915
COc1ccc(Cl)cc1[C@]1(F)C(=O)Nc2cc(C(F)(F)F)ccc21,1.5545698219532391
C[C@@H](CN1CCC2(CC1)NC(=O)Nc1ccccc12)NC(=O)c1ccc(F)cc1,1.1760912590585766
C[C@@H](N)c1cc(Cl)ccc1Cn1c(=S)[nH]c(=O)c2[nH]cnc21,1.3010299956661526
CC(C(=O)O)c1ccccc1-c1cc2c(cn1)ncn2[C@H](C)c1c(Cl)ccc(C2CC2)c1Cl,1.622214022967332
NC1[C@H]2CN(c3nc4c(cc3F)c(=O)c(C(=O)O)cn4-c3ccc(F)cc3F)C[C@@H]12,1.130333768498223
