SMILES,rat_fup
CCCC(C)C1(CC)C(=O)NC(=S)NC1=O,-0.721246398818595
Nc1nc(=O)c2ncn(COCCO)c2[nH]1,-0.721246398818595
Cc1nc(-c2ccc3c(c2)CCC3NC(=O)c2nnn(C)n2)no1,-0.721246398818595
O=C1CCc2ccc(OCCCCN3CCN(c4cccc(Cl)c4Cl)CC3)cc2N1,-2.9999999565705537
O=C(N1CCN2CCC1CC2)n1nc(-c2ccc(F)cc2)c2c1COCC2,-0.9586073144469618
Cc1nc(C)n(CC(=O)N2CCN(c3sc(C(F)(F)F)nc3-c3nc4ccccc4[nH]3)C[C@H]2C)n1,-1.1307682796821394
CCC(C(=O)Nc1ccc(C(N)=O)c(F)c1)n1cc(OC)c(-c2cc(Cl)ccc2-n2cc(Cl)nn2)cc1=O,-1.657577317203728
CC(C)n1ncc2c1C(=O)CC1(CCN(C(=O)c3ccc4[nH]nc(C(N)=O)c4c3)CC1)C2,-0.924453038242516
C=CC1CN2CC[C@H]1CC2C(O)c1ccnc2ccc(OC)cc12,-0.4436974991120754
CCC(=O)c1sc(-c2ccc(Cl)cc2)c(C)c1-c1ccc(S(N)(=O)=O)cc1,-2.236571998949227
CC(C)(C)Cc1noc2cc(Nc3[nH]nc4nccnc34)ccc12,-1.6382721620941705
C[C@H]1NC(=O)c2cc(-c3c(F)ccc4c(=O)n(C)c(NC(C)(C)C)nc34)[nH]c21,-1.207608309801271
NC(=O)C(c1ccccc1)(c1ccccc1)[C@@H]1CCN(CCc2ccc3c(c2)CCO3)C1,-1.5228787438326894
CN1CC[C@]23c4c5ccc(O)c4O[C@H]2[C@@H](O)C=C[C@H]3[C@H]1C5,-0.0655015487059329
Cc1nn2cc1CN(C)CCOCCNC(=O)c1nn(CCO)c3ccc(cc13)Nc1nccc-2n1,-2.795879990200671
COc1cc2c(c(OC)c1OC)-c1ccc(OC)c(=O)cc1[C@@H](NC(C)=O)CC2,-0.1426675035084128
Cc1cc(C(F)(F)F)ccc1-c1cccc2cc(S(=O)(=O)Nc3ncns3)ccc12,-2.9999999565705537
CO[C@@H](CO)CNC(=O)c1cc(Nc2cccc(F)c2F)c2cc(Cl)ccc2n1,-1.795880014629735
COCc1nnc(N2CC(Oc3ccc(F)cc3Cl)C2)n1-c1ccc(OC)nc1,-1.1778319199779246
Cc1cncc(-c2ccc(C(=O)N(c3ncccc3Cl)[C@@H]3CCCNC3)cc2)n1,-0.387216143174339
CCOC(=O)c1cnc2c(OC)cccc2c1N1CCN(c2ccccc2OC)CC1,-1.795880014629735
CC(F)(F)c1noc2cc(Nc3[nH]nc4cccnc34)ccc12,-1.7695510760670523
FC(F)c1nccc2cc(Nc3[nH]nc4cccnc34)ccc12,-3.494849885963089
Nc1nc(C(=NO)C(=O)NC2C(=O)N3C(C(=O)O)=C(C=C4CCN(CC(F)(F)F)C4=O)CS[C@H]23)cs1,-1.6020599895907843
CC1COc2c(N3CCN(C)CC3)c(F)cc3c(=O)c(C(=O)O)cn1c23,-0.1938200259482543
Cn1ccnc1[C@]1(CNC(=O)c2cc3cc(C(F)(F)F)ccc3o2)NC(=O)NC1=O,-0.8446639622312357
O=C(N[C@H]1CN(S(=O)(=O)c2ccccc2)CC1C(=O)N[C@H]1CCCNC1)c1cc(-c2ccccc2)on1,-0.9999999995657056
CO[C@@]1(NC(=O)CSCC#N)C(=O)N2C(C(=O)O)=C(CSc3nnnn3C)CS[C@@H]21,-0.2596373104267935
O=c1c(O)c(-c2ccc(O)c(O)c2)oc2cc(O)cc(O)c12,-1.6989700021645464
O=C1CCSCC(C(=O)Nc2cc(Cl)cc(Br)c2)N1,-1.7447274924839469
N#Cc1ccc(S(=O)(=O)[C@H]2CN(S(=O)(=O)c3ccc(Cl)cc3Cl)C[C@@]2(O)CO)cc1,-1.5686362342325146
CNC(=O)c1c(-c2ccccn2)c([C@H](C)Nc2ncnc(N)c2C#N)nc2ccc(F)cc12,-0.6575773189803872
CC(C)CN1CCc2c(ccc3[nH]ncc23)[C@H]1c1ccc(/C=C/C(=O)O)cc1,-1.4436974980263393
CN=C1N[C@@H]2[C@@H](O)[C@H](O)[C@@H](CF)O[C@@H]2S1,-0.0555173278004797
CCC(CC)c1noc2cc(Nc3[nH]nc4cccnc34)ccc12,-1.721246396761411
O=C1N=C(c2ccccc2Cl)c2cc(Cl)ccc2NC1O,-1.0457574900781257
Cc1cc(-c2ccc(C(=O)C3CCCCC3C(=O)Nc3cn(C)nc3C)cc2)[nH]n1,-1.3665315434104264
O=C1CCSCC(C(=O)Nc2cc(Br)cc(Br)c2)N1,-1.958607310893644
Cc1nc(-c2ccc3c(c2)CCC3NC(=O)c2cnc(C)n2C)no1,-1.050609992867116
Cc1cc(C)c2c(N)c(C(=O)c3ccc(O)cc3)sc2n1,-2.3010299869780915
Cc1cc(N2C[C@H]3CC[C@@H](C2)[C@@H]3Nc2nc3n(n2)CCCC[C@H]3c2ccc(F)c(F)c2F)ncn1,-1.8538719612196584
Cc1cc(C)c2c(n1)sc1c(N3CCCC3)nccc12,-3.795879745910109
C[C@H]1CCN1c1nc(N2CC[C@H](CCC(=O)O)C2)c2c(n1)C(F)(F)CC2,-1.6020599895907843
O=C(Nc1cnccc1-c1ccc(F)cc1)c1ccnc(Nc2ccc(Cl)cc2)n1,-2.522878730803855
CCC1(c2ccccc2)C(=O)NC(=O)NC1=O,-0.1938200259482543
CCN(CC)CC(=O)Nc1c(C)cccc1C,-0.3665315443194147
CCC(=O)CCCCC[C@H](NC(=O)C1CN(C)C1)c1nc(-c2cc3ccccc3nc2OC)c[nH]1,-1.2410881068454158
C[C@@H]1CCOc2cc(F)ccc2C(=O)Nc2cccc(n2)-c2nncn2C1,-1.6989700021645464
COc1cc(F)c(-c2c(C)nn3c(C(F)(F)F)cc(C)nc23)c(F)c1,-1.3372421673743076
C[C@@H](CN1CCC2(CC1)C(=O)NC[C@H]2c1ccc(F)cc1)NC(=O)c1cc2ccccc2[nH]1,-2.8860566142858968
NC(=O)c1cccc2c(N[C@H](CN3CCC3)c3ccc(Cl)c(C(F)(F)F)c3)ncnc12,-1.3010299947953925
N#CCC(=O)N1CC2(CCC(c3cccc4nc(NC(=O)C5CC5)nn34)CC2)C1,-0.2644011002219865
CC(Cn1c(=O)nc(Nc2ccc(OC3CCC3)cc2)n(Cc2ccc(Cl)cc2)c1=O)C(=O)O,-1.8239087380490224
COc1ccc(-c2cc(C(N)=O)nc3cc(COc4ccnc(C(F)(F)F)c4)nn23)c(F)c1,-1.5228787438326894
COc1ccccc1C(=O)Nc1cccc(-c2nncn2C(C)C)n1,-0.9665762441109258
O=C(Nc1cnccc1-c1ccc(F)cc1)c1ccnc(Nc2ccc(OC(F)F)cc2)n1,-2.397939997814676
Cc1noc2ccc(Nc3[nH]nc4ncccc34)cc12,-1.1023729081598188
CCn1cnc2c(-c3ccc(F)c(-c4cc5c(cc4OC)C(=O)N(C)C5)c3)cnnc21,-1.552841967106729
CC(C)(C)Cc1nsc2cc(Nc3[nH]nc4nccnc34)cnc12,-1.958607310893644
N#Cc1ccc(Oc2ccc(S(=O)(=O)Nc3ccc(F)cn3)cc2C#N)cc1Cl,-2.677780684585392
CC(C)[N+]1(C)C2CCC1CC(OC(=O)C(CO)c1ccccc1)C2,-0.1366771398200517
CNC(=O)C[C@H]1COc2cc(F)ccc2N1C(=O)c1ccc2c(c1)NC(=O)CO2,-0.2146701649180371
CC(C)Oc1ccc(Nc2nc(=O)n(CCO)c(=O)n2Cc2ccc(Cl)cc2)cc1Cl,-2.9999999565705537
O[C@H]1[C@H](n2cnc3c(N[C@H]4C[C@H]5CC[C@@H]4C5)nc(Cl)nc32)[C@H]2C[C@@]2(CCl)[C@H]1O,-1.5968794771076031
C[C@H](Nc1cc(Cl)nc2c1cnn2[C@@H]1O[C@H](COP(=O)(O)CP(=O)(O)O)[C@@H](O)[C@H]1O)c1ccc(F)cc1,-2.795879990200671
C[C@H](NS(=O)(=O)c1ccc(-c2sc(C(=O)NCC(C)(C)O)nc2C(=O)N2CCC(F)CC2)c(Cl)c1Cl)C(F)(F)F,-0.9393021592687408
C=CC(=O)N(C)CCOc1cncnc1-c1ccc(CN2CCN(CC(C)C)CC2=O)c(C)c1,-1.1549019593653225
Nc1c2c(nc3ccccc13)CCCC2,-0.2596373104267935
CC(=O)OC1=C2C(C)[C@@H](OC(=O)C(O)C(NC(=O)c3ccccc3)c3ccccc3)C[C@@](O)([C@@H](OC(=O)c3ccccc3)[C@@H]3[C@]4(OC(C)=O)CO[C@@H]4C[C@H](O)[C@@]3(C)C1=O)C2(C)C,-1.4317982747592362
Cc1nc2ccc(F)c(-c3cc4c([nH]3)CCNC4=O)c2nc1NC(C)(C)C,-1.7695510760670523
CS(=O)(=O)c1cccc(C(=O)O)c1,-0.4282911680748795
Cn1c(=O)c2c(ncn2C)n(C)c1=O,-0.0177287669151925
COc1cc(F)cc2c1nnc1c2c(-c2ccncc2C)nn1C,-1.013228265286029
Cc1noc(N2C[C@H]3CC[C@@H](C2)[C@@H]3Nc2nc3c(OCC(F)(F)F)ccc(C(F)(F)F)n3n2)n1,-1.3372421673743076
O=C1NCc2nc(-c3c(F)cccc3F)cc(Nc3ccc(C(=O)N4CCCC4)cc3)c21,-2.9999999565705537
CN(Cc1cnc2nc(N)nc(N)c2n1)c1ccc(C(=O)NC(CCC(=O)O)C(=O)O)cc1,-0.1674910872298968
C[C@@H]1CCC[C@H](C)N1CCCC(O)(c1ccccc1)c1ccccn1,-0.3098039198828548
CC(=O)Nc1cc(-c2[nH]c3cccnc3c2-c2cccc(C(F)F)n2)ccn1,-0.7447274946554192
O=C(Cn1nnc2ccccc21)N(Cc1cccc(Cl)c1)c1ccc(-c2c[nH]cn2)cc1,-1.7447274924839469
CCN=C1N[C@@H]2[C@@H](O)[C@H](O)[C@@H](C(F)F)O[C@@H]2S1,-0.0132282656889825
NS(=O)(=O)c1nccc(-c2ccc(CO)cc2)c1-c1nn[nH]n1,-0.5228787451355728
NC(=O)c1cc(-c2ccc(F)cc2)n2nc(COc3ccnc(C(F)(F)F)c3)cc2n1,-1.5228787438326894
CCc1nc(-c2ccc3c(c2)CC[C@H]3NC(=O)c2cn[nH]c2)no1,-0.6989700041188716
CO[C@@H]1CCN(c2nccc(Nc3cc4c(C(C)C)ccc(N5C[C@H](CS(C)(=O)=O)[C@H]5C)c4cn3)n2)C[C@@H]1F,-2.045757485735181
Cc1nc(C2CCOC2)c2c(N3CCc4c(c(C5CC5)nn4C)C3)ncnn12,-0.7495799974471203
CN=C1N[C@@H]2[C@H](F)[C@H](O)[C@@H](C(F)F)O[C@@H]2S1,-0.0315170513993665
N#Cc1ccc(O[C@H]2CN(S(=O)(=O)c3ccc(Cl)cc3Cl)C[C@@]2(O)CN)cc1F,-1.4436974980263393
Nc1ccc(S(=O)(=O)Nc2ncccn2)cc1,-0.0655015487059329
CC(C)CCn1c(CN2C(=O)C3(CC3)c3ccccc32)nc2cc(CN)ccc21,-0.9999999995657056
CC(C)C[C@](C)(N)COc1ccc(-c2ccnc(C(F)F)c2)cc1C(F)(F)F,-2.397939997814676
C=CC(=O)N1CCC([C@@H]2CCNc3c(C(N)=O)c(-c4cc(OC)c(C)c(OC)c4)nn32)CC1,-0.872895201311092
COc1cc(C(F)(F)F)ccc1-c1cccc2cc(S(=O)(=O)Nc3ccncn3)ccc12,-2.522878730803855
C[C@H](Nc1c(C(N)=O)nnc2ccc(-c3ccc(OCCCN(C)C)nc3)cc12)C1CCOCC1,-1.2218487488925325
Cn1ccc(-c2ccc(Cc3cc(C(=O)N[C@@H]4CCOC[C@H]4O)nc4c3ccn4C)cc2)n1,-1.5228787438326894
Cn1nc(C2CC2)c2ccc(Nc3[nH]nc4nccnc34)cc21,-1.455931954408883
CCN=C1N[C@@H]2[C@@H](O)[C@H](O)[C@@H](CF)O[C@@H]2S1,-0.0087739242631893
NC(=O)c1cccc(-c2cnc(NC[C@]3(c4ncccc4F)C[C@H](F)C3)nc2)c1,-0.8239087406547891
CC(Cn1c(=O)nc(Nc2ccc(OCC3CC3)cc2)n(Cc2ccc(Cl)cc2)c1=O)C(=O)O,-1.6777807031980116
Cc1cc(C)c(-c2cn(C)cn2)cc1NC(=O)c1ccc(OCc2ccccn2)cc1,-1.999999995657055
COc1nnc2ccc(N3CCC(c4ccc(CCN5CCN(C)C(=O)C5C)cc4)CC3)nn12,-1.6989700021645464
COc1ccccc1Oc1c(NS(=O)(=O)c2ccc(C(C)(C)C)cc2)nc(-c2ncccn2)nc1OCCO,-3.917214270762639
COc1cc(F)cc2c(N3CCN4c5c(F)cccc5OC[C@@H]4C3)c(C#N)nnc12,-0.5228787451355728
CCCNCC(O)COc1ccccc1C(=O)CCc1ccccc1,-1.0457574900781257
Cc1nnc2sc(C(=O)c3cccnc3)c(N)c2c1C,-2.3010299869780915
O=C1C(N2CCC(c3ccc(O)cc3)CC2)CCN1Cc1ccc(F)cc1,-0.9586073144469618
COc1cc(NC2CN(CCCF)C2)ccc1[C@@H]1c2ccc3[nH]ncc3c2C[C@@H](C)N1CC1(F)CC1,-0.2924298238169078
CO[C@H](C)COc1cc(C)nc(C(=O)Nc2nc(C)cs2)c1,-1.0457574900781257
O=C(NCCN1CCC2(CC1)C(=O)NC[C@H]2c1ccc(F)cc1)c1cc2ccccc2[nH]1,-2.7033347878044047
Cc1ccc(C(=O)Nc2cccc(C(F)(F)F)c2)cc1NCc1cncc(-c2ccn(C)n2)c1,-1.795880014629735
O=C(O)c1cc(Cl)c2oc3ccccc3c(=O)c2c1,-1.7695510760670523
CCc1nc([C@@H](N)CC(C)C)nc2ccc(-c3cnco3)cc12,-0.6020599911542446
CC(C)CC(N)C(=O)Nc1ccc(-c2cnco2)c(OC(F)F)c1,-1.198970003141709
CCC(=O)CCCCCC1NC(=O)C2CCCCN2C(=O)C([C@@H](C)CC)NC(=O)C(Cc2cn(OC)c3ccccc23)NC1=O,-2.346787476573668
Cc1cccc(C)c1CN1CCn2cc(O)c(=O)cc2C1,-0.507239610833518
CCCC[C@H](NC(=O)C(C)c1c(C)[nH]c2ccc(O)cc12)c1nc(-c2cc3ccccc3nc2OC)c[nH]1,-3.221848677233949
C=CC(=O)N1CC[C@@H](NC(O)=c2sc3nccc4c3c2nc(=O)n4-c2ccc(Oc3ccccc3)cc2C)C1,-2.3279021328239744
C[C@H]1CC(C(=O)O)CCC1C(=O)N1CC[C@@]2(S(=O)(=O)c3ccc(F)cc3)c3ccc(C(F)(C(F)(F)F)C(F)(F)F)cc3CC[C@@H]12,-1.6777807031980116
C=c1cc(C)[nH]c1=Cc1c(O)[nH]c2ccccc12,-2.154901953781536
C[C@@H]1CN(Cc2ccc3c(-c4cnn(C)c4)cc(C(N)=O)nc3c2)C[C@H](C(F)(F)F)O1,-1.397940007586301
Cc1cc(-c2[nH]c3ccc(C4CCNCC4)cc3c2C(C)C)cc(C)n1,-0.9586073144469618
Cc1cc(C(=O)NC2CCc3cc(-c4noc(C)n4)ccc32)ccn1,-1.013228265286029
Cn1nccc1-c1nccc2cc(Nc3[nH]nc4cccnc34)ccc12,-3.0555172784981885
Cn1cc(Nc2nccc(-c3ccc4c(c3)CCCC[C@H]4NC(=O)c3nc(C(C)(C)C)no3)n2)cn1,-2.045757485735181
CC(C)Oc1ccc(Nc2nc(=O)n(CC(C)C(=O)O)c(=O)n2Cc2ccc(Cl)cc2)cc1F,-2.045757485735181
CCNC(=O)N1C[C@H]2[C@H](C)[C@@H](C)[C@H](/C=C/c3ccc(-c4ccccc4C#N)cn3)[C@@H]3[C@@H](C)OC(=O)[C@@]32C1,-1.2218487488925325
Cc1ccc(CC(C)(C)NC[C@@H](O)CO[C@H](C)c2ccccc2-c2ccc(C(=O)O)c(C)c2)cc1F,-2.4522252823092177
NC(=O)c1ncn([C@@H]2O[C@H](CO)[C@@H](O)[C@H]2O)n1,-0.022276394665437
Cc1cc(-c2ccc(N3CCC(c4nc(C(C)C)no4)CC3)nc2)c(C#N)cc1C#N,-1.5228787438326894
Cc1ccc(NC(=O)c2cc(C(F)(F)F)cnn2)cc1-c1ccc2c(c1)OC1(CCOCC1)CC(=O)N2,-1.2218487488925325
COc1ccc(Cc2nccc3cc(OC)c(OC)cc23)cc1OC,-1.0457574900781257
C[C@@H](O)C1C(=O)N2C(C(=O)O)=C(S[C@@H]3CN[C@H](CNS(N)(=O)=O)C3)[C@H](C)[C@H]12,-0.1870866432903298
O=C(Nc1cccc([C@@H]2CN(c3ncnc4[nH]ccc34)CCN2CCO)c1)Nc1c(F)cccc1N1CCCC1,-2.8860566142858968
CC(C)C[C@](C)(N)COc1cnc(-c2ccnc(C(F)F)c2)cc1C(F)F,-0.9136401689692728
CCCC1CNCc2c1[nH]c(=O)c(C#N)c2N1CCC2(CC1)CC2,-0.6989700041188716
N=C(N)c1ccc(OCCCCCOc2ccc(C(=N)N)cc2)cc1,-0.3979400085634639
O=C(O)C1CCCN(C(=O)n2cnc(-c3ccc(-c4cnc(N5CCOCC5)nc4)cc3)n2)[C@H]1c1ccccc1,-2.5638373370510217
CC(C)(C)NC(=O)C1CN(Cc2cccnc2)CCN1C[C@@H](O)CC(Cc1ccccc1)C(=O)N[C@H]1c2ccccc2C[C@H]1O,-1.187086642688999
NC12CC3CC(CC(C3)C1)C2,-0.2839966562816826
Oc1ccc2c(c1)[C@]13CCCC[C@@]1(O)[C@H](C2)N(CC1CCC1)CC3,-0.4685210828300111
COc1cc2ncnc(Nc3ccc(F)c(Cl)c3)c2cc1OCCCN1CCOCC1,-1.4814860588060683
Cc1cc(-c2ccc(OC[C@@](C)(N)CC(C)C)c(C(F)(F)F)c2)ccn1,-1.5850266503588186
O=C(O)CC(CC1CCCC1)C(=O)N(c1nc(-c2ccccc2-c2ccc(-n3cccn3)nc2)cs1)C1CC1,-2.8860566142858968
Cc1nnc(-c2ccc(-c3c(F)c(F)cc4c3C(=O)N([C@@H](C(C)(C)O)C(F)(F)F)C4)cc2)o1,-1.4317982747592362
Cc1cc(C)c2c(N)c(C(=O)c3ccncc3)sc2n1,-2.3010299869780915
CC(=O)Nc1ccc(O)cc1,-0.5686362356801629
CCn1cnc2c(-c3ccc(F)c(-c4ccc(S(=O)(=O)CC)cc4OC)c3)cnnc21,-1.1366771392846202
CS[C@@H](Cn1nnc2cc(C#Cc3ccc(N4C[C@H](O)[C@@H](O)C4)cc3)ccc21)N(O)C=O,-1.2218487488925325
CO[C@@H]1CC(C(=O)Nc2ccc(-n3cc(Cl)ccc3=O)cc2F)N(C(=O)Nc2ccc(Cl)cc2)C1,-1.2652001696113473
CN=C1N[C@@H]2[C@H](F)[C@H](O)[C@@H](CO)O[C@@H]2S1,-0.0177287669151925
CC(=O)Nc1nc(C)c(-c2cc3c(c(S(C)(=O)=O)c2)C(=O)N([C@@H](C)C2CC2)C3)s1,-0.9208187535904632
c1ccc2cc(N=C3NC[C@@]4(CN5CCC4CC5)O3)ncc2c1,-0.5702477198361442
Cc1c[nH]c(=O)c2sc(C(=O)NCc3ccc(S(=O)(=O)C(F)(F)F)cc3)c(N)c12,-1.2924298230505058
CC(=O)N1Cc2cc(S(C)(=O)=O)ccc2C1C(=O)Nc1ccc(C(O)(C(F)(F)F)C(F)(F)F)cc1,-0.6382721637935834
Cc1nnc(-c2ccc(-c3cc(F)c(F)c4c3C(=O)N([C@H](C3CC3)C(C)(C)O)C4)cc2)o1,-1.6777807031980116
Cc1c(Cl)nnc2sc(C(=O)NC3CN(c4ncc(C(F)(F)F)cn4)C3)c(N)c12,-1.657577317203728
Cc1cc2ncccc2cc1Nc1ncc2c(n1)n([C@@H]1CNC[C@H]1F)c(=O)n2C,-0.7958800170726411
COc1cc(N2CC(NC(=O)c3sc4nnc(Cl)c(C)c4c3N)C2)c(Cl)cn1,-2.3010299869780915
CN(C)CCC=C1c2ccccc2CCc2ccccc21,-0.9586073144469618
CS[C@@H](Cn1nnc2cc(C#Cc3ccc(N4CC5(C4)C[S+]([O-])C5)cc3)ccc21)N(O)C=O,-1.0457574900781257
CS(=O)(=O)N(CCO)c1c(Cl)c(Cl)cc2[nH]c(=O)c(=O)[nH]c12,-1.5228787438326894
Cc1cc(N2C(=O)C3=C(CCCC3)C2=O)c(F)cc1NC(=O)c1occc1C,-1.9208187503332543
CC[C@H]1OC(=O)C(C)[C@@H](O[C@H]2C[C@@](C)(OC)[C@@H](O)[C@H](C)O2)[C@H](C)[C@@H](O[C@@H]2O[C@H](C)C[C@H](N(C)C)[C@H]2O)[C@](C)(O)CC(C)C(=O)C(C)[C@@H](O)[C@]1(C)O,-0.6575773189803872
Cc1ncn(CC(=O)N2CCN(c3sc(C(F)(F)F)nc3-c3cnc(C(F)(F)F)nc3)C[C@H]2CCO)n1,-0.9832881218342944
COc1cc2nc(N3CCN(C(=O)c4ccco4)CC3)nc(N)c2cc1OC,-0.7156058936166809
O=S(=O)(Nc1ccc(C(F)(F)F)nc1)c1ccccc1C(F)(F)F,-2.346787476573668
CCn1cc(C(=O)O)c(=O)c2cc(F)c(N3CCNCC3)cc21,-0.0604807473314625
O=C(Nc1cccc(Cl)c1)N1CCOc2ccc(-c3ccncc3)cc2C1,-2.0655015437064965
C#CCOc1cnc(C(=O)Nc2cc(F)c(F)c([C@@]3(C)N=C(N)S[C@@]4(COC)C[C@H]43)c2)cn1,-2.259637302609493
CC(C)c1c(C(=O)Nc2ccccc2)c(-c2ccccc2)c(-c2ccc(F)cc2)n1CC[C@@H](O)C[C@@H](O)CC(=O)O,-3.318758672146405
Nc1ncc(-c2cnc(C3CCNCC3)s2)cc1OC1CCCCC1,-1.1249387360292409
O=C(c1nsc2cc(Nc3[nH]nc4cccnc34)ccc12)N1CCOCC1,-1.2291479876217637
COc1nnc2ccc(N3CCC(c4ccc(OCCN5CCN(C)C(=O)C5C)cc4)CC3)nn12,-1.397940007586301
CNc1cc(Nc2cccn(-c3ncccc3F)c2=O)nc2c(C(=O)N[C@@H]3CC[C@H]3OC)cnn12,-1.0177287665080414
Cc1cc(C)c2cc(C(=O)NC3CN(c4cc(Cl)ncc4Cl)C3)ccc2n1,-2.6989699826212954
Cc1cc(-c2ccc3c(c2)-c2nnc(Nc4cccc(OC(F)(F)F)c4)n2CCO3)ccn1,-1.0227337871150737
O=C(N[C@@H]1CNCC[C@H]1c1ccc(F)c(F)c1)c1cc2c(s1)OCCn1ncc(Br)c1-2,-1.5044556610660291
COc1ccc(C(=O)NCc2cc(C(C)C)no2)cc1OC1CCN(C)CC1,-0.4559319555256402
CC(Cc1ccc(O)cc1)NCC(O)c1cc(O)cc(O)c1,-0.022276394665437
c1cnc2c(Nc3ccc4cnccc4c3)[nH]nc2c1,-1.3372421673743076
Cc1nn(C)c2cnc(C(=O)NC3CN(c4cc(Cl)ncc4Cl)C3)cc12,-1.958607310893644
CCCc1nc2c(C)cc(-c3nc4ccccc4n3C)cc2n1Cc1ccc(-c2ccccc2C(=O)O)cc1,-3.18837498978718
Cc1cc(C#N)cnc1C(=O)Nc1ccc(F)c([C@]2(C)CS(=O)(=O)[C@@](C)(C(F)F)C(=N)N2)n1,-0.3279021419718794
CCCc1nn(C)c2c(=O)[nH]c(-c3cc(S(=O)(=O)N4CCN(C)CC4)ccc3OCC)nc12,-1.3010299947953925
O=C(Nc1nc2cccc(C3CCC4(CC3)CCN(C(=O)C3CC3(F)F)CC4)n2n1)C1CC1,-1.173925196650973
O=C(O)c1cc(-c2ccc(F)cc2F)ccc1O,-1.8538719612196584
CC1(C)S[C@@H]2C(NC(=O)C(N)c3ccccc3)C(=O)N2C1C(=O)O,-0.2218487495439739
C[C@H]1CCCOc2cc(F)ccc2C(=O)Nc2cccc(n2)-c2nncn21,-1.3565473225267797
Cc1cccc(C)c1C(=O)N[C@H](c1ccccc1)C12CCC(CC1)CN2C,-0.8538719640115515
Cc1nn(C)cc1S(=O)(=O)N1CCC(C(=O)Nc2ccc3scnc3c2)CC1,-1.5228787438326894
O=c1[nH]c2ccc(-c3c(Cl)cccc3Cl)cc2[nH]1,-0.2218487495439739
C#Cc1cnc2[nH]c(=O)n(C(CC)CC)c2n1,-1.2310904517143624
CN(C)CCCN1c2ccccc2Sc2ccc(Cl)cc21,-2.823908711991354
CN(C)CCn1cc(-c2ccc3c(c2)C(=O)Nc2cccc(n2)-c2nncn2CCCCO3)cn1,-1.657577317203728
C[C@H](Nc1ncnc(N)c1C#N)c1nc2ccc(F)cc2n1-c1cccnc1,-0.4436974991120754
Cn1cncc1-c1cc(F)ccc1CN1CCP(=O)(O)[C@](CCCCN)(C(=O)O)C1,-0.05060999330629
COc1cc(C(F)(F)F)ccc1-c1cccc2cc(S(=O)(=O)Nc3ncns3)ccc12,-2.9999999565705537
C[C@@H](NC(=O)c1ccc(F)cc1)c1ccc2c(n1)CCCN2c1ccnc(C(F)(F)F)n1,-1.4317982747592362
COCc1nc(-c2ccc3c(c2)CC[C@H]3NC(=O)c2cnn(C)c2)no1,-1.0035024503385594
Cc1onc(CNC(=O)c2c3c(c(Cl)n2C)CC(C)(C)CC3)c1Cn1cccn1,-2.522878730803855
CC(C)CCn1c(CN2C(=O)C3(CC3)c3cc(F)ccc32)nc2cc(CN)ccc21,-0.721246398818595
Cc1nn(C)c2cc(Nc3[nH]nc4cccnc34)ccc12,-1.050609992867116
COCc1c(-c2ccc(F)cc2)c(=CC[C@@H](O)C[C@@H](O)CC(=O)O)c(C(C)C)nc1=C(C)C,-3.747146726397559
c1ccc([C@]2(CCNCc3scc4c3CCC4)CCO[C@]3(CCOC3)C2)nc1,-0.2365720063621844
COc1nn(-c2cncc(N(C)C)c2)cc1C(=O)Nc1cccc(-c2nncn2C(C)C)n1,-0.1549019599237011
CC(C)(C)S(=O)(=O)c1ccc2nccc(Nc3[nH]nc4ccc(F)cc34)c2c1,-1.5850266503588186
C=CC(=O)N1CCN(c2nc(=O)n(-c3c(C)ccnc3C(C)C)c3nc(-c4c(O)cccc4F)c(F)cc23)[C@@H](C)C1,-1.3010299947953925
COc1nnc2ccc(N3CCC(c4ccc(OCCN5[C@H](C)CN(C(C)=O)C[C@@H]5C)cc4)CC3)nn12,-1.2218487488925325
CC(C)CCn1c(CN2C(=O)C3(CC3)c3cccc(F)c32)nc2cc(CN)ccc21,-0.9829666602836288
COc1ccc(OCC2c3cccn3CC(=O)N2Cc2cccc(F)c2)cc1,-1.8860566443524365
COc1cn(C(C[C@@H]2CCCCO2)C(=O)Nc2ccc(C(=O)O)cc2)c(=O)cc1-c1cc(Cl)ccc1C#N,-0.8239087406547891
Cc1cnc(NC(=O)C2C(=O)c3ccccc3S(=O)(=O)N2C)s1,-2.397939997814676
CNc1nc(Nc2ccc(-n3cnc(C)n3)c(OC)c2)nc2c1CCC2c1ccc(F)cc1,-2.154901953781536
COc1cc(N2CC(Nc3ncnc4c3ccc3nn(C)c(C)c34)C2)c(Cl)cn1,-2.6989699826212954
CCC(=O)N(c1ccccc1)C1(COC)CCN(CCn2nnn(CC)c2=O)CC1,-0.7958800170726411
CCn1nnc2c(C)c([C@@H](CC(=O)O)c3ccc4c(c3)CN(C(=O)c3c(C)c(C)cc(C)c3C)CC4)ccc21,-2.245651656642952
C[C@@H](c1ccc2ccc(O[C@H]3CC[C@@H](C)CC3)c(C(F)(F)F)c2c1)N1C2CCC1CC(C(=O)O)C2,-2.657577299437136
NC(=O)c1ccn(-c2cnc(NC[C@]3(c4ncccc4F)C[C@H](F)C3)nc2)c1,-0.3010299955771223
FC(F)(F)Oc1cccc(Nc2nnc3n2CCOc2ccc(-c4ccncc4)cc2-3)c1,-2.3872161326877164
CCc1noc2cc(Nc3[nH]nc4cccnc34)ccc12,-1.4317982747592362
CC(C)CN1[C@H](c2c(F)cc(/C=C/C(=O)O)cc2F)c2ccc3[nH]ncc3c2C[C@H]1C,-2.283996648013384
CCc1cc(-c2ccc3c(c2)-c2nnc(Nc4cccc(C(F)(F)F)c4)n2CCO3)ccn1,-2.468521070184378
COc1ccc([C@@H](Oc2ccc3c(cnn3-c3ccc(F)cc3)c2)[C@H](C)NC(=O)C2CC2)cn1,-2.200659443652856
Cc1cc(C)c2c(n1)sc1c(NCc3ccc(S(C)(=O)=O)cc3)ncnc12,-3.6197885773323977
C[C@H](c1nc2cnc(N3CCCC(C(=O)N4CCCC4)C3)nc2[nH]1)n1cc(Cl)cn1,-0.7304870555485921
N=C1N[C@@]2(c3cc(NC(=O)c4ncc(F)cc4F)ccc3F)CN(c3ncc(F)cn3)C[C@H]2CS1,-1.0861861470866558
COc1nn2cc(-c3ccc(OC(F)(F)F)cc3)nc2s1,-2.221848742378115
COCCc1ccc(OCC(O)CNC(C)C)cc1,-0.1611509091998035
N[C@@H]1CCC=C(c2ccc(F)cc2)[C@H]1COc1cc(F)c(S(=O)(=O)Nc2cscn2)cc1Cl,-1.6989700021645464
COc1ccc(-c2c(C)nn3c(C(F)(F)F)cc(C)nc23)cc1,-1.6777807031980116
FC(F)Oc1cc(-n2cc(COc3ncccn3)nn2)ccc1Cl,-1.6197887564788336
O=c1cc2n(cc1O)CCN(Cc1ccc(Cl)cc1Cl)C2,-0.5528419685026755
O=C(CCCCCCC(O)=NO)Nc1ccccc1,-0.1698044507342155
COc1cc(N2CC(NC(=O)c3ccc4nn(C)c(C)c4c3N)C2)c(Cl)cn1,-2.096910007579376
Cc1nc2sc(C(=O)c3ccccc3)c(N)c2c(C)c1C,-2.096910007579376
Cn1ccc(-c2cncc(CNc3cc(C(=O)Nc4cccc(OC(F)(F)F)c4)ccc3F)c2)n1,-1.050609992867116
O=C(O)c1cn(C2CC2)c2cc(N3CCNCC3)c(F)cc2c1=O,-0.1023729086545845
Cn1cc(C(=O)N[C@@H]2CCc3cc(-c4noc(C(F)F)n4)ccc32)cn1,-1.4319569500222111
O=C1Nc2cccc(n2)-c2nncn2CCCCOc2cc(F)ccc21,-1.4814860588060683
CON=C(C(=O)NC1C(=O)N2C(C(=O)[O-])=C(Cn3cc[n+]4ncccc34)CS[C@H]12)c1nsc(N)n1,-0.0315170513993665
CC(C(=O)N[C@@H]1Cc2ccccc2[C@H]1S(C)(=O)=O)c1ccc(F)cc1,-0.5543957965707413
CCc1nc([C@@H](N)CC(C)C)nc2cc(OC)c(-c3cnco3)cc12,-1.113509274263499
Cc1cnc2c(c1)nnn2-c1ccc(C(=O)N(c2ncccc2Cl)[C@@H]2CCCNC2)nc1,-0.6197887581074379
O=C(O)CC(Cc1ccccc1)C(=O)N(c1nc(-c2ccccc2Cl)cs1)C1CC1,-2.795879990200671
NC(=O)C1CC[C@H](c2ccc(Oc3ccc(F)cc3)cc2)N1,-0.9586073144469618
Cc1cc2ncnn2cc1Nc1ncc2c(n1)n(C1CCOCC1)c(=O)n2C,-0.1860867309743741
Cn1ncc(-c2ccc(C(=O)N(c3ncccc3Cl)[C@@H]3CCCNC3)cc2)c1C(=O)O,-0.1598939054804829
CCOC(=O)C1=C(COCCN)N=C(C)C(C(=O)OC)C1c1ccccc1Cl,-1.2218487488925325
CCCCN1CCCCC1C(=O)Nc1c(C)cccc1C,-0.6382721637935834
Cc1nnc(-c2ccc(-c3cccc4c3C(=O)N([C@H](C3CC3)C(C)(C)O)C4)cc2)o1,-1.8860566443524365
N#Cc1ccc2ncn(C[C@H]3CCC[C@]4(C3)CN(c3ccc(F)cc3)C(=O)O4)c2c1,-1.187086642688999
O=C(Nc1ccc(Cl)c(Cl)c1)N1CCOc2ccc(-c3ccncc3)cc2C1,-2.823908711991354
CC1C(=O)NC(Cc2ccc(F)cc2)C(=O)NCCCc2ccccc2O[C@H](C)CNC(C2CC2)C(=O)N1C,-0.8860566473590905
O=C(Nc1nc2cccc(-c3ccc(CN4CCS(=O)(=O)CC4)cc3)n2n1)C1CC1,-0.399027104204406
O=C(O)c1ccccc1O,-0.5528419685026755
Cc1ccc(C2=C(c3nn[nH]n3)C(=O)N[C@@](c3ccc(OCCCC(F)(F)F)cc3)(C(F)(F)F)C2)cc1,-2.045757485735181
O=C(NCC1CCC(F)(F)CC1)c1c(Cl)ccc2nc(N3CC[C@H](F)C3)ccc12,-1.3872161422210096
COc1cc(N2CC(NC(=O)c3cn4c(C)c(C)nc4cn3)C2)c(Cl)cn1,-1.7695510760670523
C=C[C@H]1CN2CC[C@H]1C[C@@H]2[C@@H](O)c1ccnc2ccc(OC)cc12,-0.4948500215443769
C[C@H](COc1ccccc1)COc1ccn(-c2ccc(Cl)cc2)c(=O)c1,-1.999999995657055
COc1cc(N2CC(NC(=O)c3ccc4nc(C)cc(C)c4c3)C2)c(Cl)cn1,-2.6989699826212954
CC(C)C(C(=O)Nc1nccs1)c1ccc(Cl)cc1,-2.2076083034969964
CC[C@H]1OC(=O)C(C)[C@@H](O[C@H]2C[C@@](C)(OC)[C@@H](O)[C@H](C)O2)[C@H](C)[C@@H](O[C@@H]2O[C@H](C)C[C@H](N(C)C)[C@H]2O)[C@](C)(O)C[C@@H](C)CN(C)[C@H](C)[C@@H](O)[C@]1(C)O,-0.1487416512197565
COc1nnc2sc(C(=O)NC3CN(c4ncc(C(F)(F)F)cn4)C3)c(N)c2c1C,-1.7447274924839469
Cc1nc2cnc(C(=O)NC3CN(c4cc(Cl)ncc4Cl)C3)cn2c1C,-2.045757485735181
Cn1nc(C(=O)NCCN2CCOCC2)cc1-c1cc2ccccc2[nH]1,-0.754487331939092
CNC1(c2ccccc2Cl)CCCCC1=O,-0.2757241303172685
CCCn1c(=O)[nH]c(=O)c2[nH]cnc21,-0.721246398818595
Cc1ncc(-c2ccc3nc(NC(=O)C4CC4)sc3c2)cc1NC(=O)OC1CCOCC1,-1.7447274924839469
COc1ccc(-c2cc(C(N)=O)nc3cc(COc4ccnc(C)c4)nn23)c(F)c1,-1.5228787438326894
Cn1cc(NC(=O)C2CCCCC2C(=O)c2ccc(-c3cc[nH]n3)cc2)c(C(F)(F)F)n1,-1.2676062393727825
O=C1CN=C(c2ccccc2)c2cc(Cl)ccc2N1,-0.6736641388663926
COC(=O)Nc1ccc2c(c1)NC(=O)C(C)CCC[C@H](N1CCC(c3c(F)ccc(Cl)c3F)=CC1=O)c1cc-2ccn1,-2.154901953781536
CNS(=O)(=O)Cc1ccc2[nH]cc(CCN(C)C)c2c1,-0.0705810742346138
CC(=O)CCCCn1c(=O)c2c(ncn2C)n(C)c1=O,-0.1191864076620646
C[C@@H](O)C1C(=O)N2C(C(=O)O)=C(S[C@H]3CC(C(=O)N4CC[C@H](NC(=O)CN=C(N)N)C4)N(C)C3)[C@H](C)[C@H]12,-0.022276394665437
CC(C(=O)N[C@H]1COc2ccccc2[C@@H]1S(C)(=O)=O)c1ccc(F)cc1,-0.5482135643222489
O=C(NCCN1CCC2(CC1)C(=O)NC[C@H]2c1ccc(F)cc1)c1ccc(F)cc1,-2.609064875242374
CC(c1ncncc1F)[C@](O)(Cn1cncn1)c1ccc(F)cc1F,-0.3565473234151092
C[C@H](Oc1ccc(C#N)cc1C(=O)N1Cc2cn(-c3cncc(F)c3)nc2C1)C(F)(F)F,-0.9829666602836288
O=C(NCC1CCCCN1)c1cc(OCC(F)(F)F)ccc1OCC(F)(F)F,-0.387216143174339
Cc1nnc2sc(C(=O)NC3CN(c4ncc(C(F)(F)F)cn4)C3)c(N)c2c1C,-1.552841967106729
Cc1nnc2ccc(C(=O)NC3CN(c4ncc(C#N)cc4Cl)C3)cc2c1C,-2.096910007579376
CC(=O)N[C@@H]1C[C@H](NC(C)(C)C)CC[C@@H]1N1CCC(Nc2ncnc3cc(C(C)(C)C)nn23)C1=O,-0.1611509091998035
O=C(O[C@@H]1OC(C(=O)O)[C@@H](O)[C@H](O)[C@H]1O)c1c[nH]c2cc(Cl)c(-c3ccc(C4(O)CCC4)cc3)cc12,-2.744727470769224
CCC(C)n1ncn(-c2ccc(N3CCN(c4ccc(OC[C@H]5CO[C@](Cn6cncn6)(c6ccc(Cl)cc6Cl)O5)cc4)CC3)cc2)c1=O,-0.0457574905124201
O=C1NC2(CC2)COc2ncc(F)cc2[C@H]2CCCCN2c2ccn3ncc1c3n2,-1.6989700021645464
COc1ccc(-c2nnc(-c3cc(Cl)ccc3-c3ccnn3C)o2)cc1OC,-1.4089353918599252
Cc1[nH]nc2[nH]c(=O)cc(C3C[C@H]4C[C@@H]3C[C@@H]4CC#N)c12,-0.6575773189803872
O=C(Nc1ccc2scnc2c1)C1CCN(S(=O)(=O)c2ccc3ncsc3c2)C1,-1.999999995657055
Cn1ncc2cc(Nc3[nH]nc4cccnc34)ccc21,-0.896196278702079
COc1cc2nccc(Nc3[nH]nc(C)c3C)c2cc1S(=O)(=O)C(C)(C)C,-1.2596373097161295
COc1cc(C(F)(F)F)ccc1-c1cccc2cc(S(=O)(=O)Nc3nccs3)ccc12,-2.9999999565705537
C[C@H]1CCCOc2ccccc2C(=O)Nc2cccc(n2)-c2nncn21,-1.3467874852595574
O=C1NC2(CC2)COc2ncc(F)cc2[C@H]2CNCCN2c2ccn3ncc1c3n2,-0.5228787451355728
CC(Cn1c(=O)nc(Nc2ccc(Oc3cc(F)ccn3)cc2)n(Cc2ccc(Cl)cc2)c1=O)C(=O)O,-2.397939997814676
Cc1ccc(Cn2c(Nc3ccc(OC(C)C)c(Cl)c3)nc(=O)n(CCCC(=O)O)c2=O)cc1,-2.6989699826212954
COc1ccc2ncc(F)c([C@@H](O)CC[C@@H]3CCN(CCSc4cccs4)CC3C(=O)O)c2c1,-0.721246398818595
C[C@@H]1CN(Cc2cc3nc(C(N)=O)cc(-c4ccc(F)cc4)c3s2)C[C@H](C)O1,-1.3010299947953925
COc1ccccc1C(=O)Nc1cccc(-c2nncn2C)n1,-0.6197887581074379
C/N=C1/CN(O)C(c2ccccc2)=c2cc(Cl)ccc2=N1,-0.8239087406547891
O=C(c1cnc(NCc2cnccn2)nc1)N1CCC2(CCOCC2)C1,-0.0904439707053401
COC(=O)C1=C(C)N=C(C)C(C(=O)OCCN(C)Cc2ccccc2)C1c1cccc([N+](=O)[O-])c1,-1.075720713421101
Cc1ccn(CC(=O)N2CCN(c3sc(C(F)(F)F)nc3-c3cnc(C(F)(F)F)nc3)C[C@@H]2CO)n1,-1.999999995657055
O=c1n(CCCN2CCN(c3cccc(Cl)c3)CC2)nc2ccccn12,-0.9208187535904632
Cc1c(C(=O)O)cnn1-c1nc(-c2cccc(C(F)(F)F)c2)cs1,-2.0154726821557465
O=c1c(CC[S+]([O-])c2ccccc2)c(O)n(-c2ccccc2)n1-c1ccccc1,-2.508638292156228
CS[C@@H](Cn1nnc2cc(C#Cc3ccc(N4CC5(COC5)C4)cc3)ccc21)N(O)C=O,-1.2218487488925325
Cn1cc(C(=O)N[C@@H]2CCc3cc(-c4noc(C5CC5)n4)ccc32)cn1,-1.376750708568065
CC(C)NCC(O)COc1ccc(CC(N)=O)cc1,-0.0604807473314625
COCc1ccc(-c2ccc3ncc(C(N)=O)c(N[C@@H](C)C4CCOCC4)c3c2)cn1,-0.7958800170726411
Cc1nc(C)n(CC(=O)N2CCN(c3sc(C(F)(F)F)nc3-c3nc4cc(-c5noc(C)n5)ccc4[nH]3)C[C@H]2C)n1,-1.5376020006034767
CC(C)(C)[C@@H](CO)NC(=O)c1nn(-c2c[n+]([O-])ccn2)c2c1C[C@@H]1C[C@H]21,-0.9999999995657056
CCCCC(=O)N(Cc1ccc(-c2ccccc2-c2nn[nH]n2)cc1)C(C(=O)O)C(C)C,-3.521435174893944
COc1cc([C@@H]2c3cc4c(cc3[C@@H](O[C@@H]3O[C@@H]5CO[C@@H](C)O[C@H]5[C@H](O)[C@H]3O)[C@H]3COC(=O)C23)OCO4)cc(OC)c1O,-0.3665315443194147
O=C(NC[C@@H](Cc1ccccc1)N1CCC(O)(C(F)(F)F)CC1)C1(c2ccc(Cl)cc2)CCCC1,-3.2441250681355007
C[C@H]1CNC(=O)c2cnn3ccc(nc23)N[C@H](C)c2cc(F)ccc2O1,-1.2218487488925325
COc1cc([C@H](O)CN2CCN(C[C@H](O)c3ccc4c(c3C)COC4=O)CC2)ncc1C#N,-0.1450869776314888
OCCOCc1cn(CCNc2nonc2C(=NO)Nc2ccc(F)c(Br)c2)nn1,-1.1726307262999032
C[C@@H](NC(=O)c1ccc(F)cc1)c1ccc2c(n1)CCCN2C(=O)OC1CC1,-0.9586073144469618
C[C@]1(c2cc(NC(=O)c3ccc(C#N)cn3)ccc2F)N=C(N)CO[C@H]1C(F)(F)F,-0.5850266518621456
CCN(CC)CCNC(=O)c1ccc(NC(C)=O)cc1,-0.2365720063621844
O=C1Nc2cccc(n2)-c2nncn2CCCCOc2ccc(N3CC4(COC4)C3)cc21,-1.2218487488925325
Cc1[nH]c2c(N3CCO[C@H](CO)C3)c(C#N)c(C(F)(F)F)nc2c1Cl,-1.6143937246144675
C[C@@H]1Cc2c(ccc3[nH]ncc23)[C@@H](c2ccc(NC3CN(CCCF)C3)cn2)N1CC(F)(F)F,-0.5850266518621456
CCC(C(=O)Nc1ccc(C(=O)O)cc1)n1cc(OC)c(-c2cc(Cl)ccc2C#N)cc1=O,-1.0409586072016597
COc1ccc2c(CN3CCC(F)(F)[C@H](CCc4ccc(F)cc4)C3)c[nH]c2c1,-2.045757485735181
CNC(=O)c1nn(C)c2ccc(Nc3nccc(-n4cc(N[C@@H]5CCOC[C@@H]5N)cn4)n3)cc12,-0.5528419685026755
CNC(=O)c1nn(C)c2ccc(Nc3nccc(-n4cc(NCC5(N)CC5)c(C)n4)n3)cc12,-1.2518119722182737
Cc1nc2sc(C(=O)c3cccnc3)c(N)c2c(C)c1Cl,-2.3010299869780915
O=c1[nH]c(=S)n(CCO)c2cc[nH]c12,-0.0877779434144273
Cn1cc2c(-c3cc(F)c(CN4Cc5cnn(CC6CCCO6)c5C4=O)c(F)c3)cccc2n1,-1.5686362342325146
C[C@H](COc1ccccc1)Oc1ccn(-c2cccc(Cl)c2)c(=O)c1,-1.3467874852595574
Cc1c([C@@H]2CN3CCN(C(=O)Cc4ccc(-n5cnnn5)cn4)C[C@H]3CO2)ccc(F)c1C#N,-0.3187587625339347
C[C@H]1C[C@H]2CSC(=N)N[C@@]2(c2cc(C#N)ccc2F)CO1,-0.0990869322077713
CCCCNC(=O)NS(=O)(=O)c1ccc(C)cc1,-1.397940007586301
Cc1cc(-c2ccc(C(=O)C3CCCCC3C(=O)Nc3cn(C)nc3C(N)=O)cc2)[nH]n1,-1.6197887564788336
CCC1C(=O)N(C)c2cnc(Nc3cc4c(cc3OC)N(C(=O)CN3CCN(S(C)(=O)=O)CC3)CC4)nc2N1C1CCCC1,-1.958607310893644
NC(=O)c1cc(-c2ccc(F)cc2F)n2nc(COc3ccnc(C(F)(F)F)c3)cc2n1,-1.5228787438326894
C[C@H](NC(=O)CCc1nc2cccnc2n1Cc1ccc(OC(F)(F)F)cc1)c1ccc(Cl)cc1,-1.6989700021645464
C[C@H]1CCCn2cnnc2-c2cccc(n2)NC(=O)c2ccccc2O1,-1.6197887564788336
CCc1cc2ncc(CN3CCN(c4ccc(C(=O)NC)nc4)CC3)cc2[nH]c1=O,-1.4948500203229238
O=C(c1ccccc1-c1ncccn1)N1[C@@H]2CC[C@H]1[C@H](Nc1cnc(C(F)(F)F)cn1)C2,-0.6695862264478678
O=c1cc2n(cc1O)CCN(Cc1ccccc1Cl)C2,-0.560667306011812
Cn1ncc(S(=O)(=O)N2CCC(C(=O)Nc3ccc4scnc4c3)[C@@H](F)C2)c1Cl,-2.3010299869780915
CCc1nc(-c2ccc3c(c2)CC[C@H]3NC(=O)c2ocnc2C)no1,-1.1462149113081057
Cc1nc2cc(-c3cc(F)cc(C#N)c3)ccc2s1,-2.183758693377767
COc1cc(NC(=O)C(N)CC(C)C)ccc1-c1cn[nH]c1,-0.9999999995657056
CC(C)CCn1c(CN2C(=O)C3(CC3)c3ccc(F)cc32)nc2cc(CN)ccc21,-0.4775557663632613
Cc1cc(C)c2c(n1)sc1c(N3CCC3)ncnc12,-3.1487415901126923
N#Cc1cc(S(=O)(=O)Nc2ncns2)ccc1Oc1ccc(-c2cccc(C(F)(F)F)c2)cc1-c1ccnc(CNCCC2CCNCC2)c1,-2.629818636499253
COc1ccc2c(c1)c(CC(=O)O)c(C)n2C(=O)c1ccc(Cl)cc1,-2.154901953781536
N#Cc1ccc(N2C3CCC2CN(C(=O)CCS(=O)(=O)c2cccc4ncsc24)C3)nc1,-0.6989700041188716
O=C(Nc1cnccc1-c1ccc(F)cc1)c1ccnc(Nc2ccc(F)cc2)n1,-2.154901953781536
CN1C(N)=N[C@](C)(c2cc(NC(=O)c3ccc(F)cn3)ccc2F)CS1(=O)=O,-0.6777807050592738
CC(C)COc1ncc(-c2cc(F)c(-c3n[nH]c(S(=O)(=O)C4CCC4)n3)cc2F)cc1Cl,-2.795879990200671
COCCOCC(CC1(C(=O)NC2CCC(C(=O)O)CC2)CCCC1)C(=O)O,-0.6382721637935834
CCn1cc(C(=O)O)c(=O)c2cc(F)c(N3CCN(C)CC3)cc21,-0.5528419685026755
CC(C)c1cc2cccc(-c3nnc(C4CCN(CC5CCOCC5)CC4)o3)n2n1,-0.7695510783662587
Cc1cc(C)c2c(n1)sc1c(N3CCCC3)ncnc12,-3.267606159752135
C=CC1=C(C(=O)O)N2C(=O)C(=NC(=O)C(NOCC(=O)O)c3csc(N)n3)[C@H]2SC1,-0.3979400085634639
Cc1ccc(CN2CCC(N3CC[C@@H](c4ccc(O)cc4)[C@H](F)C3)C2=O)cc1,-1.0457574900781257
CON=C(C(=O)NC1C(=O)N2C(C(=O)O)=CCS[C@H]12)c1csc(N)n1,-0.1549019599237011
Cn1cc(C(=O)N2CC3(C2)CN(c2cncc(N4C(=O)c5ccc(Cl)cc5C4(C)C)c2)C3)cn1,-1.1804560638001094
COc1nn2cc(-c3c(CO)n(Cc4ccccc4Cl)c4ccc(OC(F)(F)F)cc34)nc2s1,-2.522878730803855
C[C@@H](O)C1C(=O)N2C(C(=O)O)=C(SCCN=CN)C[C@H]12,4.342945178152237e-11
Cc1ccoc1C(=O)Nc1cc(F)c(N2C(=O)c3cccc(Cl)c3C2=O)c(F)c1F,-1.9208187503332543
CNC(=O)c1c(-c2ccccn2)c([C@H](C)Nc2ncnc(N)c2C#N)nc2cccc(F)c12,-0.7447274946554192
CC(Cn1c(=O)nc(Nc2ccc(Oc3cccnn3)cc2)n(Cc2ccc(Cl)cc2)c1=O)C(=O)O,-1.8538719612196584
COc1cc(Nc2c(C#N)cnc3cc(OCCON4CCN(C)CC4)c(OC)cc23)c(Cl)cc1Cl,-1.187086642688999
Cc1cc(-n2cc3c(n2)CN(C(=O)c2cc(C#N)ccc2OC(C)C)C3)ccn1,-0.9469215561322488
Nc1noc2ccc(-c3cc(Cl)ccc3Oc3cc(F)c(S(=O)(=O)Nc4cscn4)cc3F)cc12,-2.8096682738107104
CNC(=O)c1nn(C)c2ccc(Nc3nccc(-n4cc(CN(C)C)c(C)n4)n3)cc12,-1.3010299947953925
C[C@H]1c2cccc(CCC(C)(C)O)c2C[C@H](CO)N1C(=O)Cc1c(Cl)cccc1Cl,-1.9208187503332543
O=C(c1nsc2cc(Nc3[nH]nc4cccnc34)ccc12)N1CCC(F)(F)CC1,-1.5376020006034767
CCCC[C@@H]1CC(=O)[C@]2(O)O[C@@H]3[C@@H](NC)[C@@H](O)[C@@H](NC)[C@H](O)[C@H]3O[C@@H]2O1,-0.2076083104316986
c1cnc2c(Nc3ccc4c(C5CC5)[nH]nc4c3)[nH]nc2c1,-1.8538719612196584
C=CC(=O)N1CC(NC(=O)Cn2c(C3CC3)c(C(=O)N3CCc4c(cccc4OC)C3)c3cc(Cl)cc(C)c32)C1,-1.6989700021645464
N=C1N[C@@]2(c3cc(NC(=O)c4ccc(F)cn4)ccc3F)CN(c3ncc(F)cn3)C[C@H]2CS1,-1.657577317203728
Cc1ncc(S(=O)(=O)N2CCC(C(=O)Nc3ccc4scnc4c3)[C@@H](F)C2)s1,-2.154901953781536
Cc1nc(C)n(CC(=O)N2CCN(c3sc(C(F)(F)F)nc3-c3nc4c(F)c(N5CCOCC5)ccc4[nH]3)C[C@H]2C)n1,-1.4814860588060683
Cc1ccc(CN2CCC(F)(F)[C@H](CCc3ccccc3)C2)cc1C,-2.397939997814676
CCOc1ccc(N2C[C@@]3(CCC[C@](C)(Cn4cnc5ccc(C#N)cc54)C3)OC2=O)cn1,-1.5086383047647771
NC(=O)C1C[C@H](F)CN1Cc1ccc(OCc2cccc(F)c2)cc1,-1.2975694626927794
O=S(=O)(CC1CC1)c1n[nH]c(-c2cc(F)c(-c3cnc(Oc4ccccc4C(F)(F)F)c(Cl)c3)cc2F)n1,-2.4436974871689774
CNCC[C@@H](Oc1ccccc1C)c1ccccc1,-0.9586073144469618
O=C(Nc1cc(F)c(Br)cc1C(=O)O)c1ccc(SC(F)(F)F)cc1,-1.3872161422210096
CCc1nc(-c2ccc3c(c2)CC[C@H]3NC(=O)c2cc(C)ncn2)no1,-1.1867271697783466
OC[C@H]1O[C@@H](n2cnc3c(NC(C4CCC4)C4CCC4)ncnc32)[C@H](O)[C@@H]1O,-0.8356471439181009
COc1cnc(C(=O)Nc2ccc(F)c([C@]34CN(c5ncc(F)cn5)C[C@H]3CSC(=N)N4)c2)cn1,-1.187086642688999
O=C(O)CCCCO/N=C(/c1cccnc1)c1cccc(C(F)(F)F)c1,-1.3010299947953925
c1cnc2c(Nc3ccc4c(C5CCCC5)noc4c3)[nH]nc2n1,-2.096910007579376
CC(Cn1c(=O)nc(Nc2ccc(Oc3cnccn3)cc2)n(Cc2ccc(Cl)cc2)c1=O)C(=O)O,-1.7447274924839469
CC(=O)Nc1nnc(S(N)(=O)=O)s1,-0.6989700041188716
NC(=O)C[C@H]1COc2cc(F)cc(F)c2N1C(=O)c1ccc2c(c1)NC(=O)CO2,-0.2218487495439739
Cc1cc(O[C@@H]2CCOC2)cc(C(=O)Nc2nc(C)cs2)n1,-0.9586073144469618
Cn1ccc2c(Cc3ccc(-c4nccs4)cc3)cc(C(=O)N[C@@H]3CCOC[C@H]3O)nc21,-1.6989700021645464
Cn1cc(Nc2nccc(-c3ccc4c(c3)CCCC[C@H]4NC(=O)c3noc(C(C)(C)C)n3)n2)cn1,-2.221848742378115
CCC[C@H](Oc1cc(C)c(-n2cc(C(F)(F)F)cn2)c(C)c1)c1ccc(C(=O)NCCC(=O)O)cc1,-2.406713921900602
O=C(NC[C@H](O)CO)C1C[C@H](c2ccccc2)CCN1,-0.1804560643923291
CC(C)(C)Cc1noc2cc(Nc3[nH]nc4cccnc34)ccc12,-1.657577317203728
C[C@@H](CN1CCC2(CC1)C(=O)NC[C@H]2c1ccc(F)cc1)NC(=O)c1ccc2ccccc2c1,-3.2146700937934223
CN(C(=O)C(CC(=O)O)Cc1ccccc1)c1nc(-c2ccccc2Cl)cs1,-3.0969099587212496
C[C@@H](O)C1C(=O)N2C(C(=O)[O-])=C(SC3Cn4cnc[n+]4C3)[C@H](C)[C@H]12,-0.0177287669151925
COc1ccc(-c2c(C)nn3c(C(F)(F)F)cc(C)nc23)c(F)c1F,-1.657577317203728
C[C@@H](c1ccc2ccc(O[C@H]3CC[C@@H](C(F)(F)F)CC3)c(C(F)(F)F)c2c1)N1C2CCC1CC(C(=O)O)C2,-2.346787476573668
C[C@@H]1CN(c2c(F)c(N)c3c(=O)c(C(=O)O)cn(C4CC4)c3c2F)C[C@H](C)N1,-0.3010299955771223
Cc1cc(-c2ccnc(Nc3cnn(C)c3)n2)ccc1CNC(=O)N1CC(OC(C)C)C1,-1.892790026959206
C[C@H]1CN(c2cc(-c3[nH]nc4ccc(OC5(C)CC5)cc34)ncn2)CCO1,-1.721246396761411
Cc1nc(-c2ccc3c(c2)CC[C@H]3NC(=O)c2cnn(C)c2)no1,-1.187086642688999
Nc1ccn([C@H]2CC[C@@H](CO)O2)c(=O)n1,-0.0705810742346138
COc1ccc2[nH]c([S+]([O-])Cc3ncc(C)c(OC)c3C)nc2c1,-0.721246398818595
C=c1cc2/c(=C/c3ccc(CO)n3-c3ccc(C(=O)OCC)cc3)oc(O)c2c(=O)[nH]1,-1.8068753988615995
COCCCOc1cc2c(cc1OC)-c1cc(=O)c(C(=O)O)cn1[C@H](C(C)(C)C)CO2,-0.382999658774199
O=C(O)C1CCN(C(=O)n2cnc(-c3ccc(-c4cnc(N5CCOCC5)nc4)cc3)n2)[C@@H](c2ccccc2)C1,-2.4522252823092177
Cn1cc2c3cc(C(=O)O)ccc3n(-c3ccc(C(F)(F)F)cc3)c2n1,-2.154901953781536
CN1CCN(c2c(F)cc3c(=O)c(C(=O)O)cn(CCF)c3c2F)CC1,-0.3098039198828548
CNS(=O)(=O)c1cc(-c2sc(NC(C)=O)nc2C)cc2c1C(=O)N([C@@H](C)C1CC1)C2,-1.0969100124651885
Cn1nccc1Nc1nccc(-c2ccn([C@H](CO)c3ccc(Cl)c(F)c3)c(=O)c2)n1,-1.3565473225267797
CC(C)(O)c1cnc(N2C[C@@]3(CCC[C@](C)(Cn4cnc5ccc(C#N)cc54)C3)OC2=O)cn1,-1.0861861470866558
NC(=O)N1c2ccccc2C=Cc2ccccc21,-0.7752080432485018
Cc1cc(O[C@@H]2CCOC2)cc(C(=O)Nc2ccc(F)cn2)n1,-0.5850266518621456
CNC[C@@H](Nc1ncnc2c(C(N)=O)cccc12)c1cccc(F)c1,-0.6382721637935834
Cc1ccc(Cn2c(Nc3ccc(OC(C)C)c(Cl)c3)nc(=O)n(CC(C)C(=O)O)c2=O)cc1,-1.8538719612196584
Fc1ccc(N2CCN(Cc3ccn4c(CC5CC5)nnc4c3C(F)(F)F)CC2)c(F)c1,-1.2518119722182737
O=C(NC[C@H]1CN(c2ccc(N3CCOCC3=O)cc2)C(=O)O1)c1ccc(Cl)s1,-1.8860566443524365
CC(C)CCn1c(CN2C(=O)C3(CCCC3)c3ccncc32)nc2cc(CN)ccc21,-0.6197887581074379
C[C@H]1NCc2cc(-c3ccc4c(=O)c(C(=O)O)cn(C5CC5)c4c3OC(F)F)ccc21,-0.8860566473590905
Cn1ccnc1SC[C@H]1CCN(S(=O)(=O)c2ccc3c(c2)CCO3)C[C@@H]1F,-3.221848677233949
NC(=O)OC[C@@H]1C(=NC(=O)C(NOCC(=O)O)c2csc(N)n2)C(=O)N1S(=O)(=O)O,-0.1549019599237011
COc1ccc(-c2c(C)nn3c(C(F)(F)F)cc(C)nc23)cc1F,-1.5228787438326894
CC(O)c1cn(CCNc2nonc2C(=NO)Nc2ccc(F)c(Br)c2)nn1,-1.3565473225267797
COc1ccc(-c2cc3c(S(=O)(=O)O)c[nH]c3cc2Cl)cc1,-2.325138850080488
Cc1nc(=O)c2c([nH]1)c([C@H](C)c1ccc(C(F)(F)F)c(F)c1)nn2CCO,-1.3098039190851711
CC(C)(C)CN1C[C@@]2(CCC[C@](C)(Cn3cnc4ccc(C#N)cc43)C2)OC1=O,-0.8538719640115515
CON=C(C(=O)NC1C(=O)N2C(C(=O)O)=C(CSc3nc(C)c(CC(=O)O)s3)CS[C@H]12)c1csc(N)n1,-2.0132282612564927
CON=C(C(=O)NC1C(=O)N2C(C(=O)[O-])=C(C[N+]3(C)CCCC3)CS[C@H]12)c1csc(N)n1,-0.0457574905124201
COc1ccsc1CNCC[C@@]1(c2ccccn2)CCOC2(CCCC2)C1,-0.4436974991120754
CC(C)Oc1ccc2[nH]nc(-c3cc(N4C[C@@H](C)O[C@@H](C)C4)ncn3)c2c1,-1.7695510760670523
COC(=O)C1=C(C)N=C(C)C(C(=O)OCC(C)C)C1c1ccccc1[N+](=O)[O-],-2.045757485735181
CCCc1nc(C)c2c(C)nc3ccc(OC)nc3n12,-2.522878730803855
C[C@H](CN1CCOCC1)n1c(NC(N)=O)nc2cc(/C=C3\c4ccccc4COc4cc(F)ccc43)ccc21,-3.387216037354794
COc1ccc(-c2ccccc2-c2csc(N(C(=O)C(CC(=O)O)CC3CCCC3)C3CC3)n2)cn1,-3.221848677233949
Cc1cc(-c2ccc3c(c2)-c2nnc(Nc4cccc(Cl)c4)n2CCO3)ccn1,-1.4723700978399537
CC(C(=O)N1C[C@@H](C)N[C@H](C)C1)N1CCC(n2c(=O)[nH]c3ccccc32)CC1,-0.9665762441109258
CC(C)Oc1ccc(Nc2nc(=O)n(C[C@@H](O)CO)c(=O)n2Cc2ccc(Cl)cc2)cc1Cl,-2.9999999565705537
COCCOC(=O)C1=C(C)N=C(C)C(C(=O)OC(C)C)C1c1cccc([N+](=O)[O-])c1,-1.5228787438326894
O=C1Nc2cccc(n2)-c2nncn2CCCCOc2ccccc21,-1.0861861470866558
CCc1nc(-c2ccc3c(c2)CC[C@H]3NC(=O)c2ccnnc2)no1,-0.5086383060256323
C[C@@H]1CN(C2CCC(C#N)(c3ccc(F)cc3)CC2)CC[C@]1(C(=O)O)c1ccccc1,-0.337242168224014
CC(C)(N)CC(=O)NC1CCc2ccccc2N(Cc2ccc(-c3ccccc3-c3nn[nH]n3)cc2)C1=O,-1.6989700021645464
CS(=O)(=O)c1ccc2c(c1)C(=O)Nc1cccc(n1)-c1nncn1CCCCO2,-0.8696662311832942
c1cnc2c(Nc3ccc4c(C5CC5)nsc4c3)[nH]nc2c1,-1.8538719612196584
C[C@H](Nc1nccc(N2C(=O)OC[C@@H]2[C@H](C)F)n1)c1cn(-c2ccc(C(F)F)cc2)cn1,-0.022276394665437
COC(=O)CCc1ccc(OCC(O)CNC(C)C)cc1,-0.1487416512197565
Fc1ccc(CC[C@@H]2CN(Cc3c[nH]c4cc(Cl)ccc34)CCC2(F)F)cc1,-2.522878730803855
Cc1nnc2n1-c1sc(Br)cc1C(c1ccccc1Cl)=NC2,-0.6575773189803872
O=C(N[C@H]1CN(S(=O)(=O)c2ccccc2)CC1C(=O)N[C@H]1CCCNC1)c1cc(-c2ccccc2Cl)on1,-1.6197887564788336
CN(C)C[C@@H](OC(=O)N1Cc2c(NC(=O)C3(C(F)(F)F)CC3)n[nH]c2C1(C)C)c1ccccc1,-0.4412914293468634
Cc1nnc(-c2ccc(-c3cc(F)cc4c3C(=O)N([C@H](C3CC3)C(C)(C)O)C4)cc2)o1,-1.5850266503588186
C[C@H]1COc2cc(F)ccc2N1C(=O)c1ccc2c(c1)NC(=O)CO2,-1.0409586072016597
CNC(=O)C[C@H]1COc2ccc(Cl)cc2N1C(=O)c1ccc2c(c1)NC(=O)CO2,-0.4685210828300111
COc1ccc2c(CN3CCC(F)(F)[C@H](CCc4cccc(F)c4)C3)c[nH]c2c1,-2.6989699826212954
Cc1cc(-c2ccc3c(c2)-c2nnc(Oc4cccc(Cl)c4F)n2CCO3)ccn1,-1.95467701730078
Cc1nc2c(-c3nc[nH]n3)cc(-c3ccnc(N)c3F)cc2n1-c1ccnc2c(F)ccc(F)c12,-0.721246398818595
COc1cc(Cc2cnc(N)nc2N)cc(OC)c1OC,-0.2924298238169078
C[C@@H](NC(=O)c1ccc(F)cc1)c1ccc2c(n1)CCCN2C(=O)c1cccc(Cl)c1,-1.4317982747592362
Cc1c(OCCNCCCF)ncc(F)c1[C@@H]1c2[nH]c3ccccc3c2C[C@@H](C)N1CC(C)C(=O)O,-0.4317982758156281
CC[C@H]1C(C(=O)N[C@]2(C(=O)NS(=O)(=O)C3(C)CC3)C[C@H]2C(F)F)N2C[C@@H]1Oc1nc3cc(OC)ccc3nc1C(F)(F)CCCC[C@@H]1C[C@H]1OC(=O)NC(C(C)(C)C)C2=O,-2.376750699261755
CN1C(=O)CN=C(c2ccccc2F)c2cc([N+](=O)[O-])ccc21,-0.8239087406547891
N#Cc1ccc(O[C@H]2CN(S(=O)(=O)c3ccc(Cl)cn3)C[C@@]2(O)CN)cc1F,-0.8538719640115515
Cc1cc(C)c2cc(C(=O)NC3CN(c4ccc(C(F)(F)F)nc4)C3)ccc2n1,-2.397939997814676
O=C(CCCc1c[nH]nn1)NC1CCN(C(=O)OCc2cc(Cl)cc(Cl)c2)CC1,-1.397940007586301
C[C@@H]1[C@@H]2CN(c3nc(Nc4cnn(C)c4)ncc3F)C[C@]12NC(=O)C1CC1(F)F,-0.721246398818595
CNc1cc(Nc2cc(F)cc(F)c2OC)nn2c(C(=O)NC[C@](C)(O)CO)cnc12,-0.5086383060256323
CC1=NC(=O)[C@](CCN(C(C)C)C(C)C)(c2ccccc2)[C@H]2CCCCN12,-0.2006594504774826
O=S(=O)(Nc1ncns1)c1ccc2c(-c3ccc(C(F)(F)F)cc3Br)cccc2c1,-2.522878730803855
CC(C)Oc1ccc(Nc2nc(=O)n(CC(C)(C)C(=O)O)c(=O)n2Cc2ccc(Cl)cc2)cc1Cl,-2.522878730803855
CC(C)C[C@](C)(N)COc1ccc(-c2ccnc(C(F)F)c2)nc1C(F)F,-0.9999999995657056
CN1C(=O)CN=C(c2ccccc2)c2cc(Cl)ccc21,-0.9999999995657056
O=C(Cc1cncnc1)N(Cc1cccc(Cl)c1)c1ccc(-c2cn[nH]c2)cc1,-0.9586073144469618
COc1ccc(-c2cc(C(=O)N[C@H]3CCCN(C)C3)nn2C)c(Cl)c1,-0.6946486303383789
Cc1ccc(C(=O)Nc2cccc(C(F)(F)F)c2)cc1Nc1cncc(C(N)=O)c1,-1.7447274924839469
OC[C@@]12C[C@@H]1[C@@H](n1cnc3c(NC(C4CCC4)C4CCC4)ncnc31)[C@H](O)[C@@H]2O,-0.7495799974471203
COc1ccc(C(CN(C)C)C2(O)CCCCC2)cc1,-0.2291479882842466
Cc1ccccc1Oc1cc(-n2c(=O)cc(C(F)(F)F)[nH]c2=O)c2ccccc2c1Cl,-3.25963723154313
COC(=O)Nc1cc(-c2cnc(OC[C@@](C)(N)CC(C)C)c(C)c2)ccn1,-0.978810700516448
COc1ccc(-c2cc(C(N)=O)nc3cc(COc4cnc(C)nc4)sc23)cc1,-1.6989700021645464
Cn1nc(C2CC2)c2ccc(Nc3[nH]nc4ncccc34)cc21,-1.5086383047647771
Nc1ncn([C@H]2C[C@H](O)[C@@H](CO)O2)c(=O)n1,4.342945178152237e-11
Cc1cc(C)c2c(n1)sc1c(C3CCN(C(=O)C4(C)CC4)CC3)ncnc12,-3.769550823154459
O=C(c1ccc(F)cc1)C1CCN(CCn2c(=O)[nH]c3ccccc3c2=O)CC1,-1.999999995657055
CC1(C)N=C(C2CCCCC2)c2ccc(C#N)cc2N(c2ccc(NCCNC3CCOCC3)cc2)C1=O,-1.5376020006034767
Cc1cccc(Cc2nc3cc(OC4CCC(C(=O)O)CC4)ccc3n2C)c1,-1.7695510760670523
NCc1ccc2c(c1)nc(CN1C(=O)C3(CC3)c3ccc(F)cc31)n2CCCC(F)(F)F,-0.2839966562816826
CN(CCOc1ccc(NS(C)(=O)=O)cc1)CCc1ccc(NS(C)(=O)=O)cc1,-0.3279021419718794
CCc1nc(-c2ccc3c(c2)CC[C@H]3NC(=O)c2ccnc(C)c2)no1,-1.3767507083095565
Cc1nnc2ccc(C(=O)NC3CN(c4cc(Cl)ncc4Cl)C3)cc2c1C,-1.7695510760670523
CCC(C(=O)Nc1ccc(C(N)=O)c(F)c1)n1cc(OC)c(-c2cc(Cl)ccc2-n2cc(C(F)(F)F)nn2)cc1=O,-1.6197887564788336
CN=C1N[C@@H]2[C@@H](O)[C@H](O)[C@@H](C(F)F)O[C@@H]2S1,-0.0809219075716014
CC(Cn1c(=O)nc(Nc2ccc(Oc3ccccn3)cc2)n(Cc2ccc(Cl)cc2)c1=O)C(=O)O,-1.999999995657055
CCOc1cc(CN2CCC3(CC2)CC(=O)N(c2ccc(C(=O)O)cc2)C3)cc(OCC)c1-c1ccc(F)cc1,-1.2441251435655885
CCc1ncn(CC(=O)N2CCN(c3sc(C(F)(F)F)nc3-c3cnc(C(F)(F)F)nc3)C[C@H]2CCO)n1,-1.3467874852595574
CC(=O)N1CCC(c2nsc3cc(Nc4[nH]nc5cccnc45)ccc23)CC1,-1.4089353918599252
C[C@]12CC[C@@H]3c4ccc(O)cc4CC[C@H]3[C@@H]1CC[C@@H]2O,-1.2757241295797874
CCc1nsc2cc(Nc3[nH]nc4cccnc34)ccc12,-1.5228787438326894
CC(C)n1cnnc1-c1cccc(NC(=O)c2ccccc2F)n1,-0.507239610833518
COC[C@H]1Cn2cc(-c3nc(Nc4ccnn4C)ncc3C)nc2C(=O)N1Cc1ccc(F)c(F)c1,-0.6777807050592738
CC(C)(C)NCC(O)c1ccc(O)c(CO)c1,-1.3010299947953925
CC(C)Oc1ccc(Nc2nc(=O)n(CC(C)C(=O)O)c(=O)n2Cc2ccc(Cl)cc2)cc1Cl,-2.610924356712576
N#Cc1ccc(OC[C@@H](N)CCNS(=O)(=O)c2ccc(Cl)cc2Cl)cc1F,-2.075720708767946
Cc1cccnc1N(C(=O)c1ccc(-c2cnn3cccnc23)cc1)[C@@H]1CCCNC1,-2.494850008108392
CC(=O)N1CCN(c2ccc(OC[C@H]3CO[C@](Cn4ccnc4)(c4ccc(Cl)cc4Cl)O3)cc2)CC1,-2.46218089233848
Cc1ccc(C2=C(c3nn[nH]n3)C(=O)N[C@@](c3ccc(OCCCCCC(F)(F)F)cc3)(C(F)(F)F)C2)cc1,-2.221848742378115
CC1(OC(=O)N2CCC(n3ncc(COc4ccc(C(N)=O)cc4F)c3C#N)CC2)CC1,-1.3565473225267797
CO[C@H]1/C=C/O[C@@]2(C)Oc3c(C)c(O)c4c(O)c(c(C=NN5CCN(C)CC5)c(O)c4c3C2=O)NC(=O)C(C)=CC=CC(C)[C@H](O)[C@@H](C)[C@@H](O)[C@@H](C)[C@H](OC(C)=O)[C@@H]1C,-0.9208187535904632
COc1ccc(CCNCC(O)COc2cccc(C)c2)cc1OC,-1.2218487488925325
O=c1[nH]cc(F)c(=O)[nH]1,-0.1611509091998035
CCC[C@@H]1CC(C(=O)N[C@@H]([C@H]2O[C@H](SC)[C@H](O)[C@@H](O)[C@H]2O)[C@H](C)Cl)N(C)C1,-0.4881166388874965
O=C(NS(=O)(=O)N1CCC1)c1cc(C2CC2)c(OCC23CC4CC(CC(C4)C2)C3)cc1F,-3.886056313620613
c1cnc2c(Nc3ccc4c(C5CC5)nsc4c3)[nH]nc2n1,-2.096910007579376
CC1CCC[C@H](n2cnc(-c3cc(Cl)ccc3-n3cc(Cl)nn3)cc2=O)c2cc(ccn2)-c2c(cnn2C(F)F)NC1=O,-1.5376020006034767
Cc1noc2ccc(Nc3[nH]nc4ncc(F)cc34)cc12,-1.3565473225267797
C[C@H]1NC(=O)c2cc(-c3cccc4c(=O)n(C5CC5)c(NC5(C)CC5)nc34)[nH]c21,-1.3279021411402516
O=S(=O)(Nc1ccncn1)c1cc2c(cc1F)[C@@H](N1CC[C@H](C(F)(F)F)C[C@@H]1c1ccccn1)CCO2,-2.031517046776232
C[C@@H](c1nc2ccc(N3CCCC(C(=O)N4CCCC4)C3)nc2[nH]1)n1cc(Cl)cn1,-0.8538719640115515
Cc1cc(=O)c(C(=O)NC(C(=O)NC2C(=O)N3C(C(=O)O)=C(CSc4nnnn4C)CS[C@H]23)c2ccc(O)cc2)c[nH]1,-0.2676062400966065
O=C(NCC1(O)CCCC(F)(F)C1)c1c(Cl)ccc2nc(N3CC[C@H](F)C3)ccc12,-1.050609992867116
N#Cc1ccc(O[C@H]2CN(S(=O)(=O)c3ccc(C(F)(F)F)nc3)C[C@@]2(O)CO)cc1F,-0.8326826649563854
Fc1ccc(Nc2[nH]nc3cccnc23)cc1Cl,-1.552841967106729
Cc1nnc2sc(C(=O)NCc3ccc(S(=O)(=O)C(F)(F)F)cc3)c(N)c2c1C,-1.5086383047647771
Cn1ccc(-c2ccc(Cc3cc(C(=O)NC4CCOCC4)nc4c3ccn4C)cc2)n1,-1.397940007586301
CNC(=O)c1cccc(-c2cnc(NC[C@]3(c4ncccc4F)C[C@H](F)C3)nc2)c1,-0.5686362356801629
CNC(=O)c1nnc2ccc(-c3ccc(OCCCN(C)C)nc3)cc2c1N[C@@H](C)C1CCOCC1,-1.6989700021645464
CN(C)CCc1c[nH]c2ccc(CS(=O)(=O)N3CCCC3)cc12,-0.1426675035084128
O=C(C=Cc1c(C(=O)O)[nH]c2cc(Cl)cc(Cl)c12)Nc1ccccc1,-1.5228787438326894
O=C(Nc1ccc(F)cc1)N1N=C(c2ccncc2)CC1c1ccc(F)cc1,-1.5228787438326894
CC(C)Oc1cc(F)cc2c(N3CCN(c4ccccc4F)CC3)c(C#N)cnc12,-2.3010299869780915
Cc1nnc(N2C[C@H]3CC[C@@H](C2)[C@@H]3Nc2nc3c(O[C@@H](C)C(F)(F)F)ccc(C(F)(F)F)n3n2)o1,-1.2291479876217637
COc1cc(NS(C)(=O)=O)ccc1Nc1c2ccccc2nc2ccccc12,-0.9999999995657056
Cc1c(CF)nnc2sc(C(=O)NC3CN(c4ncc(C(F)(F)F)cn4)C3)c(N)c12,-1.4685210816804082
N#Cc1ccc(O[C@H]2CN(S(=O)(=O)c3ccc(Cl)cc3Cl)C[C@]2(O)CO)cc1F,-1.397940007586301
c1ccc(-c2nn[nH]n2)c(Nc2cccc3c2CCCC3)c1,-2.9999999565705537
CCC1C(=O)N(C)c2cnc(Nc3cc4c(cc3OC)N(C(=O)CN3C[C@@H](C)N[C@@H](C)C3)CC4)nc2N1C1CCCC1,-1.5058454045895877
Cc1noc2c(F)cc(Nc3[nH]nc4ncccc34)cc12,-1.4814860588060683
COc1cc(N2CC(NC(=O)c3cc4c(C)n(C)nc4cn3)C2)c(Cl)cn1,-1.657577317203728
C[C@H]1SC(=N)N[C@](C)(c2cc(NC(=O)c3cnc(OCF)cn3)ccc2F)[C@H]1F,-0.9208187535904632
OC(Cn1cncn1)(Cn1cncn1)c1ccc(F)cc1F,-0.0457574905124201
Cc1cccc(-c2ccc(/C=C/[C@@H]3[C@@H]4[C@@H](C)OC(=O)[C@]4(O)CC(F)(F)[C@H]3C)nc2)c1C#N,-1.5228787438326894
CC(C)c1cccc(C(C)C)c1O,-1.5228787438326894
CNC(=O)c1nn(C)c2ccc(Nc3nccc(-n4cc(N[C@@H]5CCCNC5)c(C)n4)n3)cc12,-0.4814860599905081
O=C(O)C(=O)Nc1ccc(NC(=O)C(CC2CCCC2)n2cnc(C(F)(F)F)c2)nc1,-1.6655462468384463
CC(C)CN1[C@H](c2ccc(/C=C/C(=O)O)cc2)c2ccc3[nH]ncc3c2C[C@H]1C,-1.4685210816804082
Nc1cncc(-c2cn3ccnc3c(Nc3ccc(N4CCN(C5COC5)CC4)cc3)n2)n1,-0.9281179923258284
N=C1N[C@@]2(c3cc(NC(=O)c4ccc(F)cn4)ccc3F)COC[C@H]2CS1,-0.4202164032689018
CCC1C(=O)N(C)c2cnc(Nc3ccc(C(=O)NC4CCN(C)CC4)cc3OC)nc2N1C1CCCC1,-0.9430951482825674
Cc1noc2ccc(Nc3[nH]nc4cccnc34)cc12,-1.2365720056882792
CCN[C@@H]1CCC=C(c2ccc(F)cc2)[C@H]1COc1cc(F)c(S(=O)(=O)Nc2cscn2)cc1Cl,-1.455931954408883
OC(CCN1CCCCC1)(c1ccccc1)C1CC2C=CC1C2,-0.5086383060256323
CC(C)(C)Cc1nsc2cc(Nc3[nH]nc4cccnc34)cnc12,-1.795880014629735
O=S(=O)(Nc1ncns1)c1ccc2c(-c3ccc(C(F)(F)F)cc3C3=CCNCC3)cccc2c1,-0.9999999995657056
Cc1nnc(SCC2=C(C(=O)O)N3C(=O)C(NC(=O)Cn4cnnn4)[C@H]3SC2)s1,-1.0969100124651885
O=C1CCSCC(C(=O)Nc2cccc(Cl)c2)N1,-1.6989700021645464
O=C(CN1CCOCC1)Nc1ccc(OC2CCN(C3CCC3)CC2)cc1,-0.4317982758156281
CCCC(Oc1ccc(-n2cc3ccccc3n2)cc1)c1ccc(C(=O)NCCC(=O)O)cc1,-2.468521070184378
Cc1cc(Nc2nc(=O)n(CC(C)C(=O)O)c(=O)n2Cc2ccc(Cl)cc2)ccc1OC(C)C,-1.6989700021645464
CCCC1O[C@@H]2C[C@H]3[C@@H]4CC=C5CC(=O)C=C[C@]5(C)[C@H]4[C@@H](O)C[C@]3(C)[C@]2(C(=O)CO)O1,-1.4089353918599252
Cn1cc(Nc2nccc(-c3ccc4c(c3)CCCC[C@H]4NC(=O)c3nnc(C(C)(C)C)o3)n2)cn1,-2.096910007579376
NC1(COc2cc(F)c3c(c2)CC(CNCCC2CN(c4cnc5c(n4)NC(=O)CO5)C(=O)O2)C3)CC1,-0.4948500215443769
C[C@H](Nc1nccc(N2C(=O)OC[C@@H]2CF)n1)c1cn(-c2ccc(C(F)(F)F)cc2)cn1,-0.0087739242631893
Cn1cc2cc(-c3ccc(CN4Cc5ncsc5C4=O)c(F)c3)ccc2n1,-1.397940007586301
CCN1CCN(C(=O)NC(C(=O)NC2C(=O)N3C(C(=O)O)=C(CSc4nnnn4C)CS[C@H]23)c2ccc(O)cc2)C(=O)C1=O,-0.4436974991120754
Cc1nnc(-c2ccc(-c3c(F)c(F)cc4c3C(=O)N([C@H](C3CC3)C(C)(C)O)C4)cc2)o1,-1.4202164022403096
N#Cc1ccc(Nc2nccc(C(=O)Nc3cnccc3-c3ccc(F)cc3)n2)cc1,-1.721246396761411
C[C@@H]1CCc2ncc(F)cc2[C@H]2CCCN2c2ccn3ncc(c3n2)C(=O)N1,-1.5228787438326894
COc1cc2ncnc(Nc3cccc(Cl)c3F)c2cc1OCCON1CCN(C)CC1,-0.8927900300128391
NCc1ccc2c(c1)nc(CN1C(=O)C3(CC3)c3ccc(F)cc31)n2C1CCOCC1,-0.399027104204406
COc1ccc(-c2cc3c(C(=O)O)[nH]nc3cc2Cl)cc1,-2.357535469865066
CC(=O)Nc1nc(C)c(-c2cc3c(c(NS(C)(=O)=O)c2)C(=O)N([C@@H](C)C2CC2)C3)s1,-1.999999995657055
N#Cc1ccc(N)c(OC[C@@H](N)CCNS(=O)(=O)c2ccc(Cl)cc2Cl)c1,-1.5376020006034767
C[C@]1(c2cc(/C=C(\F)c3ccc(C#N)cn3)ccc2F)N=C(N)S[C@@]2(C(=O)N3CCOCC3)C[C@H]21,-1.5850266503588186
COc1ccc(C(=O)c2sc3nnc(C)c(C)c3c2N)cc1,-2.3010299869780915
Cc1ccc([C@H]2C[C@@H]2COc2cc(NCc3nnc(C)s3)nc(C)n2)nc1,-1.0861861470866558
C=CC(=O)N[C@H]1CCC[C@H]1NC(O)=c1sc2nccc3c2c1nc(=O)n3[C@@H]1CN=C(CC(C)C)C=C1C,-1.4317982747592362
CCS(=O)(=O)N1CC(Oc2cncc(N3C(=O)c4ccc(Cl)cc4C3(C)C)c2)C1,-1.283996655530019
Fc1ccc2[nH]cc(CN3CCC(F)(F)[C@@H](CCc4ccccc4)C3)c2c1,-2.9999999565705537
C=CC(=O)N[C@@H]1CN(c2nc(Nc3cn(C)nc3OC)c3ncn(C)c3n2)C[C@H]1F,-0.6575773189803872
CC1(C)CN(CCC#N)C(=O)C1Oc1ccc(C#N)c(C(F)(F)F)c1,-0.4461169732348143
CNC(=O)c1nn(C)c2ccc(Nc3nccc(-n4cc(N[C@@H]5CCNC5)c(C)n4)n3)cc12,-0.6197887581074379
CC(Nc1ccc2c(c1)OCCn1cc(N3C(=O)OC[C@H]3C(F)F)nc1-2)C(N)=O,-0.216096420655835
CCC1(C)NC(=O)c2cc(S(=O)(=O)Nc3ccc(F)cc3F)cc(Cl)c2NC1=O,-1.5228787438326894
O=C(CCCN1CCC(O)(c2ccc(Cl)cc2)CC1)c1ccc(F)cc1,-0.6197887581074379
CN[C@@H](C)Cc1ccccc1,-0.0362121726072387
Nc1ncc(-c2cnc(C3CCNCC3)s2)cc1OCC1CCCCC1,-0.7447274946554192
COc1ccc2c3c1O[C@H]1C[C@@H](O)C=C[C@@]31CCN(C)C2,-0.124938736550394
COc1ccc(-c2nnc(-c3cc(OC(F)(F)F)ccc3-n3ccnc3)o2)cc1OC,-0.9999999995657056
O=c1cc2n(cc1O)CCN(Cc1c(F)cccc1Cl)C2,-0.277366077383935
CC(C)CN1CCc2cc(O)ccc2[C@H]1c1ccc(/C=C/C(=O)O)cc1,-1.4317982747592362
N#Cc1cnc2c(N3CCOCC3)cccc2c1N1CCN(c2ccccc2F)CC1,-1.999999995657055
CCC(CC)n1c(=O)[nH]c2ncc(Cl)nc21,-1.958607310893644
Cc1nn(C)cc1S(=O)(=O)N1CCC(C(=O)Nc2ccc3scnc3c2)[C@@H](F)C1,-1.6989700021645464
Cc1ccc(NC(=O)N2CCN(Cc3sc4ccccc4c3C)CC2)nc1,-2.356547313643484
C[C@]12C=CC(=O)C=C1CC[C@@H]1C2C(=O)C[C@@]2(C)[C@H]1CC[C@]2(O)C(=O)CO,-0.387216143174339
CC(C)Cc1ccc(C(C)C(=O)O)cc1,-2.621301776413352
CS[C@@H](Cn1nnc2cc(C#Cc3ccc(CN4CCOCC4)cc3)ccc21)N(O)C=O,-1.5228787438326894
Cn1nnc(C(=O)N[C@@H]2CCc3cc(-c4noc(C5CC5)n4)ccc32)n1,-1.0171640139269813
Cc1nnc2sc(C(=O)NCc3ccc(S(=O)(=O)C(F)F)cc3)c(N)c2c1C,-1.1804560638001094
CC(C)c1cc(CNC(=O)c2ccc(Cl)c(OC3CCN(C)CC3)c2)on1,-0.721246398818595
C[C@H](NC(=O)C(F)(F)F)[C@H](Oc1ccc2c(cnn2-c2ccc(F)cc2)c1)c1ccccc1,-3.958606920028789
CC(C)Oc1ccccc1N1CCN(Cc2cccc(C(=O)N3CCCCC3)c2)CC1,-1.5228787438326894
Cc1nc2sccn2c(=O)c1CCN1CCC(=C(c2ccc(F)cc2)c2ccc(F)cc2)CC1,-1.8239087380490224
c1cnc2c(Nc3ccc4c(C5CCCC5)noc4c3)[nH]nc2c1,-2.154901953781536
O=C(c1cccc(N2CCNCC2)n1)N1CCC(c2ccccc2F)CC1,-1.0021769188177976
Cc1cn(-c2ccc3n(c2=O)CCN(C[C@@]24C[C@@H]2C(C)(C)Oc2ccc(C(F)(F)F)cc24)C3=O)cn1,-1.7447274924839469
CNC(=O)c1nn(C)c2ccc(Nc3nccc(-n4cc(N[C@@H]5CCOC[C@@H]5N)c(C)n4)n3)cc12,-0.6020599911542446
O=C(O)c1c[nH]c2cc(Cl)c(-c3ccc(CC(=O)N4CCOCC4)cc3)cc12,-2.1904402786314847
CCCC(CCC)C(=O)O,-0.0555173278004797
C[C@@H]1Cc2c(ccc3[nH]ncc23)[C@@](C)(c2c(F)cc(/C=C/C(=O)O)cc2F)N1CC(C)(F)F,-2.119186402004808
C[C@@H]1Cc2c(ccc3[nH]ncc23)[C@@H](c2c(F)cc(/C=C/C(=O)O)cc2F)N1CC(C)(F)F,-1.8860566443524365
Cc1cc(C)c2c(N)c(C(=O)c3ccc(F)cc3F)sc2n1,-2.3010299869780915
COc1ccc(-c2c(CO)n(Cc3ccccc3Cl)c3ccc(OC(F)(F)F)cc23)cn1,-1.397940007586301
CC(Cn1c(=O)nc(Nc2ccc(Oc3cccc(F)n3)cc2)n(Cc2ccc(Cl)cc2)c1=O)C(=O)O,-2.154901953781536
Cc1nnc2ccc(C(=O)NC3CN(c4ccc(F)c(F)c4)C3)cc2c1C,-2.6989699826212954
C[C@@H](O)C1C(=O)N2C(C(=O)O)=C(COC(N)=O)S[C@H]12,-0.3010299955771223
Cc1cc(-c2ccc(C(=O)C3CCCCC3C(=O)Nc3cnn4c3C(=O)NCC4)cc2)[nH]n1,-1.6197887564788336
CNC(=O)Nc1cc(Oc2cncc(C)c2)c([C@H]2C[C@@H](O)C2)cn1,-0.4948500215443769
COc1ccc(-c2ccc(Cl)cc2-c2csc(N(C(=O)C(CC(=O)O)Cc3ccco3)C3CC3)n2)cn1,-2.5850266353255487
CCN(CC)CCNC(=O)c1ccc(N)cc1,-0.1426675035084128
N[C@@H]1CCC=C(c2ccc(F)cc2)[C@H]1CNc1cc(F)c(S(=O)(=O)Nc2cscn2)cc1Cl,-1.5376020006034767
CC1C(=O)N(C)CCN1CCOc1ccc(C2CCN(c3ccc4nnc(N(C)C)n4n3)CC2)cc1,-1.397940007586301
CC(C(=O)O)c1cccc(C(=O)c2ccccc2)c1,-1.3010299947953925
C[C@H]1OC(=O)[C@]2(N)CC(F)(F)[C@@H](C)[C@H](/C=C/c3ccc(-c4ccccc4C#N)cn3)[C@H]12,-1.0457574900781257
N#C[C@@H]1CCCN1C(=O)CNC12CC3CC(CC(O)(C3)C1)C2,-0.0362121726072387
C[C@]12C=CC(=O)C=C1CC[C@@H]1[C@@H]2[C@@H](O)C[C@@]2(C)[C@H]1CC[C@]2(O)C(=O)CO,-0.5017441637850046
CC(C)c1nc(-c2ccc3c(c2)CC[C@H]3NC(=O)c2nnn(C)n2)no1,-0.9100805356166872
Cc1cc(=O)n(-c2ccccc2)n1C,4.342945178152237e-11
COc1cc2c(OC[C@H]3NC(=O)C4C[C@@]43C)nccc2cc1C(N)=O,-0.5257837357780084
Cc1nc(-c2ccc3c(c2)CCC3NC(=O)c2ccccc2)no1,-1.3665315434104264
CCCCCCCCCCCCCCCCCCCC(=O)O,-0.4365189144869296
C[C@H](Nc1ncnc(N)c1C#N)c1nc2ccc(F)cc2n1-c1cncc(F)c1,-0.4948500215443769
C[C@H]1[C@H](OC(=O)CCC(=O)O)O[C@@H]2O[C@@]3(C)CC[C@H]4[C@H](C)CC[C@@H]1[C@@]24OO3,-0.6575773189803872
C/C=C/c1cnc(C(=O)NC[C@@H](F)CO)cc1Nc1ccccc1F,-0.6968039423634442
O=C(Nc1nc2cccc(C3CCC4(CC3)CCN(C(=O)C3CC3(F)F)C4)n2n1)C1CC1,-0.6882461387323947
COc1ccc(Cc2cc([C@@H]3OC4(COC4)[C@@H](O)[C@H](O)[C@H]3O)ccc2C)cc1,-0.6736641388663926
O=S(=O)(Nc1cncc(C(F)(F)F)c1)c1ccccc1C(F)(F)F,-2.7695510530749927
Fc1ccc2c(CN3CCC(F)(F)[C@H](CCc4ccccc4)C3)c[nH]c2c1,-1.8538719612196584
CN1CC[C@]23c4c5ccc(O)c4O[C@H]2[C@@H](O[C@@H]2OC(C(=O)O)[C@@H](O)[C@H](O)[C@H]2O)C=C[C@H]3[C@H]1C5,-0.0087739242631893
Cc1[nH]nc(Nc2ccnc3ccc(S(=O)(=O)C(C)(C)C)cc23)c1C,-0.9507819769420556
O=S(=O)(c1cc(Cl)c(O)c2ncccc12)N1CCCC1,-0.3010299955771223
CNc1cc(Nc2cccn(-c3ccccn3)c2=O)nc2c(C(=O)N[C@H]3CC[C@@H]3OC)cnn12,-0.8239087406547891
N#Cc1ccc(O[C@H]2CN(S(=O)(=O)c3ccccc3C#N)C[C@@]2(O)CO)cc1F,-0.705533773617953
NC(=O)c1cc(-c2ccc(F)cc2)n2nc(CCc3ccnc(C(F)(F)F)c3)cc2n1,-1.397940007586301
C[C@H]1CCN1c1nc(-c2cnn(CC(=O)N3CCNCC3)c2)cc(C(F)(F)F)n1,-0.7447274946554192
CCn1cc(C(=O)O)c(=O)c2cc(F)c(N3CCNCC3)nc21,-0.1870866432903298
C[C@H]1NC(=O)c2cc(-c3cccc4c(=O)n(C)c(NC(C)(C)C)nc34)[nH]c21,-1.2146701642772748
Nc1[nH]ncc1-c1cc(Cl)ccc1Oc1cc(F)c(S(=O)(=O)Nc2cscn2)cc1Cl,-3.876148032495832
O=C(Nc1ccc(F)cn1)c1cc(Oc2cncc(F)c2)cn2ncnc12,-1.1804560638001094
CC(C)(C)CN1C[C@@]2(CCC[C@H](Cn3cnc4ccc(C#N)cc43)C2)OC1=O,-0.4948500215443769
Cc1nnc2sc(C(=O)c3ccncc3)c(N)c2c1C,-2.3010299869780915
C[C@H](Nc1ncnc(N)c1C#N)c1nc2ccc(F)cc2n1-c1cccc(S(C)(=O)=O)c1,-0.4559319555256402
CN1CCCC(n2nc(Cc3ccc(Cl)cc3)c3ccccc3c2=O)CC1,-0.9999999995657056
CC(C)C[C@](C)(N)COc1ccc(-c2ccnc(C(F)F)c2)cc1C#N,-0.8538719640115515
O=C1Nc2cccc(n2)-c2nncn2CCCCOc2ccc(F)cc21,-1.4436974980263393
OC[C@H]1O[C@@H](n2cnc3c(NC(C4CCC4)C4CCC4)nc(Cl)nc32)[C@H](O)[C@@H]1O,-1.3334820185091396
CCN1CCN(C(=O)NC(C(=O)NC2C(=O)N3C(C(=O)O)C(C)(C)S[C@H]23)c2ccccc2)C(=O)C1=O,-0.2146701649180371
Cc1nnc(-c2nc(C)n3ccc(Nc4nccc(-c5cc(CN(C)C)n(C)n5)n4)cc23)o1,-0.6197887581074379
CC(COc1ccn(-c2ccc(F)cc2)c(=O)c1)Oc1ccccc1,-1.397940007586301
Cc1cn2cc(-c3cc(=O)n4cc(N5CCN(C)CC5)ccc4n3)cc(C)c2n1,-0.9999999995657056
CC(C)NCC(O)COc1cccc2[nH]ccc12,-0.2441251442513166
CC(C)COc1ccc(Nc2nc(=O)n(CC(C)C(=O)O)c(=O)n2Cc2ccc(Cl)cc2)cc1,-1.6020599895907843
COc1ncc(C(=O)N2CCN(C(=O)/C=C/c3ccc4c(c3)OC(F)(F)O4)CC2)cn1,-1.0362121721823856
CCc1nc(-c2ccc3c(c2)CC[C@H]3NC(=O)c2nnn(C)n2)no1,-0.7481046581991245
NC(=O)C1CCC[C@H](c2ccc(OCc3cccc(F)c3)cc2)N1,-1.397940007586301
COc1cc2nc(-c3nc(C(F)(F)F)sc3N3CCN(C(=O)Cn4cnc5cccnc54)[C@H](C)C3)[nH]c2cc1OC,-1.376750708568065
O=C(NC1CCCC1)C1CCN(c2nc3cc(Cl)ccc3o2)CC1,-2.189767475282092
CCCCn1ccc(N2CCC(c3ccccc3)CC2)c(Cl)c1=O,-2.161150902968622
C[C@@]1(c2ccc(F)cc2F)C[C@@H](c2cncnc2)SC(=N)N1,-0.3187587625339347
C[C@](O)(CO)CNc1cc(Nc2cccc(-c3ccc(C(F)(F)F)cc3F)c2)nn2c(C(N)=O)cnc12,-1.9208187503332543
Cc1cc(C(=O)N[C@@H]2CCc3cc(-c4noc(C5CC5)n4)ccc32)ccn1,-1.3098039190851711
COc1ccccc1N1C[C@@]2(CCC[C@](C)(Cn3cnc4ccc(C#N)cc43)C2)OC1=O,-1.4436974980263393
O=C1N=C(c2ccccc2)c2cc(Cl)ccc2NC1O,-1.0457574900781257
Cn1cc(Nc2nccc(-c3ccc4c(c3)CCCC[C@H]4NC(=O)c3cn(C(C)(C)C)nn3)n2)cn1,-2.6989699826212954
C[C@H](Nc1ncnc(N)c1C#N)c1nc2ccc(F)cc2n1-c1ccc(F)cc1,-0.9999999995657056
COc1ccc(C(=O)c2sc3nc(C)cc(C)c3c2N)cc1,-2.3010299869780915
CN1CCc2cccc3c2[C@H]1Cc1ccc(O)c(O)c1-3,-0.9999999995657056
CC(C)Oc1ccc(Nc2nc(=O)n(CCCC(=O)O)c(=O)n2Cc2ccc(Cl)cc2)cc1Cl,-2.6989699826212954
Cn1cc(Nc2nccc(-c3ccc4c(c3)CN(C3COC3)CC[C@H]4NC(=O)c3cn(C(C)(C)C)nn3)n2)cn1,-0.9999999995657056
C[C@@H]1CN(c2sc(C(F)(F)F)nc2-c2nc3ccccc3[nH]2)CCN1C(=O)Cn1cnc2cccnc21,-1.7695510760670523
C[C@H]1NC(=O)c2cc(-c3cccc4c(=O)n(C5(C)CC5)c(NC5(C)CC5)nc34)[nH]c21,-1.397940007586301
Nc1c(C(=O)c2ccncc2)sc2nc(OCc3ccncc3)c3c(c12)CCC3,-2.3010299869780915
C[C@]12CCCN1CC1=NNC(=O)c3cc(F)cc4[nH]c2c1c34,-0.8210230524192184
N#Cc1ccc(OCC2(O)CCN(S(=O)(=O)c3ccc(Cl)cc3Cl)CC2)cc1F,-1.8860566443524365
Cc1c2c(ccc3c(NC4CN(c5cc(Cl)ncc5Cl)C4)ncnc32)nn1C,-2.397939997814676
NC(=O)c1ccn(-c2ccc(NCC3(c4ncccc4F)CCC3)nn2)c1,-0.4559319555256402
CON=C(C(=O)NC1C(=O)N2C(C(=O)O)=C(CSc3nc(=O)c(=O)[nH]n3C)CS[C@H]12)c1csc(N)n1,-1.1487416506692425
Cc1cc(C)c(-c2ncc[nH]2)cc1NC(=O)c1ccc(OCc2ccccn2)cc1,-1.2218487488925325
C[C@@H]1CCCOc2ccccc2C(=O)Nc2cccc(n2)-c2nncn21,-1.3187587617196326
C[C@@H]1Cc2c(ccc3[nH]ncc23)[C@@](C)(c2c(F)cc(/C=C/C(=O)O)cc2F)N1CC(C)(C)F,-2.638272145100039
NC(=O)c1cnn(-c2ccc(NCC3(c4ncccc4F)CCC3)nn2)c1,-0.3767507094986961
O=S(=O)(c1cc(F)c(O)c2ncccc12)C1CCCC1,-0.6989700041188716
O=C1c2ccccc2S(=O)(=O)N1CCCCNC[C@H]1CCc2ccccc2O1,-1.2676062393727825
O=c1[nH]oc2cc(Cl)c(Cl)cc12,-2.351639979259642
CO[C@@]1(NC(O)=c2sc(=C(C(N)=O)C(=O)O)s2)C(=O)N2C(C(=O)O)=C(CSc3nnnn3C)CS[C@@H]21,-0.1549019599237011
COc1cc(/C=C/C(=O)O)ccc1[C@@H]1c2ccc3[nH]ncc3c2C[C@@H](C)N1CC(C)(F)F,-1.657577317203728
O=C1Nc2cccc(n2)-c2nncn2CCCOc2ccccc21,-0.2676062400966065
N#Cc1ccc(N2N=C(N3CCC(C(=O)N4CCC(O)CC4)CC3)C[C@H]2C2CCCC2)cc1Cl,-2.016824923447692
COc1cc(/C=C2\CCCN([C@@H](C)c3ccc(F)cc3)C2=O)ccc1-n1cnc(C)c1,-2.1051303377223336
C[C@H](Nc1ncnc(N)c1C#N)c1nc2ccc(F)cc2n1-c1cccc(F)c1,-0.9999999995657056
CNC(=O)C[C@H]1COc2cc(Cl)ccc2N1C(=O)c1ccc2c(c1)NC(=O)CO2,-0.3979400085634639
N#Cc1cc(S(=O)(=O)Nc2ccc(F)cn2)ccc1Oc1ccc(CO)c(Cl)c1,-2.3665315343205418
Cc1ccc(OCc2cc3nc(C(N)=O)cc(-c4ccc(F)cc4)c3s2)cn1,-1.6989700021645464
C=CC(=O)N1C[C@@H]2C[C@H]1CN2c1ccc(C(N)=O)c(Oc2ccc(Oc3ccccc3)cc2)n1,-2.508638292156228
CC(Cn1c(=O)nc(Nc2ccc(Oc3ccnc(F)c3)cc2)n(Cc2ccc(Cl)cc2)c1=O)C(=O)O,-1.8860566443524365
COc1ccc(NC(=O)C2=C(c3ccc(C)cc3)C[C@](c3ccc(OCCCC(F)(F)F)cc3)(C(F)(F)F)NC2=O)cc1,-1.6197887564788336
C=CCc1ccccc1OCC(O)CNC(C)C,-0.3565473234151092
COc1cccc([C@@]2(O)CCCC[C@@H]2CN(C)C)c1,-0.124938736550394
CCc1nc(-c2ccc3c(c2)CC[C@H]3NC(=O)c2cnc(C)o2)no1,-1.0409848310148635
Cc1cn([C@H]2C=C[C@@H](CO)O2)c(=O)[nH]c1=O,-0.0457574905124201
Cn1cc(-c2ccc3c(c2)C(=O)Nc2cccc(n2)-c2nncn2CCCCO3)cn1,-2.9999999565705537
C[C@H](N)Cc1ccccc1,-0.2291479882842466
Cc1cc(C)c2c(N)c(C(=O)c3ccccc3)sc2n1,-2.3010299869780915
COc1cc(F)cc2c(N3CCN(c4ccccc4F)CC3)c(C#N)cnc12,-1.999999995657055
COc1cc(F)c(-c2c(C)nn3c(C(F)(F)F)cc(C)nc23)cc1F,-1.3372421673743076
O=C(NC[C@H]1CN(c2ccc(N3CCCC3=O)cc2)C(=O)O1)c1ccc(Cl)s1,-2.6989699826212954
COc1ccc(-c2ccccc2-c2csc(N(C(=O)C(CC(=O)O)CC(C)C)C3CC3)n2)cn1,-2.180456057877912
Cc1cc(-c2ccc(OC[C@@](C)(N)CC(C)C)c(C(F)F)c2)ccn1,-1.5086383047647771
N=C(N)N1CCC[C@@H](CNC(=O)CC(NS(=O)(=O)c2ccc3ccccc3c2)C(=O)N(CC(=O)O)C2CC2)C1,-0.4814860599905081
O=C(O)CC(Cc1ccccc1)C(=O)N(c1nc(-c2cc(Cl)ccc2Cl)cs1)C1CC1,-3.999999565705736
Cn1cc(Nc2nccc(N3C[C@H]4CC[C@H](C3)N4C(=O)C3CC3(F)F)n2)cn1,-0.1611509091998035
Cc1ccc2nc(C(=O)NC[C@@H](F)CO)cc(Nc3ccccc3F)c2c1,-1.4089353918599252
CN(C)C(=O)c1cc(CC(=O)O)ccc1NC(=O)c1ccccc1-c1ccc(C(F)(F)F)cc1,-0.6695862264478678
OC[C@@]12C[C@@H]1[C@@H](n1cnc3c(N[C@H]4C[C@H]5CC[C@@H]4C5)nc(Cl)nc31)[C@H](O)[C@@H]2O,-1.1811145847469695
FC(F)c1nnc(-c2ccc(Cn3nnc(-c4ccccn4)n3)nc2)o1,-0.4202164032689018
Cn1c(=O)n(CC(=O)N2CCC2)c2cc(-c3ccc(C(F)(F)F)s3)cnc21,-1.2757241295797874
CCCCCN(CCCOC)C(=O)C(CCC(=O)O)NC(=O)c1ccc(Cl)c(Cl)c1,-2.031517046776232
CN(C)CCCOc1ccc(-c2ccc3ncc4c(c3c2)n(C2CCOCC2)c(=O)n4C)cn1,-0.9586073144469618
COCCCOc1ccnc(C[S+]([O-])c2nc3ccccc3[nH]2)c1C,-1.1366771392846202
Clc1ccc(OC[C@@H]2C[C@H]3C[C@H]3N2)cn1,-0.5086383060256323
O=C(c1ccc(-n2nnc3cccnc32)cc1)N(c1ncccc1Cl)[C@@H]1CCCNC1,-0.6989700041188716
COC(=O)N1CCN([C@H]2CC[C@H](Nc3nc(Nc4cnn(C)c4)nc4ccc(CC#N)nc34)CC2)CC1,-0.6382721637935834
C[C@](N)(CCNS(=O)(=O)c1ccc(C#N)cc1C(F)(F)F)COc1ccc(C#N)c(F)c1,-1.1938200253375275
CC(Cn1c(=O)nc(Nc2ccc(Oc3cncc(F)c3)cc2)n(Cc2ccc(Cl)cc2)c1=O)C(=O)O,-1.6989700021645464
CC(C)=c1nc(N(C)S(C)(=O)=O)nc(-c2ccc(F)cc2)c1=CC[C@@H](O)C[C@@H](O)CC(=O)O,-2.3495120952336697
Cn1cc(-c2ccc(Cc3cc(C(=O)NC4CCOCC4)nc4c3ccn4C)cn2)cn1,-1.2218487488925325
Cc1cc(Oc2cncnc2)cc(C(=O)Nc2ccc(F)cn2)n1,-0.974694134325518
CCOC(=O)C1=C(C)N=C(C)C(C(=O)OC)C1c1cccc(Cl)c1Cl,-2.3010299869780915
O=C(Nc1nc2cccc([C@H]3CC[C@@H](NC(=O)C4CC4(F)F)CC3)n2n1)C1CC1,-0.8068754013671445
COc1cc(N2CC(NC(=O)c3ccc4nnc(C)c(C)c4c3)C2)c(Cl)cn1,-1.9208187503332543
C[C@H](Nc1ncnc(N)c1C#N)c1nc2ccc(F)cc2n1-c1cc(F)cc(F)c1,-0.8860566473590905
Cc1cc(NC(=O)c2occc2C)c(F)cc1N1C(=O)c2ccccc2C1=O,-1.9208187503332543
CCN1CCC(c2ncc(-c3cnc(N)c(OCc4ccncc4)c3)s2)CC1,-0.7958800170726411
Cc1cccc(C)c1NC(=O)NCCCNC(C)C,-0.0555173278004797
CCN(CCO)CCCC(C)Nc1ccnc2cc(Cl)ccc12,-0.2076083104316986
FC(F)(F)c1c(N2CCC(c3ccccc3)CC2)ccn2c(CC3CC3)nnc12,-2.397939997814676
CC1(C)C(=O)Nc2nc(-n3nc(CCC(F)(F)F)c4cc(Cl)ccc43)nc(N)c21,-2.221848742378115
O=C1Nc2cccc(n2)-c2nncn2CCCCCOc2ccccc21,-1.795880014629735
COc1c(N2C[C@@H]3CCCN[C@@H]3C2)c(F)cc2c(=O)c(C(=O)O)cn(C3CC3)c12,-0.2006594504774826
N#Cc1ccc(O[C@H]2CN(S(=O)(=O)c3ccc(Cl)cn3)C[C@@]2(O)CO)cc1F,-0.7447274946554192
O=S(=O)(Nc1ncns1)c1ccc2c(-c3ccc(C(F)(F)F)cc3O)cccc2c1,-2.9999999565705537
NC(=O)c1cc(-c2ccc(F)cc2)n2nc(COc3ccnc(Br)c3)cc2n1,-1.5228787438326894
COC(=O)N1CCN([C@H]2CC[C@H](Nc3ncnc4ccc(C#N)cc34)CC2)CC1,-1.3010299947953925
CNC(=O)Nc1cc(Oc2cncc(OC)c2)c([C@H]2CCCOC2)cn1,-0.5528419685026755
CN=C(C[N+](=O)[O-])NCCSCc1ccc(CN(C)C)o1,4.342945178152237e-11
COCc1ccnc(OCc2cn(-c3ccc(F)c(OC(F)F)c3)nn2)n1,-1.6267201048838311
CC(C)(CC1Cc2ccccc2C1)NC[C@@H](O)COc1cc(C2CC3CC2C2C(C(=O)O)C32)ccc1C#N,-1.9829666565253112
Cc1ncc2n1-c1ccc(Cl)cc1C(c1ccccc1F)=NC2,-1.397940007586301
O=C(NC[C@@H](F)CO)c1cc(Nc2ccccc2F)c2cc(Cl)ccc2n1,-1.8538719612196584
CC(C)(O)CS(=O)(=O)c1ccc2c(c1)nc(C(C)(C)C)n2CC1CCOCC1,-0.3288271571923166
C[C@@H]1CCn2cnnc2-c2cccc(n2)NC(=O)c2ccccc2OC1,-1.455931954408883
Cc1nc2sc(C(=O)c3ccccc3)c(N)c2c(C)c1Cl,-2.3010299869780915
CCOc1cnc(N2C[C@@]3(CCC[C@](C)(Cn4cnc5ccc(C#N)cc54)C3)OC2=O)cn1,-1.4317982747592362
Cn1nc(C2CC2)c2ccc(Nc3[nH]nc4cccnc34)cc21,-1.6197887564788336
O=S(=O)(c1ccc(C(F)(F)F)cc1)c1cc(F)c(O)c2ncccc12,-0.2218487495439739
N#Cc1ccc(S(=O)(=O)NCC[C@H](N)COc2ccc(C#N)c(F)c2)c(C(F)(F)F)c1,-1.8239087380490224
COc1cc(C(F)(F)F)ccc1-c1nccc2cc(S(=O)(=O)Nc3nccs3)ccc12,-1.9208187503332543
C[C@H]1CCN1c1nc(N2C[C@@H]3[C@@H](CC(=O)O)[C@@H]3C2)cc(C(F)(F)F)n1,-1.6338031181985304
COc1cc2nc(N3CCN(C(=O)C4COc5ccccc5O4)CC3)nc(N)c2cc1OC,-1.5228787438326894
CC(C)Oc1ccc(Nc2nc(=O)n(CCCO)c(=O)n2Cc2ccc(Cl)cc2)cc1Cl,-2.522878730803855
N[C@@H](CC(=O)N1CCn2c(nnc2C(F)(F)F)C1)Cc1cc(F)c(F)cc1F,-0.1674910872298968
COC(=O)Nc1cc(-c2ccc(OC[C@@](C)(N)CC(C)C)c(C)n2)ccn1,-0.6478174816956177
C[C@@H](O[C@H]1OCCN(Cc2n[nH]c(=O)[nH]2)[C@H]1c1ccc(F)cc1)c1cc(C(F)(F)F)cc(C(F)(F)F)c1,-2.6989699826212954
Cc1ncc([N+](=O)[O-])n1CCO,-0.0177287669151925
COc1cc(Nc2c(C#N)cnc3cc(OCCCN4CCN(C)CC4)c(OC)cc23)c(Cl)cc1Cl,-1.1426675029655449
N=C(N)NC(=O)c1cnn(-c2cccc3ncccc23)c1C1CC1,-0.2676062400966065
Cc1ccc(NC(=O)c2ccnc(C(F)(F)F)c2)cc1-c1ccc2c(c1)OC1(CCOCC1)CC(=O)N2,-2.045757485735181
N#Cc1ccc(O[C@H]2CN(S(=O)(=O)c3ccc(C(F)(F)F)cc3)C[C@@]2(O)CO)cc1F,-1.4814860588060683
O=C(NC(c1ccccc1)c1ccccc1)C1CC1,-1.175874165432335
CC(Cn1c(=O)nc(Nc2ccc(Oc3nccs3)cc2)n(Cc2ccc(Cl)cc2)c1=O)C(=O)O,-2.221848742378115
Cc1cccc(Nc2ccncc2S(=O)(=O)NC(=O)NC(C)C)c1,-1.2218487488925325
O=C(Nc1ccccc1C(=O)O)c1ccc(SC(F)(F)F)cc1,-1.397940007586301
CS(=O)(=O)OCCCCOS(C)(=O)=O,-0.0409586076311817
Cc1c2cc(C(=O)NC3CN(c4cc(Cl)ncc4Cl)C3)ncc2nn1C,-1.657577317203728
CC(C)C[C@](C)(N)COc1ccc(-c2ccnc(C(F)F)c2)cc1C(F)F,-1.3467874852595574
O=C(Nc1nc2cccc(C3CCC4(CC3)CN(C(=O)C3CC3(F)F)C4)n2n1)C1CC1,-0.5850266518621456
C#CCN(C)[C@H](C)Cc1ccccc1,-0.5086383060256323
Cc1ccc(Cn2c(Nc3ccc(OC(C)C)c(Cl)c3)nc(=O)n(CC(C)(C)C(=O)O)c2=O)cc1,-1.999999995657055
CCCCS(=O)(=O)NC(Cc1ccc(OCCCCC2CCNCC2)cc1)C(=O)O,-0.8239087406547891
Cc1cc(C)c2cc(C(=O)NC3CN(c4ccnc(F)c4F)C3)ccc2n1,-1.8860566443524365
COc1ncnn1-c1noc2c(F)c3c(cc12)CC1(C(=O)NC(=O)NC1=O)[C@H]1[C@H](C)O[C@H](C)CN31,-0.8860566473590905
N#Cc1cnc2c(OC3CCOC3)cccc2c1N1CCN(c2ccccc2F)CC1,-1.5228787438326894
COc1cc(NC(=O)C(N)CC(C)C)ccc1-c1cnco1,-1.6382721620941705
Cc1cc(-c2ccc(C(=O)C3CCCCC3C(=O)Nc3cnn(C)c3S(N)(=O)=O)cc2)[nH]n1,-1.8538719612196584
Cc1cccnc1NS(=O)(=O)c1ccc(C#Cc2ccc(O)c(C(=O)O)c2)cc1,-2.481486046961674
Cc1nc(-c2ccc3c(c2)CCC3NC(=O)c2oncc2C)no1,-1.1938200253375275
Cc1ccc(NC(=O)c2ccc(CN3CCN(C)CC3)cc2)cc1Nc1nccc(-c2cccnc2)n1,-1.2596373097161295
COCc1ccc(-c2cc3c(N[C@@H](C)c4ccn(C)n4)c(C(N)=O)cnc3cc2F)cn1,-0.9208187535904632
CC(=O)NS(=O)(=O)c1ccc(Oc2ccc(F)c(Cl)c2)c(C(F)(F)F)c1,-2.370590390702575
O=C(O)c1c[nH]c2cc(Cl)c(-c3ccc(C4(O)CCC4)cc3)cc12,-3.356546825062752
Cc1ccc(-c2nc3ccc(C)cn3c2CC(=O)N(C)C)cc1,-0.7695510783662587
C[C@@H]1C[C@H]2[C@@H]3CC=C4CC(=O)C=C[C@]4(C)[C@@]3(F)[C@@H](O)C[C@]2(C)[C@@]1(O)C(=O)CO,-1.0969100124651885
O=C(NC1CC1)c1nc2cccnn2c1-c1ccc2ncnn2c1,-0.2915790997802981
COc1ccc(CCN(C)CCCC(C#N)(c2ccc(OC)c(OC)c2)C(C)C)cc1OC,-0.9808837091373344
CC(C)NCC(O)COc1ccc(CCOCC2CC2)cc1,-0.2676062400966065
O=S(=O)(Nc1ncns1)c1ccc(OCc2ccc(OC(F)(F)F)c(Cl)c2)cc1,-3.6197885773323977
Cc1c(Cl)nnc2sc(C(=O)NC3CN(c4cc(C(F)(F)F)ncc4Cl)C3)c(N)c12,-1.721246396761411
C[C@H]1NC(=O)c2cc(-c3cccc4c(=O)n(C)c(NC5(C)CC5)nc34)[nH]c21,-1.2146701642772748
O=C(N[C@@H](c1ccccc1)c1cccc(OCc2ccc(CCNC[C@H](O)c3ccc(O)c4[nH]c(=O)ccc34)cc2)c1)O[C@H]1CN2CCC1CC2,-0.0087739242631893
Cn1ncc2ccc(Nc3[nH]nc4cccnc34)cc21,-1.2146701642772748
O=c1cc2n(cc1O)CCN(Cc1ccccc1)C2,-0.2118316287881003
Cn1cc(-c2ccc(Cc3cc(C(=O)N[C@@H]4CCCC[C@H]4O)nc4c3ccn4C)cn2)cn1,-1.2218487488925325
Cc1cc(OC2COC2)cc(C(=O)Nc2ccc(F)cn2)n1,-0.7958800170726411
Cc1ccc2c(=O)[nH]c(-c3ccc(C(C)(C)O)cc3)cn12,-0.8860566473590905
CCOc1ccccc1OCCN[C@H](C)Cc1ccc(OC)c(S(N)(=O)=O)c1,-0.6197887581074379
COc1ccc(-c2cc(C(N)=O)nc3cc(COc4ccc(C(F)(F)F)nc4)nn23)c(F)c1,-1.5228787438326894
Cn1nnc2ccc3c(NC4CN(c5cc(Cl)ncc5Cl)C4)ncnc3c21,-2.154901953781536
Cc1c2cc(C(=O)NC3CN(c4cc(Cl)ncc4Cl)C3)ccc2nn1C,-1.376750708568065
C[C@H](Nc1ncnc(N)c1C#N)c1nc2ccc(F)cc2n1-c1ccccn1,-0.6575773189803872
CC(C)n1nc2c(c1-c1ccc(F)cc1)CCNCC2,-0.6989700041188716
C[C@H]1CN(S(=O)(=O)c2ccc3c(c2)CCO3)CC1C(=O)Nc1ccc2scnc2c1,-1.999999995657055
COCc1nnc(N2C[C@@H]3C[C@]3(c3ccc(F)cc3Cl)C2)n1-c1ccc(OC)nc1,-1.8356471412409432
C[C@H](Nc1ncnc2[nH]cnc12)c1cc2ccc(F)cc2nc1-c1ccccn1,-0.9208187535904632
CCOC(=O)c1cnc2c(OC)cccc2c1-c1cnc(-c2ccccc2OC)c(OC)c1,-1.999999995657055
Cc1cc2c(Nc3c(F)cccc3F)cc(C(=O)NC3CC3)nc2cn1,-0.974694134325518
CC(C)NCC(O)COc1cccc2ccccc12,-0.9999999995657056
CC(C)Oc1ccc(Nc2nc(=O)n(CC(CO)CO)c(=O)n2Cc2ccc(Cl)cc2)cc1Cl,-2.522878730803855
C[C@@H]1CN2c3c(cc4c(-n5cncn5)noc4c3F)CC3(C(=O)NC(=O)NC3=O)[C@H]2[C@H](C)O1,-0.9999999995657056
COC1CC(OC2C(C)C(=O)OC(C)C(C)C(O)C(C)C(=O)C3(CO3)CC(C)C(OC3OC(C)CC(N(C)C)C3O)C2C)OC(C)C1O,-0.337242168224014
C=CC(=O)N(C)CCOc1c(N)ncnc1-c1ccc(CN2CCN(CC(C)C)CC2=O)c(C)c1,-0.7721132951293475
COc1cc(OC)c2nnc3c(c(-c4cccnc4C)nn3C)c2c1,-1.4948500203229238
Cc1ccc(C(=O)Nc2cccc(C(F)(F)F)c2)cc1NCc1cncc(-c2ccc[nH]2)c1,-2.9999999565705537
N#C[C@@]1(c2ccc3c(N)ncnn23)O[C@H](CO)[C@@H](O)[C@H]1O,-0.2076083104316986
C=CC(=O)N1CCC[C@@H](n2nc(-c3ccc(Oc4ccccc4)cc3)c3c(N)ncnc32)C1,-1.6989700021645464
O=C1CC(c2cc(Cl)c(O)c(Cl)c2)Oc2cc(O)cc(O)c21,-3.091514927504751
N#Cc1ccccc1COc1ccc([C@H]2CCC(C(N)=O)N2)cc1,-0.9208187535904632
C[C@@H]1Cc2c(ccc3[nH]ncc23)[C@@H](c2ccc(/C=C/C(=O)O)cc2)N1CC(C)(C)F,-1.8239087380490224
CCn1c(=O)c2c(C)c(C(=O)N3CCC(O)CC3)sc2n(CCC(F)(F)F)c1=O,-0.1549019599237011
Cc1nnc2ccc(C(=O)NC3CN(c4ncc(F)cc4Cl)C3)cc2c1C,-1.8239087380490224
Cc1nnc2n1-c1ccc(Cl)cc1C(c1ccccc1)=NC2,-0.4559319555256402
CC(C)(C)S(=O)(=O)CC(Cc1ccccc1)C(=O)NC(Cc1c[nH]cn1)C(=O)N[C@@H](CC1CCCCC1)[C@@H](O)[C@@H](O)C1CC1,-1.2757241295797874
CNC(=O)c1nn(C)c2ccc(Nc3nccc(-n4cc(CN(C)C)cn4)n3)cc12,-1.5228787438326894
Cn1ncc(NC(=O)C2CCCCC2C(=O)c2ccc(-c3cc[nH]n3)cc2)c1C(F)(F)F,-1.376750708568065
COc1nnc2ccc(N3CCC(c4ccc(N5CC(CN6CCN(C)C(=O)C6C)C5)cc4)CC3)nn12,-1.3010299947953925
O=C1NC2(CC2)COc2ncc(F)cc2[C@H]2COCCN2c2ccn3ncc1c3n2,-0.9208187535904632
Cc1noc(NS(=O)(=O)c2ccc(N)cc2)c1C,-1.2518119722182737
C[C@H]1COCCN1c1nc(-c2cnc(N)nc2)c2c(n1)N([C@@]1(C)CCN(C(=O)C(C)(C)N)C1)CC2,-0.3585258893967464
NC(=O)C1CC[C@H](c2ccc(OCc3cccc(F)c3)cc2)N1,-1.4814860588060683
CC(C)C[C@H](Nc1ccc(C(=O)NCCC(=O)O)cn1)c1ccc(-c2ccc(C(F)(F)F)cn2)cc1,-1.8507808842645173
CC(Cn1c(=O)nc(Nc2ccc(Oc3ccsn3)cc2)n(Cc2ccc(Cl)cc2)c1=O)C(=O)O,-1.9208187503332543
O=C1Nc2cccc(n2)-c2nncn2CCCCOc2ccc(Br)cc21,-2.154901953781536
Cc1nnc2sc3c(NCc4ccc(S(C)(=O)=O)c(F)c4)nn(C)c3c2c1C,-1.3010299947953925
N=C(CCSCc1csc(N=C(N)N)n1)NS(N)(=O)=O,-0.3279021419718794
O=C(O)c1ccc2nc(-c3cc(Cl)cc(Cl)c3)oc2c1,-2.2924298153864857
Cc1cn(-c2ccc3c(c2)C(=O)Nc2cccc(n2)-c2nncn2CCCCO3)cn1,-2.045757485735181
CCN(CC)CCNC(=O)c1ccc(NS(C)(=O)=O)cc1,-0.0409586076311817
COc1cc2c(cc1Cc1ccccc1)CC(N)C(=O)N2OC(=O)N(C)C,-0.4509967378515301
O[C@H]1CNCCC[C@@H]1n1c2ccc(C(F)(F)F)cc2c2cc(C(F)(F)F)ccc21,-1.6020599895907843
NC(=O)c1cnn(-c2ccc(NC[C@]3(c4ncccc4F)C[C@H](F)C3)nn2)c1,-0.2596373104267935
COC(=O)C1C=C2CC(=O)CC[C@]2(C)[C@@]23O[C@@H]2C[C@@]2(C)[C@@H](CC[C@@]24CCC(=O)O4)[C@H]13,-0.1191864076620646
Cc1cn2cc(-c3cc(=O)n4cc(N5CCN(C)CC5)ccc4n3)cc(F)c2n1,-0.7958800170726411
CN(C)C1=N[C@@H]2[C@@H](O)[C@H](O)[C@@H](C(F)F)O[C@@H]2S1,-0.022276394665437
O=S(=O)(Nc1ccccc1)c1cccc(/C=C/C(O)=NO)c1,-0.8601209132840573
Cc1nnc(C(C)C)n1C1C[C@H]2CC[C@@H](C1)N2CC[C@H](NC(=O)C1CCC(F)(F)CC1)c1ccccc1,-0.3098039198828548
COc1nn2cc(-c3ccc(Cl)cc3)nc2s1,-2.221848742378115
Cc1nnc2sc(C(=O)NCc3ccc(S(F)(F)(F)(F)F)cc3)c(N)c2c1C,-2.397939997814676
N=C(N)NCCCNC(=O)C1CCCCN1C(=O)C(CC1CCCCC1)NCC(=O)O,-0.1191864076620646
O=C(NCCN1CCC2(CC1)C(=O)NC[C@H]2c1ccc(F)cc1)c1cnc2ccccc2c1,-2.50307033809575
O=C(N1CCN2CCC1CC2)n1nc(-n2cc(C(F)(F)F)cn2)c2c1COCC2,-1.0969100124651885
N#Cc1ccc(O[C@H]2CN(S(=O)(=O)c3ccc(Cl)cc3)C[C@@]2(O)CO)cc1F,-1.455931954408883
O=C1NC(=O)[C@](CNC(=O)c2cc3cc(C(F)(F)F)ccc3o2)(C2CC2)N1,-0.686132779420024
COc1cc(C(F)(F)F)ccc1-c1n[nH]c(=O)c2cc(S(=O)(=O)Nc3nccs3)ccc12,-1.8860566443524365
Cc1nn2cc1CN(C)CCOCCNC(=O)c1nn(C)c3ccc(cc13)Nc1nccc-2n1,-3.1549018979436787
Cc1cc(C)c2c(N)c(C(=O)c3ccc(F)c(Cl)c3)sc2n1,-2.3010299869780915
O=C(NC1CC(F)(F)C1)c1nsc2cc(Nc3[nH]nc4nccnc34)ccc12,-2.154901953781536
Brc1ccc2[nH]nc(C3=CCCNC3)c2c1,-0.8860566473590905
CC1CN(C(=O)c2nsc3cc(Nc4[nH]nc5cccnc45)ccc23)CC(C)O1,-1.4685210816804082
CS[C@@H](Cn1nnc2cc(C#Cc3ccc(-n4ccnc4CO)cc3)ccc21)N(O)C=O,-1.5228787438326894
CO[C@@]1(NC(=O)C(C(=O)O)c2ccc(O)cc2)C(=O)N2C(C(=O)O)=C(CSc3nnnn3C)CO[C@@H]21,4.342945178152237e-11
CCc1nc(-c2ccc3c(c2)CC[C@H]3NC(=O)c2cnn(C)c2)no1,-1.3835019433689737
Nc1ccn(C[C@@H](CO)OCP(=O)(O)O)c(=O)n1,4.342945178152237e-11
CCC(C)C(=O)O[C@H]1C[C@H](O)C=C2C=C[C@H](C)[C@H](CC[C@@H](O)C[C@@H](O)CC(=O)O)[C@H]21,-1.375755883101766
C[C@@H]1CCOc2cc(F)c(-c3cnn(CCN(C)C)c3)cc2C(=O)Nc2cccc(n2)-c2nncn2C1,-2.154901953781536
O=S(=O)(c1ccc(O)c2ncccc12)C1CCCC1,-0.3010299955771223
CCC(=O)N(c1ccccc1)C1CCN(CCc2ccccc2)CC1,-0.7695510783662587
CC(C)Oc1cc2c(-c3cc(N4C[C@@H](C)O[C@@H](C)C4)ncn3)[nH]nc2cc1F,-2.096910007579376
O=C(c1cccc(F)c1-c1ncccn1)N1[C@@H]2CC[C@H]1[C@H](Nc1ncc(C(F)(F)F)cc1F)C2,-1.1938200253375275
COCCOc1cc(F)c2c(Nc3ccc(NC(=O)Cn4cc(C(C)C)nn4)cc3)ncnc2c1,-1.657577317203728
Cc1cc(N2C[C@H]3CC[C@@H](C2)[C@@H]3Nc2nc3n(n2)CCCN3c2cc(F)cc(F)c2)ncn1,-1.8538719612196584
CC(=N)N1CC[C@H](SC2=C(C(=O)O)N3C(=O)C([C@@H](C)O)[C@H]3C2)C1,-0.022276394665437
C=CC(=O)N1CCC([C@@H]2CCNc3c(C(N)=O)c(-c4ccc(Oc5ccccc5)cc4)nn32)CC1,-1.4814860588060683
Fc1ccc([C@]2(CCNCc3cccc(Cl)c3)CCO[C@]3(CCOC3)C2)nc1,-0.4814860599905081
C[C@H]1NC(=O)c2cc(-c3cccc4c(=O)n([C@@H](C)c5cn(C)cn5)c(NC5(C)CC5)nc34)[nH]c21,-1.4948500203229238
O=C(Nc1nc2cccc(C3CCC(NC(=O)C4(F)CC4)CC3)n2n1)C1CC1,-0.7077439284219451
Oc1ccc(-c2cc(-c3ccccc3Cl)nc3c2Cc2c(O)cccc2-3)cc1,4.342945178152237e-11
O=S(=O)(c1ccc(F)cc1)c1cc(Cl)c(O)c2ncccc12,-0.3010299955771223
Cn1nnc2ccc(C(=O)NC3CN(c4cc(Cl)ncc4Cl)C3)c(N)c21,-1.4948500203229238
CC(C)C[C@@H](N)c1cc(C#N)c2cc(-c3ccncc3)ccc2n1,-1.3467874852595574
Cn1ncc(NC(=O)C2C[C@@H]3C[C@@H]3CC2C(=O)c2ccc(-c3cc[nH]n3)cc2)c1C(F)(F)F,-1.397940007586301
COc1cc(C(F)(F)F)ccc1-c1cnnc2cc(S(=O)(=O)Nc3nccs3)ccc12,-1.8538719612196584
Cc1nc(=O)c2c([nH]1)c([C@H](C)c1ccc(C(C)(C)C)cc1)nn2CCF,-1.8538719612196584
CCc1nc(C)cn2nc(-c3cc(=O)n4cc(C5CCN(C)CC5)cc(C)c4n3)cc12,-0.7695510783662587
O=C(Nc1ccc(Br)cc1C(=O)O)c1ccc(SC(F)(F)F)cc1,-1.8860566443524365
C[C@H](Nc1nc(Cl)nc2c1cnn2[C@@H]1O[C@H](COP(=O)(O)CP(=O)(O)O)[C@@H](O)[C@H]1O)c1ccccc1,-2.0222763901396315
C#C[C@]1(O)CC[C@H]2[C@@H]3CCc4cc(O)ccc4[C@H]3CC[C@@]21C,-2.055517322914667
COc1nn(-c2cncc(C3CC3)c2)cc1C(=O)Nc1cccc(-c2nncn2C(C)C)n1,4.342945178152237e-11
Cc1nnc2sc(C(=O)c3ccc(F)cc3F)c(N)c2c1C,-2.3010299869780915
O=C(O)CCNC(=O)c1ccccc1,-0.8538719640115515
CCN1CCC[C@H]1CNC(=O)c1c(OC)ccc(Br)c1OC,-0.1307682802103353
c1ccc(C2(N3CCCCC3)CCCCC2)cc1,-0.4317982758156281
COc1ccc(CNc2nn(C)c3c2sc2nnc(C)c(C)c23)cc1,-1.6989700021645464
Fc1ccc(CC[C@@H]2CN(Cc3c[nH]c4cc(F)ccc34)CCC2(F)F)cc1,-1.958607310893644
Cc1nc2n(c(=O)c1CCN1CCC(c3noc4cc(F)ccc34)CC1)CCCC2,-0.9281179923258284
C[C@H]1C(=NC(=O)C(NOC(C)(C)C(=O)O)c2csc(N)n2)C(=O)N1S(=O)(=O)O,-0.8239087406547891
CC(C)(C)NCC(O)COc1cccc2c1C[C@H](O)[C@H](O)C2,-0.0655015487059329
CC(C)CC(CC(=O)O)C(=O)N(c1nc(-c2ccccc2-c2ccc(-n3cccn3)nc2)cs1)C1CC1,-2.244125136708308
Cc1noc2c(F)cc(Nc3[nH]nc4cccnc34)cc12,-1.3010299947953925
Cc1nc(-c2ccc3c(c2)CC[C@@H]3NC(=O)c2cnn(C)c2)no1,-0.8239087406547891
O=C(O)c1cc(N=Nc2ccc(S(=O)(=O)Nc3ccccn3)cc2)ccc1O,-2.3010299869780915
Cc1nc2c(c(-c3cc[nH]n3)n1)CCN(C(=O)c1cccc(C(F)(F)F)c1Cl)C2,-1.1307682796821394
NC1[C@H]2CN(c3nc4c(cc3F)c(=O)c(C(=O)O)cn4-c3ccc(F)cc3F)C[C@@H]12,-1.1549019593653225
