SMILES,mouse_fup
Cc1cc2c(c(-c3ccccc3OCC(F)(F)F)n1)CN(c1ccc(C(C)(C)O)cc1)C2=O,-1.0457574900781257
O=C(NCc1cc(F)cc(F)c1)[C@@]1(O)CCN(c2cnc3[nH]ccc3c2)C1=O,-0.6575773189803872
Cc1ccc(S(=O)(=O)c2cc(Cl)c(O)c3ncccc23)cc1,-0.0757207138864166
Cc1nc(C)n(CC(=O)N2CCN(c3sc(C(F)(F)F)nc3-c3nc4ccccc4[nH]3)C[C@H]2C)n1,-1.3872161422210096
Cc1nn([C@@H]2CCN([C@H](C)c3cc(Cl)cc(Cl)c3)C2)c2cc(F)c(C(=O)NS(=O)(=O)C3CC3)cc12,-2.154901953781536
NC(=O)CN(NC(=O)C1CCCN1C(=O)C1(c2ccc(OC(F)(F)F)cc2)CC1)C(=O)CF,-0.4089353928621432
C=C[C@]1(C)C[C@@H](OC(=O)COc2ccc3c(c2)B(O)N(C)N=C3)[C@]2(C)[C@H](C)CC[C@]3(CCC(=O)[C@H]32)[C@@H](C)[C@@H]1O,-2.154901953781536
CCC(=O)c1sc(-c2ccc(Cl)cc2)c(C)c1-c1ccc(S(N)(=O)=O)cc1,-1.935542007029164
Cc1[nH]c(C(=O)Nc2nc3c(OCc4ccncc4)cc(C(=O)O)cc3s2)c(Cl)c1Cl,-3.5228786005155346
N[C@@H]1CC(C(=O)O)[C@@H](c2ccc(-c3cc(C(=O)O)cc4cc(-c5ccc(C(F)(F)F)cc5)ccc34)cc2)C1,4.342945178152237e-11
C#C[C@H](CC(N)=O)NC(=O)C1C[C@@H](F)CN1C(=O)C1(c2ccc(OC(F)(F)F)cc2)CC1,-0.721246398818595
CC(C)CS(=O)(=O)N[C@H]1CC[C@H](Nc2ncc3c(N4CCOCC4)[nH]nc3n2)CC1,-0.4317982758156281
CC(C)CNC(=O)n1c(=O)oc2cc(C3CCN(C)CC3)ccc21,-0.8601209132840573
O=C(O)CSc1ncnc2c(C3CC3)c(Cl)sc12,-2.9999999565705537
O=C(c1ccco1)N1CCN([C@@H]2CC(=O)N(c3ccc(-c4ccc(F)cc4)cc3)C2)CC1,-0.6197887581074379
CO[C@@H](CO)CNC(=O)c1cc(Nc2cccc(F)c2F)c2cc(Cl)ccc2n1,-1.999999995657055
O[C@@H]1c2cnccc2CC[C@H]1[C@H]1c2ccccc2-c2cncn21,-1.1549019593653225
C=CC(=O)N1CCC([C@H]2CCNc3c(C(N)=O)c(-c4ccc(Oc5ccccc5)cc4)nn32)CC1,-1.2924298230505058
COC(=O)C1C(CN2CCOCC2C(=O)O)=NC(c2nccs2)=N[C@H]1c1ccc(Cl)c(F)c1,-1.397940007586301
COC(=O)Nc1nc(C)c(S(=O)(=O)N2CCN(C[C@H](C)Nc3ncnc4c(-c5cccc(CN(C)C)c5)cccc34)CC2)s1,-1.90657831133539
Cc1nc(Nc2ncc(C(=O)Nc3c(C)cccc3Cl)s2)cc(N2CCN(CCO)CC2)n1,-1.5228787438326894
C=C[C@]1(C)C[C@@H](OC(=O)COc2cc3c(cc2F)COB3O)[C@]2(C)[C@H](C)CC[C@]3(CCC(=O)[C@H]32)[C@@H](C)[C@@H]1O,-2.522878730803855
Fc1cccc(COC2CCN(Cc3cn4ccccc4n3)CC2)c1,-0.4497716468225694
COc1ccc(C#CCN(C(=O)Cc2ncc(C(F)(F)F)cc2C(F)(F)F)c2ccc(F)cc2)nn1,-2.221848742378115
CO[C@H]1/C=C/C[C@H](C)[C@@H](C)S(=O)(=O)NC(=O)c2ccc3c(c2)N(C[C@@H]2CC[C@H]21)C[C@@]1(CCCc2cc(Cl)ccc21)CO3,-3.5228786005155346
Cc1[nH]c(C(=O)Nc2nc3c(OC(C)c4ccccc4)cc(C(=O)O)cc3s2)cc1F,-2.522878730803855
O=C(Nc1ccc(F)c(-c2nc3ncc(-c4ccccn4)cn3n2)c1)N1CCC(F)(F)C1,-0.9586073144469618
Cc1cc(N2C[C@H]3CC[C@@H](C2)[C@@H]3Nc2nc3n(n2)CCCC[C@H]3c2ccc(F)c(F)c2F)ncn1,-1.8538719612196584
COC(=O)C1Cc2c([nH]c3ccccc23)[C@H](c2ccc(F)cc2Cl)N1C(=O)CCl,-1.8239087380490224
O=C(Nc1cnccc1-c1ccc(F)cc1)c1ccnc(Nc2ccc(Cl)cc2)n1,-2.397939997814676
CNc1nc(O)c([C@H](C)c2c[nH]c3ccccc23)o1,-0.355561410433682
O=C(NCc1cc(F)cc(Cl)c1)[C@@]1(O)CCN(c2cnc3[nH]cc(Cl)c3c2)C1=O,-2.6989699826212954
N#Cc1cnc(Nc2cc(NC[C@H]3CNCCO3)c(C(F)(F)F)cn2)cn1,-2.721246376189568
COCCCOc1cc2c(cc1OC)-c1cc(=O)c(C(=O)O)cn1[C@H](C(C)C)C2,-0.4534573363984899
Cc1cc(NC(=O)CNc2ccc(Cl)cc2Cl)n(C2CCS(=O)(=O)C2)n1,-0.8827287040127132
NC(=O)c1cccc2c(N[C@H](CN3CCC3)c3ccc(Cl)c(C(F)(F)F)c3)ncnc12,-1.5228787438326894
N#CCC(=O)N1CC2(CCC(c3cccc4nc(NC(=O)C5CC5)nn34)CC2)C1,-0.3196644864947698
C#C[C@H](CC(N)=O)NC(=O)C1CCCN1C(=O)[C@]1(c2ccc(OC(F)(F)F)cc2)C[C@H](OC)C1,-0.5086383060256323
C/C=C/c1cnc(C(=O)NCCOC)cc1Nc1ccccc1F,-1.4089353918599252
C[C@@H]1CN(c2sc(C(F)(F)F)nc2-c2nc3ccccc3[nH]2)CCN1C(=O)Cn1cccn1,-1.5850266503588186
C[C@@H]1CC[C@@]23CCC(=O)[C@H]2[C@]1(C)[C@H](OC(=O)COc1ccc2c(c1F)B(O)OC2)C[C@@](C)(CO)[C@@H](O)[C@@H]3C,-1.4814860588060683
COc1ccc2ncc(F)c(CC[C@@]3(O)CO[C@@H]4[C@@H](NCc5cc6c(cn5)OCCO6)CO[C@@H]43)c2n1,-1.3279021411402516
CS(=O)(=O)Cn1cc(C#CCN(C(=O)Cc2ncc(C(F)(F)F)cc2C(F)(F)F)c2ccc(F)cc2)cn1,-1.721246396761411
CC1CN(c2ccncc2NC(=O)c2ccnn3cc(C4CC4)nc23)CCO1,-1.5086383047647771
NC(=O)c1c(N)ncnc1N1CCC(c2nc(-c3ccc(F)c(C(F)(F)F)c3)cn2CCN2CCC2)CC1,-0.6777807050592738
O[C@H]1[C@H](n2cnc3c(N[C@H]4C[C@H]5CC[C@@H]4C5)nc(Cl)nc32)[C@H]2C[C@@]2(CCl)[C@H]1O,-1.5301779825496524
C[C@H](Nc1cc(Cl)nc2c1cnn2[C@@H]1O[C@H](COP(=O)(O)CP(=O)(O)O)[C@@H](O)[C@H]1O)c1ccc(F)cc1,-2.187086636675691
C[C@H](NS(=O)(=O)c1ccc(-c2sc(C(=O)NCC(C)(C)O)nc2C(=O)N2CCC(F)CC2)c(Cl)c1Cl)C(F)(F)F,-0.8239087406547891
O=S(=O)(Nc1ccncn1)c1cc2c(cc1F)[C@@H](N1CC[C@H](C(F)(F)F)C[C@@H]1c1cc[nH]n1)CCO2,-3.886056313620613
COc1ccc(/C(=C(\c2ccc(/C=C/C(=O)O)cc2)c2ccc(-c3cncs3)cc2)C2CCC2)c(Cl)c1,-2.9999999565705537
Cc1noc(N2C[C@H]3CC[C@@H](C2)[C@@H]3Nc2nc3c(OCC(F)(F)F)ccc(C(F)(F)F)n3n2)n1,-1.5086383047647771
O=C(CS(=O)(=O)O)Nc1nc2ccccc2s1,-0.6798537136811496
O=C1NCc2nc(-c3c(F)cccc3F)cc(Nc3ccc(C(=O)N4CCCC4)cc3)c21,-3.2146700937934223
Fc1ccc(COC2CCN(Cc3cc4ccc(Cl)cc4[nH]3)CC2)cc1F,-2.397939997814676
FC(F)(F)COc1cccn2nc(N[C@@H]3[C@@H]4CC[C@H]3CN(c3ccnc(C(F)(F)F)c3)C4)nc12,-1.6989700021645464
CC(=O)Nc1cc(-c2[nH]c3cccnc3c2-c2cccc(C(F)F)n2)ccn1,-1.3010299947953925
N=C1N[C@@]2(CO1)c1cc(-c3cccnc3F)ccc1Oc1c2cc(C2=CCCOC2)nc1F,-1.759450749221455
NS(=O)(=O)c1nccc(-c2ccc(CO)cc2)c1-c1nn[nH]n1,-0.3665315443194147
O=C(Nc1ccc(F)c(-c2nc3ncc(-c4ccc(F)cc4)cn3n2)c1)N1CCC(F)(F)C1,-1.464705878691065
O=C(Nc1ccc(OC(F)(F)F)cc1)c1cnc(N2CC[C@H](O)C2)c(-c2cncnc2)c1,4.342945178152237e-11
COc1cnc2ccc(=O)n(CCN[C@H]3CC[C@H]4[C@H](C3)OC(=O)N4c3ccc4c(n3)NC(=O)CO4)c2c1,-0.6020599911542446
CC(C)C[C@](C)(N)COc1ccc(-c2ccnc(C(F)F)c2)cc1C(F)(F)F,-2.6989699826212954
Cc1cc(NC(=O)OCc2ccc(Cl)cc2Cl)n(C2CCCCC2)n1,-2.3098039111083337
C=CC(=O)N1CCC([C@@H]2CCNc3c(C(N)=O)c(-c4cc(OC)c(C)c(OC)c4)nn32)CC1,-0.872895201311092
N#Cc1c(F)cc(-n2c(C(=O)NC3CC3)cc3cccnc32)cc1F,-1.0177287665080414
NC(Cc1c[nH]cn1)C(=O)NCCc1cc2ccccc2[nH]1,-2.200659443652856
C=C[C@]1(C)C[C@@H](OC(=O)CS[C@@H]2C[C@H]3CC[C@@H](C2)N3C)[C@]2(C)[C@H](C)CC[C@]3(CCC(=O)[C@H]32)[C@@H](C)[C@@H]1O,-0.8124792788815275
Cc1nc(C)n(CC(=O)N2CCN(c3sc(C(F)(F)F)nc3-c3nc4c(F)cccc4[nH]3)C[C@H]2C)n1,-1.8538719612196584
Cc1[nH]c(C(=O)Nc2nc3c(OCc4ccc[n+](C)c4)cc(C(=O)O)cc3s2)c(Cl)c1Cl,-2.6989699826212954
Cc1cc(C)c(-c2cn(C)cn2)cc1NC(=O)c1ccc(OCc2ccccn2)cc1,-1.9208187503332543
Cc1[nH]c(C(=O)Nc2nc3c(N4CCOC[C@H]4C)cc(C(=O)O)cc3s2)c(Cl)c1Cl,-1.958607310893644
COc1cc(F)cc2c(N3CCN4c5c(F)cccc5OC[C@@H]4C3)c(C#N)nnc12,-1.6197887564788336
O=C1C(N2CCC(c3ccc(O)cc3)CC2)CCN1Cc1ccc(F)cc1,-0.9208187535904632
COc1cc(NC2CN(CCCF)C2)ccc1[C@@H]1c2ccc3[nH]ncc3c2C[C@@H](C)N1CC1(F)CC1,-0.4089353928621432
O=S(=O)(Nc1ccncn1)c1cc2c(cc1F)[C@@H](N1CC[C@H](C(F)(F)F)C[C@@H]1c1ccncc1)CCO2,-3.63827197515876
CCc1nc([C@@H](N)CC(C)C)nc2ccc(-c3cnco3)cc12,-0.9586073144469618
CC(C)CC(N)C(=O)Nc1ccc(-c2cnco2)c(OC(F)F)c1,-1.3872161422210096
Oc1ccccc1-c1cncn1Cc1cc2cc(F)ccc2[nH]1,-1.3477536580294285
Cc1[nH]c(C(=O)Nc2nc3c(OC(C)c4ccc(S(C)(=O)=O)cc4)cc(C(=O)O)cc3s2)c(Cl)c1Cl,-1.488116637684835
Cc1cc2c(Nc3ccccc3F)cc(C(=O)NC3CC3)nc2cn1,-1.2596373097161295
CS(=O)(=O)NC(=O)c1cc(C2CC2)c(OCC2CCN(Cc3cc(C(F)(F)F)ccc3Cl)CC2)cc1F,-2.6989699826212954
C[C@H]1CC(C(=O)O)CCC1C(=O)N1CC[C@@]2(S(=O)(=O)c3ccc(F)cc3)c3ccc(C(F)(C(F)(F)F)C(F)(F)F)cc3CC[C@@H]12,-1.795880014629735
COc1cc(NC(=O)c2nnn(Cc3ccc(CN4CCOCC4)cc3)c2N)cc(OC)c1,-0.0315170513993665
Cc1[nH]c(C(=O)Nc2nc3c(OCc4ncccn4)cc(C(=O)O)cc3s2)c(Cl)c1Cl,-3.3010299088050936
O=c1[nH]c(N2CCC3(CC2)CN(CCO)c2cc(F)cc(F)c23)nc2c1CCCC2,-2.397939997814676
Cc1cc(-c2[nH]c3ccc(C4CCNCC4)cc3c2C(C)C)cc(C)n1,-1.3010299947953925
CC(C)(C)Cc1cnc(CCc2ccc(-c3cccc(F)c3C(=O)O)cc2)n1CC(=O)O,-0.741123370388588
Cc1cn(-c2ccc(C(F)(F)F)nc2)c2ccc(C(=O)NS(=O)(=O)C3CC3)cc12,-1.8538719612196584
O=C1NCc2nc(-c3c(F)cccc3F)cc(Nc3ccc(C(=O)N4CCOCC4)cc3)c21,-2.619788740192791
O=S(=O)(c1ccccc1OCC(F)(F)F)N1CC(c2nc(-c3ccc(F)cc3)no2)C1,-1.9208187503332543
Cc1ccc(NC(=O)c2cc(C(F)(F)F)cnn2)cc1-c1ccc2c(c1)OC1(CCOCC1)CC(=O)N2,-1.7447274924839469
CC(C)COc1ccc(-c2cn(C)c3cc(C(=O)NS(C)(=O)=O)c(F)cc23)cn1,-1.8538719612196584
COc1ccc(/C(=C(\c2ccc(/C=C/C(=O)O)cc2)c2ccc(-c3cn[nH]c3)cc2)C2CCC2)c(Cl)c1,-2.6989699826212954
COC(=O)Nc1nc(C)c(S(=O)(=O)N2CCN(C[C@H](C)Nc3ncnc4c(-c5cn(C)nc5C(F)(F)F)cccc34)CC2)s1,-2.823908711991354
CC(C)C[C@](C)(N)COc1cnc(-c2ccnc(C(F)F)c2)cc1C(F)F,-1.187086642688999
CCCC1CNCc2c1[nH]c(=O)c(C#N)c2N1CCC2(CC1)CC2,-0.387216143174339
C=C[C@]1(C)C[C@@H](OC(=O)COc2cc(CN)c3c(c2)B(O)OC3)[C@]2(C)[C@H](C)CC[C@]3(CCC(=O)[C@H]32)[C@@H](C)[C@@H]1O,-0.9586073144469618
C#C[C@H](CC(N)=O)NC(=O)C1CCCN1C(=O)C1(c2ccc(OC(F)(F)F)cc2)CC1,-0.6777807050592738
Cc1cc(-c2ccc(OC[C@@](C)(N)CC(C)C)c(C(F)(F)F)c2)ccn1,-1.7695510760670523
CC1(C)OC(=O)c2ccc(Nc3ncc(-c4nnc(C5CC5)o4)c(N[C@H](CO)c4ccccc4)n3)cc21,-2.096910007579376
O=S(=O)(Nc1ccncn1)c1cc2c(cc1F)[C@@H](N1CC[C@H](C(F)(F)F)C[C@@H]1c1cnccn1)CCO2,-3.6197885773323977
O=C(O)CC(CC1CCCC1)C(=O)N(c1nc(-c2ccccc2-c2ccc(-n3cccn3)nc2)cs1)C1CC1,-2.8538719333007285
COc1ccc(CN2CCC[C@H](OCc3ccc(F)c(F)c3)C2)cc1F,-1.5850266503588186
O=C(O)C1CCC(C(=O)N2CC[C@](c3ccc(C(F)(C(F)(F)F)C(F)(F)F)cc3)(S(=O)(=O)c3ccc(F)cc3)C2)CC1,-0.978810700516448
Cc1[nH]c(C(=O)Nc2nc3c(OC(CO)c4ccccc4)cc(C(=O)O)cc3s2)c(Cl)c1Cl,-2.9999999565705537
COc1ccc(C2(C(=O)N3CS(=O)(=O)CC3C(=O)Nc3cccc4[nH]ncc34)CCCC2)cc1,-0.0213630515699065
COc1ccc(-c2cc(=O)c3c(O)cc(OP(=O)(O)O)c(-c4cc(-c5cc(=O)c6c(O)cc(OP(=O)(O)O)cc6o5)ccc4OC)c3o2)cc1,-1.6989700021645464
CS[C@@H](Cn1nnc2cc(C#Cc3ccc(N4C[C@H](O)[C@@H](O)C4)cc3)ccc21)N(O)C=O,-1.0457574900781257
O=C(NCc1cc(F)cc(F)c1)[C@@]1(O)CCN(c2cnc3[nH]cc(Cl)c3c2)C1=O,-1.8239087380490224
c1ccc2cc(N=C3NC[C@@]4(CN5CCC4CC5)O3)ncc2c1,-0.6382721637935834
CC(=O)N1Cc2cc(S(C)(=O)=O)ccc2C1C(=O)Nc1ccc(C(O)(C(F)(F)F)C(F)(F)F)cc1,-0.6777807050592738
CO[C@@]1(CN2CCN3CCOC[C@@H]3C2)/C(F)=C/C[C@H](C)[C@@H](C)S(=O)(=O)NC(=O)c2ccc3c(c2)N(C[C@@H]2CCO[C@H]21)C[C@@]1(CCCc2cc(Cl)ccc21)CO3,-2.8860566142858968
CC(C)CC(NC(=O)c1cc2c(F)cccc2[nH]1)C(=O)NN(CC1CCNC1=O)C(=O)C(F)Cl,-2.823908711991354
CS[C@@H](Cn1nnc2cc(C#Cc3ccc(N4CC5(C4)C[S+]([O-])C5)cc3)ccc21)N(O)C=O,-1.0457574900781257
O=C1CCc2cc(N3CC[C@](O)(C(=O)NCc4cc(F)cc(F)c4)C3=O)ccc2N1,-1.1804560638001094
Cc1ncn(CC(=O)N2CCN(c3sc(C(F)(F)F)nc3-c3cnc(C(F)(F)F)nc3)C[C@H]2CCO)n1,-0.9999999995657056
CC(=O)N=C(N)N=C(NS(=O)(=O)c1ccc(Cl)cc1)N1C[C@H](c2ccccc2)C(c2ccc(Cl)cc2)=N1,4.342945178152237e-11
CC(=O)CC(c1ccccc1)c1c(O)c2ccccc2oc1=O,-1.0085524580208465
COC(=O)C1C(CN2CC(F)(F)CC2C(=O)O)=NC(c2nccs2)=N[C@@]1(C)c1ccc(F)cc1,-1.0915149805851845
O=C(Cc1ncc(C(F)(F)F)cc1C(F)(F)F)N(CC#Cc1cnn(C2CNC2)c1)c1ccc(F)cc1,-1.2924298230505058
CCOc1ccc(S(=O)(=O)Nc2ccc(Cl)cc2C#Cc2cnc(C(=O)O)cc2OC)c2ncccc12,-2.221848742378115
Fc1cc(COC2CCN(Cc3ncc4ccccn34)CC2)ccc1Cl,-1.7695510760670523
Cc1ccc2nc(N3CCS(=O)(=O)c4ccccc4C3)cc(NCCN)c2c1,-1.0969100124651885
COc1c(F)cc(-n2c(C(=O)N3CC(F)C3)cc3cccnc32)cc1F,-0.876148358706377
C#CCOc1cnc(C(=O)Nc2cc(F)c(F)c([C@@]3(C)N=C(N)S[C@@]4(COC)C[C@H]43)c2)cn1,-1.7447274924839469
O=C(NCc1ccccc1)C(c1ccccc1)N1CCN(C(=O)c2cc(F)ccc2Cl)CC1,-1.4317982747592362
COc1cc(-c2cc(F)cc(Cl)c2)c(F)cc1-n1c(=O)ccc2cc(S(=O)(=O)Nc3ccon3)ccc21,-2.3117115071473258
C[C@@](CCN1Cc2cc(C#CC#CC3(CO)CC3)cn2C1=O)(C(O)=NO)S(C)(=O)=O,-3.0705810231922417
COC(=O)Nc1nc(C)c(S(=O)(=O)N2CCN(C[C@H](C)Nc3ncnc4c(-c5c(C)noc5C)cccc34)CC2)s1,-2.3665315343205418
CNc1cc(Nc2cccn(-c3ncccc3F)c2=O)nc2c(C(=O)N[C@@H]3CC[C@H]3OC)cnn12,-1.0861861470866558
Nc1ncnc2c1ncn2[C@@H]1O[C@@H]2CO[P@@](=O)(S)O[C@@H]3[C@H](O)[C@@H](CO[P@@](=O)(S)O[C@H]2[C@H]1F)O[C@H]3n1cnc2c(=O)[nH]ncc21,-0.1135092747711162
O=C(Nc1ccc(F)c(-c2nc3ncc(-c4ccccc4F)cn3n2)c1)N1CCC(F)(F)C1,-1.394694952781237
CC(=O)NC1CC(=O)NCCCCC(C(=O)NC(CCCN=C(N)N)C(=O)c2nc3ccccc3s2)NC(=O)C(CC(C)C)NC1=O,-0.5436339667191058
CC1=Nc2c(F)cc(-c3nc(Nc4ccc(C5CCN(C)CC5)cn4)ncc3F)cc2C12CCCC2,-2.154901953781536
C=C[C@]1(C)C[C@@H](OC(=O)COc2ccc3c(c2C)B(O)N(C(=O)OC)N=C3)[C@]2(C)[C@H](C)CC[C@]3(CCC(=O)[C@H]32)[C@@H](C)[C@@H]1O,-2.221848742378115
Cc1[nH]c(C(=O)/N=c2\sc3cc(C(=O)O)ccc3n2CC(=O)c2ccccc2)c(Cl)c1Cl,-3.999999565705736
O=C(Nc1nc2cccc(C3CCC4(CC3)CCN(C(=O)C3CC3(F)F)CC4)n2n1)C1CC1,-1.2441251435655885
CC(C)COc1ncc(-c2cn(C)c3cc(C(=O)NS(=O)(=O)C4CC4)c(F)cc23)cc1Cl,-2.6989699826212954
Cc1ccc(C#Cc2cccc(-c3nn(-c4nc(C(=O)O)cs4)c(CC4CC4)c3Cc3ccc(S(N)(=O)=O)c(F)c3)c2)s1,-1.3565473225267797
C=CC(=O)Nc1ccccc1C1CCNc2c(C(N)=O)c(-c3ccc(Cl)cc3)nn21,-0.782516055522885
Cc1cccc(C)c1C(=O)N[C@H](c1ccccc1)C12CCC(CC1)CN2C,-0.4948500215443769
COc1ccc(CN2CCO[C@H](COc3ccccc3)C2)cc1F,-1.4317982747592362
COCCOc1cc(C(=O)O)cc2sc(NC(=O)c3[nH]c(C)c(Cl)c3Cl)nc12,-2.397939997814676
Fc1ccc(CO[C@H]2CCCN(Cc3ncn4ccccc34)C2)cc1F,-0.7423214248908738
C=C[C@]1(C)C[C@@H](OC(=O)CSCCN(CC)CC)[C@]2(C)[C@H](C)CC[C@]3(CCC(=O)[C@H]32)[C@@H](C)[C@@H]1O,-0.5850266518621456
FC(F)(F)c1cccc(COC2CCN(Cc3ccc4[nH]cnc4c3)CC2)c1,-0.7931741236984021
CNC(=O)c1ccc(-c2nnc(Cc3c[nH]c4cnccc34)nc2-c2ccccc2)cc1,-1.4202164022403096
C[C@H](NC(=O)c1c(Nc2cccc(C(F)(F)F)c2)c2ccccc2n1C)c1ccc(C(=O)O)cc1,-0.1519957284411034
Cn1cncc1-c1cc(F)ccc1CN1CCP(=O)(O)[C@](CCCCN)(C(=O)O)C1,-0.0315170513993665
Fc1ccc(COC2CCN(Cc3ccc4[nH]cnc4c3)CC2)cc1F,-0.3968556272715148
CC(C(N)=O)n1cc(C#CCN(C(=O)Cc2ncc(C(F)(F)F)cc2C(F)(F)F)c2ccc(F)cc2)cn1,-1.3565473225267797
O=C(Nc1ccc(F)c(-c2nc3ncc(-c4ccc(Cl)cc4)cn3n2)c1)N1CCC(F)(F)C1,-1.8632794296735609
NC(Cc1c[nH]cn1)C(=O)NC(Cc1ccc(O)cc1)C(=O)O,-2.180456057877912
COC(=O)Nc1nc(C)c(S(=O)(=O)N2CCN(C[C@H](C)Nc3ncnc4c(-c5cccnc5)cccc34)CC2)s1,-2.6020599739561834
CCC(=C(c1ccc(/C=C/C(=O)O)cc1)c1ccc2[nH]ncc2c1)c1ccc(F)cc1Cl,-1.958607310893644
Cc1[nH]c(C(=O)Nc2nc3c(OCc4cccnc4)cc(C(=O)O)cc3s2)c(Cl)c1Cl,-3.5228786005155346
Cn1cnc2cc(CN3CCC(OCc4cccc(C(F)(F)F)c4)CC3)ccc21,-1.2441251435655885
C[C@@H]1CN(c2ncc(Cl)c(Nc3ccc4c(c3)n(CCC(C)(C)O)c(=O)n4C)n2)C[C@H](C)C1(F)F,-3.1549018979436787
COc1ccc(-c2nn([C@@H](C)c3nn(-c4cccnc4)c4cc(Cl)ccc34)c3ncnc(N)c23)cc1F,-2.8538719333007285
COc1ccccc1-c1nccc(COc2ccccc2CC(Oc2ncnc3sc(-c4ccc(F)cc4)c(-c4ccc(OCCN5CCN(C)CC5)c(Cl)c4C)c23)C(=O)O)n1,-3.3979399000984305
Cc1nnc(N2C[C@H]3CC[C@@H](C2)[C@@H]3Nc2nc3c(OC(C)C(F)(F)F)ccc(C(F)(F)F)n3n2)o1,-1.3565473225267797
Cc1c(N2CCN(C)CC2)ccc2c3c(c(=O)oc12)CN(C(=O)c1ccc(NS(C)(=O)=O)c(Cl)c1)CC3,-0.8153085688985485
Cc1[nH]c(C(=O)Nc2nc3c(OCc4cc[n+](C)cc4)cc(C(=O)O)cc3s2)c(Cl)c1Cl,-0.9665762441109258
CNc1nc(Nc2ccc(-n3cnc(C)n3)c(OC)c2)nc2c1CCC2c1ccc(F)cc1,-2.154901953781536
CCn1nnc2c(C)c([C@@H](CC(=O)O)c3ccc4c(c3)CN(C(=O)c3c(C)c(C)cc(C)c3C)CC4)ccc21,-2.296708613281448
Cc1csc2c(N[C@@H](C)CN3CCN(S(=O)(=O)c4ccc(Cl)c(Cl)c4)CC3)ncnc12,-2.187086636675691
CCOc1ccccc1S(=O)(=O)N1CC(c2nc(-c3ccc(F)cc3Cl)no2)C1,-1.8538719612196584
C[N+]12CCC(c3ccc(-c4cc(C(=O)O)cc5cc(-c6ccc(C(F)(F)F)cc6)ccc45)cc3)(CC1)CC2,-2.026872141780147
N=C1N[C@@]2(c3cc(NC(=O)c4ncc(F)cc4F)ccc3F)CN(c3ncc(F)cn3)C[C@H]2CS1,-1.6020599895907843
CC(C)COc1ccc(-c2cn(C)c3cc(C(=O)NS(=O)(=O)C4CC4)c(F)cc23)cn1,-2.221848742378115
Cn1c(CNC2(C)CCC2)cc2cc3c(cc21)OCCc1c-3[nH]c(=O)c(C(=O)O)c1O,-0.8239087406547891
Cc1cccc(Cl)c1C(=O)NC(Cc1ccc(-c2c(C)n(C)c(=O)n(C)c2=O)cc1)C(=O)O[C@H]1CO[C@H]2[C@@H]1OC[C@@H]2O,-0.0457574905124201
CC(=O)NC1CCCCNC(=O)CCC(C(=O)NC(CCCN=C(N)N)C(=O)c2nc3ccccc3s2)NC(=O)C(CCCN=C(N)N)NC1=O,-0.5867002357510669
CN1CCN(c2cc(F)c3c(c2)N(C)C(=O)C32CCN(c3nc(=O)c4c([nH]3)N(C)CCC4)CC2)CC1,-1.721246396761411
CCc1nc([C@@H](N)CC(C)C)nc2cc(OC)c(-c3cnco3)cc12,-0.9999999995657056
O=C(O)CC(Cc1ccccc1)C(=O)N(c1nc(-c2ccccc2Cl)cs1)C1CC1,-2.6020599739561834
OC[C@H]1O[C@H](Sc2ccc(Cl)c(Cl)c2)[C@H](O)[C@@H](n2cc(-c3cc(F)c(F)c(F)c3)nn2)[C@H]1O,-2.107905391741641
COc1ccc(/C(=C(\c2ccc(/C=C/C(=O)O)cc2)c2ccc3nccn3c2)C2CCC2)c(Cl)c1,-1.8239087380490224
C[C@@H]1CN(c2cc(F)c3c(c2)N(C)C(=O)C32CCN(c3nc(=O)c4c([nH]3)N(C)CCC4)CC2)C[C@H](C)O1,-2.221848742378115
Cc1[nH]c(C(=O)Nc2nc3c(N4C[C@H]5CC[C@@H](C4)O5)cc(C(=O)O)cc3s2)c(Cl)c1Cl,-2.397939997814676
O=S(=O)(Nc1ccncn1)c1cc2c(cc1F)[C@@H](N1CC[C@H](C(F)(F)F)C[C@@H]1c1ccncn1)CCO2,-3.091514927504751
Cc1ccc(-n2c(C(=O)NC3CC3)nc3cccnc32)cc1Cl,-1.2518119722182737
O=C(Nc1nc2cccc(-c3ccc(CN4CCS(=O)(=O)CC4)cc3)n2n1)C1CC1,-0.5003129172441612
Cc1ccc(C2=C(c3nn[nH]n3)C(=O)N[C@@](c3ccc(OCCCC(F)(F)F)cc3)(C(F)(F)F)C2)cc1,-1.721246396761411
Cc1[nH]c(C(=O)Nc2nc3c(OCC(F)(F)F)cc(C(=O)O)cc3s2)c(Cl)c1Cl,-1.928117989013413
O=C(NCC1CCC(F)(F)CC1)c1c(Cl)ccc2nc(N3CC[C@H](F)C3)ccc12,-1.5228787438326894
Cn1ncc2cc(CN3CCC(OCc4cccc(C(F)(F)F)c4)CC3)ccc21,-1.2441251435655885
CCN(C)C(=O)N1C[C@@H]2C(C(=O)N[C@H]3CCN(c4nccn5ccnc45)C3)[C@@H]2C1,-0.3979400085634639
CC(C)C(C(=O)Nc1nccs1)c1ccc(Cl)cc1,-2.283996648013384
CS(=O)(=O)c1ccc(C(=O)Nc2ccc(Cl)c(-c3ccccn3)c2)c(Cl)c1,-1.5850266503588186
Cc1cc(-n2cc(C(=O)N3CCO[C@@H](C)C3)c3ccc(O[C@@H](C)c4ccc(F)cn4)nc32)[nH]n1,-3.0969099587212496
CC1(COc2cc(F)c(C(=O)NS(=O)(=O)C3CC3)cc2C2CC2)CCC2(CC1)CC2,-2.9999999565705537
O=C(Nc1ccc(F)c(-c2nc3cc(-c4cccnc4F)cnc3[nH]2)c1)N1CCCC1,-1.307153079841848
Cc1[nH]c(C(=O)Nc2nc3c(N4[C@@H]5CC[C@H]4COC5)cc(C(=O)O)cc3s2)c(Cl)c1Cl,-2.045757485735181
Cn1cc2cc(-n3cc4cnc(NCC(F)(F)F)nc4c(-c4ccc(Cl)cc4)c3=O)ccc2n1,-2.552841953147264
C=CC(=O)N1CCN(c2nc(=O)n(-c3c(C4CC4)ncnc3C3CC3)c3nc(-c4c(O)cccc4F)c(Cl)cc23)[C@@H](C)C1,-1.0969100124651885
Fc1cc(COC2CCN(Cc3cn4ccccc4n3)CC2)ccc1Cl,-0.6497519814719557
O=C(Nc1ccc(F)c(-c2nc3ncc(-c4cccc(F)c4)cn3n2)c1)N1CCC(F)(F)C1,-1.4814860588060683
Cc1cc(-c2cnc3cc(-c4ccc(N5CCNCC5)cc4)ccn23)c2cc(F)ccc2n1,-1.999999995657055
O=C(Nc1ccc(F)c(-c2nc3ncc(-c4ccccc4Cl)cn3n2)c1)N1CCC(F)(F)C1,-1.4436974980263393
Cn1cc(-c2ccc(C(F)F)cc2)c2cc(F)c(C(=O)NS(=O)(=O)C3CC3)cc21,-2.154901953781536
Cn1ccc([C@H]2C[C@@H](C(F)(F)F)CCN2[C@H]2CCOc3cc(S(=O)(=O)Nc4ccncn4)c(F)cc32)n1,-3.999999565705736
CO[C@@H](CO)CNC(=O)c1cc(Nc2ccccc2F)c2cc(F)ccc2n1,-0.6382721637935834
O=C(c1cc2cccnc2n1-c1ccnc(F)c1)N1CC(F)C1,-0.4056074495140658
Cc1[nH]c(C(=O)Nc2nc3c(OC(CN)c4ccccc4)cc(C(=O)O)cc3s2)c(Cl)c1Cl,-2.275724122204976
Cc1nc(Nc2ncc(C(=O)Nc3c(C)csc3Cl)s2)cc(N2CCN(CCO)CC2)n1,-1.3010299947953925
COc1cccn2nc(N[C@@H]3[C@@H]4CC[C@H]3CN(c3nc(C)ns3)C4)nc12,-0.7958800170726411
FC(F)(F)c1cccc(COC2CCN(Cc3cn4ccccc4n3)CC2)c1,-0.7670038893538728
CC(=O)N[C@@H]1C[C@H](NC(C)(C)C)CC[C@@H]1N1CCC(Nc2ncnc3cc(C(C)(C)C)nn23)C1=O,-0.2365720063621844
Cc1nc(C)c(C(=O)Nc2ccc(F)c(-c3nc4ncc(-c5ccccc5Cl)cn4n3)c2)o1,-1.8239087380490224
C=CC(=O)N1CCN(c2nc(=O)n(-c3scnc3C(C)C)c3nc(-c4c(O)cccc4F)c(Cl)cc23)[C@@H](C)C1,-1.6989700021645464
O=C1NC2(CC2)COc2ncc(F)cc2[C@H]2CCCCN2c2ccn3ncc1c3n2,-1.6989700021645464
Cn1c(=O)n(CCCO)c(=O)c2c1nc(Oc1cccc(Cl)c1)n2Cc1ccc(Cl)cc1,-2.397939997814676
O=C1NC2(CC2)COc2ncc(F)cc2[C@H]2CNCCN2c2ccn3ncc1c3n2,-0.5528419685026755
COC(=O)c1c(F)cccc1-c1ccc(CCc2ncc(CC(C)(C)C)n2CC(=O)O)cc1,-1.777283526251851
CCCOc1ccc(C(=O)Nc2cc(OC(F)(F)F)ccc2-n2cncn2)cc1OC,-1.721246396761411
O=C(c1cnc(NCc2cnccn2)nc1)N1CCC2(CCOCC2)C1,-0.0264103765265906
Cc1nsc(N2C[C@H]3CC[C@@H](C2)[C@@H]3Nc2nc3c(OCCC(F)(F)F)cccn3n2)n1,-1.2831622758668968
Cn1nccc1[C@H]1C[C@@H](C(F)(F)F)CCN1[C@H]1CCOc2cc(S(=O)(=O)Nc3ccncn3)c(F)cc21,-3.999999565705736
N#C[C@H](CC(N)=O)NC(=O)C1CCCN1C(=O)C1(c2ccc(OC(F)(F)F)cc2)CC1,-0.721246398818595
CS[C@@H](Cn1nnc2cc(C#Cc3ccc(N4CC5(COC5)C4)cc3)ccc21)N(O)C=O,-0.9999999995657056
CC(C)CS(=O)(=O)N[C@H]1CC[C@H](Nc2nc(N)c(C(=O)c3c(F)cccc3F)s2)CC1,-2.795879990200671
COc1nc(N[C@@H](C)c2cc3cc(Cl)ccc3[nH]c2=O)ncc1C#N,-3.721246170471188
Cc1cn(-c2cncc(C(F)(F)F)c2)c2cc(F)c(C(=O)NS(=O)(=O)C3CC3)cc12,-2.154901953781536
COCc1ccc(-c2ccc3ncc(C(N)=O)c(N[C@@H](C)C4CCOCC4)c3c2)cn1,-0.6197887581074379
Cc1nc(C)n(CC(=O)N2CCN(c3sc(C(F)(F)F)nc3-c3nc4cc(-c5noc(C)n5)ccc4[nH]3)C[C@H]2C)n1,-1.6197887564788336
CC(C)(C)[C@@H](CO)NC(=O)c1nn(-c2c[n+]([O-])ccn2)c2c1C[C@@H]1C[C@H]21,-0.9999999995657056
FC(F)c1cncc(-c2ccc3ncc4nnc(C5=CCCOCC5)n4c3c2)c1,-0.3098039198828548
Cc1ccc(Sc2ccc3n[nH]c(=O)n3n2)cc1,-3.958606920028789
O=C(c1cc2cccnc2n1-c1cc(F)c(Cl)c(F)c1)N1CC(F)(F)C1,-1.2924298230505058
Cc1c2c(nn1C)CSCc1cc(n(C)n1)CSc1cc(c3ccccc3c1)OCCCc1c(C(=O)O)n(C)c3c-2c(Cl)ccc13,-3.999999565705736
C[C@H]1CNC(=O)c2cnn3ccc(nc23)N[C@H](C)c2cc(F)ccc2O1,-1.3010299947953925
OCCOCc1cn(CCNc2nonc2C(=NO)Nc2ccc(F)c(Br)c2)nn1,-1.014124642242955
COC(=O)Nc1nc(C)c(S(=O)(=O)N2CCN(C[C@H](C)Nc3ncnc4c(-c5cccnc5C)cccc34)CC2)s1,-1.210419287130551
C[C@]1(c2cc(NC(=O)c3ccc(C#N)cn3)ccc2F)N=C(N)CO[C@H]1C(F)(F)F,-0.6382721637935834
Cc1[nH]c2c(N3CCO[C@H](CO)C3)c(C#N)c(C(F)(F)F)nc2c1Cl,-1.5421181017527863
C[C@@H]1Cc2c(ccc3[nH]ncc23)[C@@H](c2ccc(NC3CN(CCCF)C3)cn2)N1CC(F)(F)F,-0.6382721637935834
CCOc1ccc(C(=O)Nc2cc(OC(F)(F)F)ccc2-n2cncn2)cc1OC,-1.0655015482514387
COCCOCCn1nc(C)c2c1CSCc1cc(n(C)n1)CSc1cc(c3ccccc3c1)OCCCn1c(C(=O)O)c(C)c3c-2c(Cl)ccc31,-3.5228786005155346
CCS(=O)(=O)[C@]1(C)CC[C@@](CF)(c2cc(NC(=O)c3cc4c(cn3)OC(F)(F)O4)ccc2F)N=C1N,-1.455931954408883
CCOc1c(Cl)cc(C(=O)Nc2ccc(C(=O)O)c(C)c2)cc1OC(C)C,-0.0409586076311817
C[C@H](NC(=O)CCc1nc2cccnc2n1Cc1ccc(OC(F)(F)F)cc1)c1ccc(Cl)cc1,-1.7447274924839469
CCc1cc2ncc(CN3CCN(c4ccc(C(=O)NC)nc4)CC3)cc2[nH]c1=O,-1.1366771392846202
COc1cc(NC(=O)C(N)CC(C)C)ccc1-c1cn[nH]c1,-0.6989700041188716
CC(CC(=O)O)c1cccc(-n2c(C(N)=O)cc3ccc(OC(F)(F)F)cc32)n1,-1.3010299947953925
N#Cc1cc(S(=O)(=O)Nc2ncns2)ccc1Oc1ccc(-c2cccc(C(F)(F)F)c2)cc1-c1ccnc(CNCCC2CCNCC2)c1,-2.551293664639601
N#Cc1ccc(N2C3CCC2CN(C(=O)CCS(=O)(=O)c2cccc4ncsc24)C3)nc1,-0.7447274946554192
O=C(Nc1cnccc1-c1ccc(F)cc1)c1ccnc(Nc2ccc(F)cc2)n1,-2.096910007579376
CC1=C(c2cccc(O)c2)[C@H](c2ccc(OCCN3CC(CF)C3)cc2)Oc2ccc(O)cc21,-3.721246170471188
O=C(c1nc2cccnc2n1-c1ccc(Cl)c(Cl)c1)N1CC(F)(F)C1,-1.5686362342325146
C=C[C@]1(C)C[C@@H](OC(=O)CS[C@@H]2CC[C@@H](N)C[C@H]2O)[C@]2(C)[C@H](C)CC[C@]3(CCC(=O)[C@H]32)[C@@H](C)[C@@H]1O,-0.6615435061961775
Cc1ccc(CN2CCC(N3CC[C@@H](c4ccc(O)cc4)[C@H](F)C3)C2=O)cc1,-0.9208187535904632
CN1CCCc2c1[nH]c(N1CCC3(CC1)C(=O)N(CCO)c1cc(F)cc(F)c13)nc2=O,-1.0809219071006797
Cc1ccc2nc(C(=O)NC[C@@H](O)CO)cc(Nc3ccccc3F)c2c1,-1.5228787438326894
C=C[C@]1(C)C[C@@H](OC(=O)COc2ccc3c(c2F)B(O)OC3)[C@]2(C)[C@H](C)CC[C@]3(CCC(=O)[C@H]32)[C@@H](C)[C@@H]1O,-1.4685210816804082
COc1cc(OC)c2c(=O)cc(-c3cc(C)c(OC[C@H](O)CN4CCN(C)CC4)c(C)c3)oc2c1,-0.9208187535904632
Cc1nc(CN2CCC(OCc3cccc(C(F)(F)F)c3)CC2)c2ccccn12,-1.4436974980263393
COc1cc(Nc2c(C#N)cnc3cc(OCCON4CCN(C)CC4)c(OC)cc23)c(Cl)cc1Cl,-1.552841967106729
COc1c(Cc2cccc(C)c2C)cc(=O)n2c1SCC2C(=O)Nc1cc(C)cc(F)c1,-2.9999999565705537
CNC(=O)c1nn(C)c2ccc(Nc3nccc(-n4cc(CN(C)C)c(C)n4)n3)cc12,-0.9208187535904632
C[C@H]1c2cccc(CCC(C)(C)O)c2C[C@H](CO)N1C(=O)Cc1c(Cl)cccc1Cl,-1.6197887564788336
Cc1ccc2nc(C(=O)NCCC#N)cc(Nc3ccccc3F)c2c1,-1.7447274924839469
C=CC(=O)N1CC(NC(=O)Cn2c(C3CC3)c(C(=O)N3CCc4c(cccc4OC)C3)c3cc(Cl)cc(C)c32)C1,-1.6989700021645464
C[C@H]1Cn2ncc(N3CCOCC3=O)c2CN1C(=O)Nc1ccc(F)c(Cl)c1,-0.5086383060256323
N=C1N[C@@]2(c3cc(NC(=O)c4ccc(F)cn4)ccc3F)CN(c3ncc(F)cn3)C[C@H]2CS1,-1.7695510760670523
CC1(Nc2nc(N)nc3nc(-c4cc[nH]n4)ccc23)CC1,-0.3665315443194147
NC(=O)C1C[C@H](F)CN1Cc1ccc(OCc2cccc(F)c2)cc1,-1.2873502975311326
O=C(Nc1cc(F)c(Br)cc1C(=O)O)c1ccc(SC(F)(F)F)cc1,-1.283996655530019
COc1cnc(C(=O)Nc2ccc(F)c([C@@]3(C)N=C(N)CO[C@@H]3F)c2)cn1,-0.5528419685026755
OC[C@H]1O[C@@H](n2cnc3c(NC(C4CCC4)C4CCC4)ncnc32)[C@H](O)[C@@H]1O,-0.686132779420024
COc1cnc(C(=O)Nc2ccc(F)c([C@]34CN(c5ncc(F)cn5)C[C@H]3CSC(=N)N4)c2)cn1,-1.5086383047647771
FC(F)(F)c1cccc(COC2CCN(Cc3cc4ccc(Cl)cc4[nH]3)CC2)c1,-2.9999999565705537
COCCNc1cc(NC(=O)N2CCCc3cc(CO)c(C=O)nc32)ncc1C#N,-0.9208187535904632
Cn1cc(-c2ccc(F)c(C(F)(F)F)c2)nc1C1CCN(c2ncnc(N)c2-c2ccc(F)cc2)CC1,-3.5228786005155346
CN(C(=O)C(CC(=O)O)Cc1ccccc1)c1nc(-c2ccccc2Cl)cs1,-2.823908711991354
COc1ncccc1-c1noc(-c2nnn(Cc3ccc(CN4CCOCC4)cc3)c2N)n1,-0.1804560643923291
Cc1c(Cl)cccc1NC(=O)CN1CCC(OCc2ccc(F)c(F)c2)CC1,-1.8239087380490224
Cn1cc(-c2ccc(C(F)(F)F)cc2)c2cc(F)c(C(=O)NS(=O)(=O)C3CC3)cc21,-2.455931943241311
C[C@@H](c1ccc2ccc(O[C@H]3CC[C@@H](C(F)(F)F)CC3)c(C(F)(F)F)c2c1)N1C2CCC1CC(C(=O)O)C2,-2.222573170360364
Nc1cc(NCCn2cccn2)c2ccc(-n3cccn3)cc2n1,-0.5528419685026755
C[C@@H]1CN(c2sc(C(F)(F)F)nc2-c2nc3cc(OCCO)ccc3[nH]2)CCN1C(=O)Cn1cnc2cccnc21,-1.5228787438326894
C=c1cc2/c(=C/c3ccc(CO)n3-c3ccc(C(=O)OCC)cc3)oc(O)c2c(=O)[nH]1,-1.046240307783685
CC(C)Cc1ccc2ncccc2c1NS(=O)(=O)c1ccc(CCCN2CCN3CCC[C@@H]3C2)cc1,-0.7695510783662587
C=C[C@]1(C)C[C@@H](OC(=O)COc2ccc3c(c2)B(O)NN=C3)[C@]2(C)[C@H](C)CC[C@]3(CCC(=O)[C@H]32)[C@@H](C)[C@@H]1O,-2.096910007579376
COCCOc1ncc(NC(=O)c2cc(C(F)(F)F)nc(-n3ccnc3)n2)cn1,-1.107905396752732
Cn1cc2c3cc(C(=O)O)ccc3n(-c3ccc(C(F)(F)F)cc3)c2n1,-1.6989700021645464
O=C(Nc1cnccc1N1CCC(F)(F)CC1)c1ccnn2cc(-c3ccccc3)nc12,-2.6989699826212954
COC(=O)Nc1nc(C)c(S(=O)(=O)N2CCN(C[C@H](C)Nc3ncnc4c(-c5ccc(C)nc5)cccc34)CC2)s1,-2.95860727536046
Nc1cc(Cc2ccccc2)c2[nH]nnc2n1,-0.4436974991120754
Cn1nccc1Nc1nccc(-c2ccn([C@H](CO)c3ccc(Cl)c(F)c3)c(=O)c2)n1,-1.2365720056882792
CNC[C@@H](Nc1ncnc2c(C(N)=O)cccc12)c1cccc(F)c1,-0.6575773189803872
CC(=O)NC1CC(=O)NCCCCCC(C(=O)NC(CCCN=C(N)N)C(=O)c2nc3ccccc3s2)NC(=O)C(CC(C)C)NC1=O,-0.2218487495439739
C=C[C@]1(C)C[C@@H](OC(=O)CSc2ccc3c(c2)B(O)OC3)[C@]2(C)[C@H](C)CC[C@]3(CCC(=O)[C@H]32)[C@@H](C)[C@@H]1O,-2.096910007579376
C=C[C@]1(C)C[C@@H](OC(=O)COc2ccc3c(c2)B(O)OC3)[C@]2(C)[C@H](C)CC[C@]3(CCC(=O)[C@H]32)[C@@H](C)[C@@H]1O,-2.522878730803855
CCC(C)(C)NC(=O)COc1cccc(-c2nc3c(c(Nc4ccc(-c5cn[nH]c5)cc4)n2)COC3)c1,-1.5228787438326894
COc1cnc(C(=O)Nc2ccc(F)c([C@]3(C)Cn4nc(C#N)cc4C(=N)N3)c2)cn1,-1.3010299947953925
CC(=O)NC1CCCCNC(=O)CCC(C(=O)NC(CCCN=C(N)N)C(=O)c2nc3ccccc3s2)NC(=O)C(CC(C)C)NC1=O,-0.7351821767544339
CC(O)c1cn(CCNc2nonc2C(=NO)Nc2ccc(F)c(Br)c2)nn1,-1.2335871521439457
COc1ncc(-n2c(C(=O)N3CC(F)C3)cc3cccnc32)cc1Cl,-1.1804560638001094
CN1CCC(c2nnc(-c3cnc(Nc4ccc5c(c4)C(C)(C)OC5=O)nc3N[C@H](CO)c3ccccc3)o2)CC1,-1.4814860588060683
OC[C@H]1O[C@H](Sc2ccc(Cl)c(Cl)c2)[C@H](O)[C@@H](n2cc(-c3cscn3)nn2)[C@H]1O,-1.4814860588060683
Cc1[nH]c(C(=O)Nc2nc3c(OC(C)c4ccc(CN5CC[S+]([O-])CC5)cc4)cc(C(=O)O)cc3s2)c(Cl)c1Cl,-2.6989699826212954
OC[C@H]1O[C@H](Sc2ccc(Cl)c(Cl)c2)[C@H](O)[C@@H](n2cc(-c3ccsc3)nn2)[C@H]1O,-1.8239087380490224
CC(C)n1ncc2c1C(=O)CC1(CCN(C(=O)c3cc(-c4ccc(C(=O)O)cc4)nc(N(C)C)c3)CC1)C2,-1.2441251435655885
COc1ccc(-c2ccccc2-c2csc(N(C(=O)C(CC(=O)O)CC3CCCC3)C3CC3)n2)cn1,-2.638272145100039
CC(C(=O)N1C[C@@H](C)N[C@H](C)C1)N1CCC(n2c(=O)[nH]c3ccccc32)CC1,-0.7569619510655373
CN(C)Cc1cc2cc3c(cc2n1C)CCCc1c-3[nH]c(=O)c(C(=O)O)c1O,-0.9999999995657056
FC(F)(F)c1nccc2cc(Nc3[nH]nc4ncccc34)ccc12,-1.8239087380490224
C[C@H](Nc1nccc(N2C(=O)OC[C@@H]2[C@H](C)F)n1)c1cn(-c2ccc(C(F)F)cc2)cn1,-0.0362121726072387
COC(=O)Nc1nc(C)c(S(=O)(=O)N2CCN(C[C@H](C)Nc3ncnc4c(-c5ccc(CN6CCCC6)cc5)cccc34)CC2)s1,-2.3098039111083337
NC(Cc1c[nH]cn1)C(=O)NC(Cc1cc2ccccc2[nH]1)C(=O)O,-2.031517046776232
Cc1ccc(-c2ncc[nH]2)cc1NC(=O)c1ccc(OCc2ccccn2)cc1,-1.397940007586301
Cc1nc(Nc2ncc(C(=O)Nc3ncccc3C)s2)cc(N2CCN(CCO)CC2)n1,-0.5228787451355728
CNc1nc2ccccc2n1-c1nc(N2CCOC[C@H]2C)cc(C2(S(C)(=O)=O)CC2)n1,-1.3565473225267797
C[C@H]1c2cccc(C(C)(C)O)c2C[C@H](CO)N1C(=O)Cc1c(Cl)cccc1Cl,-1.2924298230505058
CCC1C(=O)N(C)c2cnc(Nc3ccc(-c4noc(CN5CCNCC5)n4)cc3OC)nc2N1C1CCCC1,-1.3467874852595574
CSc1ccc(C(N)=O)cc1-c1ccc2c(cnn2C)c1,-1.1611509086333325
Cc1cc2c(Nc3ccccc3F)cc(C(=O)NCC(C)(C)C#N)nc2cn1,-1.3467874852595574
Cc1c(OCCNCCCF)ncc(F)c1[C@@H]1c2[nH]c3ccccc3c2C[C@@H](C)N1CC(C)C(=O)O,-0.5850266518621456
C=C[C@]1(C)C[C@@H](OC(=O)CSC(C)(C)CNC(=O)C(N)C(C)C)[C@]2(C)[C@H](C)CC[C@]3(CCC(=O)[C@H]32)[C@@H](C)[C@@H]1O,-1.3010299947953925
CC1(C)OC(=O)c2ccc(Nc3ncc(-c4nnc(C56CCN(CC5)CC6)o4)c(N[C@H](CO)c4ccccc4)n3)cc21,-1.376750708568065
C=C[C@]1(C)C[C@@H](OC(=O)COc2ccc3c(c2)B(O)OC3C)[C@]2(C)[C@H](C)CC[C@]3(CCC(=O)[C@H]32)[C@@H](C)[C@@H]1O,-2.6989699826212954
O=C(c1nc2cccnc2n1-c1ccc(Cl)c(Cl)c1)N1CCC1,-1.5228787438326894
Cc1cc(S(=O)(=O)N2CCCC2)c2cccnc2c1O,-0.3010299955771223
CNc1cc(Nc2cc(F)cc(F)c2OC)nn2c(C(=O)NC[C@](C)(O)CO)cnc12,-0.5228787451355728
CC(C)C[C@](C)(N)COc1ccc(-c2ccnc(C(F)F)c2)nc1C(F)F,-1.3372421673743076
COc1ccc(-c2cc(C(=O)N[C@H]3CCCN(C)C3)nn2C)c(Cl)c1,-0.6020599911542446
OC[C@H]1O[C@H](Sc2cc(Cl)c(F)c(Cl)c2)[C@H](O)[C@@H](n2cc(-c3nccs3)nn2)[C@H]1O,-1.8860566443524365
CCN(Cc1nc2c(N)nc3cc(-c4cc[nH]n4)ccc3c2[nH]1)C(C)=O,-0.4948500215443769
O=c1[nH]nc(-c2ccc(Cl)c(C(F)(F)F)c2)o1,-1.1611509086333325
Cn1c(CNC2(C)CCC2)cc2cc3c(cc21)CCCc1c-3[nH]c(=O)c(C(=O)O)c1O,-1.3279021411402516
OC[C@@]12C[C@@H]1[C@@H](n1cnc3c(NC(C4CCC4)C4CCC4)ncnc31)[C@H](O)[C@@H]2O,-0.560667306011812
Cc1nc(Nc2ncc(C(=O)Nc3c(C)noc3C)s2)cc(N2CCN(CCO)CC2)n1,-0.3565473234151092
Cc1cc(N2C[C@H]3CC[C@@H](C2)[C@@H]3Nc2nc3c(O[C@@H](C)C(F)(F)F)cccn3n2)sn1,-1.4685210816804082
Cc1ccccc1Oc1cc(-n2c(=O)cc(C(F)(F)F)[nH]c2=O)c2ccccc2c1Cl,-2.8538719333007285
CC(C)(O)c1ccc(N2Cc3c(cc(C4(C)COC4)nc3-c3ccccc3OCC(F)F)C2=O)cc1,-0.6777807050592738
COC(=O)Nc1cc(-c2cnc(OC[C@@](C)(N)CC(C)C)c(C)c2)ccn1,-1.3098039190851711
Cc1nn(CC(=O)N2CCN(c3sc(C(F)(F)F)nc3-c3nc4ccccc4[nH]3)C[C@H]2C)cc1CN(C)C,-1.2757241295797874
Cc1cn(-c2cncc(C(F)(F)F)c2)c2ccc(C(=O)NS(=O)(=O)C3CC3)cc12,-2.3010299869780915
CCOc1cc(CN2CCC3(CC2)CC(=O)N(c2ccc(C(=O)O)cc2)C3)cc(OCC)c1-c1ccc(F)cc1,-1.3372421673743076
Cc1[nH]c(C(=O)Nc2nc3c(OC(C)c4ccccc4)cc(C(=O)O)cc3s2)c(Cl)c1Cl,-3.999999565705736
CC(C)(C(=O)Nc1ccc(-c2cncc(C(F)(F)F)n2)cn1)c1csc(NS(=O)(=O)C2CC2)n1,-1.999999995657055
CO[C@]1(CN2CCN3CCCC[C@@H]3C2)/C=C/C[C@H](C)[C@@H](C)S(=O)(=O)NC(=O)c2ccc3c(c2)N(C[C@@H]2CC[C@H]21)C[C@@]1(CCCc2cc(Cl)ccc21)CO3,-3.3979399000984305
COC[C@H]1Cn2cc(-c3nc(Nc4ccnn4C)ncc3C)nc2C(=O)N1Cc1ccc(F)c(F)c1,-0.9208187535904632
Cc1cccnc1N(C(=O)c1ccc(-c2cnn3cccnc23)cc1)[C@@H]1CCCNC1,-2.4317982641953164
Cc1ccc(C2=C(c3nn[nH]n3)C(=O)N[C@@](c3ccc(OCCCCCC(F)(F)F)cc3)(C(F)(F)F)C2)cc1,-1.8538719612196584
Nc1ncnc2c1c(Oc1cc(C(F)(F)F)ccn1)nn2C1CC1,-0.8068754013671445
O=C(NCCO)c1ccc(-c2nnc(Cc3c[nH]c4ccccc34)nc2-c2ccccc2)cc1,-1.958607310893644
CCOc1ccccc1S(=O)(=O)N1CC(c2nc(-c3ccc(F)s3)no2)C1,-1.6197887564788336
C[C@@H]1COCCN1c1cc(C2(S(C)(=O)=O)CC2)nc(-c2cncc3[nH]ccc23)n1,-0.3187587625339347
COc1cc(C(=O)N2CCC3(CC2)CC(=O)c2c(cnn2C(C)C)C3)cc(-c2ccc(C(=O)O)cc2)n1,-1.4067139318716486
O=C(NCc1cc(F)cc(Cl)c1)[C@@]1(O)CCN(c2ccc3[nH]ccc3c2)C1=O,-1.958607310893644
Cc1cc(N2C[C@H]3CC[C@@H](C2)[C@@H]3Nc2nc3c(OCC(F)(F)C(F)(F)F)cccn3n2)on1,-1.4948500203229238
c1ccc(-c2nnc(Cc3c[nH]c4cnccc34)nc2-c2ccccc2)cc1,-1.721246396761411
O=S(=O)(Nc1ccncn1)c1cc2c(cc1F)[C@@H](N1CC[C@H](C(F)(F)F)C[C@@H]1c1ccccn1)CCO2,-4.045757008011519
COc1cc(C(=O)Nc2cc(OC(F)(F)F)ccc2-n2cncn2)ccc1OC1CC1,-1.4089353918599252
O=C(CCCCCc1ccccc1)N[C@H]1CC[C@H](O)CC1,-3.481485928517744
O=C(NCC1(O)CCCC(F)(F)C1)c1c(Cl)ccc2nc(N3CC[C@H](F)C3)ccc12,-1.1023729081598188
N#Cc1ccc2c(c1)C[C@H](CO)N[C@@H]2c1cc(F)cc(Cl)c1,-0.9393021592687408
CC(=O)NC(CO)C(=O)NC(CCCCN)C(=O)NC(CC(C)C)C(=O)NC(CCCN=C(N)N)C(=O)c1nc2ccc(C(=O)NC(C(N)=O)C(C)C)cc2s1,-0.77728352859236
CCCCCC[C@H]1OC[C@@H](C)NC(=O)C(CO[C@H]2C[C@H](CN)C2)NC(=O)C(CN)NC(=O)C(C2CCCCCC2)NC(=O)C(CCC)N(C)C(=O)C1C,-1.958607310893644
O=C(Nc1cnccc1-c1ccc(F)cc1)c1ccnn2cc(-c3ccccc3)nc12,-2.6989699826212954
Nc1ncc(-c2cnc(C3CCNCC3)s2)cc1OCc1ccncc1,-0.4202164032689018
COc1ccc(-c2nc3cc(-n4cc([C@H](N)Cc5ccccc5)nn4)ccc3o2)cc1,-2.187086636675691
CC1=C(c2cccc(O)c2)[C@H](c2ccc(OC[C@H](C)N3CC[C@@H](C)C3)cc2)Oc2ccc(O)cc21,-3.795879745910109
CC(C)Oc1cc(F)cc2c(N3CCN(c4ccccc4F)CC3)c(C#N)cnc12,-2.397939997814676
Cc1nnc(N2C[C@H]3CC[C@@H](C2)[C@@H]3Nc2nc3c(O[C@@H](C)C(F)(F)F)ccc(C(F)(F)F)n3n2)o1,-1.3665315434104264
Cn1ncc2cc(CN3CCC(OCc4ccc(Cl)c(F)c4)CC3)ccc21,-1.283996655530019
Nc1ncnc2c1ncn2[C@@H]1O[C@@H]2CO[P@@](=O)(S)O[C@@H]3[C@H](O)[C@@H](CO[P@@](=O)(S)O[C@H]2[C@H]1O)O[C@H]3n1cnc2c(N)ncnc21,-0.4948500215443769
Cc1nc(CN2CCC(OCc3ccc(Cl)c(F)c3)CC2)c2ccccn12,-0.8794260684651392
CC(C)C(=O)N1CCC(c2cn(C)c3ncc(NC(=O)c4cccc(C#N)c4)c(C(F)(F)F)c23)CC1,-0.2076083104316986
O=C(NC1CC1)c1nc2cccnc2n1-c1ccc(Cl)c(Cl)c1,-2.221848742378115
O=c1cc(-c2ccnc(NC3CCOCC3)n2)ccn1[C@H](CO)c1ccc(Cl)c(F)c1,-1.2365720056882792
Cc1[nH]c(C(=O)Nc2nc3c(OC(CN4CCOCC4)C(F)(F)F)cc(C(=O)O)cc3s2)c(Cl)c1Cl,-2.9999999565705537
COc1ncc(C#CCN(C(=O)Cc2ncc(C(F)(F)F)cc2C(F)(F)F)c2ccc(F)cc2)cn1,-1.8860566443524365
COc1ccc(C(=O)Nc2cc(OC(F)(F)F)ccc2-n2cncn2)cc1OC,-0.7495799974471203
C[C@H]1SC(=N)N[C@](C)(c2cc(NC(=O)c3cnc(OCF)cn3)ccc2F)[C@H]1F,-0.8239087406547891
CC(C)COc1ccc(-c2nn(C)c3cc(C(=O)NS(=O)(=O)C4CC4)c(F)cc23)cn1,-1.958607310893644
Cc1c(-c2c(-c3ccc(F)o3)sc3ncnc(OC(Cc4ccccc4OCc4ccnn4CC(F)(F)F)C(=O)O)c23)ccc(OCCN2CCN(C)CC2)c1Cl,-3.698969787188832
C[C@@]1(c2cc(NC(=O)c3ccc(C#N)cn3)ccc2F)Cn2c(C#N)cnc2C(=N)N1,-1.2218487488925325
N=C1N[C@@]2(c3cc(NC(=O)c4ccc(F)cn4)ccc3F)COC[C@H]2CS1,-0.4317982758156281
CCC1C(=O)N(C)c2cnc(Nc3ccc(C(=O)NC4CCN(C)CC4)cc3OC)nc2N1C1CCCC1,-0.9430951482825674
O=C1CCc2cc(N3CC[C@](O)(C(=O)NCc4cc(F)cc(Cl)c4)C3=O)ccc2N1,-1.7695510760670523
Cc1nsc(N2CC[C@@H](Nc3nc4c(-c5ccc(F)c(F)c5F)cccn4n3)C(F)(F)C2)n1,-2.5376019871253725
CC1(C)CCOc2c(Cl)cc(CN3CCC4(CC3)CC(=O)N(c3ccc(C(=O)O)cc3)C4)cc21,-0.2518119729162469
Cc1[nH]c(C(=O)Nc2nc3c(OC(CN4CCOCC4)C4CC4)cc(C(=O)O)cc3s2)c(Cl)c1Cl,-1.8860566443524365
CC(C)(C)c1cc(NC(=O)c2ccc(S(=O)(=O)N3CCCC3)cc2)[nH]n1,-0.5850266518621456
Cc1nc(Nc2ncc(C(=O)Nc3c(C)nn(C)c3C)s2)cc(N2CCN(CCO)CC2)n1,-0.2076083104316986
Cc1[nH]c(C(=O)Nc2nc3c(OC(C)c4ccc(CN5CCS(=O)(=O)CC5)cc4)cc(C(=O)O)cc3s2)c(Cl)c1Cl,-2.9999999565705537
NC1(COc2cc(F)c3c(c2)CC(CNCCC2CN(c4cnc5c(n4)NC(=O)CO5)C(=O)O2)C3)CC1,-0.3979400085634639
C[C@H](Nc1nccc(N2C(=O)OC[C@@H]2CF)n1)c1cn(-c2ccc(C(F)(F)F)cc2)cn1,-0.0087739242631893
Cc1[nH]c(C(=O)Nc2nc3c(OC(CN4CCOCC4)c4ccccc4)cc(C(=O)O)cc3s2)cc1F,-1.3565473225267797
C=CC(=O)N1CCN(c2nc(=O)n(-c3c(C)cccc3C(C)C)c3nc(-c4c(O)cccc4F)c(Cl)cc23)[C@@H](C)C1,-1.5228787438326894
CCOc1ccc2cn(-c3ccc4nn(C)cc4c3)c(=O)c(-c3ccc(Cl)cc3)c2n1,-1.9507819734521887
N#Cc1ccc(Nc2nccc(C(=O)Nc3cnccc3-c3ccc(F)cc3)n2)cc1,-1.5228787438326894
O=C(Nc1cnccc1N1CCOCC1)c1ccnn2cc(-c3ccccc3)nc12,-1.999999995657055
Nc1nc(OCc2ccccc2)c2[nH]nnc2n1,-0.8860566473590905
C[C@@H]1CCc2ncc(F)cc2[C@H]2CCCN2c2ccn3ncc(c3n2)C(=O)N1,-1.6989700021645464
CCC1C(=O)N(C)c2cnc(Nc3ccc(-c4noc(CN5CCCNCC5)n4)cc3OC)nc2N1C1CCCC1,-1.696803940418842
COc1cc2ncnc(Nc3cccc(Cl)c3F)c2cc1OCCON1CCN(C)CC1,-1.1549019593653225
CC(C)Cc1ccc2nn(C)cc2c1NS(=O)(=O)c1ccc(CCCCC2CCN(C)CC2)cc1,-1.207608309801271
Cn1c(CN2CCCC2)cc2cc3c(cc21)OCCc1c-3[nH]c(=O)c(C(=O)O)c1O,-0.7447274946554192
N#Cc1cc(F)cc(C(=O)N2CCN(C(C(=O)NCC(F)(F)C3CC3)c3ccccc3)CC2)c1,-0.8860566473590905
CS(=O)(=O)Nc1c(Cc2cccc3ccccc23)cc(=O)n2c1SCC2C(=O)Nc1ccccc1,-2.408935381837745
COc1cc(NC(=O)c2nnn(Cc3ccc(CN4CCOCC4)cc3)c2N)nc(OC)n1,-0.1611509091998035
COc1ccc2nc(C(F)(F)F)n(CC(=O)N3CC[C@H](NC4CCOC4)C[C@H]3c3nc(-c4cc5ccccc5nc4OC)c[nH]3)c2c1,-1.3279021411402516
Cc1nc(Nc2ncc(C(=O)Nc3c(Cl)ccnc3C)s2)cc(NN2CCN(CCO)CC2)n1,-0.9586073144469618
CNc1cc(Nc2cccn(-c3ocnc3C)c2=O)nc2c(C(=O)N[C@@H]3CC[C@H]3OC)cnn12,-0.6382721637935834
C=CC(=O)N[C@@H]1CN(c2nc(Nc3cn(C)nc3OC)c3ncn(C)c3n2)C[C@H]1F,-0.6989700041188716
O=S(=O)(Nc1ccncn1)c1cc2c(cc1F)[C@@H](N1CC[C@H](C(F)(F)F)C[C@@H]1c1cnco1)CCO2,-3.5686360749912343
CC(Nc1ccc2c(c1)OCCn1cc(N3C(=O)OC[C@H]3C(F)F)nc1-2)C(N)=O,-0.5833594924953227
Cc1noc(N2C[C@H]3CC[C@@H](C2)[C@@H]3Nc2nc3c(OCC(F)(F)C(F)(F)F)cccn3n2)n1,-1.2146701642772748
CCC1(C)NC(=O)c2cc(S(=O)(=O)Nc3ccc(F)cc3F)cc(Cl)c2NC1=O,-1.4317982747592362
O=S(=O)(CCC(F)(F)F)N[C@H]1CC[C@H](Nc2ncc3c(-c4ccccn4)[nH]nc3n2)CC1,-0.8860566473590905
CNc1nc(O)c([C@H](C)c2c[nH]c3cccc(F)c23)o1,-0.6989700041188716
C=C[C@]1(C)C[C@@H](OC(=O)COc2ccc3c(c2Cl)B(O)OC3)[C@]2(C)[C@H](C)CC[C@]3(CCC(=O)[C@H]32)[C@@H](C)[C@@H]1O,-2.096910007579376
Cc1cc(N2C[C@H]3CC[C@@H](C2)[C@@H]3Nc2nc3c(OCC(F)(F)F)cccn3n2)sn1,-1.7447274924839469
C#CCOc1cnc(C(=O)Nc2cc(F)c(F)c([C@@]3(C)N=C(N)S[C@@]4(C(F)F)C[C@@H]34)c2)cn1,-1.8860566443524365
O=C(NCc1cc(F)cc(F)c1)[C@@]1(O)CCN(c2ccc3[nH]ncc3c2)C1=O,-0.721246398818595
COc1cnc(C(=O)Nc2ccc(F)c([C@@]3(C)N=C(N)CO[C@H]3C(F)(F)F)c2)cn1,-0.8096683015495185
N#Cc1cnc2c(N3CCOCC3)cccc2c1N1CCN(c2ccccc2F)CC1,-1.999999995657055
COc1cc2ccccc2cc1C(=O)NC(=S)Nc1ccc(-c2nccs2)cc1,-1.657577317203728
O=C(Nc1ccc(F)c(-c2nc3ncc(-c4ccccc4)cn3n2)c1)N1CCC(F)(F)C1,-1.397940007586301
c1ccc2oc(-c3ncc[nH]3)cc2c1,-0.7958800170726411
CS[C@@H](Cn1nnc2cc(C#Cc3ccc(CN4CCOCC4)cc3)ccc21)N(O)C=O,-1.0457574900781257
C=CC(=O)N1CCN(c2nc(=O)n(-c3c(CC)cccc3CC)c3nc(-c4c(O)cccc4F)c(Cl)cc23)[C@@H](C)C1,-1.5228787438326894
Cc1nsc(N2C[C@H]3CC[C@@H](C2)[C@@H]3Nc2nc3c(O[C@@H](C)C(F)(F)F)cccn3n2)n1,-1.2218487488925325
COC(=O)Nc1nc(C)c(S(=O)(=O)N2CCN(C[C@H](C)Nc3ncnc4c(C)csc34)CC2)s1,-2.638272145100039
Cc1ccc2nc(N3CCCc4ccc(F)cc4C3)cc(NCC3(N)COC3)c2c1,-0.9586073144469618
C[C@]12C=CC(=O)C=C1CC[C@@H]1[C@@H]2[C@@H](O)C[C@@]2(C)[C@H]1C[C@H]1O[C@@H](c3ccc(Cc4cccc(N)c4)cc3)O[C@]12C(=O)CO,-3.999999565705736
C[C@@H]1Cc2c(ccc3[nH]ncc23)[C@@H](c2c(F)cc(/C=C/C(=O)O)cc2F)N1CC(C)(F)F,-1.6777807031980116
Cc1noc(N2C[C@H]3CC[C@@H](C2)[C@@H]3Nc2nc3c(OCC(F)(F)F)cccn3n2)n1,-1.022276394254
Cc1nsc(N2C[C@H]3CC[C@@H](C2)[C@@H]3Nc2nc3c(OCC(F)(F)F)cccn3n2)n1,-1.2218487488925325
N#Cc1ccnc(Oc2nn([C@H]3C[C@H](F)C3)c3ncnc(N)c23)c1,-0.5331323794976672
CNC(=O)Nc1cc(Oc2cncc(C)c2)c([C@H]2C[C@@H](O)C2)cn1,-1.026872145938286
COc1ccc(-c2ccc(Cl)cc2-c2csc(N(C(=O)C(CC(=O)O)Cc3ccco3)C3CC3)n2)cn1,-2.3872161326877164
C=CC(=O)N1CCN(c2nc(=O)n(-c3c(C(C)C)ncnc3C(C)C)c3nc(-c4c(O)cccc4F)c(Cl)cc23)[C@@H](C)C1,-1.5228787438326894
Cc1[nH]c(C(=O)/N=c2\sc3cc(C(=O)O)ccc3n2CC(=O)c2ccc(S(C)(=O)=O)cc2)c(Cl)c1Cl,-3.1549018979436787
O=S(=O)(Nc1ccncn1)c1cc2c(cc1F)[C@@H](N1CC[C@H](C(F)(F)F)C[C@@H]1c1cn[nH]c1)CCO2,-3.744727253622049
CC(C)COc1ncc(-c2cn(C)c3cc(C(=O)NS(C)(=O)=O)c(F)cc23)cc1Cl,-2.6989699826212954
CC(C)NCc1cc2cc3c(cc2n1C)CCCc1c-3[nH]c(=O)c(C(=O)O)c1O,-0.7958800170726411
c1csc(-c2nnc(Cc3cccc4ccccc34)o2)c1,-1.958607310893644
Cc1nc(C)c(C(=O)Nc2ccc(F)c(-c3nc4ncc(-c5ccccn5)cn4n3)c2)o1,-0.896196278702079
COc1cc(C(=O)N2CCC3(CC2)CC(=O)c2nn(C(C)(C)C)cc2O3)cc(-c2ccc(C(=O)O)cc2)n1,-0.7695510783662587
O=C(NCc1cc(F)cc(F)c1)[C@@]1(O)CCN(c2ccc3[nH]ccc3c2)C1=O,-1.552841967106729
C/C=C/c1cnc(C(=O)NC[C@@H](F)CO)cc1Nc1ccccc1F,-1.1191864071477686
O=C(Nc1nc2cccc(C3CCC4(CC3)CCN(C(=O)C3CC3(F)F)C4)n2n1)C1CC1,-0.9507819769420556
N#Cc1cccc(C(=O)c2cnc(NC3(c4cncnc4)CC3)nc2)c1,-2.337242158877242
Nc1nc(NC2CC2)c2ccc(-c3cc[nH]n3)nc2n1,-0.337242168224014
O=C(c1cccc(CNc2[nH]nc3cccc(Cl)c23)c1)N1CCN(C(=O)c2ccc(Cl)cc2Cl)CC1,-1.5086383047647771
CNc1cc(Nc2cccn(-c3ccccn3)c2=O)nc2c(C(=O)N[C@H]3CC[C@@H]3OC)cnn12,-1.0969100124651885
O=C(Nc1cnccc1-c1ccccc1)c1ccnn2cc(-c3ccccc3)nc12,-2.522878730803855
N#Cc1ccc(C(C(=O)NCC(F)(F)C2CC2)N2CCN(C(=O)c3cc(F)ccc3Cl)CC2)cc1,-0.9586073144469618
CC(=O)NC1CCCCNC(=O)CC(C(=O)NC(CCCN=C(N)N)C(=O)c2nc3ccccc3s2)NC(=O)C(CC(C)C)NC1=O,-0.0690509687815632
Cc1[nH]c(C(=O)Nc2nc3c(N4CCOC[C@@H]4C)cc(C(=O)O)cc3s2)c(Cl)c1Cl,-1.958607310893644
C[C@H]1CCN1c1nc(-c2cnn(CC(=O)N3CCNCC3)c2)cc(C(F)(F)F)n1,-0.8239087406547891
CC(C)n1cc(CN2CCC3(CC2)CC(=O)N(c2ccc(C(=O)O)cc2)C3)c2c(C3CC3)cccc21,-0.5086383060256323
C=CC(=O)Nc1ccccc1C1CCNc2c(C(N)=O)c(-c3ccc(OCC4CC4)cc3)nn21,-1.40340290327406
C[C@H]1NC(=O)c2cc(-c3cccc4c(=O)n(C)c(NC(C)(C)C)nc34)[nH]c21,-1.075720713421101
CNc1nc(O)c([C@H](C)c2c[nH]c3cccc(Cl)c23)o1,-0.872895201311092
CC(C)Cc1ccc(-c2cn(C)c3cc(C(=O)NS(C)(=O)=O)ccc23)cc1,-2.522878730803855
CC(C)C[C@](C)(N)COc1ccc(-c2ccnc(C(F)F)c2)cc1C#N,-1.1023729081598188
COc1ccc(/C(=C(\c2ccc(/C=C/C(=O)O)cc2)c2ccc(N3CCOCC3)cc2)C2CCC2)c(Cl)c1,-2.397939997814676
OC[C@H]1O[C@@H](n2cnc3c(NC(C4CCC4)C4CCC4)nc(Cl)nc32)[C@H](O)[C@@H]1O,-1.324221657409682
Cc1nnc(-c2nc(C)n3ccc(Nc4nccc(-c5cc(CN(C)C)n(C)n5)n4)cc23)o1,-0.5686362356801629
Cc1cn2cc(-c3cc(=O)n4cc(N5CCN(C)CC5)ccc4n3)cc(C)c2n1,-0.7958800170726411
Cc1[nH]c(C(=O)N(C)c2nc3c(O)cc(C(=O)O)cc3s2)c(Cl)c1Cl,-1.3526170289072394
COc1ncc(C(=O)N2CCN(C(=O)/C=C/c3ccc4c(c3)OC(F)(F)O4)CC2)cn1,-0.6575773189803872
COC(=O)Nc1nc(C)c(S(=O)(=O)N2CCN(C[C@H](C)Nc3ncnc4c(-c5sc(C)nc5C)cccc34)CC2)s1,-1.429457058950644
Oc1ccc(F)cc1-c1cncn1Cc1cc2cc(F)ccc2[nH]1,-1.785156149304165
C[C@@]1(c2ccc(F)cc2F)C[C@@H](c2cncnc2)SC(=N)N1,-0.3767507094986961
C[C@](O)(CO)CNc1cc(Nc2cccc(-c3ccc(C(F)(F)F)cc3F)c2)nn2c(C(N)=O)cnc12,-1.9208187503332543
Cc1[nH]c(C(=O)Nc2nc3c(N4CCOCC4C)cc(C(=O)O)cc3s2)c(Cl)c1Cl,-1.958607310893644
O=C1CO[C@H]2CCN(C(=O)N3CC(CCc4c(F)cccc4C(F)(F)F)C3)C[C@H]2N1,-0.9999999995657056
C=C[C@]1(C)C[C@@H](OC(=O)COc2ccc3c(c2)B(O)N(S(C)(=O)=O)N=C3)[C@]2(C)[C@H](C)CC[C@]3(CCC(=O)[C@H]32)[C@@H](C)[C@@H]1O,-1.2365720056882792
C[C@@H]1CN(c2sc(C(F)(F)F)nc2-c2nc3ccccc3[nH]2)CCN1C(=O)Cn1cnc2cccnc21,-1.999999995657055
COc1ccc2ccc(=O)n(CCN[C@H]3CC[C@H]4[C@H](C3)OC(=O)N4c3ccc4c(n3)NC(=O)CS4)c2n1,-1.0457574900781257
C[C@H]1NC(=O)c2cc(-c3cccc4c(=O)n(C5(C)CC5)c(NC5(C)CC5)nc34)[nH]c21,-1.4814860588060683
COCCCO[C@H]1CN(c2ccc(O[C@@H]3CCN(c4cc(OC)ncc4Cl)C[C@H]3C)cc2)[C@@H](CC(=O)O)[C@@H]1C,-2.045757485735181
C[C@]12CCCN1CC1=NNC(=O)c3cc(F)cc4[nH]c2c1c34,-0.8239087406547891
CCNCc1cc2cc3c(cc2n1C)CCCc1c-3[nH]c(=O)c(C(=O)O)c1O,-0.7695510783662587
CN(C)C(=O)C1Cc2c([nH]c3ccccc23)[C@H](c2ccccc2)N1C(=O)CCl,-1.0861861470866558
C=C[C@]1(C)C[C@@H](OC(=O)CNc2ccc3c(c2)B(O)OC3)[C@]2(C)[C@H](C)CC[C@]3(CCC(=O)[C@H]32)[C@@H](C)[C@@H]1O,-2.096910007579376
Cc1cc(C)c(-c2ncc[nH]2)cc1NC(=O)c1ccc(OCc2ccccn2)cc1,-1.4814860588060683
Cc1[nH]c(C(=O)Nc2nc3c(OC(C)c4ccc(CN5CCOCC5)cc4)cc(C(=O)O)cc3s2)cc1F,-1.7695510760670523
O[C@@H]1c2ccnn2CC[C@H]1[C@H]1c2ccccc2-c2cncn21,-1.0457574900781257
Nc1ncc(C#CCN(C(=O)Cc2ncc(C(F)(F)F)cc2C(F)(F)F)c2ccc(F)cc2)cn1,-1.8239087380490224
Cc1nc(C)c(C(=O)Nc2ccc(F)c(-c3nc4ncc(-c5cccnc5Cl)cn4n3)c2)o1,-0.8696662311832942
NCCCNC(=O)c1ccc(-c2cc(C(=O)O)cc(-n3cc(-c4ccc(C(F)(F)F)cc4)nn3)c2)s1,-2.0809219023914625
COc1nn(C)cc1C(=O)N[S@@]1(=O)=NC(=O)c2ccc3c(c2)N(C[C@@H]2CCO[C@H]2[C@@H](OC)/C(F)=C/C[C@H](C)C1)C[C@@]1(CCCc2cc(Cl)ccc21)CO3,-3.698969787188832
COc1cc(/C=C/C(=O)O)ccc1[C@@H]1c2ccc3[nH]ncc3c2C[C@@H](C)N1CC(C)(F)F,-1.9208187503332543
Cc1nc(Nc2ncc(C(=O)Nc3c(C)cncc3Cl)s2)cc(N2CCN(CCO)CC2)n1,-0.8538719640115515
C=CC(=O)N1C[C@@H]2C[C@H]1CN2c1ccc(C(N)=O)c(Oc2ccc(Oc3ccccc3)cc2)n1,-2.6989699826212954
COc1ccc(NC(=O)C2=C(c3ccc(C)cc3)C[C@](c3ccc(OCCCC(F)(F)F)cc3)(C(F)(F)F)NC2=O)cc1,-1.8538719612196584
CC(C)COc1ncc(-c2cn(C)c3cc(C(=O)NS(C)(=O)=O)ccc23)cc1Cl,-2.6989699826212954
Cc1[nH]c(C(=O)Nc2nc3c(O[C@H](C)c4ccccc4)cc(C(=O)O)cc3s2)cc1F,-2.154901953781536
Cn1c(CN2CCCC2)cc2cc3c(cc21)CCCc1c-3[nH]c(=O)c(C(=O)O)c1O,-0.9586073144469618
FC(F)(F)c1c(Cl)ccc(-n2ccnn2)c1Cl,-1.376750708568065
C[C@@]1(c2cc(NC(=O)c3ccc(C#N)cn3)ccc2F)C[C@@H](C(F)(F)F)OC(=N)N1,-0.6197887581074379
COc1cc(F)cc2c(N3CCN(c4ccccc4F)CC3)c(C#N)cnc12,-1.9604093729951548
COc1ccc(-c2ccccc2-c2csc(N(C(=O)C(CC(=O)O)CC(C)C)C3CC3)n2)cn1,-1.970616218255964
Cc1cc(-c2ccc(OC[C@@](C)(N)CC(C)C)c(C(F)F)c2)ccn1,-1.6989700021645464
O[C@@H]1c2nonc2CC[C@H]1[C@H]1c2ccccc2-c2cncn21,-0.5686362356801629
O=C(O)CC(Cc1ccccc1)C(=O)N(c1nc(-c2cc(Cl)ccc2Cl)cs1)C1CC1,-3.999999565705736
C[C@H]1Cn2ncc(N3CCCC3=O)c2CN1C(=O)Nc1cc(F)c(F)c(F)c1,-0.7447274946554192
Cc1ccc2nc(C(=O)NC[C@@H](F)CO)cc(Nc3ccccc3F)c2c1,-1.7764209816921026
OC[C@@]12C[C@@H]1[C@@H](n1cnc3c(N[C@H]4C[C@H]5CC[C@@H]4C5)nc(Cl)nc31)[C@H](O)[C@@H]2O,-1.1146387794030004
FC(F)c1nnc(-c2ccc(Cn3nnc(-c4ccccn4)n3)nc2)o1,-0.5686362356801629
O=C(Cc1ncc(C(F)(F)F)cc1C(F)(F)F)N(CC#Cc1ccc(C2CCNC2)cn1)c1ccc(F)cc1,-1.721246396761411
COC(=O)Nc1nc(C)c(S(=O)(=O)N2CCN(C[C@H](C)Nc3ncnc4c(C(=O)N(C)C)cccc34)CC2)s1,-1.6716203945223211
C=C[C@]1(C)C[C@@H](OC(=O)COc2ccc3c(c2)B(O)N(C(=O)OC)N=C3)[C@]2(C)[C@H](C)CC[C@]3(CCC(=O)[C@H]32)[C@@H](C)[C@@H]1O,-1.4317982747592362
COC(=O)Nc1nc(C)c(S(=O)(=O)N2CCN(C[C@H](C)Nc3ncnc4c(-c5ccc(F)c(CN(C)C)c5)cccc34)CC2)s1,-2.0655015437064965
COC(=O)N1CCN([C@H]2CC[C@H](Nc3nc(Nc4cnn(C)c4)nc4ccc(CC#N)nc34)CC2)CC1,-0.3565473234151092
C[C@@H]1COCCN1c1cc(C2(S(C)(=O)=O)CC2)nc(-c2cccc3[nH]ccc23)n1,-0.8538719640115515
O=C(Nc1ccc(O)c(C(=O)O)c1)c1ccc(NC(=O)c2ccco2)cc1,-1.437422083988892
Cc1cc(OCc2c(F)cccc2F)c2nc(C)c(C(=O)NCC(C)(C)N)n2c1,-0.9208187535904632
O=C(Nc1nc2cccc([C@H]3CC[C@@H](NC(=O)C4CC4(F)F)CC3)n2n1)C1CC1,-0.8297382843116003
Cc1cn(-c2cccc(C(F)(F)F)c2)c2cc(F)c(C(=O)NS(C)(=O)=O)cc12,-2.397939997814676
C=C[C@]1(C)C[C@@H](OC(=O)COc2ccc3c(c2C)B(O)OC3)[C@]2(C)[C@H](C)CC[C@]3(CCC(=O)[C@H]32)[C@@H](C)[C@@H]1O,-1.9208187503332543
COc1c(N2C[C@@H]3CCCN[C@@H]3C2)c(F)cc2c(=O)c(C(=O)O)cn(C3CC3)c12,-0.0969100129537695
C[C@@H]1COCCN1c1cc(C2([S@](C)(=N)=O)CC2)nc(-c2ccnc3[nH]ccc23)n1,-0.2676062400966065
COC(=O)N1CCN([C@H]2CC[C@H](Nc3ncnc4ccc(C#N)cc34)CC2)CC1,-0.5528419685026755
O=C(c1ccc(-c2cnn3cccnc23)cc1)N(c1ncccc1C(F)(F)F)[C@@H]1CCCNC1,-2.8860566142858968
CNC(=O)Nc1cc(Oc2cncc(OC)c2)c([C@H]2CCCOC2)cn1,-0.8538719640115515
CC(C)Cc1ccc2ncccc2c1NS(=O)(=O)c1ccc(CCCO[C@@H]2C[C@H]3CC[C@@H](C2)N3C)cc1,-0.7447274946554192
O=C(NC[C@@H](F)CO)c1cc(Nc2ccccc2F)c2cc(Cl)ccc2n1,-1.983288118034218
CC(C)Cc1ccc2ncccc2c1NS(=O)(=O)c1ccc(CCCCN2CCCN(C)CC2)cc1,-1.0315170509790816
Cc1c(N2CCN(C)[C@@H](C)C2)ccc2c3c(c(=O)oc12)CN(C(=O)c1ccc(NS(C)(=O)=O)c(OC(F)(F)F)c1)CC3,-1.5086383047647771
Cn1cc(-c2cnc(OCC3CC3)c(Cl)c2)c2ccc(C(=O)NS(=O)(=O)C3CC3)cc21,-2.6989699826212954
C=C[C@]1(C)C[C@@H](OC(=O)COc2ccc3c(c2)B(O)N(C(C)=O)N=C3)[C@]2(C)[C@H](C)CC[C@]3(CCC(=O)[C@H]32)[C@@H](C)[C@@H]1O,-2.3010299869780915
COc1ccc2ccc(=O)n(CCN[C@H]3CC[C@H]4[C@H](C3)OC(=O)N4c3ccc4c(n3)NC(=O)CO4)c2n1,-0.8239087406547891
COc1ncc(-c2cc(OC[C@@H]3CCCN(CCC4CCOCC4)C3)c3cnn(C)c3n2)cc1NS(C)(=O)=O,-0.6382721637935834
COc1cccc(NC(=O)c2nnn(Cc3ccc(CN4CCOCC4)cc3)c2N)c1,-0.0969100129537695
Cc1ccc(NC(=O)c2ccnc(C(F)(F)F)c2)cc1-c1ccc2c(c1)OC1(CCOCC1)CC(=O)N2,-1.9208187503332543
CC1CN(c2ccncc2NC(=O)c2ccnn3cc(-c4ccccc4)nc23)CCO1,-2.045757485735181
Cc1[nH]c(C(=O)Nc2nc3c(N4CCOCC4)cc(C(=O)O)cc3s2)c(Cl)c1Cl,-1.7447274924839469
O=C(Nc1ccccc1C(=O)O)c1ccc(SC(F)(F)F)cc1,-1.0915149805851845
CC(C)C[C@](C)(N)COc1ccc(-c2ccnc(C(F)F)c2)cc1C(F)F,-1.7447274924839469
O=C(Nc1nc2cccc(C3CCC4(CC3)CN(C(=O)C3CC3(F)F)C4)n2n1)C1CC1,-0.5867002357510669
c1ccc2oc(-c3csc(C4CCN(Cc5nc6cccnc6[nH]5)CC4)n3)cc2c1,-2.3665315343205418
COc1ncnn1-c1noc2c(F)c3c(cc12)CC1(C(=O)NC(=O)NC1=O)[C@H]1[C@H](C)O[C@H](C)CN31,-0.6989700041188716
N#Cc1cnc2c(OC3CCOC3)cccc2c1N1CCN(c2ccccc2F)CC1,-1.6989700021645464
COc1cc(NC(=O)C(N)CC(C)C)ccc1-c1cnco1,-1.0655015482514387
C=C[C@]1(C)C[C@@H](OC(=O)COc2ccc3c(c2)B(O)OC3CN)[C@]2(C)[C@H](C)CC[C@]3(CCC(=O)[C@H]32)[C@@H](C)[C@@H]1O,-0.9355420103986896
Cc1cn2nc(-c3cc(=O)n4cc(N5CCNC6(CC6)C5)ccc4n3)cc(C)c2n1,-0.9999999995657056
COCc1ccc(-c2cc3c(N[C@@H](C)c4ccn(C)n4)c(C(N)=O)cnc3cc2F)cn1,-0.7695510783662587
COCC(Oc1cc(C(=O)O)cc2sc(NC(=O)c3[nH]c(C)c(Cl)c3Cl)nc12)c1ccccc1,-2.9999999565705537
Cc1nnc(-c2cnc(Nc3ccc4c(c3)C(C)(C)OC4=O)nc2N[C@H](CO)c2ccccc2)o1,-1.6382721620941705
Cc1ccc(S(=O)(=O)[C@@]2(c3ccc(C(F)(C(F)(F)F)C(F)(F)F)cc3)CCN(C(=O)C3CCC(C(=O)O)CC3)C2)cc1,-1.5850266503588186
C=CC(=O)Nc1ccccc1C1CCNc2c(C(N)=O)c(-c3ccc(OC)cc3)nn21,-0.5482135643222489
CNc1nc(O)c([C@H](C)c2c[nH]c3cccc(C)c23)o1,-0.5590909177774291
Fc1ccc(CO[C@H]2CCCN(Cc3cn4ccccc4n3)C2)cc1F,-1.0604807468821924
Cc1cc2c(Nc3ccccc3)cc(C(=O)NC3CC3)nc2cn1,-1.3098039190851711
CN(Cc1nnc(-c2ccco2)o1)Cc1c(F)cccc1Cl,-0.9100948882075172
Cc1ccc2c(=O)[nH]c(-c3ccc(C(C)(C)O)cc3)cn12,-0.7958800170726411
CCNC(=O)c1ccc(Nc2cc(-c3c(F)cccc3F)nc3c2C(=O)NC3)nc1,-2.795879990200671
Cc1cc(S(=O)(=O)N[C@H](C)C2CCN(C)CC2)ccc1NC(=O)c1ccccc1C,-0.3477536588999519
COCCN(C(=O)c1[nH]c(C)c(Cl)c1Cl)c1nc2ccc(C(=O)O)cc2s1,-0.9586073144469618
COc1nc2ccccc2cc1-c1c[nH]c([C@@H]2CN(CC3CCOC3)CCN2C(=O)n2c(C(F)(F)F)nc3ccccc32)n1,-1.6903698304452066
Cc1[nH]c(C(=O)Nc2nc3c(OC(C)c4ccc(CN5CCOCC5)cc4)cc(C(=O)O)cc3s2)cc1C#N,-1.3010299947953925
CCOC(=O)c1cnc2c(OC)cccc2c1-c1cnc(-c2ccccc2OC)c(OC)c1,-1.999999995657055
Cc1ccc(-n2c(C(=O)NC3CC3)cc3cccnc32)cc1Cl,-2.221848742378115
Cc1cc2c(Nc3c(F)cccc3F)cc(C(=O)NC3CC3)nc2cn1,-1.1366771392846202
CCc1sc2ncnc(NC(Cc3ccccc3)C(=O)O)c2c1-c1ccc(OCCN2CCN(C)CC2)c(Cl)c1C,-2.6989699826212954
C[C@@H]1CN2c3c(cc4c(-n5cncn5)noc4c3F)CC3(C(=O)NC(=O)NC3=O)[C@H]2[C@H](C)O1,-0.9208187535904632
Cc1cc(C)c(-c2ccc(N)nn2)cc1NC(=O)c1ccc(OCc2ccccn2)cc1,-1.5376020006034767
O=C(NCc1cc(F)cc(Cl)c1)[C@@]1(O)CCN(c2ccc3[nH]ncc3c2)C1=O,-0.9208187535904632
Cn1nccc1-c1nc2ccc(NC(=O)NCc3ccncc3)cn2n1,-0.5228787451355728
C=CC(=O)N1CCC[C@@H](n2nc(-c3ccc(Oc4ccccc4)cc3)c3c(N)ncnc32)C1,-1.7695510760670523
Cc1[nH]c(C(=O)Nc2nc3c(OCc4ccc(S(C)(=O)=O)cc4)cc(C(=O)O)cc3s2)c(Cl)c1Cl,-2.568636219756032
O=C(O)c1ccc(N2CC3(CCN(Cc4cc(C(F)(F)F)ccc4C4CC4)CC3)OC2=O)cc1,-1.6382721620941705
CCn1c(=O)c2c(C)c(C(=O)N3CCC(O)CC3)sc2n(CCC(F)(F)F)c1=O,-0.5228787451355728
O=C(CS(=O)(=O)O)Nc1ccc(N2CCOCC2)c(Br)c1,-0.6143937262229658
CN(C)Cc1cc2cc3c(cc2n1C)OCCc1c-3[nH]c(=O)c(C(=O)O)c1O,-0.6777807050592738
Cc1[nH]c(C(=O)Nc2nc3c(OCc4cccc(F)c4)cc(C(=O)O)cc3s2)c(Cl)c1Cl,-2.2291479809969323
O=C1NC2(CC2)COc2ncc(F)cc2[C@H]2COCCN2c2ccn3ncc1c3n2,-0.9586073144469618
Cn1cnc(C#CCN(C(=O)Cc2ncc(C(F)(F)F)cc2C(F)(F)F)c2ccc(F)cc2)c1,-1.7447274924839469
COc1ccc(/C(=C(\c2ccc(/C=C/C(=O)O)cc2)c2ccc3scnc3c2)C2CCC2)c(Cl)c1,-2.6989699826212954
COc1ccc(-c2nc3cc(C(=O)NC[C@H](N)Cc4ccccc4)ccc3o2)cc1,-1.9208187503332543
C=C[C@]1(C)C[C@@H](OC(=O)CNc2ccc3c(c2F)B(O)OC3)[C@]2(C)[C@H](C)CC[C@]3(CCC(=O)[C@H]32)[C@@H](C)[C@@H]1O,-2.3010299869780915
COc1ncc(-c2cccc(N3CCN(c4cnc(N)nc4N)CC3)c2)cn1,-1.0604807468821924
CC(=O)N=C(N)N=C(NS(=O)(=O)c1ccc(I)cc1)N1C[C@H](c2ccccc2)C(c2ccc(Cl)cc2)=N1,-0.0008694586691124
CC1(C)OC(=O)c2ccc(Nc3ncc(-c4nnco4)c(N[C@H](CO)c4ccccc4)n3)cc21,-1.6777807031980116
Cc1cnc(C(=O)N[C@H]2CCOC[C@@H]2O)cc1Cc1ccc(-n2cccn2)cc1,-3.1307682215805843
Cc1[nH]c(C(=O)N(C)c2nc3ccc(C(=O)O)cc3s2)c(Cl)c1Cl,-1.844663959497914
O[C@H]1CNCCC[C@@H]1n1c2ccc(C(F)(F)F)cc2c2cc(C(F)(F)F)ccc21,-1.5850266503588186
O=S(=O)(Nc1ccncn1)c1cc2c(cc1F)[C@@H](N1CC[C@H](C(F)(F)F)C[C@@H]1c1cccnc1)CCO2,-3.9208183920404576
C[C@@](CCN1Cc2cc(C#CC#C[C@H]3C[C@@H]3CO)cn2C1=O)(C(O)=NO)S(C)(=O)=O,-4.045757008011519
Cc1cn2cc(-c3cc(=O)n4cc(N5CCN(C)CC5)ccc4n3)cc(F)c2n1,-0.7695510783662587
Nc1cnc(C#CCN(C(=O)Cc2ncc(C(F)(F)F)cc2C(F)(F)F)c2ccc(F)cc2)cn1,-1.7447274924839469
COc1cnc(C(=O)Nc2ccc(F)c([C@@]3(C)N=C(N)COC3=C(F)F)c2)cn1,-0.8356471439181009
CC(C)CNCc1cc2cc3c(cc2n1C)OCCc1c-3[nH]c(=O)c(C(=O)O)c1O,-0.6382721637935834
CC1(Nc2nc(N)nc3cc(-c4cc[nH]n4)ccc23)CC1,-0.4317982758156281
CS(=O)(=O)c1ccc(-c2nnc(/C=C/c3nnc(-c4ccc(C#N)cc4)o3)n2-c2ccccc2Cl)nc1,-1.455931954408883
Brc1ccc2[nH]nc(C3=CCCNC3)c2c1,-0.9208187535904632
CS[C@@H](Cn1nnc2cc(C#Cc3ccc(-n4ccnc4CO)cc3)ccc21)N(O)C=O,-1.3010299947953925
Cc1[nH]c(C(=O)Nc2nc3c(OC(C)c4ccc(CN5CCOCC5=O)cc4)cc(C(=O)O)cc3s2)c(Cl)c1Cl,-2.7695510530749927
C[C@@](CCN1Cc2cc(C#Cc3ccc([C@H](O)CO)cc3)cn2C1=O)(C(O)=NO)S(C)(=O)=O,-3.795879745910109
Cn1nc(-c2ccc(C(F)(F)F)cc2)c2cc(F)c(C(=O)NS(=O)(=O)C3CC3)cc21,-2.096910007579376
Nc1ncnc2c1c(Oc1cc(C(F)(F)F)ccn1)nn2[C@@H]1CCCC[C@H]1O,-0.6143937262229658
Cn1cc(-c2ccc(C(F)(F)F)cc2)c2ccc(C(=O)NS(=O)(=O)C3CC3)cc21,-2.397939997814676
COCCOc1cc(F)c2c(Nc3ccc(NC(=O)Cn4cc(C(C)C)nn4)cc3)ncnc2c1,-1.3098039190851711
C=C[C@]1(C)C[C@@H](OC(=O)COc2ccc3c(c2Cl)B(O)OC3CN)[C@]2(C)[C@H](C)CC[C@]3(CCC(=O)[C@H]32)[C@@H](C)[C@@H]1O,-0.924453038242516
Cc1cn(-c2cccc(C(F)(F)F)c2)c2ccc(C(=O)NS(C)(=O)=O)cc12,-2.6989699826212954
Cc1cc(N2C[C@H]3CC[C@@H](C2)[C@@H]3Nc2nc3n(n2)CCCN3c2cc(F)cc(F)c2)ncn1,-2.221848742378115
C=CC(=O)N1CCC([C@@H]2CCNc3c(C(N)=O)c(-c4ccc(Oc5ccccc5)cc4)nn32)CC1,-1.2924298230505058
Nc1ccc(C#CCN(C(=O)Cc2ncc(C(F)(F)F)cc2C(F)(F)F)c2ccc(F)cc2)nn1,-1.283996655530019
C=C[C@]1(C)C[C@@H](OC(=O)COc2cc(CN)c3c(c2Cl)B(O)OC3)[C@]2(C)[C@H](C)CC[C@]3(CCC(=O)[C@H]32)[C@@H](C)[C@@H]1O,-1.3187587617196326
NC(Cc1c[nH]cn1)C(=O)NCc1cccc2ccccc12,-2.346787476573668
Cc1[nH]c(C(=O)Nc2nc3c(O[C@@H](C)c4ccccc4)cc(C(=O)O)cc3s2)cc1F,-2.154901953781536
O=C(Nc1ccc(F)c(-c2nc3ncc(-c4cccnc4F)cn3n2)c1)N1CC[C@@H](F)C1,-0.8356471439181009
COc1ccc(-n2cc3cnc(NCC(F)(F)F)nc3c(-c3ccc(Br)cc3)c2=O)cc1,-2.193820019230261
Cc1[nH]c(C(=O)Nc2nc3c(OC(CN4CCOCC4)c4ccccc4)cc(C(=O)O)cc3s2)cc1Cl,-2.3010299869780915
c1ccc2oc(-c3csc(C4CCN(Cc5nc6ccncc6[nH]5)CC4)n3)cc2c1,-2.2291479809969323
O=C(Nc1nc2cccc(C3CCC(NC(=O)C4(F)CC4)CC3)n2n1)C1CC1,-0.5528419685026755
Cc1ccc(C#Cc2cc(-c3nn(-c4nc(C(=O)O)cs4)c(CC4CC4)c3Cc3ccc(S(N)(=O)=O)c(F)c3)ccc2F)s1,-2.154901953781536
Oc1ccc(-c2cc(-c3ccccc3Cl)nc3c2Cc2c(O)cccc2-3)cc1,-0.0002172558435576
O=C(O)c1cc(-c2ccc(C3CCNCC3)cc2)cc(-c2cn(-c3ccc(C(F)(F)F)cc3)nn2)c1,-1.8761483557675425
NCCOCCOCCOCCOCCOCCOCCOCCC(=O)N1CCC(c2ccc(-c3cc(C(=O)O)cc4cc(-c5ccc(C(F)(F)F)cc5)ccc34)cc2)CC1,-2.5376019871253725
Cn1cc(-c2ccc(C(F)(F)F)cc2)c2cc(F)c(C(=O)NS(C)(=O)=O)cc21,-2.3010299869780915
O=C(Nc1nc2ccccc2s1)NS(=O)(=O)O,-1.1549019593653225
CC(C)C[C@@H](N)c1cc(C#N)c2cc(-c3ccncc3)ccc2n1,-0.8860566473590905
CN1CCCc2c1[nH]c(N1CCC3(CC1)CN(CCO)c1cc(F)cc(F)c13)nc2=O,-2.6989699826212954
Fc1cccc(COC2CCN(Cc3ncn4ccccc34)CC2)c1,-0.3925449766780982
CCc1nc(C)cn2nc(-c3cc(=O)n4cc(C5CCN(C)CC5)cc(C)c4n3)cc12,-1.6989700021645464
O=C(Nc1ccc(Br)cc1C(=O)O)c1ccc(SC(F)(F)F)cc1,-1.5376020006034767
C[C@H](Nc1nc(Cl)nc2c1cnn2[C@@H]1O[C@H](COP(=O)(O)CP(=O)(O)O)[C@@H](O)[C@H]1O)c1ccccc1,-1.5376020006034767
CCc1sc2ncnc(OC(Cc3ccccc3)C(=O)O)c2c1-c1ccc(OCCN2CCN(C)CC2)c(Cl)c1C,-2.6989699826212954
O=S(=O)(c1ccc(O)c2ncccc12)N1CCCC1Cc1ccccc1,-0.3010299955771223
CC[C@@H](C)Nc1nc(Nc2cc(N3C[C@@H]4C[C@H]3CN4C)cnc2F)ncc1C,-0.8239087406547891
CONC(=O)c1c(C)c(-c2ccc(-c3ccccc3F)cc2)nc2ccc(F)cc12,-2.1135092691873303
Cc1cc2c(Nc3ccccc3F)cc(C(=O)NC3CCOCC3)nc2cn1,-0.9281179923258284
Cc1cc(NC(=O)c2cccc(S(=O)(=O)N[C@H]3CCOC3)c2)ccc1F,-0.8996294545377589
Cc1cc(S(=O)(=O)[C@@]2(c3ccc(C(F)(C(F)(F)F)C(F)(F)F)cc3)CCN(C(=O)C3CCC(C(=O)O)CC3)C2)ccc1F,-1.5376020006034767
C=C[C@]1(C)C[C@@H](OC(=O)COc2cc(C)c3c(c2)B(O)OC3)[C@]2(C)[C@H](C)CC[C@]3(CCC(=O)[C@H]32)[C@@H](C)[C@@H]1O,-2.3010299869780915
CC(C)CC(CC(=O)O)C(=O)N(c1nc(-c2ccccc2-c2ccc(-n3cccn3)nc2)cs1)C1CC1,-2.124938730817707
COC(=O)C1Cc2c([nH]c3ccccc23)[C@H](c2ccc(F)cc2F)N1C(=O)CCl,-0.6575773189803872
