SMILES,mouse_CL_mL_min_kg
COc1cc(F)cc([C@@H](CO)NC(=O)C(C)N2Cc3ccc(-c4nc(NC5CCOCC5)ncc4Cl)cc3C2=O)c1,1.3424226808241804
O=C(NCc1cc(F)cc(F)c1)[C@@]1(O)CCN(c2cnc3[nH]ccc3c2)C1=O,0.7268493963628704
COc1ncc(-c2cc(OC3CCOCC3)c3nc(N)nc(C)c3c2)cc1NS(=O)(=O)c1ccc(F)cc1F,0.8796692056377831
CNC(=O)c1nnc(NC(=O)C2CC2)cc1Nc1cccc(-c2ncn(C)n2)c1OC,1.12057393120914
CC(=O)Nc1ccc(Nc2ncc3ccc(-c4cnc5c(c4C)NCCO5)cc3n2)cc1C(F)(F)F,2.30820146065129
CS(=O)(=O)n1cc2c(n1)CN([C@H]1CO[C@H](c3cc(F)ccc3F)[C@@H](N)[C@H]1F)C2,-0.1870866432903298
CCC(=O)c1sc(-c2ccc(Cl)cc2)c(C)c1-c1ccc(S(N)(=O)=O)cc1,0.5563025007793511
O=c1[nH]nc2ccc(Sc3ccc(Cl)c(Cl)c3)nn12,1.250420002311334
C[C@@H]1COCCN1c1nc(N2CCOC[C@@H]2C)nc2sc(-c3cc[nH]n3)nc12,0.812913356649537
CC(=O)NC[C@@H]1OC(=O)N2c3cc(F)c(N4CCSCC4)cc3OC[C@@H]12,1.5620548296575691
Cc1sc2ncnc(N)c2c1-c1ccc(NC(=O)Nc2cc(C(F)(F)F)ccc2F)cc1,0.9395192526236104
CCOC(=O)NC(=O)c1ccsc1NC(=O)c1nc2ccccc2s1,1.0253058652688674
Nc1nc2ccc(C(=O)NCc3ccccc3)cc2s1,2.9758911364018386
O[C@@H]1c2cnccc2CC[C@H]1[C@H]1c2ccccc2-c2cncn21,1.4623979979004536
CCS(=O)(=O)Nc1cc(-c2cn(C)c3c(=O)[nH]ccc23)cc2c1ccn2C(C)(c1ccccn1)c1ccccn1,1.4065401804356583
COC(=O)C1C(CN2CCOCC2C(=O)O)=NC(c2nccs2)=N[C@H]1c1ccc(Cl)c(F)c1,1.6117233080084037
CCc1nc(-c2ccc3c(c2)CCC3NC(=O)c2cnn(C)c2)no1,0.9444826721551038
COc1nc2ccc(Br)cc2cc1C(c1cccc(C)c1)C(O)(CCN(C)C)c1cccnc1C,1.7708520116428803
O=C(Nc1ccc(OC(F)(F)F)cc1)c1cnc(N2CC[C@@H](O)C2)c(-c2cncnc2)c1,0.9190780923813064
CCC[C@H](C)Nc1ncc2c(-c3ccnc(N4CCNCC4)c3)cn([C@H]3CC[C@H](O)CC3)c2n1,1.7403626894950337
COc1cc2c(NC3CCN(C4CC4)CC3)cc(-c3ccc(C)o3)nc2cc1OCCCN1CCCC1,-0.0457574905124201
Cn1c(C(=O)N2CCN(Cc3ccc(OCC(F)(F)F)cc3)CC2)cc2ccc(Oc3cnc(-c4nc(-c5ccc(F)cc5)no4)cn3)cc21,0.0934216851972588
Cc1ccc(C#Cc2cc(-c3nn(-c4nc(C(=O)O)cs4)c(CCC4CC4)c3Cc3ccc(S(N)(=O)=O)c(F)c3)ccc2F)s1,1.8733206018159805
CC(C)C(NC(=O)c1cc(C(F)(F)F)ccc1F)C(=O)N1CCC2(CC1)C(=O)N(C)C(=O)N2c1ccc2[nH]ncc2c1,1.7323937598237729
CN1CCOc2c1cnn1c(-c3ccc4cccc(NC5CCCCC5)c4n3)nnc21,1.3741982579309175
COc1cc(C=Cc2ccc(NC(=O)C3CC3)cc2)c(/C=C/[N+](=O)[O-])c(OC)c1,1.9420080530228097
Cn1c(O)c(Cc2c[nH]c3c(Cl)cccc23)[nH]c1=O,1.892664917505957
C[C@H](Nc1ncnc2[nH]cnc12)c1cc2cccc(Cl)c2c(=O)n1-c1ccccc1,1.9420080530228097
O=C(NCc1cc(F)cc(Cl)c1)[C@@]1(O)CCN(c2cnc3[nH]cc(Cl)c3c2)C1=O,0.4520165050377017
Cc1ccc(C(=O)Nc2ccc3c(c2)C(F)(F)C[C@@H]3N2CCN(C)CC2)cc1C#Cc1cnc2cccnn12,1.7923916894989544
CCC(CC)C(=O)Nc1sc(-c2nc(CC(C)C)no2)c(C)c1C#N,1.9242792860623987
O[C@H](C[C@H]1c2c(F)cccc2-c2cncn21)[C@H]1CC[C@H](O)CC1,1.4186363512528084
CC(C)(O)[C@H]1CC[C@H](NC(=O)c2cnc3cc(OC(F)(F)F)ccc3c2)CC1,0.579783596628239
Cc1ccc(C(=O)Nc2cc(C(F)(F)F)cc(C(F)(F)F)c2)cc1C#Cc1cc(-c2cnn(C)c2)cnc1N,1.1818435879476297
COc1cc(N2C(=O)C3(CCC3)N(c3ccc(OC4CCN(C)CC4)cc3)C2=S)cnc1C#N,0.8388490907435494
Cc1ccc(-c2csc(Cn3nc(CC(=O)N4CCN(C)CC4)c4ccccc4c3=O)n2)cc1,1.4913616938356735
CCC[C@H](C)Nc1ncc2c(-c3cnn(C4CCNCC4)c3)cn([C@H]3CC[C@H](O)CC3)c2n1,1.5051499783212632
NC(=O)c1sc(N2CCOCC2)cc1OCCc1ccccc1,1.000000000004343
COCC1NC(=O)c2ccccc2OCCCCCCOCC(C(=O)NC(Cc2ccccc2)C(=O)[C@@]2(C)CO2)NC1=O,1.8273692730544715
NS(=O)(=O)c1ccc(Cc2c(-c3ccc(F)c(/C=C/C4CCCC4)c3)nn(-c3nc(C(=O)O)cs3)c2CC2CC2)cc1F,1.8733206018159805
COc1cc([C@@H](CO)NC(=O)C(C)N2Cc3ccc(-c4nc(NC5CCOCC5)ncc4Cl)cc3C2=O)ccn1,0.832508912712623
O=C(O)C1CCN(c2ccc3c(=O)c4cccc(Cl)c4oc3c2)C1,1.2455126678166173
C[C@H](Nc1nc(N)nc(N)c1C#N)c1cc2ccc(F)cn2c(=O)c1-c1ccccc1,1.3979400086737748
CCC[C@H](C)Nc1ncc2c(-c3ccc(S(=O)(=O)N4CCN(C)CC4)cc3F)cn([C@H]3CC[C@H](O)CC3)c2n1,1.6989700043368874
Cc1ccc(C#Cc2cc(-c3nn(-c4nc(C(=O)O)cs4)c(CC4CC4)c3Cc3ccc(S(N)(=O)=O)c(F)c3)ccc2F)o1,1.8750612633922792
COc1cc(F)cc([C@@H](CO)NC(=O)C(C)N2Cc3ccc(-c4nc(Nc5ccnn5C)ncc4Cl)cc3C2=O)c1,1.1139433523101776
C[C@H](NC(=O)c1c(Cc2cccc(C(F)(F)F)c2)sc2c1CCOC2)c1ccc(C(=O)O)cc1,1.3907585287404831
CCCCc1ccc(O[C@@H]2C[C@H]3CC[C@@H](C2)N3S(=O)(=O)c2c(C)n[nH]c2C)cc1,2.158362492095552
CC(C(=O)Nc1ccc(Cl)cc1)[C@H]1[C@@H]2C[C@@H](n3cnc4cc(F)c(F)cc43)C[C@@H]21,0.8750612633974907
O=C(CN1Cc2ccc(-c3nc(NC4CCOCC4)ncc3Cl)cc2C1=O)N1CCc2ccccc2CC1,1.2787536009551146
Cc1nnc(N2CCC(C(=O)N3N=CC[C@H]3c3cc(F)cc(F)c3)CC2)o1,1.5314789170435326
CCNc1cc(F)cc2c1[nH]c1ncc(-c3cnc(OC)nc3)c(-n3ncc4c3CNC4)c12,1.707570176098788
C[C@H](Oc1ccc(-c2cc3c(C4=CCNCC4)ncnc3[nH]2)cc1)c1ccccc1,2.184691430817882
Nc1nccc(COc2ccc3nc(N[C@@H]4CCCC[C@H]4O)sc3c2)c1Cl,1.361727836019481
O=C1c2ncn3c(NCc4c(F)ccc5c4CCO5)ncc(c23)-c2cnc(C(F)(F)F)cc2CN1CC(F)F,-0.2291479882842466
N#Cc1ccc(Cn2nc(-c3cc(Cl)c(NCC(O)CO)nc3F)c3ccccc3c2=O)cc1,0.612783856730328
CC(C)N(C)[C@@H]1CC[C@H](N2CCC(NC(=O)c3cccc(C(F)(F)F)c3)C2=O)[C@H](NS(C)(=O)=O)C1,2.4116197059633984
O=C1c2ccc(-c3cnc4[nH]ccc4c3)cc2OCCN1Cc1ccc(F)cc1,1.4753805931448143
O=C(CC(=O)Nc1ccc2c(C=Cc3ccccn3)[nH]nc2c1)Nc1cccc(F)c1,1.2631624649645858
CC(C)c1c2cc(-c3ccnc(Nc4ccc5c(N6CCN(C)CC6)ncnc5c4)n3)ccc2nn1C,1.8518696007303768
CC(C)(CO)NC(=O)c1cc(C(C)(C)C)n(-c2ccc(C(F)(F)F)cn2)n1,1.602059991329048
Cc1ccc(-c2csc(Cn3nc(CC4OCCCO4)c4ccccc4c3=O)n2)cc1,2.123851640967412
Cc1[nH]c(C)c(-c2ccc(-c3cccc(C(F)(F)F)c3)nc2)c(=O)c1Cl,0.1818435879733445
CCOc1cc(C(O)(CCN(C)C)C(c2cc3cc(Br)ccc3nc2OC)c2ccnc(OC)c2OC)cc(OC(C)C)n1,0.8450980400204611
O=C(NCc1cc(F)cc(F)c1)[C@@]1(O)CCN(c2cnc3[nH]cc(Cl)c3c2)C1=O,0.5644884871181846
O=c1[nH]c(-c2ccccc2)cn2cc([N+](=O)[O-])nc12,0.5289167002905036
COc1ccc(-c2cc(OCCN(C)c3ncc(C(O)=NO)cn3)c3ncnc(C)c3c2)cn1,2.546542663478254
CC(C)(C)NC(=O)C(=O)N1C[C@@H]2CCC[C@@H]2C1C(=O)NC(CC1CCNC1=O)C(=O)COC(F)(F)F,1.6541765418789236
COc1ncc(-c2cc(OCCCCCCC(O)=NO)c3ncnc(C)c3c2)cc1F,1.954242509439808
CNC(C)C(=O)NC1C(=O)N(Cc2c(OC)ccc3cc(Br)ccc23)c2ccccc2CC12CCOCC2,1.7781512503843675
CC(C)CN(CCc1ccc(Cl)cc1)C1CCN(c2n[nH]c(N)n2)CC1,0.9571281976816066
CN1CCC(Oc2ccc(N3C(=S)N(c4cnc(C#N)c(C(F)(F)F)c4)C(=O)C34CCC4)cc2)CC1,0.6148972160436758
O=C1CCC2(CC1)OOC1(O2)C2CC3CC(C2)CC1C3,1.2787536009551146
CCn1c(=O)c2c(c3ccc(C)nc31)O[C@@](C)(CCO)C[C@H]2C=C(C)C,1.804956799858172
COCC1NC(=O)c2ccnn2CCCCCCOCC(C(=O)NC(Cc2ccccc2)C(=O)[C@@]2(C)CO2)NC1=O,2.029383777685616
CCOc1cc([C@](O)(CCN(C)C)[C@@H](c2cc3cc(Br)ccc3nc2OC)c2cccc(C)c2F)cc(OCC)n1,0.9138138523890128
COc1cc([C@](O)(CCN(C)C)[C@H](c2cc(OC)nc(N(C)C)c2)c2cc3cc(C#N)ccc3nc2OC)cc(OC)n1,1.3802112417134156
CNC(C)C(=O)NC1COc2ccccc2N(Cc2c(OC)ccc3cc(Br)ccc23)C1=O,2.716837723299608
Cc1c(Br)cc(NC(=O)CS(=O)(=O)O)cc1Br,1.338456493606597
CCNc1cc(F)cc2c1[nH]c1ncc(-c3cnc(OC)nc3)c(-n3cc(CN)c(C(F)(F)F)n3)c12,1.681241237376492
CCc1ccc(-c2cc(NC3CCN(C)CC3)c3cc(OC)c(OCCCN4CCCC4)cc3n2)o1,0.7708520116495051
CC(C)CC(NC(=O)C1CCCO1)C(=O)NC(CC1CCNC1=O)C(=O)COC(F)(F)F,2.029383777685616
CC(C)CC(O)C(=O)N1CC2(CC2)CC1C(=O)NC(CC1CCNC1=O)C(=O)COC(F)(F)F,2.096910013008404
CC#CC(=O)N[C@H]1CCCN(c2c(F)cc(C(N)=O)c3[nH]c(C)c(C)c23)C1,1.14612803568134
C=CC(=O)N1CCN(c2nc(OC[C@@H]3CCCN3C)nc3c2CCN(c2cccc4cccc(C)c24)C3)C[C@@H]1CC#N,1.499687082619778
c1ccc(-c2nc(Cc3c[nH]c4ccccc34)nnc2-c2ccc(CN3CCOCC3)cc2)cc1,1.5899496013268242
CCC(=O)N(CC1(N2CCN(CC(C)C)CC2)CCOCC1)c1cccc(C(F)(F)F)n1,2.255272505103547
CCN1CCN(c2cc(Nc3ncc(-c4ccncc4)s3)nc(C)n2)CC1,1.8494194137975133
CC(C)N(C)[C@@H]1CC[C@H](N2CCC(NC(=O)c3cccc(C(F)(F)F)c3)C2=O)[C@H](CS(C)(=O)=O)C1,1.845098040014877
O=C1Nc2c(C(F)(F)F)cccc2[C@@]1(c1ccc(O)cc1)N1CCC(F)(F)CC1,1.7160033436356343
N#Cc1ncc(N2C(=O)C3(CCC3)N(c3ccc(CN4CCNCC4)cc3)C2=S)cc1C(F)(F)F,1.260071387987461
CCN1CCN(c2cc(Nc3cc(C)nn3C(=O)OC(C)(C)C)nc(N[C@H]3CCN(C(=O)c4ccc(Cl)cc4F)C3)n2)CC1,1.579783596617953
CCNc1cc(F)cc2c1[nH]c1ncc(-c3cncc(C#N)c3)c(-n3cc(CN)c(C(F)(F)F)n3)c12,1.6989700043368874
C=CC(=O)Nc1cccc(-n2c(=O)n(C(C)C)c(=O)c3cnc(Nc4ccc(N5CCN(C)CC5)cc4OC)nc32)c1,0.729974285707643
CCC(NC(=O)c1ccc(Cl)cc1)[C@H]1[C@@H]2C[C@@H](n3cc(C4CC4)nn3)C[C@@H]21,0.6693168805754118
O=[N+]([O-])c1cn2c(n1)OCC(COc1ccc(-c3ccc(OC(F)(F)F)cc3)nc1)C2,0.079181246083816
Cc1n[nH]c(C)c1N1CCN(c2cc(C(=O)O)ccc2F)CC1,0.7708520116495051
Cc1ccc(C#Cc2cccc(-c3nn(-c4nc(C(=O)O)cs4)c(CC4CC4)c3Cc3ccc(S(N)(=O)=O)c(F)c3)c2)s1,1.0170333393029565
Cc1cccc([C@@H](CO)NC(=O)C(C)N2Cc3ccc(-c4nc(NC5CCOCC5)ncc4Cl)cc3C2=O)c1,1.1139433523101776
CCOC(=O)n1nc(C)cc1Nc1cc(N2CCN(CC)CC2)nc(N[C@H]2CCN(C(=O)c3ccc(Cl)cc3F)C2)n1,1.3010299956661526
Cc1[nH]c(CO)c(-c2ccc(-c3ccc(OC(F)(F)F)cc3)nc2)c(=O)c1Cl,0.2455126678388256
Cc1cc(N2C(=O)C3(CCC3)N(c3ccc(OC4CCNCC4)nc3)C2=S)cnc1C#N,1.287801729932465
NC(=O)c1cc(N2CCOCC2)ccc1OCCc1ccccc1,1.5051499783212632
O=C(O)CCSc1nnc(-c2ccc(Cl)cc2Cl)o1,0.7242758696089833
CC(=O)Nc1ccc(Nc2ncc3ccc(-c4cnc5c(c4C)NCCO5)cc3n2)cc1C,1.929418925714804
CCC[C@H](C)Nc1ncc2c(-c3ccc(CN4C5CCC4CC5)cc3)cn([C@H]3CC[C@H](O)CC3)c2n1,2.4800069429572944
CN1CCC(Oc2ccc(N3C(=S)N(c4cnc(C#N)c(C(F)(F)F)c4)C(=O)C34CCC4)cn2)CC1,0.9106244048945366
CS(=O)(=O)n1cc2c(n1)CN([C@@H]1C[C@H](N)[C@@H](c3cc(F)c(F)cc3F)O[C@@H]1C(F)(F)F)C2,0.1583624921254089
CCOc1cc([C@](O)(CCN(C)C)[C@H](c2ccc(N(CC)CC)nc2)c2cc3cc(Br)ccc3nc2OC)cc(OCC)n1,1.14612803568134
CC(C(=O)Nc1ccc(Cl)cc1)[C@H]1CC[C@@H](c2ccnc3ccc(F)cc32)CC1,1.5228353136618331
COc1cccc([C@@H](C)NC(=O)CN2Cc3ccc(-c4nc(NC5CCOCC5)ncc4Cl)cc3C2=O)c1,0.7781512503908818
COc1cc([C@](O)(CCN(C)C)[C@H](c2cc(OC)nc(N(C)C)c2)c2cc3cc(Br)ccc3nc2OC)cc(OC)n1,0.5563025007793511
COc1cccc(C(O)(CCN(C)C)C(c2cc3cc(Br)ccc3nc2OC)c2cccc3c2OCO3)n1,1.1139433523101776
Nc1n[nH]c(N2CCC(N3CCOC[C@@H]3Cc3ccc(Cl)cc3)CC2)n1,1.0211892990740743
CCn1cc(-c2cc(Cn3ccnc3)cc3c2CCN([C@@H](C)c2cc(OC)ccn2)C3=O)c(C(F)(F)F)n1,1.880813592281363
CCOc1nc2ccc(OC)cc2n1CCCNC(C)=O,1.4941545940198346
CCC(NC(=O)c1ccc(Cl)cc1)[C@H]1[C@@H]2C[C@@H](Oc3ccnc4ccc(F)cc34)C[C@@H]21,-0.6382721637935834
Cn1c(CNC2(C)CCC2)cc2cc3c(cc21)OCCc1c-3[nH]c(=O)c(C(=O)O)c1O,1.5682017240681687
O=c1[nH]nc2ccc(Sc3cccc(Cl)c3)nn12,1.3463529744525948
CCCN(CCCCNC(=O)c1cc2ccccc2[nH]1)CC1CC1c1cccc(Cl)c1Cl,2.068185861746533
O=C1c2cc(-c3nc(NC4CCOCC4)ncc3Cl)ccc2CN1CCN1CCOCC1,1.1760912590585766
Cc1ncc(C#Cc2cc(-c3nn(-c4nc(C(=O)O)cs4)c(CC4CC4)c3Cc3ccc(S(N)(=O)=O)c(F)c3)ccc2F)s1,1.9867717342666928
CCCN(CCCCNC(=O)c1ccc(-c2ccccn2)cc1)CC1CC1c1cc(F)ccc1OC,2.100370545117908
Cc1ccc(-c2csc(Cn3nc(CC=O)c4ccccc4c3=O)n2)cc1,1.47712125472111
Nc1n[nH]c(N2CCC(N(CCc3ccc(Cl)cc3)Cc3ccccc3Cl)CC2)n1,1.6532125137763087
CCOc1nc2cc(Cl)c(OC)cc2n1CCCNC(C)=O,1.0128372247093886
CCOc1cc(NC(=O)NCc2cc(C)c(-c3cn(C)nc3C(F)(F)F)nn2)cc(C(F)(F)F)n1,0.6020599913388197
CC(C)(O)c1ccc(-c2cccc(N(CC34CCC(c5noc(C(C)(C)F)n5)(CC3)CC4)C(=O)C3CC(O)(C(F)(F)F)C3)c2)cc1,0.2041199826830682
CC(C(=O)N[C@H](CO)c1cccc(N2CCN(C)CC2)n1)N1Cc2ccc(-c3nc(NC4CCOCC4)ncc3Cl)cc2C1=O,0.9395192526236104
CCOC(=O)N1CCC2(CC1)OOC1(O2)C2CC3CC(C2)CC1C3,1.6720978579366417
Cc1noc(C)c1-c1ccc(C(=O)N2C(C(=O)O)CS[C@H]2c2ccccc2Cl)cc1,1.3074960379153522
NC(C(=O)N1CC(CNc2ccc(F)cc2)C2(C1)CN(c1cc(F)cc(F)c1)C2)c1ccc(O)cc1,1.5276299008726273
C[C@H]1C[C@H](C)OC2(CCC3=Cc4c(cnn4-c4ccc(F)cc4)C[C@@]32C)O1,2.0729847446282976
Cc1cnc(C#Cc2cc(-c3nn(-c4nc(C(=O)O)cs4)c(CC4CC4)c3Cc3ccc(S(N)(=O)=O)c(F)c3)ccc2F)s1,2.107209969648208
COc1ccc(-c2nc(N)nc(Nc3ccc(OC(F)(F)F)cc3)n2)cc1,2.086359830675104
CCS(=O)(=O)c1ccc(CNC(=O)c2ccc3c(c2)cc(Cc2ccc(Cl)cc2C(F)(F)F)n3CCF)cc1,-0.6989700041188716
NC(=O)c1sc(N2CCOCC2)cc1OCCc1ccc(OC(F)(F)F)cc1,1.4623979979004536
COc1cc([C@](O)(CCN(C)C)[C@@H](c2cc3cc(Br)ccc3nc2OC)c2cccc(OC)c2OC)cc(OC)n1,1.361727836019481
Cc1ccc(-c2cn([C@H]3CC[C@@H](N)CC3)c3ncnc(N)c23)c(F)c1,2.2205526198666075
CN(C(=O)CN1Cc2ccc(-c3nc(NC4CCOCC4)ncc3Cl)cc2C1=O)C(C)(C)C,0.6232492904082408
O=C(Nc1ccc2[nH]ncc2c1)N1CCN(c2cccc(Cl)c2Cl)CC1,1.1105897103026157
Cc1nc2n(c1C)N=C(c1ccccc1)c1cc3c(cc1C2)OCO3,1.7323937598237729
Cc1cc(Nc2ncc3ccc(-c4cnc5c(c4C)NCCO5)cc3n2)ccc1NC(=O)CN1CCC1,2.290034611362741
NCc1ccc2c(c1)nc(CN1C(=O)C3(CC3)c3cccc(F)c31)n2CCCC(F)(F)F,1.880813592281363
Nc1ccccc1NC(=O)c1ccc(CCn2ncc3c2nc(N)n2nc(-c4ccco4)nc32)cc1,1.7708520116428803
O=C(Nc1ccc(OC(F)(F)F)cc1)c1cnc(N2CC[C@@H](O)C2)c(-c2cc[nH]n2)c1,1.3424226808241804
C=CC(=O)N1CCN(c2nc(OC[C@@H]3CCCN3C)nc3c2CCN(c2cccc4cccc(Cl)c24)C3)C[C@@H]1CC#N,1.571708831809852
Cc1cc(/C=C/C#N)cc(C)c1Oc1nc(Nc2ccc(C#N)c(F)c2)nc2ccsc12,0.8450980400204611
CS(=O)(=O)NC(=O)CCc1cn(-c2ccc(Br)cc2)nc1-c1ccc(Cl)cc1,2.4698220159783104
CS(=O)(=O)Nc1nnc2cc(COc3cc(Cl)cc(Cl)c3)c(C3CC3)cn12,-0.0969100129537695
CCCCCNC(=O)n1cc(-c2ccc(F)cc2C2CCN(C)CC2)oc1=O,1.857332496431872
Cc1cc(C)n(Cc2ccc(C(=O)Nc3ccc(Cl)c(Cl)c3)s2)n1,1.5228353136618331
C[C@@H]1CN(CC(=O)N2CC(C)(C)c3ncc(Cc4ccc(F)cc4)cc32)[C@@H](CN2CCOC[C@H]2C)CN1,1.6127838567207948
COc1cnc(OC)c([C@H](c2cc3cc(Br)ccc3nc2OC)[C@@](O)(CCN(C)C)c2cc(OC)nc(OC)c2)c1,1.3979400086737748
C=C(c1cc(OC)c(OC)c(OC)c1)c1ccc(OC)c(O)c1NC(=O)CO,1.67751570479967
COC(=O)C1Cc2c([nH]c3ccccc23)[C@H](c2ccccc2)N1C(C)=O,1.6989700043368874
CC1=C(c2ccc(F)cc2)C(c2ccc(OC[C@H](C)N3CC[C@@H](C)C3)cc2)Oc2ccc(O)cc21,1.47712125472111
CN1C(=O)C(N2CCc3c(nn(Cc4ccccc4)c3Cl)C2=O)COc2cc(C#N)ccc21,1.1215598441907837
COC(=O)NC(C(=O)N1[C@H](c2nc(-c3ccc4c(c3)-c3ccc(-c5c[nH]c([C@@H]6C[C@@H]7CCC[C@@H]7N6C(=O)C(NC(=O)OC)[C@@H](C)OC)n5)cc3-4)c[nH]2)C[C@@H]2CCC[C@@H]21)[C@@H](C)OC,1.187520720839283
O=C(Nc1ccn(-c2ccnc(F)c2)n1)C1(c2ccccc2F)CC1,1.0293837776892685
Cn1c(Sc2ccc(C(O)=NO)cc2)nnc1-c1cccs1,2.2592832161902026
CC(=O)Nc1ncc(CN2CCC3(CCN(c4cc(C)nc5ccccc45)C3)C2)s1,1.7466341989383571
Cc1ccccc1-c1nc2c(=N)ncn(Cc3c(Cl)cccc3Cl)c2[nH]1,1.8388490907378847
N#CC1(NC(=O)C(Cc2ccc(OC(F)(F)F)c(Cl)c2)NC(=O)c2cnn(-c3cccnc3)n2)CC1,1.3541084391493226
CC(Nc1nc(N)nc(N)c1C#N)c1c(-c2ccccc2)c(=O)n2cc(F)ccc2c1-c1ccc(F)cc1,0.7481880270139557
Cc1ccc(Sc2ccc3n[nH]c(=O)n3n2)cc1,0.4471580313577297
CC[C@H](Nc1nc(N)nc(C)c1C#N)c1nc2cccc(NCc3ccc(C(O)=NO)cc3)c2c(=O)n1-c1ccccc1,1.7558748556732533
COc1cc(OCc2ccnc(Nc3cnn(C)c3)n2)cc2sc(NC3CCCC[C@@H]3O)nc12,1.14612803568134
O=C(N[C@H]1C2CC3C[C@@H](C2)C[C@H]1C3)c1cc(-c2ccc(F)nc2F)c[nH]1,1.819346484081111
Cc1c(Nc2nc3c(s2)CCCC3O)cc(Cl)cc1OC1CCN(C(=O)CC(C(F)(F)F)C(F)(F)F)CC1,1.4248816366326995
C[C@]1(c2cc(NC(=O)c3ccc(C#N)cn3)ccc2F)N=C(N)CO[C@H]1C(F)(F)F,1.8388490907378847
Cc1c(F)cccc1NC(=O)Nc1ccc2c(c1O)S(=O)(=O)CCC2,2.136720567156724
COc1cc(C(O)(CCN(C)C)C(c2cc3cc(Br)ccc3nc2OC)c2ccnc(OC)c2OC)c(OC)nc1OC,1.000000000004343
COc1cccc(C(c2cc3cc(Br)ccc3nc2OC)C(O)(CCN(C)C)c2cnc(C)cc2C)c1OC,1.4471580313437702
CNC(C)C(=O)NC1C(=O)N(Cc2c(C#N)n(-c3ccccc3C#N)c3ccccc23)c2ccccc2CC12CCOCC2,1.6127838567207948
Cc1c(-c2ccc3cnc(Nc4ccc(CS(C)(=O)=O)cc4)nc3c2)cnc2c1NCCO2,1.726971583683691
COC(=O)NC(=O)c1ccsc1NC(=O)c1ccc(C(=O)N2CCCCC2)cc1,2.0043213737830725
COC(=O)C1Cc2c([nH]c3ccccc23)[C@H](c2ccccc2)N1C(=O)CCl,2.380211241711787
CCn1cc(-c2cc(Cn3ccnc3C)cc3c2CCN([C@H](c2cc(C)ccn2)C2CC2)C3=O)c(C(F)(F)F)n1,1.3979400086737748
COc1ccc2nc(OC)n(CCNC(C)=O)c2c1,1.5820633629128458
CN1CCOc2c1cnn1c(-c3ccc4c(F)c(F)cc(NCC5(F)CCNCC5)c4n3)nnc21,0.5835388192656825
CCOc1cc([C@](O)(CCN(C)C)[C@@H](c2cc3cc(C#N)ccc3nc2OC)c2cccc(C)c2F)cc(OCC)n1,0.5051499783334777
COCCO[C@H]1CC[C@H](NC(=O)c2cc(-c3cncs3)nc3[nH]ccc23)CC1,-0.0969100129537695
CN1C(=O)[C@](O)(C#Cc2cccc(-n3nc(C(N)=O)c4cccnc43)c2)[C@H]2C[C@H]21,1.8030293747071904
N#Cc1cc(S(=O)(=O)Nc2ncns2)ccc1Oc1ccc(-c2cccc(C(F)(F)F)c2)cc1-c1ccnc(CNCCC2CCNCC2)c1,1.694831068756068
Cc1ccccc1-c1nc2c(=N)ncn(Cc3c(Cl)cncc3Cl)c2[nH]1,2.012837224705594
c1ccc(C2CCC3(CC2)OOC2(O3)C3CC4CC(C3)CC2C4)cc1,1.5185139398792036
O=C(O)CCCSc1nnc(-c2ccc(C3CC3)cc2Cl)o1,1.187520720839283
O=C(Nc1ccccc1F)C(=O)N1CC2(CC2)CC1C(=O)NC(CC1CCNC1=O)C(=O)COC(F)(F)F,2.1105897102995854
COc1nc2ccc(Br)cc2cc1C(c1cccc2c1OCO2)C(O)(CCN(C)C)c1cccnc1C,1.6434526764871744
CN1CCOc2c1cnn1c(-c3ccc4ccnc(NCC5(F)CCNCC5)c4c3)nnc21,1.3649260337918498
CS(=O)(=O)c1ccc(Oc2cc(F)cc(C#N)c2)c2c1[C@H](O)[C@H](F)[C@@H]2F,1.3222192947359872
O=C(CCCN1CCCOCC1)Nc1cnc(-c2ccc(F)cc2F)s1,1.4031205211775344
C=C(F)C(=O)N1CCN(c2nc(OC[C@@H]3CCCN3C)nc3c2CCN(c2cccc4cccc(Cl)c24)C3)C[C@@H]1CC#N,1.298853076411889
C[C@H]1c2cccc(CCC(C)(C)O)c2C[C@H](CO)N1C(=O)Cc1c(Cl)cccc1Cl,0.8061799739906731
CCOc1nc2ccc(OC)cc2n1CCNC(C)=O,1.8494194137975133
CCOC(=O)C1C(=O)C(=Cc2c[nH]c3ncccc23)OC1=NN1CCN(CC(F)(F)F)CC1,2.0498767198742693
O=c1cc(NC2CCN(S(=O)(=O)C(F)(F)F)CC2)c2cc(C(c3ccc(Cl)cc3)c3ccc(Cl)cc3)ccc2[nH]1,0.344392273704762
CCN1CCN(C(=O)Nc2cc(-c3cn(C4CCOCC4)c4cnccc34)ccn2)CC1,1.3710678622735843
COc1cc([C@](O)(CCN(C)C)[C@H](c2ccc(OC)c(F)c2)c2cc3cc(Br)ccc3nc2OC)cc(OC)n1,0.8450980400204611
CCC(C)C(N)C(=O)N1CCn2cc(-c3ccccc3)nc2[C@@H]1CC1CCCCC1,1.891537457673122
Cc1nc(C)c(C(OC(C)(C)C)C(=O)O)c(N2CCC(C)(C)CC2)c1-c1ccc(OCCc2ccc(F)cc2)cc1,0.7323937598310111
ON=C(O)c1ccc(Cn2nnnc2-c2cccs2)cc1,2.234694407142471
COc1cc([C@](O)(CCN(C)C)[C@@H](c2cc3cc(Br)ccc3nc2OC)c2ccnc(OC)c2OC)cc(OC)n1,1.3979400086737748
O=C(CN1Cc2ccc(-c3nc(NC4CCOCC4)ncc3Cl)cc2C1=O)N[C@H](CO)c1ccccc1,1.041392685162173
Clc1cnc(CNc2ccc3cnsc3c2)s1,1.4941545940198346
COc1cc(C(N)=O)c(F)c2nc(-c3ccc(N4CCC[C@@H]4C)nc3)n(C[C@@H]3CN(C)CCO3)c12,1.3802112417134156
COc1ncc(-c2cc(O[C@@H]3CCOC3)c3nc(N)nc(C)c3c2)cc1NS(=O)(=O)c1ccc(F)cc1F,1.739572344450883
COc1cc([C@](O)(CCN(C)C)[C@H](c2cc(OC)c(OC)nc2OC)c2cc3cc(Br)ccc3nc2OC)cc(OC)n1,1.3979400086737748
COc1cc(C(O)(CCN(C)C)C(c2cc3cc(Br)ccc3nc2OC)c2ccnc(OC)c2OC)cnc1OC,1.2787536009551146
CN1Cc2cc(Nc3ncc4c(=O)c(-c5c(Cl)cccc5Cl)cn(C)c4n3)ccc2C2(CC2)C1,1.3979400086737748
COc1ccc(C(=O)N(CC(C)(C)C)c2cccc(C)n2)c(N2CCC(COc3cc([C@@H](CC(=O)O)C4CC4)ccn3)CC2)c1,1.6341748717636084
CCC(=O)n1nc(C)cc1Nc1cc(N2CCN(CC)CC2)nc(N[C@H]2CCN(C(=O)c3ccc(Cl)cc3F)C2)n1,1.3283796034407769
CCOc1cc([C@H](c2cc3cc(C#N)ccc3nc2OC)[C@@](O)(CCN(C)C)c2cc(OC)nc(OC)c2)cc(N(C)C)n1,1.3010299956661526
CCn1cc(-c2cc(Cn3ccnc3C)cc3c2CCN([C@@H](C)c2cc(OC)ccn2)C3=O)c(C(F)(F)F)n1,2.0718820073064936
COc1cc([C@](O)(CCN(C)C)[C@H](c2cc(OC(C)C)cnc2OC)c2cc3cc(C#N)ccc3nc2OC)cc(OC)n1,1.7160033436356343
CN(CCc1ccc(Br)cc1)C1CCN(c2n[nH]c(N)n2)CC1,1.7209857441545648
Clc1cccc(Cl)c1COc1cccc2onc(Nc3cccnc3)c12,0.591064607037635
N#Cc1c(-c2cccs2)[nH]c(SCc2cccc(CC(=O)O)c2)nc1=O,-0.1079053972538408
NCCCCN(Cc1nc2ccccc2[nH]1)C1CCCc2cccnc21,2.080987046911248
O=CC(CC1CCNC1=O)NC(=O)C(Cc1ccccc1)NC(=O)c1cc2ccccc2[nH]1,1.681241237376492
COc1cc([C@](O)(CCN(C)C)[C@@H](c2cc3cc(Br)ccc3nc2OC)c2ccnc(OC)c2F)cc(OC)n1,0.832508912712623
Cc1c([C@H](C)Nc2nc(N)nc(N)c2C#N)c(-c2ccccc2)c(=O)n2cc(F)ccc12,1.6901960800294
O=C(Nc1ccc(OC(F)(F)Cl)cc1)c1cnc(N2CC[C@@H](O)C2)c(-c2[nH]ncc2F)c1,1.4149733479724882
COc1cc([C@](O)(CCN(C)C)[C@@H](c2cc3cc(C#N)ccc3nc2OC)c2cccc3c2CCC3)cc(OC)n1,1.361727836019481
Cc1[nH]c(C)c(-c2ccc(OCc3ccc(OC(F)(F)F)cc3)nc2)c(=O)c1Cl,0.4377505628362381
CCOc1cc(C(O)(CCN(C)C)C(c2cc(OC)nc(OC)c2)c2cc3cc(Br)ccc3nc2OC)cc(OC(C)C)n1,0.4771212547341389
CN(C)Cc1cc2cc3c(cc2n1C)CCCc1c-3[nH]c(=O)c(C(=O)O)c1O,1.6720978579366417
CCOc1ccc(F)c(N2CC[C@@H](Oc3ccc(N4N=C(C(F)(F)F)[C@@H](C)[C@@H]4CC(=O)O)cc3)[C@H](C)C2)c1,0.2041199826830682
COc1ncc(-c2cc(OC3CCOCC3)c3ncnc(C)c3c2)cc1NS(=O)(=O)c1ccc(F)cc1F,0.6608654780133516
O=C(Cc1ccccc1)N[C@@H](Cc1coc2ccccc12)B(O)O,0.4771212547341389
CCOc1cc2ncnc(Nc3ccc(Oc4ccn5ncnc5c4)c(C)c3)c2cc1NC(=O)/C(F)=C/[C@H]1CCCN1C,1.0670708560490916
C[C@H]1c2cccc(C(C)(C)O)c2C[C@H](CO)N1C(=O)Cc1c(Cl)cccc1Cl,1.9863237770512137
CC1(C)COC2(CCC3(CC2)OOC2(O3)C3CC4CC(C3)CC2C4)OC1,1.919078092376597
O=c1c2nc([N+](=O)[O-])cn2ccn1Cc1ccc(OC(F)(F)F)cc1,0.8034571156552425
O=c1cc(C(F)(F)F)[nH]c2cc(C(F)(F)F)cc(Nc3ccc(C(F)(F)F)cn3)c12,0.2966651902834651
CCC(C)NCc1cc2cc3c(cc2n1C)OCCc1c-3[nH]c(=O)c(C(=O)O)c1O,1.681241237376492
COc1cc([C@](O)(CCN(C)C)[C@H](c2cccnc2OC)c2cc3cc(Br)ccc3nc2OC)cc(OC)n1,1.4471580313437702
C=CC(=O)Nc1cc(N2CCOCC2)ccc1Nc1ccc2c(C(=O)c3cc(OC)cc(OC)c3)c[nH]c2n1,2.247973266362052
CS(=O)(=O)n1cc2c(n1)CN([C@H]1CO[C@H](c3cc(F)ccc3F)[C@@H](N)C1)C2,0.8686444384007025
N=c1ncn(Cc2c(Cl)cccc2Cl)c2[nH]cnc12,0.7634279935704251
CCC(CC)C(=O)Nc1sc(-c2nc(Cc3ccc(Cl)cc3Cl)no2)c(C)c1C#N,1.361727836019481
CC(C)Oc1cc(-c2cncc(-c3cnn(C4COC4)c3)c2)ccc1C(N)=O,0.2304489214038206
COc1cc([C@](O)(CCN(C)C)[C@@H](c2cc3cc(Br)ccc3nc2OC)c2cccc3ccoc23)cc(OC)n1,0.9444826721551038
Cn1c(CNC2(C)CCC2)cc2cc3c(cc21)CCCc1c-3[nH]c(=O)c(C(=O)O)c1O,1.5440680443515165
O=C(N[C@@H](Cc1coc2ccccc12)B(O)O)C1C[C@H]2CC[C@@H]1O2,0.5006480633856251
CSc1cc(C)[nH]c(=O)c1CNC(=O)c1c(C)n([C@H](C)C2CCN(CC(F)(F)F)CC2)c2ccccc12,0.9700212658330192
NCc1ccc2c(c1)nc(CN1C(=O)C3(CC3)c3ccc(F)cc31)n2CCCC(F)(F)F,1.6803355134154698
O=S(=O)(Nc1nnc2cc(OCC34CC5CC(CC(C5)C3)C4)c(C3CC3)cn12)C1CC1,0.7923916895052586
N#CC1(NC(=O)C(Cc2ccc(OC(F)(F)F)c(Cl)c2)NC(=O)c2cnn(-c3ccc(F)nc3)n2)CC1,1.0086001717661752
CCn1cc(-c2cc(Cn3ccnc3C)cc3c2CCN([C@H](c2cc(OC)ccn2)C2CC2)C3=O)c(C(F)(F)F)n1,1.6127838567207948
Cc1[nH]c(C)c(-c2ccc(-c3ccc(C(F)(F)F)cc3)nc2)c(=O)c1Cl,-0.1611509091998035
COc1cc([C@](O)(CCN(C)C)[C@@H](c2cc3cc(Br)ccc3nc2OC)c2cccc(C)c2F)cc(OC)n1,1.000000000004343
CCSc1cc([C@H](c2cc3cc(Br)ccc3nc2OC)[C@@](O)(CCN(C)C)c2cc(OC)nc(OC)c2)cc(N(C)C)n1,0.8450980400204611
COc1cccc(C(c2cc3cc(Br)ccc3nc2OC)C(O)(CCN(C)C)c2ccc(C)nc2)c1F,1.8260748027014744
CCOc1nc2cc(Cl)c(OC)cc2n1CCNC(C)=O,1.4683473304136343
Cc1ccc(C#Cc2cccc(-c3nn(-c4nc(C(=O)O)cs4)c(CC4CC4)c3Cc3ccc(S(N)(=O)=O)c(F)c3)c2)o1,1.859138297295132
COc1cc2c(NC3CCN(C)CC3)cc(-c3ccc(C)o3)nc2cc1OCCCN1CCCC1,-0.0409586076311817
O=C(NCCO)c1ccc(-c2nnc(Cc3c[nH]c4ccccc34)nc2-c2ccccc2)cc1,1.3424226808241804
O=C(NCc1cc(F)cc(Cl)c1)[C@@]1(O)CCN(c2ccc3[nH]ccc3c2)C1=O,0.6532125137849947
CC1=C(c2cccc(O)c2)C(c2ccc(OC[C@H](C)N3CC[C@@H](C)C3)cc2)Oc2ccc(O)cc21,1.579783596617953
COc1cc(F)cc([C@@H](CO)NC(=O)C(C)N2Cc3ccc(-c4nc(Nc5ccnc(OC)c5)ncc4Cl)cc3C2=O)c1,0.6627578316910152
ON=C(c1nnc(C(F)(F)F)s1)c1nc2ccccc2s1,2.1958996524095102
NS(=O)(=O)NCCNc1nonc1C(=NO)Nc1ccc(F)c(Br)c1,1.726971583683691
Cc1c(-c2ccc3cnc(Nc4ccc5c(c4)C(C)(C)OC5)nc3c2)cnc2c1NCCO2,2.146128035678548
C=CC(=O)N1CCN(c2nc(OC[C@@H]3CCCN3C)nc3c2CCN(c2cccc4ccccc24)C3)CC1,1.408239965313546
CCC[C@H](C)Nc1ncc2c(-c3ccc(CN4CCCN(C)CC4)cc3)cn([C@H]3CC[C@H](O)CC3)c2n1,1.4623979979004536
Cc1cc(C)n(-c2nc(=O)cc(C(F)(F)F)[nH]2)n1,0.4313637641750723
Cc1cccc(NC(=O)Nc2ccc(-c3csc4ncnc(N)c34)cc2)c1,1.3010299956661526
CCn1cc(-c2cc(Cn3ccnc3)cc3c2CCN([C@H](c2cc(OC)ccn2)C2CC2)C3=O)c(C(F)(F)F)n1,1.3010299956661526
CCCCCC[C@H]1OC[C@@H](C)NC(=O)C(CO[C@H]2C[C@H](CN)C2)NC(=O)C(CN)NC(=O)C(C2CCCCCC2)NC(=O)C(CCC)N(C)C(=O)C1C,0.4623979979139317
N#Cc1ncc(N2C(=O)C3(CCC3)N(c3ccc(OC4CCNCC4)nc3)C2=S)cc1C(F)(F)F,1.1760912590585766
CCN1CCN(c2cc(Nc3cc(C)[nH]n3)nc(N[C@H]3CCN(C(=O)c4ccc(Cl)cc4F)C3)n2)CC1,1.7299742857003644
Cc1[nH]c(C)c(-c2ccc(-c3ccc(C(F)(F)F)cc3Cl)nc2)c(=O)c1Cl,0.0453229788257831
CC1=C(C(=O)Nc2ccc3[nH]nc(-c4ccccc4)c3c2)C(C)(C)n2nnnc2N1C,1.5809249756767592
CC/C(=C(/c1ccc(/C=C/C(=O)O)cc1)c1[nH]c2ccccc2c1C#N)c1ccc(F)cc1Cl,2.017033339299198
CC[C@H](Nc1ncnc2[nH]cnc12)c1nc2cccc(F)c2c(=O)n1-c1ccccc1,1.7323937598237729
O=C(NC12CC3C[C@H](C1)C[C@H](C3)C2)c1cc(-c2ccc(F)nc2F)c[nH]1,1.6616234092301767
CCOc1cc([C@](O)(CCN(C)C)[C@@H](c2cc3cc(Br)ccc3nc2OC)c2cccc(OC)c2F)cc(OCC)n1,1.2787536009551146
CCOc1nc(C)cc(NC(=O)NCc2cc(C)c(-c3cn(C)nc3C(F)(F)F)nn2)c1C,1.0852905782336335
Cc1nc2c(F)cc(-c3nc(Nc4nccc(Sc5cnc(N6CCC7(CC6)CO[C@@H](C)[C@H]7N)cn5)c4Cl)ncc3F)cc2n1C(C)C,1.1430148002572196
C[C@H](Nc1nc(N)nc(N)c1C#N)c1cc(=O)n2cc(F)ccc2c1-c1cc(F)cc(F)c1,1.2552725051057187
CC(=O)Nc1ccc(Nc2ncnc(NCCC(=O)OC(C)(C)C)n2)cc1,2.049218022670569
C[C@H]1SC(=N)N[C@](C)(c2cc(NC(=O)c3cnc(OCF)cn3)ccc2F)[C@H]1F,1.6127838567207948
O=C1CCc2cc(N3CC[C@](O)(C(=O)NCc4cc(F)cc(Cl)c4)C3=O)ccc2N1,0.4771212547341389
CCOP(=O)(Cn1ccc(NC(=O)c2cc(Oc3cnc(C(=O)N4CCC4)cn3)cc(OC(C)C)c2)n1)OCC,0.4623979979139317
O=c1c2nc([N+](=O)[O-])cn2ccn1Cc1ccc(-c2ccc(OC(F)(F)F)cc2)cn1,0.3138672203902357
CCc1ccc(N(C2CCC2)S(=O)(=O)c2ccc3c(c2)C(O)CC(C2CCOCC2)O3)cc1,1.58658730467288
Cc1ccc(-c2csc(Cn3nc(Cc4nccs4)c4ccccc4c3=O)n2)cc1,2.075546961392896
COCCNc1nc(F)c(-c2nn(Cc3ccc(C#N)cc3)c(=O)c3ccccc23)cc1Cl,1.04532297879057
COc1cc2c(cc1Cl)nc(OC)n2CCNC(C)=O,1.4065401804356583
CC(C)(C)n1ncc(C(=O)NC(Cc2ccc(OC(F)(F)F)c(Cl)c2)C(=O)NC2(C#N)CC2)n1,1.2304489213808285
COc1nc2ccc(Br)cc2cc1C(c1cccc2c1OCO2)C(O)(CCN(C)C)c1cccnc1OC,1.431363764160596
COc1nc2ccc3c(c2n1CCNC(C)=O)CCO3,1.6646419755570656
NCc1ccc2c(c1)nc(CN1C(=O)C3(CC3)c3ccc(F)cc31)n2C1CCOCC1,1.763427993563686
O=C(O)c1ccc(CNC(=O)c2c(Cc3ccc(F)cc3)sc3c2CCOC3)cc1,1.3562171342216476
COCCN1CCOc2c1cnn1c(-c3ccc4cccc(NCC5CCNCC5)c4n3)nnc21,1.3222192947359872
CNC(=O)c1cc(OC)c2c(nc(-c3ccc(N4[C@@H](C)CC[C@@H]4C)nc3)n2C[C@@H]2CNCCO2)c1F,1.4149733479724882
CS(=O)(=O)NC(=O)CCc1cc(-c2ccc(Br)cc2)nn1-c1ccc(Cl)cc1,2.495544337546588
CC(F)(F)CN1Cc2cc(C(F)(F)F)ncc2-c2cnc(NCc3c(F)ccc4c3CCO4)n3cnc(c23)C1=O,-0.4089353928621432
C[C@@]1(O)CCN(c2ncc(C(=O)Nc3ccc(OC(F)(F)F)cc3)cc2-c2cc[nH]n2)C1,1.041392685162173
CC(C)c1cc(Nc2nc(N3CCC[C@H](N)C3)ncc2C(N)=O)cc(C(C)C)n1,1.1367205671595768
C[C@H](Nc1nc(N)nc(N)c1C#N)c1c(-c2ccccc2)c(=O)n2cc(F)ccc2c1C1CC1,1.3802112417134156
COc1ccc(-c2noc(-c3cnc(Oc4ccc5cc(C(=O)N6CCN(Cc7ccc(OCC(F)(F)F)cc7)CC6)n(C)c5c4)cn3)n2)cc1,0.155336037495432
CC[C@@H](NC(=O)c1ccc(Cl)cc1)[C@H]1[C@@H]2C[C@@H](n3cnc4cc(F)c(F)cc43)C[C@@H]21,1.2387985627164229
NCc1ccc2c(c1)nc(CN1C(=O)C3(CC3)c3ccc(F)cc31)n2[C@H]1CC[C@H](O)CC1,1.917505509553072
CN(CCCCN(C[C@H]1Cc2ncccc2CN1)[C@H]1CCCc2cccnc21)C1CCC(F)(F)CC1,2.274919506403984
O=[N+]([O-])c1cn2c(n1)OCC(COc1ccc(-c3ccc(F)cc3)nc1)C2,0.716003343643151
FC(F)(F)Oc1ccccc1COc1cccc2onc(Nc3cccnc3)c12,0.8920946026960482
Cc1[nH]c(C)c(-c2ccc(-c3ccc(OC(F)(F)F)cc3)nc2)c(=O)c1Cl,-0.2757241303172685
CCOc1cc(NC(=O)NCc2cc(C)c(-c3cn(C)nc3C(F)(F)F)nn2)cc(Cl)n1,1.014100321523825
O=C(NCc1cc(F)cc(F)c1)[C@@]1(O)CCN(c2ccc3[nH]ncc3c2)C1=O,1.282622112880328
N#Cc1ccc(-c2cnc3ccc(-c4ccc(C(=O)N5CCOCC5)cc4)cn23)cc1,-0.2518119729162469
CC(F)(F)c1cc(F)ccc1-c1sc2c(ccc3[nH]ncc32)c1Oc1ccc(OC2CN(CCCF)C2)cc1,0.8450980400204611
CN1CC[C@@](O)(C#Cc2cccc(-n3nc(C(N)=O)c4cccnc43)c2)C1=O,1.9552588427595377
COc1cc(F)cc([C@@H](CO)NC(=O)C(C)N2Cc3ccc(-c4ccnc(NC5CCOCC5)n4)cc3C2=O)c1,1.2304489213808285
CNc1nc(C)c2cc(-c3cnc(OC)c(NS(=O)(=O)c4ccc(F)cc4F)c3)cc(O[C@@H]3CCOC3)c2n1,1.537819095074533
COc1nc2ccc(C#N)cc2cc1C(c1cccc(C)c1)C(O)(CCN(C)C)c1cccnc1OC,1.681241237376492
C[C@@H](C1CC1)N1Cc2cc(-c3ccn4nc(N)c(C(=O)N[C@H]5CC[C@@](C)(O)CC5)c4n3)cc(OC(F)(F)F)c2C1=O,1.1664301138462432
CC(C)NCc1cc2cc3c(cc2n1C)CCCc1c-3[nH]c(=O)c(C(=O)O)c1O,1.8061799739845656
Cc1c(-c2ccc3cnc(Nc4ccc([S@@](C)(=N)=O)cc4)nc3c2)cnc2c1NCCO2,2.146128035678548
CCOc1nc2ccc3c(c2n1CCNC(C)=O)CCO3,1.8893017025068704
O=C(NCc1cc(F)cc(F)c1)[C@@]1(O)CCN(c2ccc3[nH]ccc3c2)C1=O,0.8015065990291962
CCOc1cc([C@](O)(CCN(C)C)[C@@H](c2cc3cc(Br)ccc3nc2OC)c2cccc3c2OCCO3)cc(OCC)n1,0.716003343643151
Cc1cc(Nc2ccc(F)cc2)n(-c2nc(=O)cc(C(F)(F)F)[nH]2)n1,-0.3979400085634639
COc1ncc(-c2cc(O[C@@H]3CCOC3)c3ncnc(C)c3c2)cc1NS(=O)(=O)c1ccc(F)cc1F,1.2046625117509298
CC(C(=O)N[C@H](CO)c1ccccc1)N1Cc2ccc(-c3nc(NC4CCOCC4)ncc3Cl)cc2C1=O,1.361727836019481
CC1(COc2cc(N3CCOCC3)sc2C(N)=O)COC1,1.4913616938356735
Cn1c(NCCCCCCCNc2c3c(nc4cc(Cl)ccc24)CCCC3)nc(-c2ccncc2F)cc1=O,1.710371264261609
CN(C)C(=O)O/N=C(\C#N)c1nc2ccccc2o1,2.2174839442141696
N#Cc1c(-c2cccs2)[nH]c(SCc2cccc(-c3nn[nH]n3)c2)nc1=O,0.079181246083816
CCCCCC[C@H]1OC(=O)CNC(=O)C([C@H](C)O)NC(=O)C(CO)NC(=O)C([C@H](C)CC)NC(=O)C(CC(C)C)N(C)C(=O)C1C,2.456366033129195
CCCC1C(=O)NC(C2CCCCCC2)C(=O)NC(CN)C(=O)NC(CO[C@H]2C[C@H](N)C2)C(=O)N[C@H](C)CO[C@H](CC2CC3(CCC3)C2)C(C)C(=O)N1C,1.041392685162173
COc1cc(N2CC[C@@H](Oc3ccc(N4N=C(C(F)(F)F)[C@@H](C)[C@@H]4CC(=O)O)cc3)[C@H](C)C2)c(Cl)cn1,0.3010299956856959
COc1cc([C@](O)(CCN(C)C)[C@@H](c2cc3cc(Br)ccc3nc2OC)c2cccc3c2CCCC3)cc(OC)n1,0.968482948558605
O=C(Nc1ccc(OC(F)(F)F)cc1)c1cccc(-c2cncnc2)c1,1.8750612633922792
CC(C)C(NC(=O)c1ccc2ccccc2n1)C(=O)NC(Cc1ccccc1)C(=O)NC(C=O)CC1CCNC1=O,1.779596491258546
Cc1c(Br)cc(NC(=O)C(c2ccccc2)S(=O)(=O)O)cc1Br,1.5428254269604242
CC#C[C@@H](CC(=O)O)c1ccc(OCc2cccc(-c3ccc(C(F)(F)F)cc3)c2)cc1,4.342945178152237e-11
CCNC(=O)Cc1nn(Cc2nc(-c3ccc(C)cc3)cs2)c(=O)c2ccccc12,1.5314789170435326
CCCN(CCCCNC(=O)c1ccc(-c2ccccn2)cc1)CC1CC1c1cccc(Cl)c1Cl,1.928395852257226
Cc1c(C#Cc2ccc(CN3CCC(CO)CC3)cc2)cc(C(F)F)c2cn(C(C(=O)Nc3nccs3)c3ncn4c3CCC43CC3)nc12,1.3010299956661526
Cc1ccc(C(=O)Nc2ccc(CN3CCN(C)CC3)c(C(F)(F)F)c2)cc1C#Cc1cnc2cccnn12,2.207715133805836
CN(C)S(=O)(=O)N1CCC[C@H](COc2ccc(-c3cc[nH]n3)nc2)C1,1.3771240423482785
CC(=O)NC[C@@H]1OC(=O)N2Cc3cc(-c4ccc(C#N)nc4)c(F)cc3O[C@@H]12,0.4329692908904313
CCc1c2c(nc3ccc(O)cc13)-c1cc3c(c(=O)n1C2)COC(=O)[C@@]3(CC)OC(=O)CCNC(=O)c1noc(-c2cc(C(C)C)c(O)cc2O)c1-c1ccc(CN2CCOCC2)cc1,0.741151598859667
CCOc1cc2ncnc(Nc3ccc(Oc4ccn5ncnc5c4)c(C)c3)c2cc1NC(=O)/C=C/[C@H]1CCCN1C,1.3424226808241804
C[C@H]1[C@@H](O)O[C@@H]2O[C@@]3(C)CC[C@H]4[C@H](C)CC[C@@H]1[C@@]24OO3,1.857332496431872
O=S(=O)(NCCO)c1cccc(-c2ccc3nccc(-c4ccncc4)c3n2)c1,1.9518230353163968
CS(=O)(=O)NC(=O)CCc1cn(-c2ccc(C(F)(F)F)nc2)nc1-c1ccc(Cl)cc1,3.27230584440211
CCCC1C(=O)NC(C2CCCCCC2)C(=O)NC(CN)C(=O)NC(COCCCNCCCN)C(=O)N[C@H](C)CO[C@H](CC2C[C@H]3CC[C@@H](C2)C3)C(C)C(=O)N1C,1.832508912706875
N=c1ncn(Cc2c(Cl)cncc2Cl)c2[nH]cnc12,1.2552725051057187
COc1ccccc1-n1ncc2c1CN(c1ccccc1)C2=O,1.5276299008726273
CCC(NC(=O)c1ccc(Cl)cc1)[C@H]1[C@@H]2C[C@@H](n3cnc4cc(F)ccc43)C[C@@H]21,0.3979400086894094
C[C@]12CCCN1CC1=NNC(=O)c3cc(F)cc4[nH]c2c1c34,1.4756711883258822
O=C1CC2(CCN(CCc3ccccc3)CC2)Oc2ccc(/C=C/C(O)=NO)cc21,1.9021661292715952
COc1ccccc1-c1cncc2c1CN(c1ccccc1)C2=O,0.7185016888755782
COc1cnc(OC)c([C@H](c2cc3cc(C#N)ccc3nc2OC)[C@@](O)(CCN(C)C)c2cc(OC)nc(OC)c2)c1,1.6127838567207948
O[C@@H]1c2ccnn2CC[C@H]1[C@H]1c2ccccc2-c2cncn21,1.4471580313437702
CCCC1C(=O)NC(C2CCCCCC2)C(=O)NC(CN)C(=O)NC(COCCCNCCCN)C(=O)N[C@H](C)CO[C@H](CC2CC3(CCC3)C2)C(C)C(=O)N1C,1.079181246051244
COc1cc([C@](O)(CCN(C)C)[C@@H](c2cc3cc(C#N)ccc3nc2OC)c2cccc3c2OCO3)cc(OC)n1,1.6127838567207948
Cc1c(-c2ccc3cnc(Nc4ccc5c(c4)COC5)nc3c2)cnc2c1NCCO2,1.929418925714804
COc1cc([C@](O)(CCN(C)C)[C@H](c2cc(SC)nc(SC)c2)c2cc3cc(Br)ccc3nc2OC)cc(OC)n1,0.7923916895052586
CCOc1cc([C@H](c2cc3cc(C#N)ccc3nc2OC)[C@@](O)(CCN(C)C)c2cc(OC)nc(OC)c2)cc(OC(C)C)n1,1.1139433523101776
COc1cc(F)cc([C@@H](CO)NC(=O)CN2Cc3ccc(-c4nc(NC5CCOCC5)ncc4Cl)cc3C2=O)c1,1.7323937598237729
COc1cc([C@](O)(CCN(C)C)[C@H](c2cc(OC)nc(OC(C)C)c2)c2cc3cc(C#N)ccc3nc2OC)cc(OC)n1,1.3222192947359872
COc1cc(F)cc([C@@H](CO)NC(=O)C(C)N2Cc3ccc(-c4nc(NC5COC5)ncc4Cl)cc3C2=O)c1,0.9731278536043187
CSc1cc(C)[nH]c(=O)c1CNC(=O)c1c(C)n([C@H](C)[C@H]2CC[C@H](N3CC(OC4CC4)C3)CC2)c2ncccc12,1.7468676278512074
COc1cc(F)cc([C@@H](CO)NC(=O)C(C)N2Cc3ccc(-c4nc(N[C@@H](C)CO)ncc4Cl)cc3C2=O)c1,1.361727836019481
O=c1[nH]nc2ccc(Sc3cccc(OC(F)(F)F)c3)nn12,1.3944516808279674
COc1cc(N2C(=O)C3(CCC3)N(c3ccc(OC4CCN(C)CC4)nc3)C2=S)cnc1C#N,0.9444826721551038
CC(C)Oc1cc(-c2cccnc2)ccc1C(N)=O,0.7781512503908818
CS(=O)(=O)NC(=O)CCc1cn(-c2ccc(Br)cc2)nc1C1CCOCC1,3.316180098893473
CCOCc1cnc(OC2C[C@H]3CC[C@@H](C2)N3S(=O)(=O)c2c(C)n[nH]c2C)cn1,1.1139433523101776
Cn1c(CN2CCCC2)cc2cc3c(cc21)CCCc1c-3[nH]c(=O)c(C(=O)O)c1O,1.6127838567207948
FC(F)(F)c1c(Cl)ccc(-n2ccnn2)c1Cl,1.0170333393029565
O=c1c2nc([N+](=O)[O-])cn2ccn1Cc1ccc(-c2cccnc2)cc1,1.3598354823417844
CCC(=O)N1CC[C@H](Nc2ncnc3sc(-c4cnc(OC)c(OC)c4)cc23)C1,1.5620548296575691
COc1cc([C@](O)(CCN(C)C)[C@@H](c2cc3cc(Br)ccc3nc2OC)c2cc(OC)nc(OC)c2OC)cc(OC)n1,1.1139433523101776
CS(=O)(=O)NC(=O)CCc1cn(-c2ccc(Cl)cc2)nc1-c1ccc(Cl)cc1,2.045322978787049
N#CC1(NC(=O)C(Cc2ccc(Cl)c(Cl)c2)NC(=O)c2cnn(-c3ccc(F)cc3)n2)CC1,0.6627578316910152
O[C@@H]1c2nonc2CC[C@H]1[C@H]1c2ccccc2-c2cncn21,1.7993405494542711
CC/C(=C(/c1ccc(/C=C/C(=O)O)cc1)c1[nH]c2ccccc2c1Cl)c1ccc(Cl)cc1C#N,1.4727564493186749
C[C@@H](C1CC1)N1Cc2cc(-c3ccn4nc(N)c(C(=O)N[C@H]5CC[C@@](C)(O)CC5)c4n3)cc(OC(F)F)c2C1=O,1.2347702951634458
CC(C)N1Cc2cc(C(F)(F)F)ncc2-c2cnc(NCc3c(F)ccc4c3CCO4)n3cnc(c23)C1=O,0.2329961104175511
Nc1n[nH]c(N2CCC(NS(=O)(=O)Cc3ccc(Br)cc3)CC2)n1,1.060697840357388
CC(C)S(=O)(=O)N1CCC(NC(=O)N[C@@]23C[C@@H]4C[C@@H](C[C@@H](C4)O2)C3)CC1,2.4463818122225973
O=C1CCC(N2C(=O)c3ccc(NS(=O)(=O)c4ccccc4OC(F)(F)F)cc3C2=O)C(=O)N1,-0.337242168224014
CCN1CCN(c2nc(NCc3ccc(OC)cc3)nc3c2ncn3CCCN2CCCC2)CC1,2.329601248356722
CCCOc1cc([C@H](c2cc3cc(Br)ccc3nc2OC)[C@@](O)(CCN(C)C)c2cc(OC)nc(OC)c2)cc(OC)n1,0.612783856730328
CC1(C)CN(c2cc(C(F)(F)F)cc3cncn23)CC[C@]12NC(=O)NC2=O,1.367914738795614
CCC[C@H](C)Nc1ncc2c(-c3ccc(CN4CCOCC4)cc3)cn([C@H]3CC[C@H](O)CC3)c2n1,1.6127838567207948
CCOc1cc([C@](O)(CCN(C)C)[C@@H](c2cc3cc(C#N)ccc3nc2OC)c2cccc3c2OCCO3)cc(OCC)n1,1.1139433523101776
NS(=O)(=O)c1cccc(-c2ccc3nccc(-c4ccnc(C(F)(F)F)c4)c3n2)c1,1.041392685162173
COc1cccc(C(c2cc3cc(C#N)ccc3nc2OC)C(O)(CCN(C)C)c2cc(C)nc(C)c2)c1OC,1.851258348719687
O=c1nc(OC[C@@H]2COCCO2)cc2n1CCc1cc(C#CC3CC3)ccc1-2,1.1760912590585766
Nc1nc(-c2cccc(-n3ccc4cc(C5CC5)cc(F)c4c3=O)c2CO)c2cc(C3=CCN(C4COC4)CC3)[nH]c2n1,1.2748503200189711
C[S+](=O)([O-])N1CCN(C(=O)c2cnc3ccc(F)cc3c2N2CCC(C#N)(c3ccccc3)CC2)CC1,1.47712125472111
Cc1cc(Nc2ncc3ccc(-c4cnc5c(c4C)NCCO5)cc3n2)ccc1C(N)=O,1.9852917185933368
OCc1cccc(-c2nc(N3CCOCC3)c3ncn(CCCCCCC(O)=NO)c3n2)c1,0.8195439355484488
CCn1cc(-c2cc(Cn3ccnc3)cc3c2CCN([C@H](c2cc(C)ccn2)C2CC2)C3=O)c(C(F)(F)F)n1,1.4149733479724882
O=C(O)CCCSc1nnc(-c2ccc(Cl)cc2Cl)o1,1.1903316981730934
CNc1ccc(C(=O)NCCn2cc(C=C3C(=O)NC(=O)NC3=O)c(-c3ccccc3)n2)cc1,0.8555191556738573
CCN(CC)C(=O)CC1C(=O)Nc2cc(NC(=O)c3cc(OC)c(OC)c(OC)c3Br)c(Oc3cc(C)cc(C)c3)cc2C(=O)N1C,1.578639209969218
CCCC1C(=O)NC(C2CCCCCC2)C(=O)NC(CN)C(=O)NC(CO[C@H]2C[C@H](N)C2)C(=O)N[C@H](C)CO[C@H](CC2C[C@H]3CC[C@@H](C2)C3)C(C)C(=O)N1C,1.2304489213808285
Cc1cc(CS(=O)(=O)c2ccccc2)cc(OCc2ccc(CN3CCC[C@@H]3CO)cc2)c1,2.3159703454571274
O=C1CC2(CCN(Cc3ccc(F)cc3)CC2)Oc2ccc(/C=C/C(O)=NO)cc21,1.7468676278512074
C=C(C)[C@@H]1CC[C@]2(C(=O)NCCC(=O)O)CC[C@]3(C)[C@H](CC[C@@H]4[C@@]5(C)CC=C(c6ccc(C(=O)O)cc6)C(C)(C)[C@@H]5CC[C@]43C)[C@@H]12,0.0413926851977064
O=C(Cc1ccc(Cl)c(Cl)c1)N1CCN(c2ccc3nncn3n2)CC1,-0.4948500215443769
COc1c(-c2ccc3cnc(Nc4ccc(CS(C)(=O)=O)cc4)nc3c2)cnc2c1NCCO2,1.636788689035377
Cc1nc(N2CCC3(CC2)CO[C@@H](C)[C@H]3N)cc(=O)n1-c1cccc(Cl)c1Cl,0.9637878273502758
Cc1nc2cc(F)c(-c3cnc(C(C)(C)O)nc3)nc2c(N[C@H](C)c2cc(C#N)ccc2F)c1Cl,0.8195439355484488
CCOc1cc2ncnc(Nc3ccc(Oc4ccn5ncnc5c4)c(C)c3)c2cc1NC(=O)/C(F)=C\[C@H]1CCCN1C,1.954242509439808
COc1cc([C@](O)(CCN(C)C)[C@@H](c2cc3cc(C#N)ccc3nc2OC)c2cccc3c2OCCO3)cc(OC)n1,1.6434526764871744
CCc1c2c(nc3ccc(O)cc13)-c1cc3c(c(=O)n1C2)COC(=O)[C@@]3(CC)OC(=O)CNC(=O)c1noc(-c2cc(C(C)C)c(O)cc2O)c1-c1ccc(CN2CCOCC2)cc1,0.7641761323978057
O=C(NCc1cc(F)cc(Cl)c1)[C@@]1(O)CCN(c2ccc3[nH]ncc3c2)C1=O,0.9460344670121548
O=C(CS(=O)(=O)O)Nc1ccc(N2CCOCC2)c(Br)c1,1.7923916894989544
CC(C)(O)[C@H]1CC[C@H](NC(=O)c2cnc3cc(OC(F)F)ccc3c2)CC1,0.7481880270139557
CCNC(=O)c1cc2c(-c3cc(S(=O)(=O)CC)ccc3Oc3c(C)cccc3C)cn(C)c(=O)c2[nH]1,1.060697840357388
CN(C)Cc1cc2cc3c(cc2n1C)OCCc1c-3[nH]c(=O)c(C(=O)O)c1O,1.7242758696016085
CCN1CCN(c2cc(Nc3cc(C)nn3C(=O)C(C)(C)C)nc(N[C@H]3CCN(C(=O)c4ccc(Cl)cc4F)C3)n2)CC1,1.8651039746417204
CCNc1cc(C)nn1-c1nc(-c2cccnc2)cc(=O)[nH]1,1.9079485216128087
COc1ccc(OC)c(NC(=O)c2sc(=S)n(-c3ccc(C(F)(F)F)cc3)c2NC(=O)CCl)c1,1.14921911265846
Cc1c(F)cccc1NC(=O)Nc1ccc2c(c1O)S(=O)(=O)CC=C2,1.516270882730663
CC(=O)N1CCC(COc2ccc(-c3cc[nH]n3)nc2)CC1,0.6106601631005244
NS(=O)(=O)c1c(Cl)ccc(NC(=O)Nc2cccc(Cl)c2Cl)c1O,1.2129861847393275
O=c1c2nc([N+](=O)[O-])cn2ccn1Cc1cccc(C(F)(F)F)c1,0.8842287696382736
CC(C)(C#N)c1cc(Nc2nc(N3CCC[C@H](N)C3)ncc2C(N)=O)cc(C(C)(C)C#N)c1,1.944482672150662
CC(C(=O)N[C@H](CO)c1cc(F)cc(N2CCN(C)CC2)c1)N1Cc2ccc(-c3nc(NC4CCOCC4)ncc3Cl)cc2C1=O,2.093421685162585
CNC(C)C(=O)NC1CCc2ccccc2N(Cc2c(OC)ccc3cc(Br)ccc23)C1=O,2.190331698170572
CN1CCOc2c1cnn1c(-c3ccc4c(F)ccc(NCC5(F)CCNCC5)c4n3)nnc21,0.9700212658330192
Cn1cc(Nc2nc(N)nc(-c3cccc(-n4ccc5cc(C6CC6)cc(F)c5c4=O)c3CO)n2)cn1,-0.1938200259482543
CC(C(=O)Nc1ccc(Cl)cc1)[C@H]1[C@@H]2C[C@@H](Oc3ccnc4ccc(F)cc34)C[C@@H]21,0.5440680443626841
CO[C@H]1O[C@@H]2O[C@@]3(C)CC[C@H]4[C@H](C)CC[C@@H]([C@H]1C)[C@@]24OO3,2.0569048513368537
CN(C)C/C=C/C(=O)Nc1ccc(C(=O)N[C@@]2(C)CCC[C@@H](Nc3ncc(Cl)c(-c4c[nH]c5ccccc45)n3)C2)nc1,0.7481880270139557
ON=C(O)CCCCCn1cc(Nc2ncc(Cl)c(Nc3ccc(Cl)cc3)n2)cn1,1.2648178230118967
CC(C)CN(CCc1ccc(Br)cc1)C1CCN(c2n[nH]c(N)n2)CC1,0.9309490311726144
CC(C)CCn1c(CN2C(=O)C3(CC3)c3cccnc32)nc2cc(CN)ccc21,1.9090208542116915
O=C(CN1Cc2ccc(-c3nc(NC4CCOCC4)ncc3Cl)cc2C1=O)N[C@@]1(CO)CCc2ccccc21,1.5440680443515165
COc1ccc2ncc(F)c(C[C@H](O)[C@H]3OC[C@H](NCc4cc5c(nn4)OCCS5)CO3)c2n1,1.8388490907378847
C[S+](=O)([O-])N1CCN(C(=O)c2cnc3ccc(F)cc3c2-c2ccc(C3(C#N)CC3)cc2)CC1,1.2552725051057187
CCOc1cc([C@](O)(CCN(C)C)[C@@H](c2cc3cc(Br)ccc3nc2OC)c2cccc(OC)c2OC)cc(OCC)n1,1.000000000004343
CCCN(CCCCNC(=O)c1ccc2ccccc2c1)CC1CC1c1cccc(Cl)c1Cl,2.127104798365132
COC(=O)c1ccc([C@H]2c3[nH]c4ccccc4c3CC(C(=O)OC)N2C(=O)CCl)cc1,2.679727619897512
N#Cc1ccccc1CC(=O)N[C@@H](C[C@@H]1COc2ccccc21)B(O)O,1.516270882730663
CNC[C@@H](O)CN1CCc2c(cccc2OCc2ccc(-c3nccs3)cc2)C1,1.6522463410042905
Cc1[nH]c(C)c(-c2ccc(-c3ccc(OC(F)(F)F)cc3)nc2)c(=O)c1Br,-0.1426675035084128
COc1ccc(F)c(N2CCC(Oc3ccc(N4N=C(C(F)(F)F)[C@@H](C)[C@@H]4CC(=O)O)cc3)CC2)c1,0.7781512503908818
N#Cc1ncc(N2C(=O)C3(CCC3)N(c3ccc(OC4CCNCC4)nc3)C2=S)cc1Cl,1.4048337166216478
CC(C)(C)NC(=O)CN1Cc2ccc(-c3nc(NC4CCOCC4)ncc3Cl)cc2C1=O,1.14612803568134
CCC[C@H](C)Nc1ncc2c(-c3ccc(CNCCN(CC)CC)cc3)cn([C@H]3CC[C@H](O)CC3)c2n1,1.7323937598237729
COc1ncc(-c2cc(OCC3(C)COC3)c3ncnc(C)c3c2)cc1NS(=O)(=O)c1ccc(F)cc1F,1.1072099696512614
C[C@@H]1CN(CC(=O)N2CC(C)(C)c3nc(CO)c(Cc4ccc(F)cc4)cc32)[C@@H](CN2CCOC[C@H]2C)CN1,1.6127838567207948
COc1cc(F)cc([C@@H](CO)NC(=O)C(C)N2Cc3ccc(-c4nc(Nc5cnn(C)n5)ncc4Cl)cc3C2=O)c1,0.9190780923813064
Cc1ccc(C#Cc2cc(-c3nn(-c4nc(C(=O)O)cs4)c(CC4CC4)c3Cc3ccc(S(N)(=O)=O)c(F)c3)ccc2F)s1,1.2068258760345472
COc1cccc([C@@H](CO)NC(=O)CN2Cc3ccc(-c4nc(NC5CCOCC5)ncc4Cl)cc3C2=O)c1,1.602059991329048
Cc1c(-c2ccc3cnc(Nc4ccc(CS(C)(=O)=O)nc4)nc3c2)cnc2c1NCCO2,2.255272505103547
COc1cccc(C(c2cc3cc(C#N)ccc3nc2OC)C(O)(CCN(C)C)c2cc(C)nc(C)c2)c1F,2.113943352307171
CC[C@@H](C)Nc1nc(Nc2cc(N3C[C@@H]4C[C@H]3CN4C)cnc2F)ncc1C,1.8369567370601827
CC(C)N(C)[C@@H]1CC[C@H](N2CCC(NC(=O)c3cccc(C(F)(F)F)c3)C2=O)[C@H](N(C)S(C)(=O)=O)C1,1.8260748027014744
COc1cc(CN2CCc3c(cc(Cn4ccn(C)c4=N)cc3-c3ccc(F)cc3C)C2=O)cc(OC)c1,1.8920946026910368
O=C(N1CC[C@@]2(S(=O)(=O)c3ccc(F)cc3)c3ccc(C(F)(C(F)(F)F)C(F)(F)F)cc3CC[C@@H]12)C1(O)CCS(=O)(=O)CC1,0.2787536009756865
Cc1cc(NC(=O)c2cccc(S(=O)(=O)N[C@H]3CCOC3)c2)ccc1F,1.5314789170435326
CC(C(=O)O)c1ccccc1-c1cc2c(cn1)ncn2[C@H](C)c1c(Cl)ccc(C2CC2)c1Cl,0.9542425094441505
CNc1nc(Nc2ccc(OC(F)(F)F)cc2)nc(-c2ccc(OC)cc2)n1,1.8750612633922792
Cc1cc(CS(=O)(=O)C2CC2)cc(OCc2ccc(CN3CCC[C@@H]3CO)cc2)c1,2.214843848047962
