SMILES,human_CL_mL_min_kg
CN(C)CCN(Cc1cccs1)c1ccccn1,1.4471580313437702
CCCC(C)C1(CC)C(=O)NC(=S)NC1=O,0.9138138523890128
Nc1nc(=O)c2ncn(COCCO)c2[nH]1,0.6720978579449578
CCC(C(N)=O)N1CCCC1=O,-0.0457574905124201
CCCc1c2oc(C(=O)O)cc(=O)c2cc2c(=O)cc(C(=O)O)n(CC)c12,1.0086001717661752
CN1C(=O)NC(=O)C(C)(C2=CCCCC2)C1=O,0.5314789170550285
O=C1CCc2ccc(OCCCCN3CCN(c4cccc(Cl)c4Cl)CC3)cc2N1,-0.0809219075716014
O=C(NCCNCC(O)COc1ccc(O)cc1)N1CCOCC1,0.4771212547341389
NC(C(=O)O)C1CC(Cl)=NO1,-0.1611509091998035
CN[C@H]1CN(c2ccc3c(=O)c(C(=O)O)cn(-c4nccs4)c3n2)C[C@@H]1OC,-0.1023729086545845
C[C@@H](Oc1cc(-c2cnn(C3CCNCC3)c2)cnc1N)c1c(Cl)ccc(F)c1Cl,0.9890046157029913
CCC(=O)NCC[C@@H]1CCc2ccc3c(c21)CCO3,1.1172712956590796
CCCc1c(OCCCS(=O)(=O)c2ccc(C(=O)CCC(=O)O)cc2)ccc(C(C)=O)c1O,1.2415464805990386
C[n+]1ccn(C[C@@]2(C)C(C(=O)[O-])N3C(=O)C[C@H]3S2(=O)=O)n1,0.2897489853394367
CN(C(=O)Cc1cccc2sccc12)[C@@H]1CCCC[C@H]1N1CCCC1,0.4771212547341389
C[C@@](O)(/C=C/[C@H]1CC=CC(=O)O1)[C@@H](C[C@@H](O)/C=C\C=C/C=C/CO)OP(=O)(O)O,0.079181246083816
CN(C)C1C(=O)C(C(N)=O)C(=O)[C@@]2(O)C(=O)C3C(=O)c4c(O)cccc4[C@@](C)(O)[C@H]3C[C@@H]12,0.1760912590846342
CS(=O)(=O)OCCN(CCBr)c1c(C(=O)NCCOP(=O)(O)O)cc([N+](=O)[O-])cc1[N+](=O)[O-],1.6512780139991134
CC(C(=O)O)c1ccc(C(=O)c2ccccc2)s1,-0.2076083104316986
CC(C)(C)/[N+]([O-])=C/c1ccc(S(=O)(=O)O)cc1S(=O)(=O)O,0.1303337685271761
CCC[C@H](Nc1nc(-c2ccc(NC(=O)NCC)c(OC)c2)ncc1C)c1cccnc1,1.3463529744525948
NCCC(O)C(=O)N[C@@H]1C[C@H](N)[C@@H](O[C@H]2O[C@H](CN)[C@@H](O)[C@H](O)[C@H]2O)[C@H](O)[C@H]1O[C@H]1O[C@H](CO)[C@@H](O)[C@H](N)[C@H]1O,0.0413926851977064
NC(=O)c1cc[n+](CC2=C(C(=O)O)N3C(=O)C(NC(=O)C(c4ccccc4)S(=O)(=O)[O-])[C@H]3SC2)cc1,0.2922560713786339
NC(=O)C(c1ccccc1)(c1ccccc1)[C@@H]1CCN(CCc2ccc3c(c2)CCO3)C1,1.079181246051244
CN1CC[C@]23c4c5ccc(O)c4O[C@H]2[C@@H](O)C=C[C@H]3[C@H]1C5,1.4149733479724882
O=S(=O)(O)CCS,1.3117538610578727
COc1cc2c(c(OC)c1OC)-c1ccc(OC)c(=O)cc1[C@@H](NC(C)=O)CC2,0.3222192947546
O=P(O)(O)OC(Cn1cncn1)(Cn1cncn1)c1ccc(F)cc1F,0.113943352340244
CN1CCN(c2ncc(-c3cc(Cl)cc(Cl)c3Cl)c(N)n2)CC1,1.320146286113132
COc1ccc(Cl)cc1C(=O)NCCc1ccc(S(=O)(=O)NC(=O)NC2CCCCC2)cc1,-0.0861861475633205
CC(=O)NC(CO)C(=O)NC(CC(=O)O)C(=O)NC(CCCCN)C(=O)N1CCCC1C(=O)O,1.2718416065388214
C[C@H]1COc2c(N3CCN(C)CC3)c(F)c(N)c3c(=O)c(C(=O)O)cn1c23,0.3424226808419469
Nc1nc(C(=NO)C(=O)NC2C(=O)N3C(C(=O)O)=C(C=C4CCN(CC(F)(F)F)C4=O)CS[C@H]23)cs1,-0.4202164032689018
CC1COc2c(N3CCN(C)CC3)c(F)cc3c(=O)c(C(=O)O)cn1c23,0.3979400086894094
CN=C(NC#N)NCCSCc1[nH]cnc1C,0.9084850188840112
COc1cccc2c(C(=O)N3CCN(C)C(C)C3)cn(CC3CCCCC3)c12,0.4771212547341389
C=C1/C(=C\C=C2/CCC[C@]3(C)[C@@H]([C@H](C)CCCC(C)(C)O)CC[C@@H]23)C[C@@H](O)C[C@@H]1O,-0.5086383060256323
CO[C@@]1(NC(=O)CSCC#N)C(=O)N2C(C(=O)O)=C(CSc3nnnn3C)CS[C@@H]21,0.1760912590846342
O=C(O)CCCC[C@H]1CCSS1,1.1271047983680489
O=c1c(O)c(-c2ccc(O)c(O)c2)oc2cc(O)cc(O)c12,1.041392685162173
CN(C)C(=O)Oc1ccc[n+](C)c1,0.9822712330440924
O[C@](CO[C@@H]1CN2CCC1CC2)(c1ccccc1)C1CCCC1,0.2988530764315305
CCN(CC)CCS(=O)(=O)[C@@H]1CCN2C(=O)c3coc(n3)CC(=O)C[C@H](O)/C=C(C)/C=C\CNC(=O)/C=C/[C@@H](C)[C@H](C(C)C)OC(=O)C12,1.204119982658639
O=C1NC(c2ccccc2)(c2ccccc2)C(=O)N1COP(=O)(O)O,0.5440680443626841
CC(C)C1C(=O)NC(CCCN=C(N)N)C(=O)NCC(=O)NC(CC(=O)O)C(=O)NC(Cc2ccccc2)C(=O)N1C,0.0718820073429299
COc1cc(OC)c(C(=O)CCCN2CCCC2)c(OC)c1,0.7481880270139557
O=C1N=C(c2ccccc2Cl)c2cc(Cl)ccc2NC1O,4.342945178152237e-11
C=CCNc1c(O)cc2c(O)c1C=C(C)C[C@H](OC)[C@H](O)[C@@H](C)/C=C(\C)[C@H](OC(N)=O)[C@@H](OC)C=CC=C(C)C(=O)N2,1.007747778005006
CC(C(=O)O)c1ccc(N2Cc3ccccc3C2=O)cc1,-0.1870866432903298
CN(C)Cc1nnc2n1-c1ccc(Cl)cc1C(c1ccccc1)=NC2,0.7923916895052586
CCC1(c2ccccc2)C(=O)NC(=O)NC1=O,-1.200659449857062
CCN(CC)CC(=O)Nc1c(C)cccc1C,1.204119982658639
COc1ccc(CCN(C)CCCN2Cc3cc(OC)c(OC)cc3C2=O)cc1OC,1.1961761850427377
Cc1ccccc1-c1cc(N2CCN(C)CC2)ncc1N(C)C(=O)C(C)(C)c1cc(C(F)(F)F)cc(C(F)(F)F)c1,0.4517864355396363
CC[C@]1(O)C[C@@H]2CN(CCc3c([nH]c4ccccc34)[C@@](C(=O)OC)(c3cc4c(cc3OC)N(C)[C@H]3[C@@](O)(C(=O)OC)[C@H](OC(C)=O)[C@]5(CC)C=CCN6CC[C@]43[C@@H]65)C2)C1,0.4913616938482822
NS(=O)(=O)OC[C@@H]1C[C@@H](n2ccc3c(N[C@H]4CCc5ccccc54)ncnc32)C[C@@H]1O,0.9084850188840112
CC(C)[N+]1(C)[C@@H]2CC[C@H]1CC(OC(=O)C(CO)c1ccccc1)C2,1.496929648074598
CN(C)c1ccc(O)c2c1C[C@H]1C[C@H]3C(N(C)C)C(=O)C(C(N)=O)C(=O)[C@@]3(O)C(=O)C1C2=O,0.079181246083816
CCN1CC(CCN2CCOCC2)C(c2ccccc2)(c2ccccc2)C1=O,0.7242758696089833
CN(C)CCC1=C(Cc2cccnn2)c2ccc(F)cc2C1,0.3673559210446582
Cc1[nH]c(=O)c(C#N)cc1-c1ccncc1,0.7923916895052586
NNc1cc2c(nn1)CCN(C(=O)c1ccccc1)C2,1.1139433523101776
C[C@@H](O)C1C(=O)N2C(C(=O)O)=C([C@H]3CCCO3)S[C@H]12,0.3483048630676357
COc1ccc(-n2nc(C(N)=O)c3c2C(=O)N(c2ccc(N4CCCCC4=O)cc2)CC3)cc1,-0.0969100129537695
COC[C@@H](O)CN(C(C)=O)c1c(I)c(C(=O)NC[C@H](O)CO)c(I)c(C(=O)NC[C@H](O)CO)c1I,0.1038037209901533
CN(C)CCNc1ccc2c3c(nn2CCNCCO)-c2cnccc2C(=O)c13,1.431363764160596
Cc1ncc([N+](=O)[O-])n1CC(O)CN1CCOCC1,0.2041199826830682
COc1ccc(CNC[C@@H](O)COc2ccc3[nH]c(=O)ccc3c2)cc1OC,0.9493900066497926
COc1cccc2c(O)c3c(c(O)c12)C(=O)C1=C(C[C@@](O)(C(=O)CO)C[C@@H]1O[C@H]1C[C@H](N2CCO[C@H](OC)C2)[C@H](O)[C@H](C)O1)C3=O,1.18525876529942
NC1(C(=O)O)CC1,0.1760912590846342
Nc1n[n+]([O-])c2ccccc2[n+]1[O-],0.9493900066497926
CCOc1cc([C@@H](CS(C)(=O)=O)N2C(=O)c3cccc(CC(C)=O)c3C2=O)ccc1OC,0.3765769570747596
CCC(=O)N(c1ccccc1)C1(COC)CCN(CCc2cccs2)CC1,1.1760912590585766
C=CCN(C1=NCCN1)c1c(Cl)cccc1Cl,1.079181246051244
CC(=O)N(CC(O)CO)c1c(I)c(C(=O)NCC(O)CO)c(I)c(C(=O)NCC(O)CO)c1I,0.3010299956856959
NS(=O)(=O)c1cc(C(=O)O)cc(N2CCCC2)c1Oc1ccccc1,0.4913616938482822
CCN(CC)C(=O)[C@]1(c2ccccc2)C[C@@H]1CN,0.9122220565377313
Cc1cc(NS(=O)(=O)c2ccc(N)cc2)no1,-0.4436974991120754
Nc1c2c(nc3ccccc13)CCCC2,1.748188027006976
CN1CC[C@]23CCCC[C@H]2[C@H]1Cc1ccc(O)cc13,1.195899652412
CC(=O)OC1=C2C(C)[C@@H](OC(=O)C(O)C(NC(=O)c3ccccc3)c3ccccc3)C[C@@](O)([C@@H](OC(=O)c3ccccc3)[C@@H]3[C@]4(OC(C)=O)CO[C@@H]4C[C@H](O)[C@@]3(C)C1=O)C2(C)C,0.7536857191801563
Cn1c(=O)c2c(ncn2C)n(C)c1=O,0.146128035709259
CC(C)NCC(O)c1cc(O)cc(O)c1,1.1482940974378324
CC(CN1CCN(CCOCCO)CC1)CN1c2ccccc2Sc2ccccc21,1.211387552939528
O=C(O)CCCc1ccc(N(CCCl)CCCl)cc1,0.4471580313577297
CN(Cc1cnc2nc(N)nc(N)c2n1)c1ccc(C(=O)NC(CCC(=O)O)C(=O)O)cc1,0.3222192947546
C[C@@H]1CCC[C@H](C)N1CCCC(O)(c1ccccc1)c1ccccn1,0.2552725051274335
COc1ccccc1N1CCN(C[C@@H](O)COc2cccc3ccccc23)CC1,1.041392685162173
CN1C[C@@H]2c3ccccc3Oc3ccc(Cl)cc3[C@H]2C1,1.0934216851657377
N#Cc1ccc2c(c1)CN(S(=O)(=O)c1cccs1)[C@H](Cc1ccccc1)CN2Cc1c[nH]cn1,0.9822712330440924
COC(=O)CC[C@@H]1N=C(c2ccccn2)c2cc(Br)ccc2-n2c(C)cnc21,1.1975825201614176
CC[C@@H]([C@H](C)O)n1ncn(-c2ccc(N3CCN(c4ccc(OC[C@H]5CO[C@@](Cn6cncn6)(c6ccc(F)cc6F)C5)cc4)CC3)cc2)c1=O,0.6334684555896863
Cn1cc(C(=O)C2CCc3[nH]cnc3C2)c2ccccc21,0.8469553250260017
O=C(N[C@H](CO)[C@H](O)c1ccc([N+](=O)[O-])cc1)C(Cl)Cl,0.3802112417297016
Cn1nnnc1SCC1=C(C(=O)O)N2C(=O)C(=NC(=O)C(NOCC(=O)O)c3cc[nH]n3)[C@H]2SC1,0.2624510897541614
O=C1CCC(C(=O)N2CSCC2C(=O)O)N1,0.0644579892643576
O[C@@H](CNC[C@H](O)[C@H]1CCc2cc(F)ccc2O1)[C@@H]1CCc2cc(F)ccc2O1,1.14612803568134
CNS(=O)(=O)Cc1ccc2[nH]cc(CCCN3CCN(c4ncncc4OC)CC3)c2c1,0.8088858673665559
COc1ccc2cc(C(C)C(=O)O)ccc2c1,-1.1549019593653225
CC(NCc1ccc(OCc2cccc(F)c2)cc1)C(N)=O,0.0681858617832808
Nc1ccc(S(=O)(=O)Nc2ncccn2)cc1,-0.2596373104267935
N[C@@]1(C(=O)O)CS(=O)(=O)[C@H]2C(C(=O)O)[C@H]21,0.3802112417297016
CCN(C(C)=O)c1cccc(-c2ccnc3c(C#N)cnn23)c1,1.204119982658639
Nc1nc(-n2cc(C(=O)O)c(=O)c3cc(F)c(N4CC(O)C4)c(Cl)c32)c(F)cc1F,0.3673559210446582
CC(S)C(=O)NCC(=O)O,0.1702617154243016
O=P(O)(O)C(O)(Cn1ccnc1)P(=O)(O)O,0.3403884997262947
COc1cccc2c(O)c3c(c(O)c12)C(=O)C1=C(C[C@@](O)(C(=O)CO)C[C@@H]1O[C@H]1C[C@H](N)[C@H](OCc2ccccc2)[C@H](C)O1)C3=O,1.2671717284053614
Cc1nnc(SCC2=C(C(=O)O)N3C(=O)C(NC(=O)C(O)c4ccccc4)[C@H]3SC2)s1,0.4149733479875216
C=CC[N@@+]12CC[C@@]34c5ccccc5N5C=C6[C@H]7C[C@H]8[C@@]9(CC[N@@+]8(CC=C)C/C7=C/CO)c7ccccc7N(C=C([C@@H](C[C@@H]31)/C(=C\CO)C2)[C@H]54)[C@@H]69,0.113943352340244
CC1C(=O)O[C@H]2C[C@@]34[C@H]5C[C@@H](C(C)(C)C)C36C(O)C(=O)O[C@H]6OC4(C(=O)O5)[C@@]12O,0.3617278360364752
CC1(C)C(/C=C\C=C\C=C\C=C2/N(CCCCS(=O)(=O)O)c3ccc4ccccc4c3C2(C)C)=[N+](CCCCS(=O)(=O)[O-])c2ccc3ccccc3c21,0.832508912712623
COc1cc2c(cc1O)CCN[C@]21CS[C@@H]2c3c(OC(C)=O)c(C)c4c(c3[C@H](COC1=O)N1[C@@H]2[C@H]2c3c(cc(C)c(OC)c3O)C[C@@H]([C@@H]1O)N2C)OCO4,0.9932135964119292
CC(=O)O[C@H]1C[C@@]2(C)[C@@H](C[C@@H](O)[C@H]3[C@]4(C)CC[C@@H](O)[C@@H](C)[C@@H]4CC[C@]32C)/C1=C(/CCC=C(C)C)C(=O)O,-0.4559319555256402
Nc1cc(-c2ccncc2)c[nH]c1=O,0.9493900066497926
CCC1C(=O)N(C)c2cnc(Nc3ccc(C(=O)N[C@H]4CC[C@H](N5CCN(CC6CC6)CC5)CC4)cc3OC)nc2N1C(C)C,1.0644579892306625
COc1cccc2c(O)c3c(c(N)c12)C(=O)C1=C(C[C@@](O)(C(=O)CO)C[C@@H]1O[C@H]1C[C@H](N)[C@H](O)[C@H](C)O1)C3=O,1.1760912590585766
CN1CCc2nc(C(=O)N[C@@H]3CC(C(=O)N(C)C)CC[C@@H]3NC(=O)C(=O)Nc3ccc(Cl)cn3)sc2C1,0.7151673578568258
CCOC(=O)Nc1ccc(NCc2ccc(F)cc2)nc1N,0.2041199826830682
CC(=O)C1CC[C@H]2[C@@H]3CC[C@@H]4C[C@H](O)CC[C@]4(C)[C@H]3CC[C@]12C,1.3424226808241804
CC(=O)N[C@H]1[C@H]([C@H](O)[C@H](O)CO)OC(C(=O)O)=C[C@@H]1N=C(N)N,0.2041199826830682
N=C(N)c1ccc(C(=O)NC(Cc2ccc(O)cc2)C(=O)N2CCC(OCC(=O)O)CC2)cc1,0.2787536009756865
Cc1c(F)cc(C(=O)NC2CC2)cc1-c1ccc(C(=O)NCC(C)(C)C)cn1,0.5763413502173126
CCc1nn(CCCN2CCN(c3cccc(Cl)c3)CC2)c(=O)n1CCOc1ccccc1,0.8750612633974907
Nc1c(CC(=O)O)cccc1C(=O)c1ccc(Br)cc1,0.113943352340244
C=C(Br)C(=O)Nc1cc(C(=O)Nc2cc(C(=O)Nc3cc(C(=O)Nc4cc(C(=O)NCCN=C(N)N)n(C)c4)n(C)c3)n(C)c2)n(C)c1,0.7118072290496239
COc1ccccc1Oc1c(NS(=O)(=O)c2ccc(C(C)(C)C)cc2)nc(-c2ncccn2)nc1OCCO,0.3222192947546
CN(C)CCCN1c2ccccc2CCc2ccc(Cl)cc21,0.9138138523890128
CN(C)CC(Oc1ccccc1)Oc1ccccc1,1.1367205671595768
CCCNCC(O)COc1ccccc1C(=O)CCc1ccccc1,1.204119982658639
CC(=O)OCC1=C(C(=O)O)N2C(=O)C(NC(=O)CC#N)[C@H]2SC1,0.5670263661708299
COP(=O)(c1cc(C)cc(/C=C/C#N)c1)c1c(C(N)=O)[nH]c2ccc(Cl)c(F)c12,0.2624510897541614
NCCc1ccc(O)c(O)c1,1.818885414594669
CC(C)(C)c1nc(-c2cccc(NS(=O)(=O)c3c(F)cccc3F)c2F)c(-c2ccnc(N)n2)s1,0.4563660331442281
Cc1nc2c([nH]1)-c1ccccc1N(C(=O)c1ccc(NC(=O)c3ccccc3-c3ccccc3)cc1)CC2,0.5339501178074915
COCCCN1CCC(NC(=O)c2cc(Cl)c(N)c3c2OCC3)CC1,0.6580113966666573
CSc1ccc(C(=O)c2[nH]c(=O)[nH]c2C)cc1,1.2810333672500014
C=c1cc(C)[nH]c1=Cc1c(O)[nH]c2ccccc12,1.14612803568134
COc1cccc(OC)c1C(=O)NC1C(=O)N2C(C(=O)O)C(C)(C)S[C@H]12,0.8195439355484488
CCC(CC)O[C@@H]1C=C(C(=O)O)C[C@H](N)[C@H]1NC(C)=O,0.681241237384635
CC(O)Cn1cnc2c1c(=O)n(C)c(=O)n2C,0.0681858617832808
C/C=C/c1cc(OC)c(OC)cc1OC,0.9444826721551038
CN(c1nc2ccccc2s1)C1CCN(C[C@@H](O)COc2ccc(F)cc2)CC1,0.6074550232253919
CCCc1nc(C(C)(C)O)c(C(=O)O)n1Cc1ccc(-c2ccccc2-c2nn[nH]n2)cc1,-0.5376020019512873
Nc1nc(=O)c2c([nH]1)NCC(CNc1ccc(C(=O)NC(CCC(=O)O)C(=O)O)cc1)N2C=O,0.7634279935704251
NC(=O)c1ncn([C@@H]2O[C@H](CO)[C@@H](O)[C@H]2O)n1,0.716003343643151
O=P(NCCCl)(NCCCl)O[C@@H]1O[C@H](CO)[C@@H](O)[C@H](O)[C@H]1O,0.2041199826830682
CC[N+]1(CC)CCC(=C(c2ccccc2)c2ccccc2)[C@@H]1C,1.0969100130115308
NCC1CCC(C(=O)O)CC1,0.3802112417297016
NCCCCC(NC(=O)C(Cc1cc(Br)c(O)c(Br)c1)NC(=O)N1CCC(N2Cc3ccccc3NC2=O)CC1)C(=O)N1CCN(c2ccncc2)CC1,0.4149733479875216
CN(C)CCNC(=O)c1cccc2cc3ccccc3nc12,1.2124539610429386
CC1(C)S[C@@H]2C(NC(=O)C(NC(=O)N3CCN(/N=C/c4ccco4)C3=O)c3ccc(O)cc3)C(=O)N2C1C(=O)O,0.5575072019176882
O=C1CN=C(c2ccccc2Cl)c2cc([N+](=O)[O-])ccc2N1,-0.0555173278004797
NC(CCC(=O)NC(CS(=O)(=O)CCOP(=O)(N(CCCl)CCCl)N(CCCl)CCCl)C(=O)NC(C(=O)O)c1ccccc1)C(=O)O,1.454844860010034
COc1ccc(Cc2nccc3cc(OC)c(OC)cc23)cc1OC,1.041392685162173
CCN1CCCC1CNC(=O)c1cc(S(=O)(=O)CC)c(N)cc1OC,0.7909524355211581
COc1cc(C2c3cc4c(cc3C(OC3OC5COC(C)OC5C(O)C3N(C)C)C3COC(=O)C23)OCO4)cc(OC)c1O,-0.3979400085634639
C=Cc1c(C)c2[nH]c1=Cc1[nH]c(c(=CCC(=O)O)c1C)=Cc1[nH]c(c(C)c1CCC(=O)OC)C=C1N=C(C=2)C2=CC=C(C(=O)OC)C(C(=O)OC)[C@@]12C,0.2041199826830682
COP(=O)(c1cc(C)cc(/C=C/C#N)c1)c1c(C(N)=O)[nH]c2ccc(Cl)cc12,0.2329961104175511
CC(NC(CCc1ccccc1)C(=O)O)C(=O)N1Cc2ccccc2CC1C(=O)O,-0.0315170513993665
C[C@@H](O)C1C(=O)N2C(C(=O)O)=C(S[C@@H]3CN[C@H](CNS(N)(=O)=O)C3)[C@H](C)[C@H]12,0.610332517312799
CC(=O)[C@]1(O)C=C2C(=O)c3c(c(O)c4ccccc4c3O)C(=O)C2[C@@H](O[C@H]2C[C@H](N)[C@H](O)[C@H](C)O2)C1,1.3802112417134156
O=C(c1ccc(F)c(F)c1Nc1ccc(I)cc1F)N1CC(O)([C@@H]2CCCCN2)C1,0.4471580313577297
CN1CCN(CCCN2c3ccccc3Sc3ccc(Cl)cc32)CC1,1.204119982658639
N=C(N)c1ccc(OCCCCCOc2ccc(C(=N)N)cc2)cc1,1.869231719731563
CC(C)(C)NC(=O)C1CN(Cc2cccnc2)CCN1C[C@@H](O)CC(Cc1ccccc1)C(=O)N[C@H]1c2ccccc2C[C@H]1O,1.2552725051057187
NC12CC3CC(CC(C3)C1)C2,0.681241237384635
CC(C)C(NC(=O)C(C(C)C)N(C)C)C(=O)N(C)C(C(=O)N1CCCC1C(=O)N1CCCC1C(=O)NC(C)(C)C)C(C)C,0.9822712330440924
COc1cc2ncnc(Nc3ccc(F)c(Cl)c3)c2cc1OCCCN1CCOCC1,1.079181246051244
CC(CCc1ccccc1)NCC(O)c1ccc(O)c(C(N)=O)c1,1.361727836019481
CCN[C@@H]1C[C@H](N)[C@@H](O[C@H]2OC(CN)=CC[C@H]2N)[C@H](O)[C@H]1O[C@H]1OC[C@](C)(O)[C@H](NC)[C@H]1O,-0.2596373104267935
C[C@H]1[C@H](C)CC[C@]2(C(=O)O)CC[C@@]3(C)C(=CC[C@@H]4[C@@]5(C)CC[C@H](O)C(C)(C)[C@@H]5CC[C@]43C)[C@H]12,0.5877109650301335
O=C(C=Cc1ccc(O)c(O)c1)O[C@@H]1C[C@](O)(C(=O)O)C[C@@H](OC(=O)C=Cc2ccc(O)c(O)c2)[C@H]1O,1.87972649664015
CC(=O)Nc1ccc(O)cc1,0.6989700043447047
C=CCC1(C(C)C#CCC)C(=O)NC(=O)N(C)C1=O,1.079181246051244
CC(CN(C)C)CN1c2ccccc2CCc2ccccc21,1.204119982658639
C[C@@H]1C[C@H]2C3C[C@H](F)C4=CC(=O)C=C[C@]4(C)[C@@]3(F)[C@@H](O)C[C@]2(C)[C@@]1(OC(=O)c1ccco1)C(=O)SCF,1.1271047983680489
C=C1CC[C@@]2(O)[C@H]3Cc4ccc(O)c5c4[C@@]2(CCN3CC2CC2)[C@H]1O5,1.1760912590585766
CN(C)c1cc(CNCC(C)(C)C)c(O)c2c1C[C@H]1C[C@H]3C(N(C)C)C(=O)C(C(N)=O)C(=O)[C@@]3(O)C(=O)C1C2=O,0.3692158574287024
CCc1c(O)cc(O)c(C(=O)c2ccc(OCCN3CCOCC3)c(OC)c2)c1CC(=O)N(CCOC)CCOC,0.836956737065872
CN1CCN2c3ccccc3Cc3ccccc3[C@H]2C1,1.3404441148421014
CN[C@@H]1[C@H](O[C@H]2[C@H](O[C@H]3[C@H](O)[C@@H](O)[C@H](N=C(N)N)[C@@H](O)[C@@H]3N=C(N)N)O[C@@H](C)[C@]2(O)C=O)O[C@@H](CO)[C@H](O)[C@H]1O,-0.1079053972538408
CN(C)CCc1c[nH]c2ccc(C[C@H]3COC(=O)N3)cc12,0.8260748027073085
C[N+]1(C)[C@@H]2CC(OC(=O)C(O)(c3cccs3)c3cccs3)C[C@H]1[C@@H]1O[C@@H]12,1.1003705451210095
CCOc1ccc2c(c1)[C@]1(CC[C@H](OCCN3CCOCC3)CC1)C(=O)N2S(=O)(=O)c1ccc(C(=O)NC(C)(C)C)cc1OC,1.0899051114429288
CCOc1ccccc1O[C@H](c1ccccc1)[C@H]1CNCCO1,-0.0861861475633205
CNC[C@H](O)CC12CCC(c3ccccc31)c1ccccc12,1.1643528557874117
CN1CCN2c3ncccc3Cc3ccccc3C2C1,0.9030899869973724
CN(C)CCC=C1c2ccccc2CCc2ccccc21,0.7853298350178866
Cc1cc(OC[C@H](O)CNC(C)C)c(C)c(C)c1O,1.2095150145453115
CN(C)CC/C=C1/c2ccccc2Sc2ccc(Cl)cc21,1.060697840357388
CCC(c1cccc(O)c1)[C@@H](C)CN(C)C,1.328990855451465
Cc1c(F)c(N2CCN[C@H](C)C2)cc2c1c(=O)c(C(=O)O)cn2C1CC1,0.7708520116495051
CS(=O)(=O)N(CCO)c1c(Cl)c(Cl)cc2[nH]c(=O)c(=O)[nH]c12,0.7781512503908818
CC[C@H]1OC(=O)C(C)[C@@H](O[C@H]2C[C@@](C)(OC)[C@@H](O)[C@H](C)O2)[C@H](C)[C@@H](O[C@@H]2O[C@H](C)C[C@H](N(C)C)[C@H]2O)[C@](C)(O)CC(C)C(=O)C(C)[C@@H](O)[C@]1(C)O,0.7481880270139557
CCC(=O)C1(c2cccc(O)c2)CCN(C)CC1,0.9637878273502758
COc1cc2nc(N3CCN(C(=O)c4ccco4)CC3)nc(N)c2cc1OC,0.6720978579449578
NNC(=O)c1ccncc1,0.8692317197368451
O=C(Nc1c(Cl)cncc1Cl)c1ccc(OC(F)F)c(OCC2CC2)c1,0.3424226808419469
CC(=O)CC(c1ccccc1)c1c(O)c2ccccc2oc1=O,-1.2596373097161295
CC(C(=O)O)c1ccc2c(c1)[nH]c1ccc(Cl)cc12,-0.2924298238169078
Cn1c(CCCC(=O)O)nc2cc(N(CCCl)CCCl)ccc21,0.8422155122097253
Cc1cc(F)ccc1[C@H]1CNCCN1C(=O)N(C)[C@H](C)c1cc(C(F)(F)F)cc(C(F)(F)F)c1,0.706717782345291
CC(C)[C@@H](CC[C@@H](C)[C@H]1CC[C@H]2[C@@H]3[C@H](O)C[C@H]4C[C@@H](NCCCNCCCCN)CC[C@]4(C)[C@H]3CC[C@]12C)OS(=O)(=O)O,0.079181246083816
COC(C(=O)N1Cc2[nH]nc(NC(=O)c3ccc(N4CCN(C)CC4)cc3)c2C1)c1ccccc1,0.7853298350178866
O=C1c2cccc3c2[C@H](CCC3)CN1[C@@H]1CN2CCC1CC2,0.4149733479875216
CCn1cc(C(=O)O)c(=O)c2cc(F)c(N3CCNCC3)cc21,0.842609239616802
COC(=O)C(c1ccccc1Cl)N1CCc2sccc2C1,1.3738311450756666
C[C@]12C[C@]3(O)O[C@@H](O1)[C@@]1(COC(=O)c4ccccc4)[C@@H]3C[C@]12O[C@@H]1O[C@H](CO)[C@@H](O)[C@H](O)[C@H]1O,0.3117538610769393
COCOCC(CCC1(C(=O)NC2CCC(C(=O)O)CC2)CCCC1)C(=O)O,0.3617278360364752
COc1ccnc(C[S+]([O-])c2nc3cc(OC(F)F)ccc3[nH]2)c1OC,0.3424226808419469
CS(=O)(=O)OC[C@H](O)[C@@H](O)COS(C)(=O)=O,0.6901960800373769
c1ccc2c(c1)OCC(C1=NCCN1)O2,1.000000000004343
NCCC(O)C(=O)N[C@@H]1C[C@H](N)[C@@H](O[C@H]2O[C@H](CN)CC[C@H]2N)[C@H](O)[C@H]1O[C@H]1O[C@H](CO)[C@@H](O)[C@H](N)[C@H]1O,0.1072099696817976
COc1ccccc1Oc1c(NS(=O)(=O)c2ccc(C(C)C)cn2)nc(-c2ccnc(-c3nn[nH]n3)c2)nc1OCCO,0.9084850188840112
CCN(CC)c1ccc2cc(C(=O)Nc3ccc4[nH]c(C(=O)N5C[C@@H](CCl)c6c5cc(OC(=O)Nc5ccccc5)c5[nH]cc(C)c65)cc4c3)oc2c1,0.4623979979139317
CNC(=O)c1c(I)c(NC(C)=O)c(I)c(C(=O)O)c1I,0.3802112417297016
NS(=O)(=O)c1cc(C2(O)NC(=O)c3ccccc32)ccc1Cl,0.1760912590846342
CC[C@@]1(O)C(=O)OCc2c1cc1n(c2=O)Cc2cc3c(N)cccc3nc2-1,0.812913356649537
C[C@]12CCC(=O)C=C1CC[C@@H]1[C@@H]2[C@@H](O)C[C@@]2(C)[C@H]1CC[C@]2(O)C(=O)CO,0.7558748556801106
O=C(O)CO,0.6074550232253919
S=P(N1CC1)(N1CC1)N1CC1,0.8260748027073085
CCOC(=O)C1[C@@H](OC(=O)c2ccccc2)C[C@@H]2CC[C@H]1N2C,1.1139433523101776
O=c1ccc2ccccc2o1,1.3729120029719468
O=C1CN=C(c2ccccc2Cl)c2cc(Cl)ccc2N1,-0.7695510783662587
CN1[C@@H]2CCC[C@H]1C[C@@H](NC(=O)c1nn(C)c3ccccc13)C2,0.959041392325866
CC(Cc1ccc(O)cc1)NCC(O)c1cc(O)cc(O)c1,1.4623979979004536
NC[C@H]1O[C@H](O[C@H]2[C@H](O)[C@@H](O[C@H]3O[C@H](CO)[C@@H](O)[C@H](N)[C@H]3O)[C@H](N)C[C@@H]2N)[C@H](O)[C@@H](O)[C@@H]1O,0.146128035709259
CCCc1nc2c(C)cc(-c3nc4ccccc4n3C)cc2n1Cc1ccc(-c2ccccc2C(=O)O)cc1,0.924279286067052
Cc1ccc(Nc2nccc(N(C)c3ccc4c(C)n(C)nc4c3)n2)cc1S(N)(=O)=O,-1.2218487488925325
CCCc1nn(C)c2c(=O)[nH]c(-c3cc(S(=O)(=O)N4CCN(C)CC4)ccc3OCC)nc12,0.9542425094441505
O=c1[nH]c2ccccc2n1CCCN1CCC(n2c(=O)[nH]c3cc(Cl)ccc32)CC1,0.9777236052934192
O=C(O)C(CCc1ccccc1)NC1CCCN2CCCC(C(=O)O)N2C1=O,0.3222192947546
COc1cc(C(=O)C(=O)N2CCCCC2C(=O)OC(CCCc2cccnc2)CCCc2cccnc2)cc(OC)c1OC,0.929418925719402
CC1=C(C(=O)O)N2C(=O)C(NC(=O)C(N)c3ccc(O)cc3)[C@H]2SC1,0.3979400086894094
COc1ccccc1N1CCN(CCCNc2cc(=O)n(C)c(=O)n2C)CC1,0.4913616938482822
C[C@@H](c1cccnc1F)c1c(CCN(C)C)sc2ccccc12,1.0170333393029565
CC(=O)O[C@H]1C[C@]2(O)[C@H]3CC[C@H]4C[C@H](O[C@H]5C[C@@H](O)[C@@H](O[C@H]6C[C@@H](O)[C@@H](O[C@H]7C[C@@H](O)[C@@H](O)[C@H](C)O7)[C@H](C)O6)[C@H](C)O5)CC[C@@]4(C)[C@H]3CC[C@]2(C)[C@H]1C1=CC(=O)OC1,-0.7447274946554192
COc1cccc(OCCCN)c1-c1cc(Nc2cnc(C#N)cn2)[nH]n1,1.5314789170435326
O=C1CN=C(c2ccccc2)c2cc([N+](=O)[O-])ccc2N1,-0.0655015487059329
O=C(O)c1cc(-c2ccc(F)cc2F)ccc1O,-0.9999999995657056
CC1(C)S[C@@H]2C(NC(=O)C(N)c3ccccc3)C(=O)N2C1C(=O)O,0.4471580313577297
Nc1nc2ccc(OC(F)(F)F)cc2s1,1.053078443487263
CN1[C@@H]2CC[C@H]1C[C@@H](OC(=O)C(CO)c1ccccc1)C2,0.8808135922865057
Cc1nccn1CCC(C(N)=O)(c1ccccc1)c1ccccc1,0.7853298350178866
COCCN1CCN(Cc2ccc(-c3[nH]nc4c3C(=O)c3c(NC(=O)NN5CCOCC5)cccc3-4)cc2)CC1,1.060697840357388
CN(C)CCCN1c2ccccc2Sc2ccc(Cl)cc21,1.204119982658639
NCCNc1ccc(NCCN)c2c1C(=O)c1ccncc1C2=O,1.2479732663642602
CCCCCc1cc(O)c2c(c1)OC(C)(C)[C@@H]1CCC(C(=O)O)=C[C@@H]21,0.079181246083816
CN1[C@@H]2C[C@@H](OC(=O)C(CO)c3ccccc3)C[C@H]1[C@@H]1O[C@@H]12,1.204119982658639
COc1ccc(C2(C#N)CCC(C(=O)O)CC2)cc1OC1CCCC1,-0.3010299955771223
C[C@H]1O[C@@H](n2cc(F)c(=O)[nH]c2=O)[C@H](O)[C@@H]1O,1.041392685162173
CN1[C@@H]2CC[C@H]1C[C@@H](OC(=O)c1c[nH]c3ccccc13)C2,1.4149733479724882
NCC(=O)CCC(=O)O,0.2741578492867806
CCC/N=C1\S/C(=C\c2ccc(OC[C@H](O)CO)c(Cl)c2)C(=O)N1c1ccccc1C,-0.0457574905124201
CCCC[P@@](=O)(O)CCCN,0.193124598382301
CC(=O)C1CC[C@H]2[C@@H]3CC[C@H]4C[C@H](O)CC[C@]4(C)[C@H]3CC[C@]12C,1.221848749705821
CC(C)(C(=O)O)c1ccc(C(=O)CCCN2CCC(OC(c3ccccc3)c3ccccc3)CC2)cc1,-0.3979400085634639
CN1CCN(c2ccc(Nc3ncc4cc5n(c4n3)C3(CCCCC3)CNC5=O)nc2)CC1,1.6075924798987598
CCN(CC)CCNc1ccc(CNC=O)c2sc3ccc(OC)cc3c(=O)c12,0.4913616938482822
COc1cc2c(N)nc(N3CCN(C(=O)OCC(C)(C)O)CC3)nc2c(OC)c1OC,-0.0177287669151925
CC[N+](CC)(CC)CCOc1cccc(OCC[N+](CC)(CC)CC)c1OCC[N+](CC)(CC)CC,0.1789769473219306
O=C1NC(=O)C(c2ccccc2)(c2ccccc2)N1,-0.4317982758156281
COCc1c(-c2ccc(F)cc2)c(=CC[C@@H](O)C[C@@H](O)CC(=O)O)c(C(C)C)nc1=C(C)C,0.4623979979139317
CC(=O)O[C@H]1C[C@@H]2CC[C@@H]3[C@H](CC[C@@]4(C)[C@H]3C[C@H](N3CC[N+](C)(C)CC3)[C@@H]4OC(C)=O)[C@@]2(C)C[C@@H]1N1CC[N+](C)(C)CC1,0.4771212547341389
CC[C@@]1(O)C[C@H](O[C@@H]2C[C@H](N3CCOCC3)[C@H](O)[C@H](C)O2)C2=C(C(=O)c3c(c(O)c4c(O)cccc4c3O)C2=O)[C@H]1O,1.6314437690141868
CCCCNc1cc(C(=O)O)cc(S(N)(=O)=O)c1Oc1ccccc1,0.3979400086894094
O=C(O)C[C@H](O)C[C@H](O)/C=C/c1c(C2CC2)nc2ccccc2c1-c1ccc(F)cc1,0.7671558660896043
CCc1c2c(nc3ccc(OC(=O)N4CCC(N5CCCCC5)CC4)cc13)-c1cc3c(c(=O)n1C2)COC(=O)[C@]3(O)CC,0.8011691480268064
CCOC(=O)C1(c2ccccc2)CCN(CCC(O)c2ccccc2)CC1,1.3424226808241804
C[C@@]1(Cn2ccnn2)C(C(=O)O)N2C(=O)C[C@H]2S1(=O)=O,0.6821450763828607
Cc1cnc(NC(=O)C2C(=O)c3ccccc3S(=O)(=O)N2C)s1,-0.9208187535904632
CCCc1nc(C)c2c(=O)[nH]c(-c3cc(S(=O)(=O)N4CCN(CC)CC4)ccc3OCC)nn12,1.1139433523101776
CCC(=O)N(c1ccccc1)C1(COC)CCN(CCn2nnn(CC)c2=O)CC1,0.591064607037635
CC(C)(C)NCC(O)c1cc(O)cc(O)c1,0.5314789170550285
Nc1nc(=O)c2c([nH]1)NC[C@H](CNc1ccc(C(=O)NC(CCC(=O)O)C(=O)O)cc1)N2C=O,0.612783856730328
O=C(NC1CCN(CCCCC2(C(=O)NCC(F)(F)F)c3ccccc3-c3ccccc32)CC1)c1ccccc1-c1ccc(C(F)(F)F)cc1,0.9395192526236104
CCCC(NC(C)C(=O)N1C(C(=O)O)C[C@@H]2CCCC[C@@H]21)C(=O)O,0.2304489214038206
C#CCC(Cc1cnc2nc(N)nc(N)c2n1)c1ccc(C(=O)NC(CCC(=O)O)C(=O)O)cc1,0.6212144308572567
C[C@]1(Cn2ccnn2)C(C(=O)O)N2C(=O)C[C@H]2S1(=O)=O,0.4988405044478541
C/C(=C\[C@H](C(C)C)N(C)C(=O)C(NC(=O)C1CCCCN1C(C)C)C(C)(C)C)C(=O)O,-0.0132282656889825
C#C[C@]1(O)CC[C@H]2[C@@H]3CCC4=Cc5oncc5C[C@]4(C)[C@H]3CC[C@@]21C,1.1961761850427377
NC[C@H]1O[C@H](O[C@H]2[C@H](O[C@@H]3O[C@H](CO)[C@@H](O)[C@H]3O)[C@@H](O)[C@H](N)C[C@@H]2N)[C@H](N)[C@@H](O)[C@@H]1O,0.1760912590846342
CCN(CC)CCNC(=O)c1cc(Br)c(N)cc1OC,1.1139433523101776
CC(C)(O)[C@@H]1CC[C@](C)([C@H]2[C@@H](O)C[C@@]3(C)[C@@H]4C[C@H](O[C@@H]5O[C@H](CO)[C@@H](O)[C@H](O)[C@H]5O)[C@H]5C(C)(C)[C@@H](O[C@@H]6OC[C@@H](O)[C@H](O)[C@H]6O)CC[C@@]56C[C@@]46CC[C@]23C)O1,-0.1307682802103353
Nc1nc(Cl)nc2c1ncn2[C@@H]1O[C@H](CO)[C@@H](O)[C@@H]1F,0.9790919748287484
COCCc1ccc(OCC(O)CNC(C)C)cc1,1.1139433523101776
Cc1ccc(C(=O)c2cc(O)c(O)c([N+](=O)[O-])c2)cc1,0.2787536009756865
CC1(C)S[C@@H]2C(NC(=O)C(C(=O)O)c3ccsc3)C(=O)N2C1C(=O)O,0.2552725051274335
CC[C@@]1(O)C(=O)OCc2c1cc1n(c2=O)Cc2cc3cc(O)ccc3nc2-1,0.3483048630676357
CC[C@]1(O)C[C@H]2CN(CCc3c([nH]c4ccccc34)[C@@](C(=O)OC)(c3cc4c(cc3OC)N(C=O)[C@H]3[C@@](O)(C(=O)OC)[C@H](OC(C)=O)[C@]5(CC)C=CCN6CC[C@]43[C@@H]65)C2)C1,0.3010299956856959
O=C(CCCCCCC(O)=NO)Nc1ccccc1,1.4471580313437702
O=P(O)(O)C(NC1CCCCCC1)P(=O)(O)O,0.3344537511710371
COC(=O)N(C)c1c(N)nc(-c2nn(Cc3ccccc3F)c3ncccc23)nc1N,-0.1307682802103353
Cc1cc(Nc2cc(N3CCN(C)CC3)nc(Sc3ccc(NC(=O)C4CC4)cc3)n2)[nH]n1,1.2648178230118967
O=c1[nH]cnc2c1ncn2[C@H]1CC[C@@H](CO)O1,1.041392685162173
O=C(O)c1cn(C2CC2)c2cc(N3CCNCC3)c(F)cc2c1=O,0.9190780923813064
Cc1cccc(Cl)c1C(=O)NC(Cc1ccc(NC(=O)c2c(Cl)cncc2Cl)cc1)C(=O)O,0.5682017240787327
CCC1=C[C@@H]2CN(CCc3c([nH]c4ccccc34)[C@@](C(=O)OC)(c3cc4c(cc3OC)N(C)[C@H]3[C@@](O)(C(=O)OC)[C@H](OC(C)=O)[C@]5(CC)C=CCN6CC[C@]43[C@@H]65)C2)C1,1.079181246051244
O=C(Cn1ccnc1[N+](=O)[O-])NCC(O)C(F)(F)F,0.4771212547341389
CC1CNc2c(cccc2S(=O)(=O)NC(CCCN=C(N)N)C(=O)N2CC[C@@H](C)CC2C(=O)O)C1,0.7055507273800425
CCCC=c1ncc(=CC(Cc2cccs2)C(=O)O)n1Cc1ccc(C(=O)O)cc1,0.2787536009756865
CC(C)(C)NC(=O)C1C[C@@H]2CCCC[C@@H]2CN1C[C@@H](O)[C@H](Cc1ccccc1)NC(=O)C(CC(N)=O)NC(=O)c1ccc2ccccc2n1,1.1139433523101776
OC(CCN1CCCC1)(c1ccccc1)C1CCCCC1,-0.0655015487059329
CCCN(CCC)S(=O)(=O)c1ccc(C(=O)O)cc1,-0.6020599911542446
O=[N+]([O-])O[C@H]1CO[C@H]2[C@@H]1OC[C@H]2O[N+](=O)[O-],1.4913616938356735
CN1CCN(C2=Nc3cc(Cl)ccc3Nc3ccccc32)CC1,0.3979400086894094
CCOC(=O)C1=C(COCCN)N=C(C)C(C(=O)OC)C1c1ccccc1Cl,0.8450980400204611
COc1ccnc(C[S+]([O-])c2nc3cc(-n4cccc4)ccc3[nH]2)c1C,-0.1366771398200517
CCCCN=C(N)N=C(N)N,0.8182258936205558
CCCCN1CCCCC1C(=O)Nc1c(C)cccc1C,0.7864938541066484
CC1(C)CC1C(=O)N=C(CCCCCSCC(N)C(=O)O)C(=O)O,0.3617278360364752
O=P1(NCCCl)OCCCN1CCCl,0.036788684320228
CN(C)c1cc(NC(=O)CNC(C)(C)C)c(O)c2c1CC1C[C@H]3C(N(C)C)C(=O)C(C(N)=O)C(=O)[C@@]3(O)C(=O)C1C2=O,0.579783596628239
COc1cc(NC(C)CCCN)c2ncccc2c1,0.7634279935704251
O=NNc1cnccn1,1.179838928026057
CC1C(=O)NC(Cc2ccc(F)cc2)C(=O)NCCCc2ccccc2O[C@H](C)CNC(C2CC2)C(=O)N1C,-0.9999999995657056
CC[C@H](OC(C)=O)C(C[C@H](C)N(C)C)(c1ccccc1)c1ccccc1,0.7323937598310111
CN(CC(O)=NO)C(=O)C1CCCCC1C(=O)O,0.7993405494604753
CN(CCCCCCN(C)C(=O)Oc1ccc[n+](C)c1)C(=O)Oc1ccc[n+](C)c1,-0.6989700041188716
CCN(CC)CCOC(=O)C(Cc1cccc2ccccc12)CC1CCCO1,1.0334237554909709
CCN(CC)CC#CCOC(=O)C(O)(c1ccccc1)C1CCCCC1,0.7075701761064519
COc1cccc2c1c(NS(=O)(=O)c1ccc(Cl)s1)nn2Cc1cccc(CNC(=O)C(C)(C)O)c1,0.7075701761064519
CCCC(=O)Nc1ccc(OCC(O)CNC(C)C)c(C(C)=O)c1,1.000000000004343
CCOC(=O)Nc1ccc(NCc2ccc(F)cc2)cc1N,0.9190780923813064
COC(=O)C1[C@@H](O)CC[C@H]2CN3CCc4c([nH]c5ccccc45)[C@@H]3C[C@@H]12,1.1643528557874117
C=C[C@H]1CN2CC[C@H]1C[C@@H]2[C@@H](O)c1ccnc2ccc(OC)cc12,0.6020599913388197
CC#CCC(C)[C@H](O)/C=C/[C@@H]1[C@H]2C/C(=C/CCCC(=O)O)C[C@H]2C[C@H]1O,1.204119982658639
CC[C@H]1OC(=O)C(C)[C@@H](O[C@H]2C[C@@](C)(OC)[C@@H](O)[C@H](C)O2)[C@H](C)[C@@H](O[C@@H]2O[C@H](C)C[C@H](N(C)C)[C@H]2O)[C@](C)(O)C[C@@H](C)CN(C)[C@H](C)[C@@H](O)[C@]1(C)O,1.000000000004343
CC[C@@]1(O)C(=O)OCc2c1cc1n(c2=O)Cc2c-1nc1cc3c(cc1c2CN1CCN(C)CC1)OCCO3,1.3991543339599488
CC1=C(CO)C2=C(C)C3(CC3)[C@@](C)(O)C(=O)C2=C1,2.146128035678548
NS(=O)(=O)c1ccc(S(=O)(=O)Nc2cccc3c(Cl)c[nH]c23)cc1,-0.1426675035084128
O=C(CCCN1CC=C(n2c(=O)[nH]c3ccccc32)CC1)c1ccc(F)cc1,0.9503648543809918
CO[C@H]1C[C@@H](O[C@@H]2C(C)C(=O)O[C@H](C)[C@H](C)[C@H](O)C(C)C(=O)[C@@]3(CO3)C[C@H](C)[C@H](O[C@H]3O[C@@H](C)C[C@@H](N(C)C)[C@H]3O)[C@H]2C)O[C@@H](C)[C@@H]1O,0.959041392325866
COc1ccc(CCN(C)CCCN2CCc3cc(OC)c(OC)cc3CC2=O)cc1OC,0.924279286067052
CNC1(c2ccccc2Cl)CCCCC1=O,1.2787536009551146
CON=C(C(=O)NC1C(=O)N2C(C(=O)[O-])=C(C[n+]3cccc4c3CCC4)CS[C@H]12)c1csc(N)n1,0.2787536009756865
CCCn1c(=O)[nH]c(=O)c2[nH]cnc21,0.6020599913388197
Cc1c(Cl)cccc1Nc1ccccc1C(=O)O,0.3747483460284285
CCOC(=O)C(Cc1ccc(F)cc1)NC(=O)C(N)Cc1ccc(N(CCCl)CCCl)cc1,2.24904148734264
Cc1ccccc1N1C(=O)c2cc(S(N)(=O)=O)c(Cl)cc2NC1C,0.146128035709259
Cn1c(NCCN(CCO)CCCc2ccc([N+](=O)[O-])cc2)cc(=O)n(C)c1=O,1.3199384399823877
CC(C)(O)c1ccccc1CC[C@@H](SCC1(CC(=O)O)CC1)c1cccc(/C=C/c2ccc3ccc(Cl)cc3n2)c1,-0.1674910872298968
CN(C)CCCN1c2ccccc2Sc2ccccc21,1.14612803568134
COc1c(OCCCN2CCOCC2)ccc2c3n(c(=NC(=O)c4cnc(N)nc4)nc12)CCN3,0.7346617260313683
CCc1cc2c(cc1CC)CC(NC[C@H](O)c1ccc(O)c3[nH]c(=O)ccc13)C2,0.6512780140078381
O=C1CN=C(c2ccccc2)c2cc(Cl)ccc2N1,-0.9208187535904632
CCCCCCN1CCC(C(=O)N(C)CC)(c2ccccc2)CC1,1.3802112417134156
O=C(/C=C/c1ccccc1)NCCO,-0.0043648053585819
CNS(=O)(=O)Cc1ccc2[nH]cc(CCN(C)C)c2c1,1.2787536009551146
CC(=O)CCCCn1c(=O)c2c(ncn2C)n(C)c1=O,1.5910646070276129
C[C@@H](O)C1C(=O)N2C(C(=O)O)=C(S[C@H]3CC(C(=O)N4CC[C@H](NC(=O)CN=C(N)N)C4)N(C)C3)[C@H](C)[C@H]12,0.2787536009756865
CC(c1ncncc1F)[C@](O)(Cn1cncn1)c1ccc(F)cc1F,0.9190780923813064
CC[C@H](O)[C@@H](C)[C@H]1O[C@@H]1C[C@@](C)(O)/C=C/C=C(\C)[C@H]1OC(=O)C[C@H](O)CC[C@@](C)(O)[C@@H](OC(=O)N2CCN(C3CCCCCC3)CC2)C=C[C@@H]1C,1.6803355134154698
CN=C(C[N+](=O)[O-])NCCSCc1csc(CN(C)C)n1,0.9912260756969264
CCCC[S@](=N)(=O)CCC(N)C(=O)O,0.3579348470195017
CCc1cnn2c(NCc3ccc[n+]([O-])c3)cc(N3CCCC[C@H]3CCO)nc12,0.6674529528992936
O=C(NCC1CCCCN1)c1cc(OCC(F)(F)F)ccc1OCC(F)(F)F,0.6901960800373769
CO[C@]12CC[C@@]3(C[C@@H]1[C@](C)(O)C(C)(C)C)[C@H]1Cc4ccc(O)c5c4[C@@]3(CCN1CC1CC1)[C@H]2O5,1.2787536009551146
CNC(=O)N(N(CCCl)S(C)(=O)=O)S(C)(=O)=O,1.3636119798940245
Cc1cccc([C@H](C)c2c[nH]cn2)c1C,1.041392685162173
Cc1nc(NNC(=O)C(CC2CCCC2)CN(O)C=O)c(F)c(N2CCN3CCOCC3C2)n1,0.7481880270139557
C/C(=C\c1csc(C)n1)[C@@H]1C[C@@H]2O[C@]2(C)CCC[C@H](C)[C@H](O)C(C)C(=O)C(C)(C)[C@@H](O)CC(=O)N1,1.000000000004343
O=C(O[C@H]1C[C@H]2CC3C[C@@H](C1)N2CC3=O)c1c[nH]c2ccccc12,2.255272505103547
O=c1[nH]c(=O)n([C@@H]2O[C@H](CO)[C@H](O)[C@H](O)[C@H]2O)cc1F,0.1398790864327071
O=C1CCC[C@@H]2[C@H]3CCC[N@+]4([O-])CCC[C@@H](CN12)[C@@H]34,0.8842287696382736
CN[C@@H]1CCc2[nH]c3ccc(C(N)=O)cc3c2C1,0.3979400086894094
CCOCCn1c(C2CCN(CCc3ccc(C(C)(C)C(=O)O)cc3)CC2)nc2ccccc21,0.4578818967491245
NCCCNc1ccc2c(CNCCO)nn3c4c(O)ccc(=O)c4c(O)c1c23,1.2552725051057187
Cc1ncc(CO)c(CO)c1O,0.8976270912959389
COc1cc2nc(N3CCN(C(=O)C4CCCO4)CC3)nc(N)c2cc1OC,0.0413926851977064
C=C[C@@H]1C[C@]1(NC(=O)C1C[C@@H](Oc2ncc(OC)c3ccc(Cl)cc23)CN1C(=O)C(NC(=O)OC(C)(C)C)C(C)(C)C)C(=O)NS(=O)(=O)C1CC1,1.0711452904547696
CC(=O)N(O)CCCCCNC(=O)CCC(=O)N(O)CCCCCNC(=O)CCC(=O)N(O)CCCCCN,0.9206450014120012
CCC(=O)C(CC(C)N(C)C)(c1ccccc1)c1ccccc1,0.2304489214038206
Cn1nnc2c(C(N)=O)ncn2c1=O,0.5563025007793511
CCC1=C(C)CN(C(=O)NCCc2ccc(S(=O)(=O)NC(=O)N[C@H]3CC[C@H](C)CC3)cc2)C1=O,-0.3010299955771223
CC(=O)Nc1cccc(-n2c(=O)n(C3CC3)c(=O)c3c(Nc4ccc(I)cc4F)n(C)c(=O)c(C)c32)c1,-0.0969100129537695
CC[C@]1(O)C[C@@H]2CN(CCc3c([nH]c4ccccc34)[C@@](C(=O)OC)(c3cc4c(cc3OC)N(C=O)[C@H]3[C@@](O)(C(=O)OC)[C@H](OC(C)=O)[C@]5(CC)C=CCN6CC[C@]43[C@@H]65)C2)C1,0.3010299956856959
CCC(C)(C)NCC(O)COc1ccccc1C(=O)CCc1ccccc1,1.041392685162173
C[C@@H](O)C1C(=O)N2C(C(=O)O)=C(SCCOC(N)=O)S[C@H]12,0.8750612633974907
N#C[C@H]1CCCN1C(=O)CNC12C[C@@H]3C[C@@H](CC(O)(C3)C1)C2,0.9956351946019368
C[C@@H]1O[C@@H](O[C@@H]2[C@H](C)O[C@@H](O[C@H]3C[C@](O)(C(=O)CO)C=C4C(=O)c5c(c(O)c6ccccc6c5O)C(=O)C43)C[C@@H]2O)C[C@H](N)[C@@H]1O,0.3979400086894094
C=CC(=O)N1CCCC(n2nc(-c3ccc(Oc4ccccc4)cc3)c3c(N)ncnc32)C1,1.2148438480503458
Nc1nc(F)nc2c1ncn2[C@@H]1O[C@H](CO)[C@@H](O)[C@@H]1O,0.5051499783334777
CC(C)(ON=C(C(=O)NC1C(=O)N2C(C(=O)[O-])=C(C[n+]3ccccc3)CS[C@H]12)c1csc(N)n1)C(=O)O,0.3139978627041788
COC(=O)C1=C(C)N=C(C)C(C(=O)OCCN(C)Cc2ccccc2)C1c1cccc([N+](=O)[O-])c1,1.041392685162173
C[C@@H]1C[C@H]2[C@H]3CC=C4CC(=O)C=C[C@]4(C)[C@@]3(Cl)[C@@H](O)C[C@]2(C)[C@@]1(OC(=O)c1ccco1)C(=O)CCl,1.1038037209593765
Cn1c(=O)c2c(ncn2CC(O)CO)n(C)c1=O,0.681241237384635
C[C@@H]1O[C@@H]1P(=O)(O)O,0.3010299956856959
C[C@H]1O[C@H](O[C@H]2[C@H](O)[C@@H](O)[C@@H](OC(C(=O)C(O)CO)[C@H](O)CO)O[C@@H]2CO)[C@H](O)[C@@H](O)[C@@H]1N[C@H]1C=C(CO)[C@@H](O)[C@H](O)[C@H]1O,0.3424226808419469
OCCN1C[C@H](O)[C@@H](O)[C@H](O)[C@H]1CO,0.2304489214038206
O=c1n(CCCN2CCN(c3cccc(Cl)c3)CC2)nc2ccccn12,0.146128035709259
CN(C(=O)CO)c1c(I)c(C(=O)NC[C@H](O)CO)c(I)c(C(=O)NC[C@H](O)CO)c1I,0.146128035709259
CC[C@H]1C2C[C@H]3[C@@H]4N(C)c5ccccc5C45C[C@@H](C2[C@H]5O)N3[C@@H]1O,0.9912260756969264
O=c1c(CC[S+]([O-])c2ccccc2)c(O)n(-c2ccccc2)n1-c1ccccc1,-0.4685210828300111
CC(C)(C)C(NC(=O)C(CC1CCCC1)CN(O)C=O)C(=O)N1CCN(Cc2ccc3c(c2)OCO3)CC1,0.4913616938482822
CC(CN1c2ccccc2Sc2ccccc21)N(C)C,1.14612803568134
CC(C)CC1C(=O)N2CCC[C@H]2[C@]2(O)O[C@@](C)(NC(=O)C3C[C@@H]4c5cccc6[nH]cc(c56)C[C@H]4N(C)C3)C(=O)N12,1.108903127670693
C[C@@H]1C[C@H]2[C@@H]3C[C@H](F)C4=CC(=O)C=C[C@]4(C)[C@H]3[C@@H](O)C[C@]2(C)C1C(=O)CO,0.8450980400204611
CN(C)C1C(=O)C(C(N)=O)C(=O)[C@@]2(O)C(=O)C3C(=O)c4c(O)c(NC(=O)CN5CCCC5)cc(F)c4C[C@H]3C[C@@H]12,0.5693739096267519
C[C@@H]1C=C2CC(=O)CCC2[C@H]2CC[C@]3(C)[C@@H](O)CC[C@H]3[C@H]12,1.3010299956661526
Nc1ccncc1,0.968482948558605
CC(C)NCC(O)COc1ccc(CC(N)=O)cc1,0.3979400086894094
NC(=O)c1cccc(N)c1,0.8976270912959389
CN=C1C[N+]([O-])=C(c2ccccc2)c2cc(Cl)ccc2N1,-0.4317982758156281
N#Cc1ccc2[nH]cc(CCCCN3CCN(c4ccc5oc(C(N)=O)cc5c4)CC3)c2c1,0.5751878449392114
CCCCC(=O)N(Cc1ccc(-c2ccccc2-c2nn[nH]n2)cc1)C(C(=O)O)C(C)C,-0.3098039198828548
CO[C@]1(NC(=O)CSC(F)F)C(=O)N2C(C(=O)O)=C(CSc3nnnn3CCO)CO[C@@H]21,0.612783856730328
COC(=O)C(Cc1cccc(C(=N)N)c1)[C@@H](C)NC(=O)c1ccc(-c2cc[n+]([O-])cc2)cc1,0.8680563618289263
COc1cc([C@@H]2c3cc4c(cc3[C@@H](O[C@@H]3O[C@@H]5CO[C@@H](C)O[C@H]5[C@H](O)[C@H]3O)[C@H]3COC(=O)C23)OCO4)cc(OC)c1O,-0.3010299955771223
COC(=O)NC(C(=O)N1CCCC1C(=O)Nc1ccc([C@@H]2CC[C@@H](c3ccc(NC(=O)C4CCCN4C(=O)C(NC(=O)OC)C(C)C)cc3)N2c2ccc(C(C)(C)C)cc2)cc1)C(C)C,0.2253092817517137
CN[C@@H]1[C@H](O)[C@H](NC)[C@H]2O[C@@]3(O)C(=O)C[C@@H](C)O[C@H]3O[C@@H]2[C@H]1O,-0.0043648053585819
CCN(CC)CCNC(=O)c1ccc(NC(C)=O)cc1,0.6020599913388197
CC(=O)Oc1ccccc1C(=O)O,1.079181246051244
Cc1onc(-c2c(Cl)cccc2Cl)c1C(=O)NC1C(=O)N2C(C(=O)O)C(C)(C)S[C@H]12,0.3010299956856959
Cc1cc2nc3c(=O)[nH]c(=O)nc-3n(C[C@H](O)[C@H](O)[C@H](O)CO)c2cc1C,0.8758030133437666
O=C1c2c(c3c4ccc(O)cc4n([C@@H]4O[C@H](CO)[C@@H](O)[C@H](O)[C@H]4O)c3c3[nH]c4cc(O)ccc4c23)C(=O)N1NC(CO)CO,1.4031205211775344
CC(C)NCC(O)c1ccc(O)c(O)c1,1.748188027006976
Cc1ccsc1C(=CCCN1CCCC(C(=O)O)C1)c1sccc1C,0.2041199826830682
CC(c1nc(-c2ccc(C#N)cc2)cs1)[C@@](O)(Cn1cncn1)c1cc(F)ccc1F,-0.0705810742346138
CN(C)CCC(c1ccc(Cl)cc1)c1ccccn1,0.3979400086894094
Cn1cncc1[C@@](N)(c1ccc(Cl)cc1)c1ccc2c(c1)c(-c1cccc(Cl)c1)cc(=O)n2C,0.7015679850645615
CC1=C(C(=O)O)N2C(=O)C(NC(=O)C(N)c3ccccc3)[C@H]2SC1,0.591064607037635
Cc1ccc(S(=O)(=O)NC(=O)N[C@H]2[C@H]3CC[C@@](C)([C@H]2O)C3(C)C)cc1,-0.4685210828300111
O=[N+]([O-])O[C@H]1CO[C@H]2[C@@H]1OC[C@H]2O,0.7923916895052586
Oc1ccc2c3c1O[C@H]1[C@@H](O)CC[C@@]4(O)[C@@H](C2)N(CC2CCC2)CC[C@]314,1.3424226808241804
CCCCNC(=O)NS(=O)(=O)c1ccc(C)cc1,-0.6777807050592738
N[C@@H]1CN(c2c(F)cc3c(=O)c(C(=O)O)cn([C@@H]4C[C@@H]4F)c3c2Cl)CC12CC2,0.5682017240787327
CCCCCCCC(=O)N[C@H](CN1CCCC1)[C@H](O)c1ccc2c(c1)OCCO2,1.321184027304387
Nc1nc(=S)c2[nH]cnc2[nH]1,1.187520720839283
COC1=C2C(C)[C@@H](OC(=O)C(O)C(NC(=O)OC(C)(C)C)c3ccccc3)C[C@@](O)([C@@H](OC(=O)c3ccccc3)[C@@H]3[C@]4(OC(C)=O)CO[C@@H]4C[C@H](OC)[C@@]3(C)C1=O)C2(C)C,1.068034908442351
Clc1ccc2nsnc2c1NC1=NCCN1,1.041392685162173
O=C(NCCN1CCOCC1)Nc1nc2ccc(Sc3nnc4ccc(-c5ccc(F)cc5)nn34)cc2s1,0.921166050642946
CC[C@@]1(O)CC(=O)OCc2c1cc1n(c2=O)Cc2cc3cc(F)c(F)cc3nc2-1,0.9253120915048074
CNC(=O)c1cnn(-c2nc(N)c3ncn([C@@H]4O[C@H](CO)[C@@H](O)[C@H]4O)c3n2)c1,0.8633228601264051
O=c1ccc2ncc(=O)n3c2n1C[C@H]3CN1CCC(NCc2cc3c(cn2)OCCC3)CC1,0.9652017010306172
CC(C)N(CCC(C(N)=O)(c1ccccc1)c1ccccn1)C(C)C,-0.0457574905124201
O=P(O)(O)C(Cl)(Cl)P(=O)(O)O,0.2041199826830682
CN(C)N=Nc1[nH]cnc1C(N)=O,0.4149733479875216
Cc1ccccc1OCC(O)CNCCOc1ccc(C(N)=O)cc1,1.14612803568134
COc1ccc2[nH]cc(CCNC(C)=O)c2c1,1.2174839442165384
CC(C)(C)NCC(O)COc1ccc(NC(=O)NC2CCCCC2)cc1,0.6901960800373769
CCN(CC)CCCC(C)Nc1ccnc2cc(Cl)ccc12,0.612783856730328
COc1ccc2c(c1)c(CC(=O)O)c(C)n2C(=O)c1ccc(Cl)cc1,0.113943352340244
CS(=O)(=O)c1cc(F)cc2c3c(n(Cc4ccc(Cl)cc4)c12)[C@@H](CC(=O)O)CC3,0.0827853703523421
CCCNC(C)C(=O)Nc1ccccc1C,1.4623979979004536
CC(=O)Nc1c(I)c(NC(C)=O)c(I)c(C(=O)O)c1I,0.2304489214038206
Nc1nc(NC2CC2)c2ncn([C@H]3C=C[C@@H](CO)C3)c2n1,1.1139433523101776
N#Cc1c(N2C[C@@H]3NCCO[C@H]3C2)c(F)cc2c(=O)c(C(=O)O)cn(C3CC3)c12,0.7596678446971834
C[N+](C)(C)C[C@H](O)CC(=O)[O-],0.2041199826830682
C=C[C@]1(C)C[C@@H](OC(=O)CS[C@@H]2CC[C@@H](N)C[C@H]2O)[C@]2(C)[C@H](C)CC[C@]3(CCC(=O)[C@H]32)[C@@H](C)[C@@H]1O,0.5976951859364793
CCn1cc(C(=O)O)c(=O)c2cc(F)c(N3CCN(C)CC3)cc21,0.3010299956856959
C[C@]12CC[C@@H]3c4ccc(O)cc4C[C@H](CCCCCCCCC[S+]([O-])CCCC(F)(F)C(F)(F)F)C3[C@@H]1CC[C@@H]2O,1.071882007309806
COc1cc([C@@H]2c3cc4c(cc3[C@@H](O[C@@H]3O[C@@H]5CO[C@@H](c6cccs6)O[C@H]5[C@H](O)[C@H]3O)[C@H]3COC(=O)C23)OCO4)cc(OC)c1O,-0.721246398818595
O=C(Cc1cccs1)NC1C(=O)N2C(C(=O)[O-])=C(C[n+]3ccccc3)CS[C@H]12,0.5185139398910479
C[C@@H](N)[C@H]1CC[C@@H](N)[C@@H](O[C@@H]2[C@@H](N)[C@@H](O)[C@@H](O)[C@@H](N(C)C(=O)CN)[C@H]2O)O1,0.1367205671881071
CN(C)CCN1C(=O)c2cccc3cc([N+](=O)[O-])cc(c23)C1=O,1.5390760987940315
C=CC1=C(C(=O)O)N2C(=O)C(=NC(=O)C(NOCC(=O)O)c3csc(N)n3)[C@H]2SC1,4.342945178152237e-11
NC[C@H]1OB(O)c2c(OCCCO)cccc21,0.612783856730328
CON=C(C(=O)NC1C(=O)N2C(C(=O)O)=CCS[C@H]12)c1csc(N)n1,0.3222192947546
Nc1nc(=O)c2ncn(COC(CO)CO)c2[nH]1,0.6627578316910152
Cc1c(-c2ccc(O)cc2)n(Cc2ccc(OCCN3CCCCCC3)cc2)c2ccc(O)cc12,0.8260748027073085
Cc1cccc(C)c1OCC(C)N,0.9190780923813064
CC(C)(C)NCC(O)COc1cccc2c1CC(O)C(O)C2,0.4623979979139317
C[C@@H](O)C1C(=O)N2C(C(=O)O)=C(SCCN=CN)C[C@H]12,0.4771212547341389
Nc1nc(N/N=C/C2CCCCC2)nc2c1ncn2[C@@H]1O[C@H](CO)[C@@H](O)[C@H]1O,1.5538830266450874
CC(O)C(=O)Nc1c(I)c(C(=O)NC(CO)CO)c(I)c(C(=O)NC(CO)CO)c1I,0.2787536009756865
O=S(=O)(O)c1cc(O)ccc1O,-0.0604807473314625
C[C@H]1COc2c(N3CCN(C)CC3)c(F)cc3c(=O)c(C(=O)O)cn1c23,0.2787536009756865
Cc1nnc(SCC2=C(C(=O)O)N3C(=O)C(NC(=O)Cn4cc(Cl)c(=O)c(Cl)c4)[C@H]3SC2)s1,-0.022276394665437
CON=C(C(=O)NC1C(=O)N2C(C(=O)O)=C(C)CS[C@H]12)c1csc(N)n1,0.2787536009756865
Cc1nc(C#Cc2ccnc(Cl)c2)c(C)n1-c1ccc(F)cc1,0.4471580313577297
CCCC[C@@H]1CC(=O)[C@]2(O)O[C@@H]3[C@@H](NC)[C@@H](O)[C@@H](NC)[C@H](O)[C@H]3O[C@@H]2O1,0.2304489214038206
N[C@@H]1[C@H]2CN(c3nc4c(cc3F)c(=O)c(C(=O)O)cn4-c3ccc(F)cc3F)C[C@@H]12,0.146128035709259
Cc1nnc2n1-c1ccc(Cl)cc1C(c1ccccc1Cl)=NC2,0.4771212547341389
C#Cc1cccc(Nc2ncnc3cc(OC)c(OCCCCCCC(O)=NO)cc23)c1,1.0788191831024707
O=C(NC1CCNCC1)C1CC[C@@H]2CN1C(=O)N2OS(=O)(=O)O,0.3120253799269007
C[C@@H](NCCc1ccc(O)cc1)[C@@H](O)c1ccc(O)cc1,1.4913616938356735
CC[N+](C)(C)c1cccc(O)c1,0.9822712330440924
CO[C@H]1[C@@H](O)[C@H](N)[C@@H](O[C@H]2O[C@H]([C@H](C)N)CC[C@H]2N)[C@H](O)[C@H]1N(C)C(=O)CN,0.1367205671881071
CNCC[C@@H](Oc1ccccc1C)c1ccccc1,0.968482948558605
CCCCCc1cc(O)c2c(c1)OC(C)(C)[C@@H]1CCC(C)=C[C@@H]21,0.5051499783334777
OCCN(CCc1c[nH]c2ccccc12)Cc1ccc(/C=C/C(O)=NO)cc1,0.8808135922865057
c1ccc(CN(CC2=NCCN2)c2ccccc2)cc1,1.2938043599215443
CC(C)(C)NC[C@H](O)COc1nsnc1N1CCOCC1,0.929418925719402
CN(CCOc1ccc(Cc2sc(=O)[nH]c2O)cc1)c1ccccn1,-0.1870866432903298
CCN(CC)Cc1cc(Nc2ccnc3cc(Cl)ccc23)ccc1O,2.3364597338487294
O=C(Cn1cnnn1)NC1C(=O)N2C(C(=O)O)=C(CSc3nncs3)CS[C@H]12,0.729974285707643
CCCCc1nc(C)c(CC(=S)N(C)C)c(=O)n1Cc1ccc(-c2ccccc2-c2nn[nH]n2)cc1,0.9822712330440924
CCC(=O)N(c1ccccc1)C1(C(=O)OC)CCN(CCC(=O)OC)CC1,1.5682017240681687
CC(=O)Nc1nnc(S(N)(=O)=O)s1,-0.1870866432903298
COC(=O)Nc1nc2cc(C(=O)c3ccccc3)ccc2[nH]1,1.1760912590585766
Nc1nc(N)c2nc(-c3ccccc3)c(N)nc2n1,1.7993405494542711
CC1(C)S[C@@H]2C(NC(=O)C(c3ccccc3)S(=O)(=O)O)C(=O)N2C1C(=O)O,0.2041199826830682
C[C@](N)(Cc1ccc(O)c(O)c1)C(=O)O,0.5440680443626841
OCCN(CCO)c1nc(N2CCCCC2)c2nc(N(CCO)CCO)nc(N3CCCCC3)c2n1,0.3010299956856959
COc1c(C)cc2c(c1O)[C@@H]1[C@@H]3Cc4c(OC(C)=O)c(C)c5c(c4[C@H](CNC(=O)/C=C/c4cccc(C(F)(F)F)c4)N3[C@@H](O)[C@H](C2)N1C)OCO5,1.079181246051244
C[C@@H](O)C1C(=O)N2C(C(=O)[O-])=C(SC3Cn4cnc[n+]4C3)[C@H](C)[C@H]12,0.3979400086894094
COCC(=O)O[C@]1(CCN(C)CCCc2nc3ccccc3[nH]2)CCc2cc(F)ccc2[C@@H]1C(C)C,0.6020599913388197
C[C@@H]1CN(c2c(F)c(N)c3c(=O)c(C(=O)O)cn(C4CC4)c3c2F)C[C@H](C)N1,0.4313637641750723
Cc1[nH]c(=O)c(C#N)cc1-c1ccc2nccn2c1,1.041392685162173
N=C(N)NCCCC1NC(=O)CCSSCC(C(N)=O)NC(=O)C2CCCN2C(=O)C(Cc2c[nH]c3ccccc23)NC(=O)C(CC(=O)O)NC(=O)CNC1=O,0.4593924877743105
CC1CC(=O)NN=C1c1ccc(NN=C(C#N)C#N)cc1,0.579783596628239
CN[C@@H]1[C@@H](O)[C@@H](O[C@@H]2[C@@H](O)[C@H](O[C@H]3O[C@H](CN)[C@@H](O)[C@H](O)[C@H]3O)[C@@H](N)C[C@H]2NC(=O)C(O)CN)OC[C@]1(C)O,0.113943352340244
C=C[C@@H]1CNCC[C@@H]1CCCc1ccnc2ccc(OC)cc12,1.4149733479724882
OCCN1CCN(CCCN2c3ccccc3Sc3ccc(Cl)cc32)CC1,1.431363764160596
Nc1ccn([C@H]2CC[C@@H](CO)O2)c(=O)n1,0.7481880270139557
COc1ccc2[nH]c([S+]([O-])Cc3ncc(C)c(OC)c3C)nc2c1,0.924279286067052
COc1cc(N)c(Cl)cc1C(=O)N[C@H]1CCN(CCCOc2ccc(F)cc2)C[C@H]1OC,0.1760912590846342
Cc1ccc(Sc2ccccc2N2CCNCC2)c(C)c1,0.7634279935704251
CN1CCN(c2c(F)cc3c(=O)c(C(=O)O)cn(CCF)c3c2F)CC1,0.3802112417297016
CC(=O)OCC1=C(C(=O)O)N2C(=O)C(NC(=O)CSc3ccncc3)[C@H]2SC1,0.4313637641750723
COc1ccc2cc1Oc1cc3c(cc1OC)CC[N+](C)(C)[C@H]3Cc1ccc(cc1)Oc1c(OC)c(OC)cc3c1[C@@H](C2)[N+](C)(C)CC3,0.079181246083816
c1cc2c(c(N3CCNCC3)c1)OCCO2,0.9030899869973724
Cc1ccc([C@@H]2O[C@H](CO)[C@@H](O)[C@H](O)[C@H]2O)cc1Cc1ccc(-c2ccc(F)cc2)s1,0.4377505628362381
CC[C@H]1OC(=O)C[C@@H](O)[C@H](C)[C@@H](O[C@@H]2O[C@H](C)C[C@H](N(C)C)[C@@H]2O)[C@@H](CC=O)CC(C)C(=O)C=C[C@]2(C)O[C@H]2[C@@H]1C,1.1238516409703512
O=c1ccc2ccc(OCCCCN3CCN(c4cccc5sccc45)CC3)cc2[nH]1,-0.4685210828300111
Nc1nc(OCc2cc(Br)cs2)c2[nH]cnc2n1,1.3334472744987658
CN1CCN(CC(=O)N2c3ccccc3C(=O)Nc3cccnc32)CC1,0.442479769080127
CC1(C)O[C@@H]2[C@@H](CO[C@@]3(COS(N)(=O)=O)OC(C)(C)O[C@@H]23)O1,-0.5686362356801629
O=C(NC[C@H]1CN(c2ccc(N3CCOCC3=O)cc2)C(=O)O1)c1ccc(Cl)s1,0.3802112417297016
CCCN(CCc1cccs1)[C@H]1CCc2c(O)cccc2C1,1.5682017240681687
CC(=O)Nc1c(I)c(C(=O)O)c(I)c(N(C)C(C)=O)c1I,0.4313637641750723
C[C@H]1NCc2cc(-c3ccc4c(=O)c(C(=O)O)cn(C5CC5)c4c3OC(F)F)ccc21,0.0899051114747064
CCC(=O)O[C@]1(C(=O)SCF)[C@H](C)C[C@H]2[C@@H]3C[C@H](F)C4=CC(=O)C=C[C@]4(C)[C@@]3(F)[C@@H](O)C[C@@]21C,1.2304489213808285
CC(=O)[C@]1(O)C=C2C(=O)c3c(c(O)c4ccccc4c3O)C(=O)C2[C@@H](O[C@H]2C[C@H](N3CC3)[C@H](OS(C)(=O)=O)[C@H](C)O2)C1,1.3718064585092606
NC(=O)OC[C@@H]1C(=NC(=O)C(NOCC(=O)O)c2csc(N)n2)C(=O)N1S(=O)(=O)O,0.1760912590846342
CC[C@@]1(O)C(=O)OCc2c1cc1n(c2=O)Cc2c-1nc1ccc(O)cc1c2[Si](C)(C)C(C)(C)C,0.7781512503908818
CON=C(C(=O)NC1C(=O)N2C(C(=O)O)=C(CSc3nc(C)c(CC(=O)O)s3)CS[C@H]12)c1csc(N)n1,-0.2146701649180371
CN(C)N=Nc1ccc(C(=O)O)cc1,0.113943352340244
CON=C(C(=O)NC1C(=O)N2C(C(=O)[O-])=C(C[N+]3(C)CCCC3)CS[C@H]12)c1csc(N)n1,0.3043452851170246
COc1ccc2[nH]c3c(c2c1)CCN[C@]31CS[C@@H]2c3c(OC(C)=O)c(C)c4c(c3[C@H](COC1=O)N1[C@@H]2[C@H]2c3c(cc(C)c(OC)c3O)C[C@@H]([C@@H]1O)N2C)OCO4,0.4456185801515455
CCCCCc1cc(O)c2c(c1)OC(C)(C)c1ccc(C)cc1-2,1.251638220450645
COc1ccsc1CNCC[C@@]1(c2ccccn2)CCOC2(CCCC2)C1,0.8382192219139291
CCn1cc(C(=O)O)c(=O)c2cc(F)c(N3CCN[C@@H](C)C3)c(F)c21,0.5998830720845998
COC(=O)C1=C(C)N=C(C)C(C(=O)OCC(C)C)C1c1ccccc1[N+](=O)[O-],1.1760912590585766
Nc1ccn([C@@H]2O[C@H](CO)C[C@@H]2F)c(=O)n1,0.7853298350178866
CN(C)C[C@H](c1ccc(O)cc1)C1(O)CCCCC1,0.6901960800373769
CC(=O)O[C@H]1C[C@@H]2CC[C@@H]3[C@H](CC[C@@]4(C)[C@H]3C[C@H]([N+]3(C)CCCCC3)[C@@H]4OC(C)=O)[C@@]2(C)C[C@@H]1[N+]1(C)CCCCC1,0.1760912590846342
NCCCCC(NC1CCc2ccccc2N(CC(=O)O)C1=O)C(=O)O,0.0899051114747064
CC(C)CN(C[C@@H](O)[C@H](Cc1ccccc1)NC(=O)O[C@H]1CO[C@H]2OCC[C@H]21)S(=O)(=O)c1ccc(N)cc1,0.892651033882861
O=P1(N(CCCl)CCCl)NCCCO1,0.0413926851977064
COCCOC(=O)C1=C(C)N=C(C)C(C(=O)OC(C)C)C1c1cccc([N+](=O)[O-])c1,1.1760912590585766
CNCCC=C1c2ccccc2CCc2ccccc21,1.000000000004343
COc1cccc2c1[C@H](CO)N1[C@H](C#N)[C@@H]3CC(C(=O)O)[C@H]([C@@H]1C2)N3C,0.4857214264957726
CC1(C)S[C@@H]2C(NC(=O)C(C(=O)O)c3ccccc3)C(=O)N2C1C(=O)O,0.2787536009756865
O=C(O)P(=O)(O)O,0.3222192947546
C[C@@H]1CN(C2CCC(C#N)(c3ccc(F)cc3)CC2)CC[C@]1(C(=O)O)c1ccccc1,-0.3665315443194147
CO[C@@H]1[C@@H](O[C@@H]2O[C@H](C)[C@@H](O[C@H]3C[C@@](C)(O)[C@@H](O)[C@H](C)O3)[C@H](N(C)C)[C@H]2O)[C@@H](CC=O)C[C@@H](C)[C@@H](O[C@H]2CC[C@@H](N(C)C)[C@H](C)O2)C=CC=CC[C@@H](C)OC(=O)C[C@H]1O,1.1072099696512614
CC(C)(N)CC(=O)NC1CCc2ccccc2N(Cc2ccc(-c3ccccc3-c3nn[nH]n3)cc2)C1=O,0.484299839361025
CC(C)CC(NC(=O)C(CCc1ccccc1)NC(=O)CN1CCOCC1)C(=O)NC(Cc1ccccc1)C(=O)NC(CC(C)C)C(=O)[C@@]1(C)CO1,1.6607514170419866
O=C(O[C@H]1C[N+]2(CCCOc3ccccc3)CCC1CC2)C(O)(c1cccs1)c1cccs1,1.6857417386031592
CC(=O)N(CC[C@@](CCN1CCCCC1)(C(N)=O)c1ccccc1Cl)C(C)C,0.734799829596845
COc1cc([S+](C)[O-])ccc1-c1nc2cccnc2[nH]1,1.000000000004343
COc1cccc2c(O)c3c(c(O)c12)C(=O)C1=C(C[C@@](O)(C(=O)CO)C[C@@H]1O[C@H]1C[C@H](N)[C@H](O)[C@H](C)O1)C3=O,1.1760912590585766
O=c1[nH]c(=O)n(C2CCCO2)cc1F,-0.022276394665437
CNCCCC12CCC(c3ccccc31)c1ccccc12,1.14612803568134
CO[C@@]1(NC(=O)Cc2cccs2)C(=O)N2C(C(=O)O)=C(COC(N)=O)CS[C@@H]21,0.5556829647371045
CN(C)CCO[C@]1(c2ccccc2)C[C@H]2CC[C@]1(C)C2(C)C,0.6884198220116101
CN(C)CCn1nnnc1SCC1=C(C(=O)O)N2C(=O)C(NC(=O)Cc3csc(N)n3)[C@H]2SC1,0.7634279935704251
COc1cc2nc(N3CCN(C(=O)C(C)OC)CC3)nc(N)c2cc1OC,-0.2757241303172685
COC(=O)CCc1ccc(OCC(O)CNC(C)C)cc1,2.5027184961243942
O=C1c2ccc3ccccc3c2C(=O)N1CCNCCCNCCN1C(=O)c2ccc3ccccc3c2C1=O,0.7558748556801106
CCCCCCCCCC=CCCC(=O)N=CC(=O)N[C@@H]1[C@@H](O)[C@@H](O)[C@@H](Nc2ncnc3[nH]cnc23)O[C@H]1[C@@H](O)CO,0.4313637641750723
CCN(CC)C(=O)C(C#N)=Cc1cc(O)c(O)c([N+](=O)[O-])c1,1.079181246051244
Cc1nnc2n1-c1sc(Br)cc1C(c1ccccc1Cl)=NC2,0.3010299956856959
C[C@@H]1CCN(C(=O)CC#N)C[C@@H]1N(C)c1ncnc2[nH]ccc12,0.7693773260835245
CC(=O)NC[C@H]1CN(c2ccc(N3CCOCC3)c(F)c2)C(=O)O1,0.2552725051274335
CC(C)NCC(O)c1ccc(NS(C)(=O)=O)cc1,0.3010299956856959
Cc1[nH]c2ccccc2c1CCNCc1ccc(/C=C/C(O)=NO)cc1,1.0086001717661752
CCN[C@@H](C)Cc1cccc(C(F)(F)F)c1,1.041392685162173
C[C@]12CC=C3C4=C(CCC3[C@@H]1CC[C@@]2(O)CC#N)CC(=O)CC4,0.1105897103329152
O=C1c2ccccc2OCN1CCO[N+](=O)[O-],1.4711449651621007
CC(NC(CCc1ccccc1)C(=O)O)C(=O)N1CCCC1C(=O)O,0.2041199826830682
COCCCC/C(=N\OCCN)c1ccc(C(F)(F)F)cc1,1.5044708624957783
CC(=O)OCC1=C(C(=O)O)N2C(=O)C(NC(=O)Cc3cccs3)[C@H]2SC1,0.2552725051274335
C[C@H](CCc1ccc(O)cc1)NCCc1ccc(O)c(O)c1,2.0606978403539893
NCCCCCC(=O)O,0.3979400086894094
CCCCc1oc2ccc(NS(C)(=O)=O)cc2c1C(=O)c1ccc(OCCCN(CCCC)CCCC)cc1,1.5228353136618331
CCCCCNC(=O)c1coc([C@H]2[C@@H](Cc3ccccc3CCC(=O)O)[C@@H]3CC[C@H]2O3)n1,0.8061799739906731
C[C@H](Cn1cnc2c(N)ncnc21)OCP(=O)(O)O,0.4913616938482822
CC(C(O)c1ccc(O)cc1)N1CCC(Cc2ccccc2)CC1,1.810030786406512
COc1cccc2c(O)c3c(c(O)c12)C(=O)C1=C(C[C@@](O)(C(C)=O)C[C@@H]1O[C@H]1C[C@H](N)[C@H](O)[C@H](C)O1)C3=O,1.1161982900578364
CN(C)CCCNC(=O)/C(=C/CCCCC(O)=NO)COc1cccc2ccccc12,0.2600713880089371
O=C(O)c1cccc(Cc2cc(Cl)ccc2OCc2ccc(Cl)cc2F)n1,0.3010299956856959
CCOc1nc2cccc(C(=O)O)c2n1Cc1ccc(-c2ccccc2-c2nn[nH]n2)cc1,-0.4317982758156281
Cc1onc(-c2ccccc2)c1-c1ccc(S(N)(=O)=O)cc1,0.146128035709259
COc1cc(Cc2cnc(N)nc2N)cc(OC)c1OC,0.3222192947546
CC1C(=O)O[C@H]2[C@H](O)C34[C@H]5C[C@@H](C(C)(C)C)C36C(O)C(=O)O[C@H]6OC4(C(=O)O5)[C@@]12O,0.3617278360364752
C[C@@H](N=C(N=c1cc[nH]cc1)NC#N)C(C)(C)C,0.7543483357186649
CN1C(=O)CN=C(c2ccccc2F)c2cc([N+](=O)[O-])ccc21,0.146128035709259
CNCCCN1c2ccccc2CCc2ccccc21,1.041392685162173
CCN1CCN(C(=O)NC(C(=O)N[C@]2(OC)C(=O)N3C(C(=O)O)=C(CSc4nnnn4C)CS[C@@H]32)[C@H](C)O)C(=O)C1=O,0.0413926851977064
COc1nc(C)nc(Cl)c1NC1=NCCN1,1.041392685162173
CC1=NC(=O)[C@](CCN(C(C)C)C(C)C)(c2ccccc2)[C@H]2CCCCN12,0.8318697742868978
COc1ccc2c(c1OC)C(=O)O[C@@H]2[C@H]1c2c(cc3c(c2OC)OCO3)CCN1C,1.227372442292209
C=Cc1c(C)c2[nH]c1=Cc1[nH]c(c(CCC(=O)OC)c1C)C=c1[nH]c(c(C)c1CCC(=O)O)=CC1=NC(=C3C=CC(C(=O)OC)=C(C(=O)OC)[C@@]13C)C=2,0.2380461031538991
Cc1ccc(-n2nccn2)c(C(=O)N2CCN(c3nc4cc(Cl)ccc4o3)CC[C@H]2C)c1,-0.0757207138864166
CN1C(=O)CN=C(c2ccccc2)c2cc(Cl)ccc21,-0.4202164032689018
CC(C)C[C@H](NC(=O)C(NC(=O)c1cccc(-c2ccccc2)n1)[C@@H](C)O)B(O)O,-0.5376020019512873
CC(C)(C)NC[C@@H](O)COc1cccc2c1CCC(=O)N2,1.0043213737869423
CN(C)C1C(=O)C(C(N)=O)C(=O)[C@@]2(O)C(=O)C3C(=O)c4c(O)ccc(Cl)c4[C@@H](O)[C@H]3C[C@@H]12,0.0413926851977064
OCCN1CCN(CCCN2c3ccccc3Sc3ccc(C(F)(F)F)cc32)CC1,0.986771734270722
COC(=O)C1=C(C)N=C(C)C(C(=O)OC(C)C)C1c1cccc2nonc12,1.4149733479724882
CCn1cc(C(=O)O)c(=O)c2cnc(N3CCNCC3)nc21,0.4533183400623297
CCC[C@@H]1CC(=O)N(C(CC)C(N)=O)C1,-0.124938736550394
CCn1cnc(C(=O)NC)c1C(=O)NC,1.0827853703200392
Cc1ccc(C(CN)CC(=O)O)cc1,0.2304489214038206
COc1c(N2CCC/C(=C(\F)CN)C2)c(F)cc2c(=O)c(C(=O)O)cn(C3CC3)c12,-0.1079053972538408
NC(=O)CN1CC(O)CC1=O,0.2552725051274335
CCON=C(C(=O)NC1C(=O)N2C(C(=O)O)=C(Sc3nc(-c4cc[n+](C)cc4)cs3)CS[C@H]12)c1nsc(NP(=O)([O-])O)n1,1.922206277439536
COc1nc(C(Cl)(Cl)Cl)c(Cl)c(OC)c1Cl,1.4756711883258822
COc1ccc(C(CN(C)C)C2(O)CCCCC2)cc1,1.14612803568134
CCOC(=O)C(CCc1ccccc1)NC(C)C(=O)N1C(C(=O)O)C[C@H]2CCCC[C@H]21,1.0969100130115308
O=C(O)Cn1c(=O)c(=O)[nH]c2cc([N+](=O)[O-])c(-n3ccnc3)cc21,0.7242758696089833
CC1(C)O[C@@H]2C[C@H]3[C@@H]4C[C@H](F)C5=CC(=O)C=C[C@@]5(C)[C@H]4[C@@H](O)C[C@]3(C)[C@]2(C(=O)CO)O1,0.9777236052934192
CC(NC(=O)C(Cc1c[nH]c2ccccc12)NC(=O)C(N)Cc1c[nH]cn1)C(=O)NC(Cc1c[nH]c2ccccc12)C(=O)NC(Cc1ccccc1)C(=O)NC(CCCCN)C(N)=O,0.4913616938482822
Nc1ncn([C@H]2C[C@H](O)[C@@H](CO)O2)c(=O)n1,2.113943352307171
O=C(c1ccc(F)cc1)C1CCN(CCn2c(=O)[nH]c3ccccc3c2=O)CC1,0.8260748027073085
CN(CCOc1ccc(NS(C)(=O)=O)cc1)CCc1ccc(NS(C)(=O)=O)cc1,0.716003343643151
CC(CCc1ccc2c(c1)OCO2)NCC(O)c1ccc(O)c(C(N)=O)c1,1.204119982658639
NC(=O)n1c(O)c(C(=O)c2cccs2)c2cc(Cl)ccc21,-1.2365720056882792
CC(C)(C)C1(O)CC2OC(=O)CC23C(=O)OC2OC(=O)C(O)C231,1.000000000004343
O=C(CCCN1CCC(n2c(=O)[nH]c3ccccc32)CC1)c1ccc(F)cc1,0.9190780923813064
O=C(C=Cc1ccc(O)c(O)c1)O[C@@H]1C[C@](OC(=O)C=Cc2ccc(O)c(O)c2)(C(=O)O)C[C@@H](O)[C@H]1O,0.9395192526236104
CC(C)NC[C@@H](O)COc1cccc2c1N(C(=O)c1cccnc1)CCC2,0.5563025007793511
CCCN[C@H]1CCc2nc(N)sc2C1,0.8573324964373004
CC1=CC[C@@H](C(C)(C)O)C[C@@H]1O,0.4313637641750723
CN(C)Cc1c(C(=O)NCCOc2ccc(C(O)=NO)cc2)oc2ccccc12,1.2129861847393275
CC1(C)S[C@@H]2C(NC(=O)Cc3ccccc3)C(=O)N2C1C(=O)O,0.8388490907435494
O=C(O)C1C[C@@H](C2CCCCC2)CN1C(=O)CP(=O)(O)CCCCc1ccccc1,-0.4948500215443769
Cc1c(OCC(F)(F)F)ccnc1C[S+]([O-])c1nc2ccccc2[nH]1,0.6434526764960578
CCCN1CCCCC1C(=O)Nc1c(C)cccc1C,0.7403626895021401
C[C@]12CC[C@@H]3c4ccc(O)cc4CC[C@H]3[C@@H]1CC[C@@H]2O,1.47712125472111
CCOC(=O)[C@]1(c2ccccc2)CCC=C[C@H]1NC,0.9956351946019368
CC1=C2CC(=O)C=C[C@]2(C)[C@@H]2[C@@H](C1)[C@@H]1CC[C@](O)(C(=O)CO)[C@@]1(C)C[C@@H]2O,0.7853298350178866
COc1cc([S+](C)[O-])ccc1-c1nc2ccncc2[nH]1,1.3159703454590157
CC(Oc1ccccc1)C(=O)NC1C(=O)N2C(C(=O)O)C(C)(C)S[C@H]12,0.6232492904082408
Cc1c(C)c2ccc(OCCCN3CCN(Cc4ccc(Cl)cc4)CC3)cc2oc1=O,0.113943352340244
CCCCCCCN(CC)CCCC(O)c1ccc(NS(C)(=O)=O)cc1,1.4149733479724882
CCCCN1CCCC1C(=O)Nc1c(C)cc(C)cc1C,1.2830749747377346
N=C(N)Nc1ccc(C(=O)Oc2ccc3cc(C(=N)N)ccc3c2)cc1,1.9136019497296872
C=CCOc1ccccc1OC[C@H](O)CNC(C)C,0.8864907251781221
CCCCC1=NC2(CCCC2)C(=O)N1Cc1ccc(-c2ccccc2-c2nn[nH]n2)cc1,0.3617278360364752
CC(C)(C)NCC(O)c1ccc(O)c(CO)c1,0.8920946026960482
CC1CCN(CCCC(=O)c2ccc(F)cc2)CC1,1.6627578316825182
CC(=O)O[C@@]12CO[C@@H]1C[C@H](O)[C@@]1(C)C(=O)C(=O)C3C(C)[C@@H](OC(=O)C(O)C(NC(=O)OC(C)(C)C)c4ccccc4)C[C@@](O)([C@@H](OC(=O)c4ccccc4)[C@H]21)C3(C)C,1.0419900644771052
Cc1cc(=O)c2c(O)c3c(O)cc(O)c4c5c(O)cc(O)c6c(=O)c7c(O)cc(CO)c8c1c2c(c34)c(c65)c78,-0.2076083104316986
CN(C)C1C(=O)C(C(=O)NCN2CCCC2)C(=O)[C@@]2(O)C(=O)C3C(=O)c4c(O)cccc4[C@@](C)(O)[C@H]3C[C@@H]12,-0.0132282656889825
CN1c2ccccc2[C@@H](NCCCCCCC(=O)O)c2ccc(Cl)cc2S1(=O)=O,0.4471580313577297
CO[C@H]1/C=C/O[C@@]2(C)Oc3c(C)c(O)c4c(O)c(c(C=NN5CCN(C)CC5)c(O)c4c3C2=O)NC(=O)C(C)=CC=CC(C)[C@H](O)[C@@H](C)[C@@H](O)[C@@H](C)[C@H](OC(C)=O)[C@@H]1C,0.5440680443626841
COc1ccc(CCNCC(O)COc2cccc(C)c2)cc1OC,0.7403626895021401
O=c1[nH]cc(F)c(=O)[nH]1,1.4149733479724882
CC(C)(C)NC(=O)C1CC[C@H]2[C@@H]3C=CC4=CC(C(=O)O)CC[C@]4(C)[C@H]3CC[C@]12C,-0.4814860599905081
Nc1ccn([C@@H]2C=C(CO)[C@@H](O)[C@H]2O)c(=O)n1,0.5575072019176882
CCC[C@@H]1CC(C(=O)N[C@@H]([C@H]2O[C@H](SC)[C@H](O)[C@@H](O)[C@H]2O)[C@H](C)Cl)N(C)C1,0.6532125137849947
O=C(C=Cc1ccc(O)c(O)c1)O[C@@H]1[C@H](O)C[C@@](O)(C(=O)O)C[C@H]1OC(=O)C=Cc1ccc(O)c(O)c1,1.5388249889391596
COc1cc2c(cc1OC)CC(=O)N(CCCN(C)C[C@H]1Cc3cc(OC)c(OC)cc31)CC2,1.011570443601507
CCCn1c(=O)c2[nH]c(C34CC5CC(CC3C5)C4)nc2n(CCC)c1=O,0.6989700043447047
CCN(CC)CCS(=O)(=O)[C@@H]1CCN2C(=O)c3coc(n3)CC(=O)C[C@H](O)/C=C(C)/C=C/CNC(=O)/C=C/[C@@H](C)[C@@H](C(C)C)OC(=O)C12,1.079181246051244
Cc1cc(=O)c(C(=O)NC(C(=O)NC2C(=O)N3C(C(=O)O)=C(CSc4nnnn4C)CS[C@H]23)c2ccc(O)cc2)c[nH]1,-0.3187587625339347
CC(=O)O[C@H]1C[C@@H]2CC[C@@H]3[C@H](CC[C@@]4(C)[C@H]3C[C@H]([N+]3(C)CCCCC3)[C@@H]4OC(C)=O)[C@@]2(C)C[C@@H]1N1CCCCC1,0.6532125137849947
Cc1c[nH]c2c(O)cc3c(c12)[C@H](CCl)CN3C(=O)c1cc2cc(NC(=O)Nc3ccc4[nH]c(C(=O)N5C[C@@H](CCl)c6c5cc(O)c5[nH]cc(C)c65)cc4c3)ccc2[nH]1,-0.3010299955771223
CCN1CCC[C@H]1CNC(=O)c1c(O)c(Cl)cc(Cl)c1OC,0.079181246083816
O=C(NC1CCN(CCc2c[nH]c3ccccc23)CC1)c1ccccc1,1.3010299956661526
CN(C)CCc1c[nH]c2ccc(CS(=O)(=O)N3CCCC3)cc12,0.9493900066497926
C=C1CC[C@@H]2[C@](C)(COC(=O)CCC(=O)O)[C@H](OC(=O)CCC(=O)O)CC[C@@]2(C)[C@@H]1/C=C/C1=CCOC1=O,0.3010299956856959
N#Cc1ccc(C(c2ccc(C#N)cc2)n2cncn2)cc1,-0.2441251442513166
O=C(C=Cc1c(C(=O)O)[nH]c2cc(Cl)cc(Cl)c12)Nc1ccccc1,-1.050609992867116
CC1(C)S[C@@H]2C(/N=C/N3CCCCCC3)C(=O)N2C1C(=O)O,0.7993405494604753
CO[C@@H]1C[C@@](C)(O)Cc2cc3c(c(O)c21)C(=O)c1c(O)cc2c(c1C3=O)O[C@@H]1O[C@]2(C)[C@@H](O)[C@@H](N(C)C)[C@@H]1O,1.0648322197423146
Fc1ccc([C@@H]2CCNC[C@H]2COc2ccc3c(c2)OCO3)cc1,1.2552725051057187
COc1ccc2[nH]c([S@+]([O-])Cc3ncc(C)c(OC)c3C)nc2c1,0.585460729519781
C=CCC1=CC(C)C[C@H](C)C[C@H](OC)[C@H]2O[C@@](O)(C(=O)C(=O)N3CCCCC3C(=O)O[C@H](/C(C)=C/[C@@H]3CC[C@@H](O)[C@H](OC)C3)[C@H](C)[C@@H](O)CC1=O)[C@H](C)C[C@@H]2OC,-0.1549019599237011
COc1cccc2c(O)c3c(c(O)c12)C(=O)C1=C(C[C@@](O)(C(=O)CO)C[C@@H]1O[C@H]1C[C@H](N)[C@@H](O)[C@H](C)O1)C3=O,1.2744072396613582
COc1cc(NS(C)(=O)=O)ccc1Nc1c2ccccc2nc2ccccc12,0.6334684555896863
CCN1CCC[C@@H]1CNC(=O)c1cc(S(N)(=O)=O)ccc1OC,0.2787536009756865
O=P(O)(O)C(O)(Cc1cccnc1)P(=O)(O)O,0.1760912590846342
CCOc1ccc(NC(C)=O)cc1,1.3222192947359872
NCCC(O)(P(=O)(O)O)P(=O)(O)O,0.3979400086894094
CCC(=O)NC[C@@H]1C[C@H]1c1cccc2c1CCO2,0.9561684304801674
O=C(C=Cc1ccc(O)c2c1C(C(=O)OC(Cc1ccc(O)c(O)c1)C(=O)O)[C@@H](c1ccc(O)c(O)c1)O2)OC(Cc1ccc(O)c(O)c1)C(=O)O,0.8555191556738573
C[C@H](CN1CCOCC1)C(C(=O)N1CCCC1)(c1ccccc1)c1ccccc1,0.3404441148599491
Cc1ccc(C(=O)N(CCCN)C(c2nc3snc(C)c3c(=O)n2Cc2ccccc2)C(C)C)cc1,0.7656685547664634
C[C@H](CCc1ccccc1)NC[C@H](O)c1ccc(O)c(C(N)=O)c1,1.4623979979004536
OC(Cn1cncn1)(Cn1cncn1)c1ccc(F)cc1F,-0.5086383060256323
CC#CCn1c(N2CCC[C@@H](N)C2)nc2c1c(=O)n(Cc1nc(C)c3ccccc3n1)c(=O)n2C,0.2787536009756865
CC(C)c1cccc(C(C)C)c1O,1.5563025007684936
CCc1[nH]c(=O)[nH]c1C(=O)c1ccncc1,0.9556877503183152
N#CC(CCN1CCC(C(N)=O)(N2CCCCC2)CC1)(c1ccccc1)c1ccccc1,0.8920946026960482
OC[C@@H]1O[C@@H](n2cnc3c2N=CNC[C@H]3O)C[C@H]1O,0.2121876044306016
CC1(C)C(C(=O)O)N2C(=O)C[C@H]2S1(=O)=O,0.7056005832501664
CC[C@@]1(O)C(=O)OCc2c1cc1n(c2=O)Cc2cc3c(CN(C)C)c(O)ccc3nc2-1,1.1139433523101776
CCC1C(=O)N(C)c2cnc(Nc3ccc(C(=O)NC4CCN(C)CC4)cc3OC)nc2N1C1CCCC1,1.2329961103946936
C=C1/C(=C\C=C2/CCC[C@]3(C)[C@@H]([C@H](C)CCCC(C)C)CC[C@@H]23)C[C@@H](O)C[C@@H]1O,-0.0861861475633205
Nc1nc(C(=NO)C(=O)NC2C(=O)N3C(C(=O)O)=C(C=C4CCN([C@@H]5CCNC5)C4=O)CS[C@H]23)ns1,0.1760912590846342
COc1ccc(-c2nc3cc(C4=NNC(=O)CC4C)ccc3[nH]2)cc1,1.14612803568134
OC(CCN1CCCCC1)(c1ccccc1)C1CC2C=CC1C2,1.079181246051244
CCCCCCCCOCCOC(=O)CN(CC(=O)O)c1ccccc1OCCOc1ccccc1N(CC(=O)O)CC(=O)OCCOCCCCCCCC,1.14612803568134
O=C(O)C1O[C@@H](Oc2cc3oc(-c4ccc(O)cc4)cc(=O)c3c(O)c2O)[C@H](O)[C@@H](O)[C@@H]1O,1.6681994841995942
Cc1nnc(SCC2=C(C(=O)O)N3C(=O)C(NC(=O)Cn4cnnn4)[C@H]3SC2)s1,-0.0550978415692655
CC(C)(C)S(=O)(=O)CC(Cc1ccccc1)C(=O)NC(Cc1c[nH]cn1)C(=O)N[C@@H](CC1CCCCC1)[C@@H](O)C(O)C1CC1,1.0644579892306625
CNC(=O)CC(N)C(=O)NC(C(=O)NC1C(=O)N2C(C(=O)O)C(C)(C)S[C@H]12)c1ccc(O)cc1,0.4502491083347615
O=[N+]([O-])OC[C@H](O)CO,0.5599066250480765
CCCC1O[C@@H]2C[C@H]3[C@@H]4CC=C5CC(=O)C=C[C@]5(C)[C@H]4[C@@H](O)C[C@]3(C)[C@]2(C(=O)CO)O1,1.3010299956661526
O=C(O)CCCCON=C(c1cccnc1)c1cccc(C(F)(F)F)c1,0.0211892991112994
COc1c(C)c2c(c(O)c1C/C=C(\C)CCC(=O)O)C(=O)OC2,0.3673559210446582
NC(=O)C1CC[C@@H]2CN1C(=O)N2OS(=O)(=O)O,0.4626957182105364
OC[C@@H](O)[C@@H](O)[C@H](O)[C@H](O)CO,0.079181246083816
O=C(O)C1=C(C[n+]2ccc(CCS(=O)(=O)O)cc2)CSC2C(NC(=O)C(NC(=O)c3[nH]cnc3C(=O)O)c3ccccc3)C(=O)N12,0.2304489214038206
CCN1CCN(C(=O)NC(C(=O)NC2C(=O)N3C(C(=O)O)=C(CSc4nnnn4C)CS[C@H]23)c2ccc(O)cc2)C(=O)C1=O,0.113943352340244
CC(C)C[C@H](NC(=O)C(Cc1ccccc1)NC(=O)c1cnccn1)B(O)O,1.2787536009551146
CCCCc1nc(Cl)c(CO)n1Cc1ccc(-c2ccccc2-c2nn[nH]n2)cc1,0.9138138523890128
CCOC(=O)[C@]1(c2ccccc2)CCC=C[C@H]1N(C)C,1.204119982658639
C[C@@H]([C@@H](O)c1ccc(O)cc1)N1CCC(O)(c2ccccc2)CC1,1.431363764160596
C[C@@H](O)C1C(=O)N2C(C(=O)O)=C(S[C@@H]3CNC(C(=O)Nc4cccc(C(=O)O)c4)C3)[C@H](C)[C@H]12,-0.3467874861281464
CC(C)(ON=C(C(=O)NC1C(=O)N2C(C(=O)[O-])=C(C[N+]3(CCNC(=O)c4ccc(O)c(O)c4Cl)CCCC3)CS[C@H]12)c1csc(N)n1)C(=O)O,0.1232651526843591
Cc1ccccc1C(=O)Nc1ccc(C(=O)N2CCC[C@H](O)c3cc(Cl)ccc32)c(C)c1,0.3802112417297016
c1ccc(C2(c3ccccc3)CC2C2=NCCN2)cc1,0.9344984512486176
O=C1C[C@@H](c2ccccc2)Oc2cc(O)cc(O)c21,1.431363764160596
CCc1cccc2cc(C(O)CNC(C)(C)C)oc12,0.9493900066497926
Nc1[nH]c(=O)ncc1F,0.3010299956856959
Cc1nc2n(c(=O)c1CCN1CCC(c3noc4cc(F)ccc34)CC1)CCCC2O,0.0718820073429299
C#C[C@]1(O)CC[C@H]2[C@@H]3CC=C4CC(=O)CCC4[C@H]3C(=C)C[C@@]21CC,0.3010299956856959
O=C(O)C(Cl)Cl,0.7242758696089833
OCCO[C@H]1C[C@@H](n2nnc3c(N[C@@H]4C[C@H]4c4ccc(F)c(F)c4)[nH]c(=S)nc32)[C@H](O)[C@@H]1O,0.5289167002905036
CCOC(=O)c1ncn2c1CN(C)C(=O)c1cc(F)ccc1-2,1.204119982658639
Cc1ccccc1-c1cc(N2CC[N+](C)(COP(=O)([O-])O)CC2)ncc1N(C)C(=O)C(C)(C)c1cc(C(F)(F)F)cc(C(F)(F)F)c1,1.3631779024726136
CCN(CC)C(=O)N[C@H]1C=C2c3cccc4[nH]cc(c34)C[C@H]2N(C)C1,1.1238516409703512
CC(N)CCCC(C)(C)O,1.0301947853608024
C1COC(=NC(C2CC2)C2CC2)N1,0.8512583487251921
CC(c1ccccn1)c1c(CCN(C)C)sc2ccccc12,0.7250945210896479
O=C(O[C@H]1CC2CC[C@@H](C1)[N+]21CCCC1)C(O)(c1ccccc1)c1ccccc1,1.1430148002572196
O=c1[nH]c(O)cn1/N=C/c1ccc(-c2ccc([N+](=O)[O-])cc2)o1,-0.3665315443194147
COc1ccc2c3c1O[C@H]1[C@@H](O)CC[C@H]4[C@@H](C2)N(C)CC[C@@]341,0.624282095845984
O=C(CCCN1CCC(O)(c2ccc(Cl)cc2)CC1)c1ccc(F)cc1,0.8920946026960482
O=C1OC2(c3ccc(O)cc3Oc3cc(O)ccc32)c2ccccc21,0.113943352340244
CC1(C)SC2C(NC(=O)C(NC(=O)c3c[nH]c4cccnc4c3=O)c3ccccc3)C(=O)N2C1C(=O)O,0.2787536009756865
CN[C@@H](C)Cc1ccccc1,0.6434526764960578
CSCCNc1nc(SCCC(F)(F)F)nc2c1ncn2[C@@H]1O[C@H](COP(=O)(O)OP(=O)(O)C(Cl)(Cl)P(=O)(O)O)[C@@H](O)[C@H]1O,0.9652378937563504
CCN(CC)CCNC(=O)c1cc(S(C)(=O)=O)ccc1OC,0.6720978579449578
COc1ccc2c3c1O[C@H]1C[C@@H](O)C=C[C@@]31CCN(C)C2,0.7481880270139557
N#C[C@H]1CC2C[C@H]2N1C(=O)C(N)C12CC3CC(CC(O)(C3)C1)C2,0.8512583487251921
COc1c(N2C[C@@H](C)C[C@H](N)C2)ccc2c(=O)c(C(=O)O)cn(C3CC3)c12,0.579783596628239
Nc1nc(=O)n([C@H]2C[C@H](O)[C@@H](CO)O2)cc1F,0.706717782345291
CC(=O)NCCCS(=O)(=O)O,0.5740312677393
O=C(O)CCCSCCN1C(=O)CC[C@@H]1/C=C/[C@@H](O)Cc1ccc(F)cc1,1.1983821300110449
CC[C@H]1CN2CC[C@H]1C[C@@H]2[C@@H](O)c1ccnc2ccc(OC)cc12,0.6232492904082408
C[C@]12C=CC(=O)C=C1CC[C@@H]1C2C(=O)C[C@@]2(C)[C@H]1CC[C@]2(O)C(=O)CO,0.3979400086894094
CC(C)Cc1ccc(C(C)C(=O)O)cc1,-0.0861861475633205
O=C(O)CC(NC(=O)CP(=O)(O)O)C(=O)O,0.0863598307103461
CN(C)C(N)=NC(=N)N,0.8692317197368451
Cc1onc(-c2c(F)cccc2Cl)c1C(=O)NC1C(=O)N2C(C(=O)O)C(C)(C)S[C@H]12,0.3802112417297016
CON=C(C(=O)NC1C(=O)N2C(C(=O)[O-])=C(C[n+]3ccc(N)n3CCO)CS[C@H]12)c1csc(N)n1,0.247973266386343
Nc1ccn([C@@H]2O[C@H](CO)[C@@H](O)[C@@H]2O)c(=O)n1,-0.4125565045790433
CC(C)Oc1ccccc1N1CCN(Cc2cccc(C(=O)N3CCCCC3)c2)CC1,0.7902851640402805
Nc1nc(CC(=O)Nc2ccc(CCNC[C@H](O)c3ccccc3)cc2)cs1,1.1335389083734109
Cc1nc2sccn2c(=O)c1CCN1CCC(=C(c2ccc(F)cc2)c2ccc(F)cc2)CC1,-0.2924298238169078
N=C(N)N/N=C1\CCc2c(C(=N)N)cccc21,0.5051499783334777
CNn1cc(C(=O)O)c(=O)c2cc(F)c(N3CCN(C)CC3)cc21,0.6589648426739589
CCCC(CCC)C(=O)O,-0.7958800170726411
CCC(CC)[C@H](NC(C)=O)[C@@H]1[C@H](O)C(C(=O)O)C[C@H]1N=C(N)N,-0.9575961520630047
Cc1nc(=O)c(C#N)c(NCc2cccnc2)[nH]1,0.7634279935704251
COc1cc(F)ccc1Cn1ccc2c3c(ncc21)C(=O)N(O)CC3,1.3802112417134156
COc1cc2c(cc1OC)[C@H]1C[C@@H](OC(=O)C(N)C(C)C)[C@H](CC(C)C)CN1CC2,0.2329961104175511
COC1=C(C(=O)O)N2C(=O)C(NC(=O)C(N)C3=CCC=CC3)[C@H]2SC1,0.6794278966212045
CCCC(=O)N1CCCN(c2nc(N)c3cc(OC)c(OC)cc3n2)CC1,0.681241237384635
CN(C)CCN1C(=O)c2cccc3cc(N)cc(c23)C1=O,1.2860071220817224
C#C[C@]1(O)CC[C@H]2[C@@H]3CC=C4CC(=O)CCC4[C@H]3CC[C@@]21CC,0.2552725051274335
NC(CCC(=O)NC(Cc1ccc(O)c(O)c1)C(=O)O)C(=O)O,0.6627578316910152
Nc1ccn([C@@H]2CS[C@H](CO)O2)c(=O)n1,0.681241237384635
C[C@@H](O)C1C(=O)N2C(C(=O)O)=C(COC(N)=O)S[C@H]12,0.8779469516349405
Nc1nc(Cl)nc2c1ncn2[C@H]1C[C@H](O)[C@@H](CO)O1,1.14612803568134
COC(=O)c1cnc2n1CCc1ccccc1C2=C1CCN(CCc2ccc(OCc3ccc4ccccc4n3)cc2)CC1,1.150449409463952
CCN(CC)CCNC(=O)c1ccc(N)cc1,1.000000000004343
CC(C(=O)O)c1cccc(C(=O)c2ccccc2)c1,0.2041199826830682
CNC[C@@H]1CC[C@@H](N)[C@@H](O[C@@H]2[C@H](O)[C@@H](O[C@H]3OC[C@](C)(O)[C@H](NC)[C@H]3O)[C@H](N)C[C@@H]2N)O1,0.0413926851977064
CCOC(=O)C(CCc1ccccc1)NC(C)C(=O)N1Cc2cc(OC)c(OC)cc2CC1C(=O)O,0.7993405494604753
O=C1CC[C@@]2(O)[C@H]3Cc4ccc(O)c5c4[C@@]2(CCN3CC2CC2)C1O5,1.7558748556732533
Cc1cc(=O)n(-c2ccccc2)[nH]1,0.1522883444136406
C[C@]12C=CC(=O)C=C1CC[C@@H]1[C@@H]2[C@@H](O)C[C@@]2(C)[C@H]1CC[C@]2(O)C(=O)CO,0.4623979979139317
CN[C@@H]1[C@@H](O)[C@@H](O[C@@H]2[C@@H](O)[C@H](O[C@H]3OC(CNCCO)=CC[C@H]3N)[C@@H](N)C[C@H]2NC(=O)C(O)CCN)OC[C@]1(C)O,0.0595263791094789
CC1(C)S[C@@H]2C(NC(=O)COc3ccccc3)C(=O)N2C1C(=O)O,0.832508912712623
Cc1cccc(N2CC(CO)OC2=O)c1,1.041392685162173
CON=C(C(=O)NC1C(=O)N2C(C(=O)O)=C(CSc3cnns3)CS[C@H]12)c1csc(N)n1,0.612783856730328
CC(C1=C(CCN(C)C)Cc2ccccc21)c1ccccn1,0.6839471307605037
Cc1cc(=O)n(-c2ccccc2)n1C,-0.1938200259482543
CN1Cc2c(N)cccc2C(c2ccccc2)C1,1.3424226808241804
C[C@H]1[C@H](OC(=O)CCC(=O)O)O[C@@H]2O[C@@]3(C)CC[C@H]4[C@H](C)CC[C@@H]1[C@@]24OO3,2.346795837863404
CCOc1ccc2ccccc2c1C(=O)NC1C(=O)N2C(C(=O)O)C(C)(C)S[C@H]12,0.5185139398910479
NC1CCN(c2c(F)cc3c(=O)c(C(=O)O)cn(C4CC4)c3c2Cl)C1,0.6720978579449578
CN(C)CCCN1c2ccccc2CCc2cc(O)ccc21,0.9637878273502758
O=[N+]([O-])OCC(CO[N+](=O)[O-])O[N+](=O)[O-],2.288472800600006
Cc1c(O)ccc2c1OC[C@@H](c1ccc(O)cc1)[C@H]2c1ccc(O)cc1,0.9253120915048074
CN1CC[C@]23c4c5ccc(O)c4O[C@H]2[C@@H](O[C@@H]2OC(C(=O)O)[C@@H](O)[C@H](O)[C@H]2O)C=C[C@H]3[C@H]1C5,0.3424226808419469
O=C(O)C1/C(=C/CO)O[C@@H]2CC(=O)N12,0.4913616938482822
Nc1nc(=O)c2c([nH]1)N[C@@H]1O[C@@H]3COP(=O)(O)O[C@@H]3C(O)(O)[C@@H]1N2,0.4771212547341389
CCC#CC[C@H](C)[C@H](O)C#C[C@H]1[C@H]2CC(=CCOCCCC(=O)O)C[C@H]2C[C@H]1O,1.820857989440356
NC(Cc1ccc(N(CCCl)CCCl)cc1)C(=O)O,0.8450980400204611
COc1ccc(/C=C\c2cc(OC)c(OC)c(OC)c2)cc1NC(=O)C(N)CO,1.3541084391493226
O=C(NCCO[N+](=O)[O-])c1cccnc1,0.9493900066497926
NC[C@H]1O[C@H](O[C@H]2[C@H](O)[C@@H](O[C@H]3O[C@H](CO)[C@@H](O)[C@H](N)[C@H]3O)[C@H](N)C[C@@H]2N)[C@H](N)C[C@@H]1O,0.2041199826830682
CCC[C@@H]1CC(C(=O)N[C@@H]([C@H]2O[C@H](SC)[C@H](O)[C@@H](O)[C@H]2O)[C@@H](C)O)N(C)C1,0.3222192947546
CCn1cc(C(=O)O)c(=O)c2cc(F)c(N3CCNCC3)nc21,0.7323937598310111
CCN1C[C@H]2CN(C)C[C@@H](C1)C2OC(=O)c1ccc(Cl)cc1,1.2304489213808285
C=C(CC)C(=O)c1ccc(OCC(=O)O)c(Cl)c1Cl,0.9395192526236104
COc1ccc(CC(C)(C)NC[C@H](O)c2cc(O)cc3c2OCC(=O)N3)cc1,1.0951693514352434
CN(C)C/C=C(\c1ccc(Br)cc1)c1cccnc1,1.1398790864043835
CCCCCN=C(N)NN=Cc1c[nH]c2ccc(OC)cc12,1.2552725051057187
COC(=O)C1=C(C)N=C(C)C(C(=O)OCCCN2CCC(c3ccccc3)(c3ccccc3)CC2)[C@@H]1c1cccc([N+](=O)[O-])c1,0.968482948558605
COc1cc2c(cc1OC)CN(CCc1ccc(NC(=O)c3cc(OC)c(OC)cc3NC(=O)c3cnc4ccccc4c3)cc1)CC2,0.4471580313577297
CN1CC(C(=O)N[C@]2(C)O[C@]3(O)[C@@H]4CCCN4C(=O)C(Cc4ccccc4)N3C2=O)C[C@@H]2c3cccc4[nH]cc(c34)C[C@H]21,1.1781132523175135
CN1CCCC(n2nc(Cc3ccc(Cl)cc3)c3ccccc3c2=O)CC1,0.9542425094441505
C[C@@H](O)C1C(=O)N2C(C(=O)O)=C(CN)S[C@H]12,0.8847953639546432
CO[C@H]1/C=C/O[C@@]2(C)Oc3c(C)c(O)c4c(O)c(c5c(c4c3C2=O)=NC2(CCN(CC(C)C)CC2)N=5)NC(=O)C(C)=CC=CC(C)[C@H](O)[C@@H](C)[C@@H](O)[C@@H](C)[C@H](OC(C)=O)[C@@H]1C,0.3802112417297016
CCOC(=O)C(CCc1ccccc1)NC(C)C(=O)N1CC2(CC1C(=O)O)SCCS2,1.0755469613961803
CCOC(=O)C1=C[C@]2(CC)CCCN3CCc4c(n1c1ccccc41)[C@@H]32,0.7853298350178866
Cn1c(COP(=O)(NCCBr)NCCBr)cnc1[N+](=O)[O-],1.1702617153978918
CCN1CCN(C(=O)NC(C(=O)NC2C(=O)N3C(C(=O)O)C(C)(C)S[C@H]23)c2ccccc2)C(=O)C1=O,0.6020599913388197
Oc1cc2c(cc1O)[C@H](Cc1cccc3ccccc13)NCC2,2.19312459835474
CSCCNc1nc(SCCC(F)(F)F)nc2c1ncn2[C@@H]1O[C@H](CO[P@](=O)(O)O[P@](=O)(O)C(Cl)(Cl)P(=O)(O)O)[C@@H](O)[C@H]1O,0.9571281976816066
CCNCC(O)c1cccc(O)c1,1.14612803568134
CC(C)NCC(O)COc1cccc2[nH]ccc12,0.8864907251781221
CC[C@@H](CO)NCCN[C@@H](CC)CO,1.000000000004343
NCCCNCCSP(=O)(O)O,1.486430478855851
C[n+]1ccccc1C=NO,0.9542425094441505
CC(=O)OC1=C2C(C)[C@@H](OC(=O)C(O)C(NC(=O)OC(C)(C)C)c3ccccc3)C[C@@](O)([C@@H](OC(=O)c3ccccc3)[C@@H]3[C@]4(OC(C)=O)CO[C@@H]4C[C@@H]4C[C@@]43C1=O)C2(C)C,1.0334237554909709
C[C@@H](O)C1C(=O)N2C(C(=O)O)=C(S[C@H]3CC[S@@+]([O-])C3)S[C@@H]12,0.7075701761064519
CC[C@H]1OC(=O)C(C)C(=O)C(C)[C@@H](O[C@@H]2O[C@H](C)C[C@H](N(C)C)[C@H]2O)[C@](C)(OC)CC(C)C(=O)C(C)[C@H]2N(CCCCn3cnc(-c4cccnc4)c3)C(=O)O[C@]12C,1.14612803568134
CCOc1cc(Cc2cnc(N)nc2N)cc(OCC)c1-n1cccc1,0.5440680443626841
CN(C)C1C(=O)C(C(N)=O)C(=O)[C@@]2(O)C(=O)C3C(=O)c4c(O)ccc(Cl)c4[C@@](C)(O)[C@H]3C[C@@H]12,0.3010299956856959
CC(C1=C(CCN(C)C)Cc2ccccc21)c1cnccn1,0.5314789170550285
Cc1cccc(C)c1NC(=O)C(C)N,0.3424226808419469
CS(=O)(=O)c1ccc([C@@H](O)[C@@H](COC(=O)CN)NC(=O)C(Cl)Cl)cc1,0.9822712330440924
C[C@H](Cc1cc2c(c(C(N)=O)c1)N(CCCO)CC2)NCCOc1ccccc1OCC(F)(F)F,0.4471580313577297
CCOc1ccccc1OCC1CNCCO1,0.3222192947546
Cc1cc2c(OCC(O)CNC(C)C)cccc2[nH]1,0.7656685547664634
O=C1N=C(c2ccccc2)c2cc(Cl)ccc2NC1O,0.0413926851977064
CN(C)C(=O)Oc1cc(OC(=O)N(C)C)cc(C(O)CNC(C)(C)C)c1,1.2552725051057187
COc1cc2nc(N(C)CCCNC(=O)C3CCCO3)nc(N)c2cc1OC,0.7708520116495051
C[C@]12CC[C@@H]3c4ccc(OC(=O)N(CCCl)CCCl)cc4CC[C@H]3[C@@H]1CC[C@@H]2OP(=O)(O)O,-0.0268721463540998
CN1CCc2cccc3c2[C@H]1Cc1ccc(O)c(O)c1-3,1.602059991329048
NS(=O)(=O)c1cc2c(cc1C(F)(F)F)NCNS2(=O)=O,0.986771734270722
CCC(=O)O[C@](Cc1ccccc1)(c1ccccc1)[C@H](C)CN(C)C,1.1760912590585766
O=C(O)C1=C(CSc2nnnn2CS(=O)(=O)O)CS[C@@H]2C(NC(=O)C(O)c3ccccc3)C(=O)N12,-0.4202164032689018
COC(=O)C1(OC(=O)c2cncn2[C@H](C)c2ccccc2)CC1,1.6996643202032404
CNC(=O)Oc1ccc2c(c1)[C@@]1(C)CCN(C)[C@@H]1N2C,1.857332496431872
CCC(C)n1ncn(-c2ccc(N3CCN(c4ccc(OCC5COC(Cn6cncn6)(c6ccc(Cl)cc6Cl)O5)cc4)CC3)cc2)c1=O,0.7075701761064519
CC[C@@H](C)N(C)C(=O)c1cc2ccccc2c(-c2ccccc2Cl)n1,0.7708520116495051
CCCC(C)(COC(N)=O)COC(N)=O,-0.2218487495439739
CCN(CC)CCNC(=O)c1cc(Cl)c(N)cc1OC,0.7558748556801106
CCNC(=O)CCC/C=C\C[C@@H]1[C@@H](/C=C\[C@@H](O)CCc2ccccc2)[C@H](O)C[C@@H]1O,1.3979400086737748
CON=C(C(=O)NC1C(=O)N2C(C(=O)O)=C(CSc3nc(=O)c(=O)[nH]n3C)CS[C@H]12)c1csc(N)n1,-0.6575773189803872
OCCN1CCN(CC/C=C2/c3ccccc3Sc3ccc(C(F)(F)F)cc32)CC1,0.6170003411313891
COc1ccc(CCN(C)CCC[C@](C#N)(c2cc(OC)c(OC)c(OC)c2)C(C)C)cc1OC,1.1553360374680988
CC(=O)Nc1ccc(C2=NNC(=O)CC2C)cc1,-0.3467874861281464
O=C1c2ccccc2S(=O)(=O)N1CCCCNC[C@H]1CCc2ccccc2O1,0.3424226808419469
O=C(NC[C@H](O)CO)c1ccncc1Nc1ccc(I)cc1F,0.9400181550126494
OCc1ncc2n1-c1ccc(Cl)cc1C(c1ccccc1F)=NC2,0.9872192299124776
CCc1cc2c(cc1N1CCC(N3CCOCC3)CC1)C(C)(C)c1[nH]c3cc(C#N)ccc3c1C2=O,0.8859263398070786
Nc1ncnc2c1ncn2CCOCP(=O)(O)O,0.5682017240787327
CO[C@@]1(NC(O)=c2sc(=C(C(N)=O)C(=O)O)s2)C(=O)N2C(C(=O)O)=C(CSc3nnnn3C)CS[C@@H]21,-0.3767507094986961
CON=C(C(=O)NC1C(=O)N2C(C(=O)O)=C(COC(N)=O)CS[C@H]12)c1ccco1,0.3424226808419469
Oc1ccc(C2CNCCc3c2cc(O)c(O)c3Cl)cc1,1.6180480967131392
CN(C)CCCOc1nn(Cc2ccccc2)c2ccccc12,0.3579348470195017
Nc1ccn([C@H]2CO[C@@H](CO)S2)c(=O)n1,0.4771212547341389
C=CCN1CCC[C@H]1CNC(=O)c1cc(S(=O)(=O)NC)c(N)cc1OC,0.7379873263413703
CCc1nc2c(N)nc3ccccc3c2n1CCCCNS(C)(=O)=O,0.8864907251781221
CCOC(=O)C1(c2ccccc2)CCN(C)CC1,0.6901960800373769
CC(C)C[C@H](NC(=O)CNC(=O)c1cc(Cl)ccc1Cl)B(O)O,-0.3010299955771223
COc1ccc(OC)c([C@H](O)CNC(=O)CN)c1,1.4456042032751542
CC[C@@H](CO)NC(=O)C1C=C2c3cccc4[nH]cc(c34)C[C@H]2N(C)C1,0.856124444248349
C=C(C)[C@@H]1CCC(C)=C[C@H]1c1c(O)cc(CCCCC)cc1O,1.1319392952136298
NC(=O)c1csc([C@@H]2O[C@H](CO)[C@@H](O)[C@H]2O)n1,0.3802112417297016
C=CCc1ccccc1OCC(O)CNC(C)C,1.1760912590585766
C#C[C@]1(OS(=O)(=O)O)CC[C@H]2[C@@H]3CCc4cc(O)ccc4[C@H]3CC[C@@]21C,0.113943352340244
O=C1CN=C(c2ccccn2)c2cc(Br)ccc2N1,-0.2924298238169078
NCCCC(O)(P(=O)(O)O)P(=O)(O)O,0.4149733479875216
Cn1c(CNc2ccc(C(=N)N)cc2)nc2cc(C(=O)N(CCC(=O)O)c3ccccn3)ccc21,0.285557309030276
COc1cccc([C@@]2(O)CCCC[C@@H]2CN(C)C)c1,0.812913356649537
Cc1cn([C@H]2C=C[C@@H](CO)O2)c(=O)[nH]c1=O,0.9138138523890128
C[C@H](N)Cc1ccccc1,0.986771734270722
C[N+](C)([O-])CCCN1c2ccccc2CCc2ccccc21,1.079181246051244
NC(=O)N1c2ccccc2CC(O)c2ccccc21,-0.0555173278004797
COc1ccc(CC(NC(=O)CC(C)(C)N)C(=O)NC(Cc2c[nH]cn2)C(=O)N[C@@H](CC2CCCCC2)[C@@H](O)[C@@H](O)CC(C)C)cc1,-0.3467874861281464
N=C(N)N1CCC[C@@H](CNC(=O)CC(NS(=O)(=O)c2ccc3ccccc3c2)C(=O)N(CC(=O)O)C2CC2)C1,0.8061799739906731
O=P(O)(O)C(Sc1ccc(Cl)cc1)P(=O)(O)O,-0.3979400085634639
NC(Cc1ccc(O)c(O)c1)C(=O)O,1.361727836019481
CC(C)=CCN1Cc2cc(Cl)cc3[nH]c(=S)n(c23)C[C@@H]1C,1.0174507295147082
Cc1ccc(N(CC2=NCCN2)c2cccc(O)c2)cc1,1.6232492903989346
O=[N+]([O-])O[C@@H]1CO[C@H]2[C@@H]1OC[C@@H]2O,0.3010299956856959
OC[C@H](O)c1oc(O)c(O)c1O,0.0211892991112994
CCCCCCCCCCCCCCC[C@@H](O)[C@H](C)N,1.760422483423966
NC[C@@H]1CC[C@@H](N)[C@@H](O[C@H]2[C@H](O)[C@@H](O[C@H]3O[C@H](CO)[C@@H](O)[C@H](N)[C@H]3O)[C@H](N)C[C@@H]2N)O1,-0.0969100129537695
OC(c1ccccc1)(c1ccccc1)C12CC[N+](CCOCc3ccccc3)(CC1)CC2,1.5556988947201096
NC(C(=O)NC1C(=O)N2C(C(=O)O)=C(CSc3c[nH]nn3)CS[C@H]12)c1ccc(O)cc1,0.5185139398910479
Nc1cc(N2CCCCC2)nc(N)[n+]1[O-],1.060697840357388
CCCCCN(CCCOC)C(=O)C(CCC(=O)O)NC(=O)c1ccc(Cl)c(Cl)c1,0.2841008620610811
NNc1nncc2ccccc12,1.929418925714804
Cn1nnc(-c2ccc(-c3ccc(N4C[C@H](CO)OC4=O)cc3F)cn2)n1,0.075546961429026
COCCCOc1ccnc(C[S+]([O-])c2nc3ccccc3[nH]2)c1C,0.6020599913388197
CNS(=O)(=O)CCc1ccc2[nH]cc(C3CCN(C)CC3)c2c1,0.8195439355484488
CCCCC(C)(C)[C@@H](O)/C=C\[C@@H]1[C@H](C/C=C/CCCC(=O)O)[C@@H](Cl)C[C@@H]1O,1.12057393120914
CON=C(C(=O)NC1C(=O)N2C(C(=O)O)=C(COC(C)=O)CS[C@H]12)c1csc(N)n1,0.4313637641750723
C=C1C[C@@H]2CC[C@@]34C[C@H]5O[C@H]6[C@@H](O3)[C@H]3O[C@H](CC[C@@H]3O[C@H]6[C@H]5O4)CC(=O)C[C@@H]3[C@@H](OC)[C@@H](C[C@H](O)CN)O[C@H]3C[C@H]3O[C@@H](CC[C@@H]1O2)C[C@@H](C)C3=C,-0.0997029130675419
CC(C)=c1nc(N(C)S(C)(=O)=O)nc(-c2ccc(F)cc2)c1=CC[C@@H](O)C[C@@H](O)CC(=O)O,1.041392685162173
C#Cc1cccc(Nc2ncnc3cc(OCCOC)c(OCCOC)cc23)c1,0.2278867046393714
CCOC(=O)C1=C(C)N=C(C)C(C(=O)OC)C1c1cccc(Cl)c1Cl,1.041392685162173
Cc1nnc(C(C)C)n1C1C[C@H]2CC[C@@H](C1)N2CC[C@@H](NC(=O)C1CCC(F)(F)CC1)c1ccccc1,0.9731278536043187
CN1CCN(CCCCn2c(O)cn(/N=C/c3ccc(-c4ccc(Cl)cc4)o3)c2=O)CC1,0.3802112417297016
Cn1c(=N)c(NC(=O)NCCN)cn1CC1=C(C(=O)O)N2C(=O)C(=NC(=O)C(NOC(C)(C)C(=O)O)c3nsc(N)n3)[C@H]2SC1,0.0644579892643576
CCOc1ncc(S(=O)(=O)N2CCN(CC)CC2)cc1-c1nc(=O)c2nn(CCOC)c(CC)c2[nH]1,1.1553360374680988
CC(C)[N@+]1(C)[C@H]2CC[C@H]1C[C@H](OC(=O)C(c1ccccc1)C1CCCC1)C2,0.9247959958030764
Cc1cccc(C)c1NC(=O)NCCCNC(C)C,0.6532125137849947
CCN(CCO)CCCC(C)Nc1ccnc2cc(Cl)ccc12,1.041392685162173
COc1ccccc1Oc1c(NS(=O)(=O)c2ccc(C)cn2)nc(-c2ccncc2)nc1OC,-0.2839966562816826
CCCOC(C(=O)OC1CCN(C)CC1)(c1ccccc1)c1ccccc1,0.4683473304269292
COc1c(N2C[C@@H]3CCCN[C@@H]3C2)c(F)cc2c(=O)c(C(=O)O)cn(C3CC3)c12,0.3802112417297016
CCCNC(C)C(=O)Nc1c(C)csc1C(=O)OC,2.1027766148837843
COc1ccccc1OCCNCC(O)COc1cccc2[nH]c3ccccc3c12,0.8920946026960482
CN1C(=O)C(O)N=C(c2ccccc2Cl)c2cc(Cl)ccc21,0.6020599913388197
CC[C@@]1(O)C(=O)OCc2c1cc1n(c2=O)Cc2c-1nc1cc(F)c(C)c3c1c2[C@@H](N)CC3,-0.0177287669151925
CC1=C(C(=O)O)N2C(=O)C(NC(=O)C(N)C3=CCC=CC3)[C@H]2SC1,0.5185139398910479
CN(C)C(=O)Oc1cccc([N+](C)(C)C)c1,0.952101068686784
CCC1(c2cccc(O)c2)CCCCN(C)C1,1.4471580313437702
O=C(C=Cc1ccc(O)cc1)C1C(=O)C([C@@H]2O[C@H](CO)[C@@H](O)[C@H](O)[C@H]2O)C(=O)[C@@](O)([C@@H]2O[C@H](CO)[C@@H](O)[C@H](O)[C@H]2O)C1=O,4.342945178152237e-11
COc1ccc([C@@H]2CNC(=O)C2)cc1OC1CCCC1,0.7993405494604753
CN=C(C[N+](=O)[O-])NCCSCc1ccc(CN(C)C)o1,0.9822712330440924
CON=C(C(=O)NC1C(=O)N2C(C(=O)O)=C(CSc3nnnn3C)CS[C@H]12)c1csc(N)n1,0.5622928644683731
CCC[S@+]([O-])CCCN(CC)C[C@@H](O)COc1ccc(C#N)cc1,1.053078443487263
CC[C@H]1OC(=O)C(C)[C@@H](O[C@H]2C[C@@](C)(OC)[C@@H](O)[C@H](C)O2)[C@H](C)[C@@H](O[C@@H]2O[C@H](C)C[C@H](N(C)C)[C@H]2O)[C@](C)(OC)CC(C)C(=O)C(C)[C@@H](O)[C@]1(C)O,0.8633228601264051
CC(C)(C)NC(=O)C1CC[C@H]2[C@@H]3CC[C@H]4NC(=O)C=C[C@]4(C)[C@H]3CC[C@]12C,0.3802112417297016
CC(=O)Oc1ccc2c3c1O[C@H]1[C@@H](OC(C)=O)C=C[C@H]4[C@@H](C2)N(C)CC[C@@]341,2.3269499941662035
C#CCCCC(=O)c1cc(C(C)(C)C)c(O)c(C(C)(C)C)c1,0.9493900066497926
Cc1ncc2n1-c1ccc(Cl)cc1C(c1ccccc1F)=NC2,0.7242758696089833
COC(=O)C(c1ccccc1)[C@H]1CCCCN1,0.8241258339230602
CC1=C[C@@H]2CN(C(=O)N2OS(=O)(=O)O)C1C(N)=O,0.4071947314403673
C[C@@H](NCCCc1cccc(C(F)(F)F)c1)c1cccc2ccccc12,1.2624510897328027
CC(CC(c1ccccc1)c1ccccc1)NC(C)(C)C,0.0413926851977064
CCCCCCCC/C=C/CCCCCCCC(=O)OC[C@H]1O[C@@H](n2ccc(N)nc2=O)[C@@H](O)[C@@H]1O,0.656098202022419
CCOc1ccc(CC2=NCCc3cc(OCC)c(OCC)cc32)cc1OCC,0.5440680443626841
CN[C@@H]1[C@@H](O)[C@@H](O[C@@H]2[C@@H](O)[C@H](O[C@H]3O[C@H]([C@@H](C)N)CC[C@H]3N)[C@@H](N)C[C@H]2N)OC[C@]1(C)O,4.342945178152237e-11
CN1CC(C(=O)N[C@]2(C)O[C@@]3(O)[C@@H]4CCCN4C(=O)C(Cc4ccccc4)N3C2=O)C=C2c3cccc4[nH]cc(c34)C[C@H]21,1.1760912590585766
CN1CCN(C(c2ccccc2)c2ccccc2)CC1,1.16136800223797
COc1cc2nc(N3CCN(C(=O)C4COc5ccccc5O4)CC3)nc(N)c2cc1OC,0.2041199826830682
N[C@@H](CC(=O)N1CCn2c(nnc2C(F)(F)F)C1)Cc1cc(F)c(F)cc1F,0.7781512503908818
COC(=O)C(c1ccccc1)C1CCCCN1,0.9740509027974876
CN1C2CCC1CC(=C1c3ccccc3CSc3ccccc31)C2,0.6972293427684384
C[C@@H](OC[C@@]1(c2ccccc2)CC[C@]2(CCC(=O)N2)CN1)c1cc(C(F)(F)F)cc(C(F)(F)F)c1,-0.4202164032689018
C[C@@H](O[C@H]1OCCN(Cc2n[nH]c(=O)[nH]2)[C@H]1c1ccc(F)cc1)c1cc(C(F)(F)F)cc(C(F)(F)F)c1,4.342945178152237e-11
Cc1ncc([N+](=O)[O-])n1CCO,-0.0705810742346138
N=C(N)NC(=O)c1cnn(-c2cccc3ncccc23)c1C1CC1,1.3222192947359872
Nc1ncn([C@@H]2O[C@H](CO)[C@@H](O)[C@H]2O)c(=O)n1,1.5440680443515165
Cc1ccc(-n2ccnc2)cc1C(O)c1c(C)cc(C(=O)O)cc1C,0.4638929890008315
CN1C(=O)CC[C@H]1c1cccnc1,-0.05060999330629
Cc1cccc(Nc2ccncc2S(=O)(=O)NC(=O)NC(C)C)c1,-0.2757241303172685
C=C1C[C@@H]2CC[C@@]34C[C@H]5O[C@H]6[C@@H](O3)[C@H]3O[C@H](CC[C@@H]3O[C@H]6[C@H]5O4)CC(=O)O[C@@H]3[C@@H](OC)[C@@H](C[C@H](O)CN)O[C@H]3C[C@H]3O[C@@H](CC[C@@H]1O2)C[C@@H](C)C3=C,-0.124938736550394
CS(=O)(=O)OCCCCOS(C)(=O)=O,0.3802112417297016
CCCCC[C@@H](O)CC[C@H]1[C@@H]2Cc3cccc(OCC(=O)O)c3C[C@@H]2C[C@@H]1O,1.0293837776892685
COc1cc2c(cc1OC)CN(c1cc(N)c3cc(OC)c(OC)cc3n1)CC2,1.14612803568134
C=C(CC(NC(=O)c1ccc(CCc2cnc3nc(N)nc(N)c3n2)cc1)C(=O)O)C(=O)O,0.4885507165145447
Cc1ccc(-c2ncc(Cl)cc2-c2ccc(S(C)(=O)=O)cc2)cn1,-0.1023729086545845
Cc1cn([C@H]2C[C@H](N=[N+]=[N-])[C@@H](CO)O2)c(=O)[nH]c1=O,1.3979400086737748
NCc1ccccc1CC(=O)NC1C(=O)N2C(C(=O)O)=C(CSc3nnnn3CC(=O)O)CS[C@H]12,-0.1804560643923291
CCCCCCCCc1ccc(CCC(N)(CO)CO)cc1,0.184691430845984
Oc1c(C2=CC[C@@H](c3ccc(Cl)cc3)CC2)c(O)c2ccccc2c1O,-0.8239087406547891
CNCC[C@H](Oc1cccc2ccccc12)c1cccs1,0.9329808219282658
Oc1cc2cc(CCN3CCN(c4nsc5ccccc45)CC3)c(Cl)cc2[nH]1,0.7075701761064519
NC(=S)NN=Cc1ncccc1N,0.4232458739531963
CCCCS(=O)(=O)NC(Cc1ccc(OCCCCC2CCNCC2)cc1)C(=O)O,0.5423568673212733
CO/N=C1\CN(c2nc3c(cc2F)c(=O)c(C(=O)O)cn3C2CC2)CC1CN,0.8573324964373004
CNC(=O)C(c1ccccc1)N1CCc2cc(OC)c(OC)cc2[C@@H]1CCc1ccc(C(F)(F)F)cc1,1.0086001717661752
CCCc1c(O)n2c(N(C)C)nc3ccc(C)cc3n2c1=O,-0.8538719640115515
C[C@@H](Oc1cc(-n2cnc3ccc(CN4CCN(C)CC4)cc32)sc1C(N)=O)c1ccccc1C(F)(F)F,1.3010299956661526
C=CCN1CC[C@]23c4c5ccc(O)c4OC2C(=O)CC[C@@]3(O)[C@H]1C5,1.361727836019481
Cc1cccnc1NS(=O)(=O)c1ccc(C#Cc2ccc(O)c(C(=O)O)c2)cc1,-1.1549019593653225
N#CN,1.2304489213808285
N#Cc1ccccc1-c1cc(-c2ccccn2)cn(-c2ccccc2)c1=O,-0.9999999995657056
N=C(N)NC(=O)Cc1c(Cl)cccc1Cl,0.6532125137849947
Cc1ccc(NC(=O)c2ccc(CN3CCN(C)CC3)cc2)cc1Nc1nccc(-c2cccnc2)n1,0.5185139398910479
C#CCN(C)C(C)Cc1ccccc1,1.3010299956661526
C[N+](C)(C)NCCC(=O)[O-],0.4471580313577297
COc1ccc2c3c1OC1C(=O)CC[C@@]4(O)[C@@H](C2)N(C)CC[C@]314,0.7853298350178866
CC#C[C@]1(O)CC[C@H]2C3=C(C4=C(CC3)CC(=O)CC4)C(c3ccc(N(C)C)cc3)C[C@@]21C,-0.3010299955771223
Cc1nccn1CC1CCc2c(c3ccccc3n2C)C1=O,0.7634279935704251
C[C@H]1CCc2c(N3CCC(O)CC3)c(F)cc3c(=O)c(C(=O)O)cn1c23,-0.2676062400966065
Cc1ccc(-c2nc3ccc(C)cn3c2CC(=O)N(C)C)cc1,0.6334684555896863
C#C[C@]1(O)CC[C@H]2[C@@H]3CCc4cc(OS(=O)(=O)O)ccc4[C@H]3CC[C@@]21C,0.6720978579449578
C[C@@H]1C[C@H]2[C@@H]3CC=C4CC(=O)C=C[C@]4(C)[C@@]3(F)[C@@H](O)C[C@]2(C)[C@@]1(O)C(=O)CO,0.5185139398910479
Cn1c(N)c(NC(=O)NCCN)c[n+]1CC1=C(C(=O)[O-])N2C(=O)C(=NC(=O)C(NOC(C)(C)C(=O)O)c3nsc(N)n3)[C@H]2SC1,0.1413291529484723
COc1ccc(CCN(C)CCCC(C#N)(c2ccc(OC)c(OC)c2)C(C)C)cc1OC,1.2552725051057187
CC[C@]1(O)C[C@H]2CN(CCc3c([nH]c4ccccc34)[C@@](C(=O)OC)(c3cc4c(cc3OC)N(C)[C@H]3[C@@](O)(C(N)=O)[C@H](O)[C@]5(CC)C=CCN6CC[C@]43[C@@H]65)C2)C1,0.3424226808419469
CC(C)NCC(O)COc1ccc(CCOCC2CC2)cc1,0.5314789170550285
O=C(c1ccc(OCCN2CCCCC2)cc1)c1c(-c2ccc(O)cc2)sc2cc(O)ccc12,1.0334237554909709
CCCCCCC(C)(C)c1cc(O)c2c(c1)OC(C)(C)[C@H]1CC=C(CO)C[C@H]21,1.3300077008747904
CCC(CC)COC(C(=O)OCCN(C)C)(c1ccccc1)c1ccccc1,0.7558748556801106
C[C@@]12CCCCC[C@@H](Cc3ccc(O)cc31)[C@@H]2N,1.4393326938318418
CN1C[C@H](CNC(=O)OCc2ccccc2)C[C@@H]2c3cccc4c3c(cn4C)C[C@H]21,0.9822712330440924
COc1cccc2c(O)c3c(c(O)c12)C(=O)C1=C(C[C@@](O)(C(=O)CO)C[C@@H]1O[C@@H]1C[C@H](N)[C@H](O[C@@H]2CCCCO2)[C@H](C)O1)C3=O,1.761175813156484
CCCNc1nc(NCCC)nc(N(C)OC)n1,1.0755469613961803
O=C(O)C(O)Cc1ccc(O)c(O)c1,1.2491983573935597
Cc1cnc(C(=O)NCCc2ccc(S(=O)(=O)NC(=O)NC3CCCCC3)cc2)cn1,-0.2518119729162469
C=CCNc1nc(NCC=C)nc(N2CCN(C(c3ccc(F)cc3)c3ccc(F)cc3)CC2)n1,-0.0132282656889825
O=C1NC(=O)C(c2cn3ccccc3n2)=C1C1=CN2CCN(C(=O)N3CCCCC3)C[C@@H]3C=C(F)C=C1[C@H]32,1.0128372247093886
COCC(=O)Nc1c(I)c(C(=O)NCC(O)CO)c(I)c(C(=O)N(C)CC(O)CO)c1I,0.146128035709259
Cc1ncc([N+](=O)[O-])n1C[C@H](O)CCl,0.0334237555271621
C[C@H]1CN(c2c(F)cc3c(=O)c(C(=O)O)cn(C4CC4)c3c2OC(F)F)CCN1,0.4313637641750723
CON=C(C(=O)NC1C(=O)N2C(C(=O)O)=C(CN3C=CN4NC=CC=C34)CS[C@H]12)c1nsc(N)n1,0.3222192947546
CCOP(=O)(OCC)C(C)NC(=O)N(CCCl)N=O,1.2671717284053614
CCOc1ccccc1OCCN[C@H](C)Cc1ccc(OC)c(S(N)(=O)=O)c1,-0.2076083104316986
C=C[C@H]1CN2CC[C@H]1C[C@H]2[C@H](O)c1ccnc2ccc(OC)cc12,0.2787536009756865
CCN(CC)CCN1C(=O)c2c(c3c4cccc(Cl)c4n([C@@H]4O[C@H](CO)[C@@H](OC)[C@H](O)[C@H]4O)c3c3[nH]c4c(Cl)cccc4c23)C1=O,0.4955443375603237
CC1=NS(=O)(=O)c2cc(Cl)ccc2N1,-1.2218487488925325
CCN(C)C(=O)Oc1cccc([C@H](C)N(C)C)c1,1.079181246051244
CC(CS)C(=O)N1CCCC1C(=O)O,1.079181246051244
Cc1ncsc1CCCl,1.5185139398792036
CC(=O)C[C@H](c1ccc([N+](=O)[O-])cc1)c1c(O)c2ccccc2oc1=O,0.1072099696817976
OCc1cc([C@@H](O)CNCCCCCCOCCOCc2c(Cl)cccc2Cl)ccc1O,1.4099331233329844
CC(C)NC[C@H](O)COc1ccc(O)cc1,1.344392273687076
CN(C)CCCO[C@@H]1[C@H]2OC(C)(C)O[C@H]2O[C@@H]1[C@H](O)CO,0.5415792439590607
COc1ccccc1OC[C@H](O)CN1CCN(CC(=O)Nc2c(C)cccc2C)CC1,0.9777236052934192
CC1(C)C(C(=O)O)N2C(=O)CC2S1(=O)=O,0.7075701761064519
O=C(O)C1N=C(c2ccccc2)c2cc(Cl)ccc2NC1=O,0.0413926851977064
CC(C)NCC(O)COc1cccc2ccccc12,1.079181246051244
CN(C(=O)c1c(O)c2ccccc2n(C)c1=O)c1ccccc1,-1.0861861470866558
COC(=O)c1ccc2c(C(=Nc3ccc(N(C)C(=O)CN4CCN(C)CC4)cc3)c3ccccc3)c(O)[nH]c2c1,1.298853076411889
C=CC[N+]1([C@H]2C[C@H]3[C@@H]4CC[C@H]5C[C@H](O)[C@@H](N6CCOCC6)C[C@]5(C)[C@H]4CC[C@]3(C)[C@H]2OC(C)=O)CCCC1,0.5682017240787327
CC(=O)Nc1ccc(OC[C@H](O)CNC(C)C)cc1,0.3579348470195017
CCc1ccc(Cc2ccc3c(c2)[C@]2(OC3)O[C@H](CO)[C@@H](O)[C@H](O)[C@H]2O)cc1,0.3159703454778981
CCC(=O)O[C@H](CC(=O)[O-])C[N+](C)(C)C,0.3673559210446582
CN1C(=O)C(O)C[C@H]1c1cccnc1,0.2552725051274335
Cc1ccnc2c1NC(=O)c1cccnc1N2C1CC1,-0.5228787451355728
C[C@@H](CN1CC(=O)NC(=O)C1)N1CC(=O)NC(=O)C1,0.4913616938482822
Cc1nnc2n1-c1ccc(Cl)cc1C(c1ccccc1)=NC2,-0.1307682802103353
C[C@H](O)C1C(=O)N2C(C(=O)O)=C(S[C@H]3CN[C@H](CNS(N)(=O)=O)C3)[C@@H](C)C12,0.5132176000812609
CC(C=Cc1c(C)c(O)c2ccccc2c1O)=CCC[C@H](C)CCC[C@H](C)CCCC(C)C,0.2041199826830682
CCCn1c(=O)c2[nH]c(C34CCC(CCC(=O)O)(CC3)CC4)nc2n(CCC)c1=O,0.0334237555271621
C[C@H]1O[C@@H](O[C@H]2[C@@H](O)C[C@H](O[C@H]3[C@@H](O)C[C@H](O[C@H]4CC[C@@]5(C)[C@H](CC[C@@H]6[C@@H]5C[C@@H](O)[C@]5(C)[C@@H](C7=CC(=O)OC7)CC[C@]65O)C4)O[C@@H]3C)O[C@@H]2C)C[C@H](O)[C@@H]1O,0.2304489214038206
CC(=N)N1CC[C@H](Oc2ccc(C(Cc3ccc4ccc(C(=N)N)cc4c3)C(=O)O)cc2)C1,0.2695129442412655
Cc1noc(NS(=O)(=O)c2ccc(N)cc2)c1C,-0.5228787451355728
CS(=O)(=O)c1ccc2c(c1)N(CCCN1CCC(C(N)=O)CC1)c1ccccc1S2,1.084218686742816
CCCCC[C@H](O)/C=C/[C@@H]1C(CCCCCCC(=O)O)C(=O)C[C@H]1O,1.6570558528580606
COc1ccc2c(c1)N(C[C@H](C)CN(C)C)c1ccccc1S2,0.9956351946019368
Clc1ccc(COC(Cn2ccnc2)c2ccc(Cl)cc2Cl)c(Cl)c1,0.9768083373426476
N=C(N)NC(CS)C(=O)O,0.4593924877743105
CCN(CC)CCNC(=O)c1cc(Cl)c(N)cc1OC(C)C(C)=O,0.9694159123586412
COc1cc2c3cc1Oc1cc(ccc1O)C[C@@H]1c4c(cc(OC)c(O)c4Oc4ccc(cc4)C[C@@H]3N(C)CC2)CC[N+]1(C)C,0.5314789170550285
Cn1cc[nH]c1=S,0.5682017240787327
CCOC(=O)c1cncn1[C@H](C)c1ccccc1,1.1139433523101776
CN1CCOC(c2ccccc2)c2ccccc2C1,1.079181246051244
CC1(C)S[C@@H]2C(NC(=O)C(NC(=O)N3CCNC3=O)c3ccccc3)C(=O)N2C1C(=O)O,0.3979400086894094
O=S(=O)(c1cccc2cnccc12)N1CCCNCC1,1.8893017025068704
COC(=O)C[C@@](O)(CCCC(C)(C)O)C(=O)O[C@@H]1C(OC)=C[C@]23CCCN2CCc2cc4c(cc2[C@H]13)OCO4,0.4712917110736107
CC(C)=CCC[C@]1(C)C=Cc2c(O)c3c(c(CC=C(C)C)c2O1)O[C@]12C(=CC4C[C@@H]1C(C)(C)O[C@@]2(C/C=C(/C)C(=O)O)C4=O)C3=O,0.0934216851972588
C[C@H]1COc2c(C3(N)CC3)c(F)cc3c(=O)c(C(=O)O)cn1c23,0.6875289612235521
N=C(CCSCc1csc(N=C(N)N)n1)NS(N)(=O)=O,0.8195439355484488
CCNC(=O)C1C[C@@H](n2ccc3c(N[C@H](CC)Cc4sccc4Cl)ncnc32)[C@H](O)[C@@H]1O,1.079181246051244
CCN(CC)CCNC(=O)c1ccc(NS(C)(=O)=O)cc1,0.5682017240787327
C[C@H](/C=C/[C@H](C)C(C)(C)O)[C@H]1CC[C@H]2/C(=C/C=C3C[C@@H](O)C[C@H](O)C3)CCC[C@]12C,-0.05060999330629
C[C@@H](O[C@H]1OCCN(Cc2nc(=O)n(P(=O)(O)O)[nH]2)[C@H]1c1ccc(F)cc1)c1cc(C(F)(F)F)cc(C(F)(F)F)c1,1.2695129442202513
CC(C(=O)O)c1ccc(C(=O)c2cccs2)cc1,-0.1191864076620646
Cc1onc(-c2ccccc2)c1C(=O)NC1C(=O)N2C(C(=O)O)C(C)(C)S[C@H]12,0.7993405494604753
O=C(NCCN1CCN=C1c1ccncc1)Nc1ccc(C(=O)O)cc1,0.2227164711735889
CC[C@H](C)[C@@H]([C@@H](CC(=O)N1CCC[C@H]1[C@H](OC)C(C)C(=O)NCCc1ccccc1)OC)N(C)C(=O)C(NC(=O)C(C(C)C)N(C)C)C(C)C,0.2041199826830682
Cc1cnc(NCCCN(C)C)c2c1[nH]c1ccc3cc(O)ccc3c12,1.2552725051057187
S=c1[nH]cnc2[nH]cnc12,1.1760912590585766
CN(C)CCCN1c2ccccc2CCc2ccccc21,1.1139433523101776
O=S(=O)(Nc1ccccc1)c1cccc(/C=C/C(O)=NO)c1,1.3267101657818252
Oc1ccc(C2=Cc3ccc(O)cc3OC2)cc1,1.7715874808819905
N=C(N)NCCCNC(=O)C1CCCCN1C(=O)C(CC1CCCCC1)NCC(=O)O,0.7853298350178866
Nc1ccn([C@@H]2CO[C@H](CO)O2)c(=O)n1,0.3802112417297016
CC(=O)OC1=C2C(C)[C@@H](OC(=O)C(O)C(CC(C)C)NC(=O)OC(C)(C)C)[C@@H]3OC(=O)O[C@]3([C@@H](OC(=O)c3ccccc3)[C@@H]3[C@]4(OC(C)=O)CO[C@@H]4C[C@H](O)[C@@]3(C)C1=O)C2(C)C,0.9095560292465236
Cc1cc(=O)c2c(O)c3c(O)cc(O)c4c5c(O)cc(O)c6c(=O)c7c(O)cc(C)c8c1c2c(c34)c(c65)c78,-0.8860566473590905
CCOC(=O)C1=C(C)N=C(C)C(C(=O)OC)C1c1cccc([N+](=O)[O-])c1,1.3979400086737748
O=C(NC1CC[C@@H](c2cccc(F)c2F)CN(CC(F)(F)F)C1=O)N1CCC(n2c(=O)[nH]c3ncccc32)CC1,0.7634279935704251
CCCc1cc(=O)[nH]c(=S)[nH]1,0.4913616938482822
CCCC(=O)OCOC(=O)C1=C(C)N=C(C)C(C(=O)OC)C1c1cccc(Cl)c1Cl,1.312444184443742
Cc1cccc(C)c1NC(=O)C1CCCCN1C,0.832508912712623
CC=CC1=C(C(=O)O)N2C(=O)C(NC(=O)C(N)c3ccc(O)cc3)[C@H]2SC1,0.4623979979139317
COc1ccc2c(c1)[C@@H]1C[C@]1(C(=O)N1[C@@H]3CC[C@H]1CN(C)C3)Cn1c-2c(C2CCCCC2)c2ccc(C(=O)NS(=O)(=O)N(C)C)cc21,0.1238516409997395
O=C(O)CCCC[C@@H]1CCSS1,1.060697840357388
C[C@]12CC[C@H]3[C@@H](CC=C4CC(=O)CC[C@@]43C)[C@@H]1CC[C@@H]2O,1.3891660843663052
CC(C)(C)c1cnc(CSc2cnc(NC(=O)C3CCNCC3)s2)o1,1.1139433523101776
CO[C@@]1(NC(=O)C(C(=O)O)c2ccc(O)cc2)C(=O)N2C(C(=O)O)=C(CSc3nnnn3C)CO[C@@H]21,-0.1426675035084128
C#CCN(Cc1cc2c(=O)[nH]c(C)nc2cc1C)c1ccc(C(=O)NC(CCc2nn[nH]n2)C(=O)O)c(F)c1,-0.5376020019512873
CN(C)C1CCN(C(=O)c2ccc(NC(=O)Nc3ccc(-c4nc(N5CCOCC5)nc(N5CCOCC5)n4)cc3)cc2)CC1,0.3521825181306645
C#C[C@]1(O)C=C[C@H]2[C@@H]3CC=C4CC(=O)CCC4[C@H]3CC[C@@]21CC,-0.0969100129537695
Cc1cnc(C(=O)NC2CCCCC/C=C\[C@@H]3C[C@@]3(C(=O)NS(=O)(=O)C3CC3)NC(=O)C3C[C@@H](Oc4nc5ccccc5c5ccccc45)CN3C2=O)cn1,0.7589118924055397
Nc1ccn(C[C@@H](CO)OCP(=O)(O)O)c(=O)n1,0.3979400086894094
CCC(C)C(=O)O[C@H]1C[C@H](O)C=C2C=C[C@H](C)[C@H](CC[C@@H](O)C[C@@H](O)CC(=O)O)[C@H]21,1.14612803568134
O=C(O[C@H]1CN2CCC1CC2)N1CCc2ccccc2[C@@H]1c1ccccc1,0.3222192947546
O=C1CCC(N2C(=O)c3ccccc3C2=O)C(=O)N1,0.5314789170550285
CCC(=O)N(c1ccccc1)C1CCN(CCc2ccccc2)CC1,0.6720978579449578
CC(=O)NC(CS)C(=O)O,0.4913616938482822
CC(C)(S)C(N)C(=O)O,1.0273496077788344
Cc1cn[nH]c1,-0.1366771398200517
CCNC(=O)OC1CCN(c2nncc3cc(OC)c(OC)cc23)CC1,1.575187844928816
CN1CCN(C(=O)OC2c3nccnc3C(=O)N2c2ccc(Cl)cn2)CC1,0.5185139398910479
CC(=N)N1CC[C@H](SC2=C(C(=O)O)N3C(=O)C([C@@H](C)O)[C@H]3C2)C1,0.4149733479875216
CON=C(C(=O)NC1C(=O)N2C(C(=O)[O-])=C(C[n+]3ccc(-c4cnco4)cc3)CS[C@H]12)c1csc(N)n1,0.2455126678388256
CCCN(CCC)CCc1cccc2[nH]c(O)cc12,1.47712125472111
CN1CCC[C@@H]1Cc1c[nH]c2ccc(CCS(=O)(=O)c3ccccc3)cc12,0.7242758696089833
COc1cc(N)cn[n+]1-c1ccccc1,0.7075701761064519
COc1cc(CC(=O)NCC(=O)N(CCC(=O)O)Cc2ccc(OC)c(OC)c2)ccc1NC(=O)Nc1ccccc1C,1.041392685162173
CCCCCN(C)CCC(O)(P(=O)(O)O)P(=O)(O)O,0.2552725051274335
Cc1ccc2c(-c3ccccc3)nc(=O)n(C(C)C)c2c1,0.9754318085138586
COc1nc(N)nc2c1ncn2[C@@H]1O[C@H](CO)[C@@H](O)[C@@H]1O,1.9078654828234805
CC(C)COC[C@@H](CN(Cc1ccccc1)c1ccccc1)N1CCCC1,0.9395192526236104
Oc1cccc(-c2c3nc(c(-c4cccc(O)c4)c4ccc([nH]4)c(-c4cccc(O)c4)c4ccc([nH]4)c(-c4cccc(O)c4)c4nc2CC4)C=C3)c1,-1.2218487488925325
CCON=C(C(=O)NC1C(=O)N2C(C(=O)O)=C(Sc3nc(-c4cc[n+](C)cc4)cs3)CS[C@H]12)c1nsc(NP(=O)(O)O)n1,0.3903009019971917
CCC(=O)OCC(=O)[C@@]1(OC(=O)CC)[C@@H](C)C[C@H]2[C@@H]3CC=C4CC(=O)C=C[C@]4(C)[C@@]3(Cl)[C@@H](O)C[C@@]21C,1.5563025007684936
Nc1nc(=O)c2c(CCc3ccc(C(=O)NC(CCC(=O)O)C(=O)O)cc3)c[nH]c2[nH]1,0.1316207173799107
CSCCC(N)C(=O)N[C@@]1(C(=O)O)CS(=O)(=O)[C@H]2C(C(=O)O)[C@H]21,0.9881128402728154
COc1cc(NCc2ccc3nc(N)nc(N)c3c2C)cc(OC)c1OC,-0.1135092747711162
CCC1(c2c[nH]cn2)Cc2ccccc2C1,1.292256071358692
COc1ccc([C@@H]2Sc3cc(Cl)ccc3N(CCN(C)C)C(=O)C2OC(C)=O)cc1,1.1367205671595768
CCS(=O)(=O)CCn1c([N+](=O)[O-])cnc1C,-0.2218487495439739
CCOC(=O)c1ccc(C#Cc2ccc3c(c2)C(C)(C)CCS3)nc1,1.570542939883065
CC1c2cccc(O)c2C(=O)C2C(=O)[C@]3(O)C(=O)C(C(N)=O)C(=O)C(N(C)C)[C@@H]3[C@@H](O)[C@@H]21,-0.337242168224014
C[C@@H]([C@@](O)(Cn1cncn1)c1ccc(F)cc1F)S(C)(=O)=O,-0.721246398818595
C#C[C@]1(O)CC[C@H]2[C@@H]3CCc4cc(O)ccc4[C@H]3CC[C@@]21C,0.8450980400204611
CCC1=NC(=O)C2CSSCC/C=C/[C@H](CC(=O)NC(C(C)C)C(=O)N2)OC(=O)C(C(C)C)NC1=O,0.8687798002490387
Cc1nc(=O)c2cc(CN(C)c3ccc(C(=O)NC(CCC(=O)O)C(=O)O)s3)ccc2[nH]1,-0.0457574905124201
CN1CC[C@]23c4c5ccc(O)c4OC2C(=O)CC[C@H]3[C@H]1C5,1.4471580313437702
O=C(O)CCNC(=O)c1ccccc1,0.9637878273502758
COc1cc(Cc2cnc(N)nc2N)c2cc(Cc3c(C(=O)N(C)C)[nH]c4ccc(Cl)cc34)oc2c1OC,0.8744818177052648
CCN1CCC[C@H]1CNC(=O)c1c(OC)ccc(Br)c1OC,0.2304489214038206
CN(C)CC/C=C1\c2ccccc2COc2ccccc21,1.14612803568134
c1ccc(C2(N3CCCCC3)CCCCC2)cc1,0.7075701761064519
Oc1ccc2c(c1)[C@@]13CCCC[C@@]1(O)[C@@H](C2)N(CC1CCC1)CC3,1.6127838567207948
CC(C)C1CCC(C(=O)NC(Cc2ccccc2)C(=O)O)CC1,0.2552725051274335
Cc1nc2n(c(=O)c1CCN1CCC(c3noc4cc(F)ccc34)CC1)CCCC2,0.7323937598310111
C[C@H]1C(=NC(=O)C(NOC(C)(C)C(=O)O)c2csc(N)n2)C(=O)N1S(=O)(=O)O,0.1760912590846342
O=c1[nH]c(O)cn1/N=C/c1ccc([N+](=O)[O-])o1,0.986771734270722
CN(CC(N)=O)C(=O)N(CCCl)N=O,0.9542425094441505
Cc1ccc(O)c([C@H](CCN(C(C)C)C(C)C)c2ccccc2)c1,0.924279286067052
CN(C)C(=O)CCS[C@H](SCCC(=O)O)c1cccc(/C=C/c2ccc3ccc(Cl)cc3n2)c1,-0.1674910872298968
COc1ccc(Cl)cc1[C@]1(F)C(=O)Nc2cc(C(F)(F)F)ccc21,1.1760912590585766
O=C(O)c1cc(N=Nc2ccc(S(=O)(=O)Nc3ccccn3)cc2)ccc1O,-0.5850266518621456
CN(c1nc(=O)cc[nH]1)C1CCN(c2nc3ccccc3n2Cc2ccc(F)cc2)CC1,0.0128372247473367
CN(C)[C@@H](c1cccc(O)c1)[C@H]1CCCC[C@H]1O,0.3424226808419469
O=c1[nH]cnc2[nH]ncc12,1.041392685162173
O=NN(CCCl)C(=O)NCCCl,1.8920946026910368
